table,column,previous,current,contrast,cluster_unit,week,model,protocol
training_evaluation_decomposition.csv,delta,-0.018816453312687553,-0.018816453312687553,joint_population_difference,presentation,2,base_knn,
training_evaluation_decomposition.csv,ci_low,-0.040063347436013745,-0.040018297885767065,joint_population_difference,presentation,2,base_knn,
training_evaluation_decomposition.csv,ci_high,-0.0001277521737261444,-6.522598708552917e-05,joint_population_difference,presentation,2,base_knn,
training_evaluation_decomposition.csv,delta,0.003034518749356563,0.003034518749356563,evaluation_population_component,presentation,2,base_knn,
training_evaluation_decomposition.csv,ci_low,-0.011306137321305754,-0.011310903445333375,evaluation_population_component,presentation,2,base_knn,
training_evaluation_decomposition.csv,ci_high,0.014733937935602591,0.014735909208712986,evaluation_population_component,presentation,2,base_knn,
training_evaluation_decomposition.csv,delta,-0.021850972062044116,-0.021850972062044116,training_population_component,presentation,2,base_knn,
training_evaluation_decomposition.csv,ci_low,-0.03377106090501865,-0.03374992167975725,training_population_component,presentation,2,base_knn,
training_evaluation_decomposition.csv,ci_high,-0.010581217547025942,-0.010495324673418585,training_population_component,presentation,2,base_knn,
training_evaluation_decomposition.csv,delta,0.003931820934205299,0.003931820934205299,training_population_component_at_activity,presentation,2,base_knn,
training_evaluation_decomposition.csv,ci_low,0.0014917165828055496,0.0015546992025195633,training_population_component_at_activity,presentation,2,base_knn,
training_evaluation_decomposition.csv,ci_high,0.006027254584774416,0.0060084878643797985,training_population_component_at_activity,presentation,2,base_knn,
training_evaluation_decomposition.csv,delta,-0.022748274246892852,-0.022748274246892852,evaluation_population_component_at_valid,presentation,2,base_knn,
training_evaluation_decomposition.csv,ci_low,-0.04376510969529778,-0.04378303094807901,evaluation_population_component_at_valid,presentation,2,base_knn,
training_evaluation_decomposition.csv,ci_high,-0.0038128811491907988,-0.0038470925854992414,evaluation_population_component_at_valid,presentation,2,base_knn,
training_evaluation_decomposition.csv,delta,-0.009856877748768145,-0.009856877748768145,evaluation_population_shapley,presentation,2,base_knn,
training_evaluation_decomposition.csv,ci_low,-0.026830855643839396,-0.0268546820264066,evaluation_population_shapley,presentation,2,base_knn,
training_evaluation_decomposition.csv,ci_high,0.004884639837203868,0.00493727648154469,evaluation_population_shapley,presentation,2,base_knn,
training_evaluation_decomposition.csv,delta,-0.008959575563919409,-0.008959575563919409,training_population_shapley,presentation,2,base_knn,
training_evaluation_decomposition.csv,ci_low,-0.015118313050205199,-0.015091440506338137,training_population_shapley,presentation,2,base_knn,
training_evaluation_decomposition.csv,ci_high,-0.003170018922908022,-0.003097361726041081,training_population_shapley,presentation,2,base_knn,
training_evaluation_decomposition_module.csv,delta,-0.018816453312687553,-0.018816453312687553,joint_population_difference,module,2,base_knn,
training_evaluation_decomposition_module.csv,ci_low,-0.051156273205449354,-0.05102914998024799,joint_population_difference,module,2,base_knn,
training_evaluation_decomposition_module.csv,ci_high,0.00020402089073012775,0.0002765702153185061,joint_population_difference,module,2,base_knn,
training_evaluation_decomposition_module.csv,delta,0.003034518749356563,0.003034518749356563,evaluation_population_component,module,2,base_knn,
training_evaluation_decomposition_module.csv,ci_low,-0.016029147934192883,-0.016035304351263942,evaluation_population_component,module,2,base_knn,
training_evaluation_decomposition_module.csv,ci_high,0.011112206793849232,0.011114218535243138,evaluation_population_component,module,2,base_knn,
training_evaluation_decomposition_module.csv,delta,-0.021850972062044116,-0.021850972062044116,training_population_component,module,2,base_knn,
training_evaluation_decomposition_module.csv,ci_low,-0.03626711830413679,-0.03620236379041826,training_population_component,module,2,base_knn,
training_evaluation_decomposition_module.csv,ci_high,-0.009630852149020576,-0.009589015490106531,training_population_component,module,2,base_knn,
training_evaluation_decomposition_module.csv,delta,0.003931820934205299,0.003931820934205299,training_population_component_at_activity,module,2,base_knn,
training_evaluation_decomposition_module.csv,ci_low,0.001629769132354636,0.0016378105810841842,training_population_component_at_activity,module,2,base_knn,
training_evaluation_decomposition_module.csv,ci_high,0.005589251725993227,0.005569140484205426,training_population_component_at_activity,module,2,base_knn,
training_evaluation_decomposition_module.csv,delta,-0.022748274246892852,-0.022748274246892852,evaluation_population_component_at_valid,module,2,base_knn,
training_evaluation_decomposition_module.csv,ci_low,-0.05498637968737457,-0.05501751602992142,evaluation_population_component_at_valid,module,2,base_knn,
training_evaluation_decomposition_module.csv,ci_high,-0.0031408904918688307,-0.003040633315504526,evaluation_population_component_at_valid,module,2,base_knn,
training_evaluation_decomposition_module.csv,delta,-0.009856877748768145,-0.009856877748768145,evaluation_population_shapley,module,2,base_knn,
training_evaluation_decomposition_module.csv,ci_low,-0.03503913132632928,-0.03499315752443065,evaluation_population_shapley,module,2,base_knn,
training_evaluation_decomposition_module.csv,ci_high,0.0035920542162428126,0.0036269847569010147,evaluation_population_shapley,module,2,base_knn,
training_evaluation_decomposition_module.csv,delta,-0.008959575563919409,-0.008959575563919409,training_population_shapley,module,2,base_knn,
training_evaluation_decomposition_module.csv,ci_low,-0.016258382225615476,-0.01620816347378264,training_population_shapley,module,2,base_knn,
training_evaluation_decomposition_module.csv,ci_high,-0.0031119041816238813,-0.0030726130808313473,training_population_shapley,module,2,base_knn,
clustered_summary.csv,pr_auc_risk_mean,0.5815007968174426,0.5815007968174426,,,2,base_knn,activity_conditioned
clustered_summary.csv,pr_auc_risk_ci_low,0.5394295607913341,0.5394566573963671,,,2,base_knn,activity_conditioned
clustered_summary.csv,pr_auc_risk_ci_high,0.6178580445253591,0.6178322311434773,,,2,base_knn,activity_conditioned
clustered_summary.csv,pr_auc_risk_mean,0.578466278068086,0.578466278068086,,,2,base_knn,activity_to_cutoff_valid
clustered_summary.csv,pr_auc_risk_ci_low,0.5383894389617284,0.5384153761168845,,,2,base_knn,activity_to_cutoff_valid
clustered_summary.csv,pr_auc_risk_ci_high,0.6153732175775418,0.6153175548756072,,,2,base_knn,activity_to_cutoff_valid
clustered_summary.csv,pr_auc_risk_mean,0.6003172501301302,0.6003172501301302,,,2,base_knn,cutoff_valid
clustered_summary.csv,pr_auc_risk_ci_low,0.5588938826321614,0.5587830418208602,,,2,base_knn,cutoff_valid
clustered_summary.csv,pr_auc_risk_ci_high,0.6414781521811238,0.6414714170682445,,,2,base_knn,cutoff_valid
clustered_summary.csv,pr_auc_risk_mean,0.5775689758832373,0.5775689758832373,,,2,base_knn,cutoff_valid_to_activity
clustered_summary.csv,pr_auc_risk_ci_low,0.5362079516538094,0.5361914222727121,,,2,base_knn,cutoff_valid_to_activity
clustered_summary.csv,pr_auc_risk_ci_high,0.6134573198526166,0.6134669250381309,,,2,base_knn,cutoff_valid_to_activity
clustered_summary.csv,pr_auc_risk_mean,0.7511366907199062,0.7511366907199062,,,2,base_knn,static_full
clustered_summary.csv,pr_auc_risk_ci_low,0.7056590804472939,0.7055842542950361,,,2,base_knn,static_full
clustered_summary.csv,pr_auc_risk_ci_high,0.7846073092205919,0.7845156086612773,,,2,base_knn,static_full
metric_distortion.csv,delta,-0.018816453312687553,-0.018816453312687553,,,2,base_knn,activity_conditioned
metric_distortion.csv,ci_low,-0.04032141603493419,-0.040233034710362894,,,2,base_knn,activity_conditioned
metric_distortion.csv,ci_high,-0.000450077015235899,-0.00032658990544608184,,,2,base_knn,activity_conditioned
metric_distortion.csv,delta,-0.021850972062044116,-0.021850972062044116,,,2,base_knn,activity_to_cutoff_valid
metric_distortion.csv,ci_low,-0.033442600386760384,-0.03349254206710792,,,2,base_knn,activity_to_cutoff_valid
metric_distortion.csv,ci_high,-0.010553772294520354,-0.010378625197898683,,,2,base_knn,activity_to_cutoff_valid
metric_distortion.csv,delta,-0.022748274246892852,-0.022748274246892852,,,2,base_knn,cutoff_valid_to_activity
metric_distortion.csv,ci_low,-0.04415334971853001,-0.04398596139794941,,,2,base_knn,cutoff_valid_to_activity
metric_distortion.csv,ci_high,-0.0039921644171825345,-0.003916614978696206,,,2,base_knn,cutoff_valid_to_activity
metric_distortion.csv,delta,0.15081944058977603,0.15081944058977603,,,2,base_knn,static_full
metric_distortion.csv,ci_low,0.12767431932726767,0.1277495470810641,,,2,base_knn,static_full
metric_distortion.csv,ci_high,0.1706554334278471,0.17063039569819946,,,2,base_knn,static_full
clustered_summary.csv,pr_auc_risk_mean,0.7373618405760252,0.7373618405760252,,,2,base_lr_weekly,static_full
clustered_summary.csv,pr_auc_risk_ci_low,0.6867602569731454,0.686760302416113,,,2,base_lr_weekly,static_full
clustered_summary.csv,pr_auc_risk_ci_high,0.7837509737610601,0.7837509738018186,,,2,base_lr_weekly,static_full
metric_distortion.csv,delta,0.1411835832094983,0.1411835832094983,,,2,base_lr_weekly,static_full
metric_distortion.csv,ci_low,0.1136917850993587,0.11369182044452836,,,2,base_lr_weekly,static_full
metric_distortion.csv,ci_high,0.17115952294385745,0.17115952443525392,,,2,base_lr_weekly,static_full
training_evaluation_decomposition.csv,delta,0.015258668316145418,0.015258668316145418,joint_population_difference,presentation,4,base_knn,
training_evaluation_decomposition.csv,ci_low,-0.006198309958135334,-0.006082499227844612,joint_population_difference,presentation,4,base_knn,
training_evaluation_decomposition.csv,ci_high,0.04077578295562639,0.04072269479687714,joint_population_difference,presentation,4,base_knn,
training_evaluation_decomposition.csv,delta,0.024286398898206274,0.024286398898206274,evaluation_population_component,presentation,4,base_knn,
training_evaluation_decomposition.csv,ci_low,0.009966570556586734,0.0099641770998953,evaluation_population_component,presentation,4,base_knn,
training_evaluation_decomposition.csv,ci_high,0.036296969230849324,0.036292250253411325,evaluation_population_component,presentation,4,base_knn,
training_evaluation_decomposition.csv,delta,-0.009027730582060856,-0.009027730582060856,training_population_component,presentation,4,base_knn,
training_evaluation_decomposition.csv,ci_low,-0.020951194146124008,-0.020852398758195105,training_population_component,presentation,4,base_knn,
training_evaluation_decomposition.csv,ci_high,0.008206131194760307,0.008180551701402054,training_population_component,presentation,4,base_knn,
training_evaluation_decomposition.csv,delta,0.009117660066061961,0.009117660066061961,training_population_component_at_activity,presentation,4,base_knn,
training_evaluation_decomposition.csv,ci_low,0.00037360074318066325,0.00044606039305506166,training_population_component_at_activity,presentation,4,base_knn,
training_evaluation_decomposition.csv,ci_high,0.011952170823722793,0.012001080308975244,training_population_component_at_activity,presentation,4,base_knn,
training_evaluation_decomposition.csv,delta,0.006141008250083457,0.006141008250083457,evaluation_population_component_at_valid,presentation,4,base_knn,
training_evaluation_decomposition.csv,ci_low,-0.013866158814885097,-0.013895601904219235,evaluation_population_component_at_valid,presentation,4,base_knn,
training_evaluation_decomposition.csv,ci_high,0.03835446723115097,0.03830275981854169,evaluation_population_component_at_valid,presentation,4,base_knn,
training_evaluation_decomposition.csv,delta,0.015213703574144866,0.015213703574144866,evaluation_population_shapley,presentation,4,base_knn,
training_evaluation_decomposition.csv,ci_low,-0.0009729962919930265,-0.0009715730605642,evaluation_population_shapley,presentation,4,base_knn,
training_evaluation_decomposition.csv,ci_high,0.036429038109819276,0.03636467906183346,evaluation_population_shapley,presentation,4,base_knn,
training_evaluation_decomposition.csv,delta,4.496474200055278e-05,4.496474200055278e-05,training_population_shapley,presentation,4,base_knn,
training_evaluation_decomposition.csv,ci_low,-0.006710762071758048,-0.00657635951285575,training_population_shapley,presentation,4,base_knn,
training_evaluation_decomposition.csv,ci_high,0.006475783732980214,0.0064924882551496985,training_population_shapley,presentation,4,base_knn,
training_evaluation_decomposition_module.csv,delta,0.015258668316145418,0.015258668316145418,joint_population_difference,module,4,base_knn,
training_evaluation_decomposition_module.csv,ci_low,-0.02646072829500217,-0.026482771373057323,joint_population_difference,module,4,base_knn,
training_evaluation_decomposition_module.csv,ci_high,0.0461282930956699,0.04609973794649702,joint_population_difference,module,4,base_knn,
training_evaluation_decomposition_module.csv,delta,0.024286398898206274,0.024286398898206274,evaluation_population_component,module,4,base_knn,
training_evaluation_decomposition_module.csv,ci_low,-0.002757782520830809,-0.002729864417078983,evaluation_population_component,module,4,base_knn,
training_evaluation_decomposition_module.csv,ci_high,0.038690375291519086,0.038748547883689866,evaluation_population_component,module,4,base_knn,
training_evaluation_decomposition_module.csv,delta,-0.009027730582060856,-0.009027730582060856,training_population_component,module,4,base_knn,
training_evaluation_decomposition_module.csv,ci_low,-0.025026458717790283,-0.024848680403521735,training_population_component,module,4,base_knn,
training_evaluation_decomposition_module.csv,ci_high,0.008353995847224625,0.008233069974560681,training_population_component,module,4,base_knn,
training_evaluation_decomposition_module.csv,delta,0.009117660066061961,0.009117660066061961,training_population_component_at_activity,module,4,base_knn,
training_evaluation_decomposition_module.csv,ci_low,-0.001412816028617611,-0.001354562264369821,training_population_component_at_activity,module,4,base_knn,
training_evaluation_decomposition_module.csv,ci_high,0.01374919865206814,0.013773770357808024,training_population_component_at_activity,module,4,base_knn,
training_evaluation_decomposition_module.csv,delta,0.006141008250083457,0.006141008250083457,evaluation_population_component_at_valid,module,4,base_knn,
training_evaluation_decomposition_module.csv,ci_low,-0.030838635494404205,-0.030902753160448538,evaluation_population_component_at_valid,module,4,base_knn,
training_evaluation_decomposition_module.csv,ci_high,0.04335173432224326,0.04321812787679946,evaluation_population_component_at_valid,module,4,base_knn,
training_evaluation_decomposition_module.csv,delta,0.015213703574144866,0.015213703574144866,evaluation_population_shapley,module,4,base_knn,
training_evaluation_decomposition_module.csv,ci_low,-0.016644328842024103,-0.01668778968017043,evaluation_population_shapley,module,4,base_knn,
training_evaluation_decomposition_module.csv,ci_high,0.04066718021020904,0.04061900050199785,evaluation_population_shapley,module,4,base_knn,
training_evaluation_decomposition_module.csv,delta,4.496474200055278e-05,4.496474200055278e-05,training_population_shapley,module,4,base_knn,
training_evaluation_decomposition_module.csv,ci_low,-0.010046735484936169,-0.009876770357675528,training_population_shapley,module,4,base_knn,
training_evaluation_decomposition_module.csv,ci_high,0.006999797696078169,0.006969011166172048,training_population_shapley,module,4,base_knn,
clustered_summary.csv,pr_auc_risk_mean,0.6545167571209751,0.6545167571209751,,,4,base_knn,activity_conditioned
clustered_summary.csv,pr_auc_risk_ci_low,0.5624084886395814,0.562488454817147,,,4,base_knn,activity_conditioned
clustered_summary.csv,pr_auc_risk_ci_high,0.7426507657468251,0.7426284590692502,,,4,base_knn,activity_conditioned
clustered_summary.csv,pr_auc_risk_mean,0.6302303582227688,0.6302303582227688,,,4,base_knn,activity_to_cutoff_valid
clustered_summary.csv,pr_auc_risk_ci_low,0.5437190663196777,0.5437621240346756,,,4,base_knn,activity_to_cutoff_valid
clustered_summary.csv,pr_auc_risk_ci_high,0.7183319502728158,0.7183031155341608,,,4,base_knn,activity_to_cutoff_valid
clustered_summary.csv,pr_auc_risk_mean,0.6392580888048297,0.6392580888048297,,,4,base_knn,cutoff_valid
clustered_summary.csv,pr_auc_risk_ci_low,0.5612452731727078,0.5610571648672945,,,4,base_knn,cutoff_valid
clustered_summary.csv,pr_auc_risk_ci_high,0.7155527709114377,0.7155605758365448,,,4,base_knn,cutoff_valid
clustered_summary.csv,pr_auc_risk_mean,0.6453990970549132,0.6453990970549132,,,4,base_knn,cutoff_valid_to_activity
clustered_summary.csv,pr_auc_risk_ci_low,0.5549747921742869,0.5547216187330382,,,4,base_knn,cutoff_valid_to_activity
clustered_summary.csv,pr_auc_risk_ci_high,0.7364528698721385,0.7364080796765355,,,4,base_knn,cutoff_valid_to_activity
clustered_summary.csv,pr_auc_risk_mean,0.8095463220539032,0.8095463220539032,,,4,base_knn,static_full
clustered_summary.csv,pr_auc_risk_ci_low,0.7628425245793756,0.7628169759193597,,,4,base_knn,static_full
clustered_summary.csv,pr_auc_risk_ci_high,0.8482570423577233,0.848248220763625,,,4,base_knn,static_full
metric_distortion.csv,delta,0.015258668316145418,0.015258668316145418,,,4,base_knn,activity_conditioned
metric_distortion.csv,ci_low,-0.006975723976058124,-0.006982717307341885,,,4,base_knn,activity_conditioned
metric_distortion.csv,ci_high,0.04098902531023662,0.04093893921602134,,,4,base_knn,activity_conditioned
metric_distortion.csv,delta,-0.009027730582060856,-0.009027730582060856,,,4,base_knn,activity_to_cutoff_valid
metric_distortion.csv,ci_low,-0.02167021330031193,-0.021491487057507072,,,4,base_knn,activity_to_cutoff_valid
metric_distortion.csv,ci_high,0.008223718990271908,0.008208057654278528,,,4,base_knn,activity_to_cutoff_valid
metric_distortion.csv,delta,0.006141008250083457,0.006141008250083457,,,4,base_knn,cutoff_valid_to_activity
metric_distortion.csv,ci_low,-0.015006644323571475,-0.015014616198429875,,,4,base_knn,cutoff_valid_to_activity
metric_distortion.csv,ci_high,0.03787287922949554,0.03774043120681277,,,4,base_knn,cutoff_valid_to_activity
metric_distortion.csv,delta,0.1702882332490735,0.1702882332490735,,,4,base_knn,static_full
metric_distortion.csv,ci_low,0.12647813937010044,0.1264849535005897,,,4,base_knn,static_full
metric_distortion.csv,ci_high,0.22022588922802996,0.22030457079681667,,,4,base_knn,static_full
clustered_summary.csv,pr_auc_risk_mean,0.7824920430112912,0.782492043011291,,,4,base_lr_clickstream,static_full
clustered_summary.csv,pr_auc_risk_ci_low,0.7234764836998409,0.7234779901221168,,,4,base_lr_clickstream,static_full
clustered_summary.csv,pr_auc_risk_ci_high,0.8412773589933711,0.8412775680170165,,,4,base_lr_clickstream,static_full
metric_distortion.csv,delta,0.17454319387424322,0.1745431938742431,,,4,base_lr_clickstream,static_full
metric_distortion.csv,ci_low,0.13055692677631342,0.1305576616994514,,,4,base_lr_clickstream,static_full
metric_distortion.csv,ci_high,0.22143830020862385,0.22143849088005452,,,4,base_lr_clickstream,static_full
training_evaluation_decomposition.csv,delta,0.0034955119365404075,0.0034955119365402965,joint_population_difference,presentation,4,base_lr_weekly,
training_evaluation_decomposition.csv,ci_low,-0.017174995299119703,-0.017163577804241017,joint_population_difference,presentation,4,base_lr_weekly,
training_evaluation_decomposition.csv,ci_high,0.025960798617961925,0.025961337723319693,joint_population_difference,presentation,4,base_lr_weekly,
training_evaluation_decomposition.csv,delta,-0.014312710723419775,-0.014312710723419886,training_population_component,presentation,4,base_lr_weekly,
training_evaluation_decomposition.csv,ci_low,-0.01948878869520058,-0.01944493987133087,training_population_component,presentation,4,base_lr_weekly,
training_evaluation_decomposition.csv,ci_high,0.0004944654758971936,0.0004945761598685647,training_population_component,presentation,4,base_lr_weekly,
training_evaluation_decomposition.csv,delta,-3.164594700399981e-06,-3.164594700399981e-06,evaluation_population_component_at_valid,presentation,4,base_lr_weekly,
training_evaluation_decomposition.csv,ci_low,-0.019342655024021313,-0.019326366392830592,evaluation_population_component_at_valid,presentation,4,base_lr_weekly,
training_evaluation_decomposition.csv,ci_high,0.01872376210804427,0.018724510219063937,evaluation_population_component_at_valid,presentation,4,base_lr_weekly,
training_evaluation_decomposition.csv,delta,0.008902529032629891,0.008902529032629891,evaluation_population_shapley,presentation,4,base_lr_weekly,
training_evaluation_decomposition.csv,ci_low,-0.010941674828231548,-0.010882040412896385,evaluation_population_shapley,presentation,4,base_lr_weekly,
training_evaluation_decomposition.csv,ci_high,0.02469023570439895,0.024690235704398895,evaluation_population_shapley,presentation,4,base_lr_weekly,
training_evaluation_decomposition.csv,delta,-0.005407017096089484,-0.005407017096089595,training_population_shapley,presentation,4,base_lr_weekly,
training_evaluation_decomposition.csv,ci_low,-0.009894910149475394,-0.009866881138448755,training_population_shapley,presentation,4,base_lr_weekly,
training_evaluation_decomposition.csv,ci_high,0.006761618508650235,0.006761618508650343,training_population_shapley,presentation,4,base_lr_weekly,
training_evaluation_decomposition_module.csv,delta,0.0034955119365404075,0.0034955119365402965,joint_population_difference,module,4,base_lr_weekly,
training_evaluation_decomposition_module.csv,ci_low,-0.035927162109034204,-0.03590006128514544,joint_population_difference,module,4,base_lr_weekly,
training_evaluation_decomposition_module.csv,ci_high,0.03548237718180171,0.03548237718180182,joint_population_difference,module,4,base_lr_weekly,
training_evaluation_decomposition_module.csv,delta,-0.014312710723419775,-0.014312710723419886,training_population_component,module,4,base_lr_weekly,
training_evaluation_decomposition_module.csv,ci_low,-0.02223756588412658,-0.022234277715593574,training_population_component,module,4,base_lr_weekly,
training_evaluation_decomposition_module.csv,ci_high,0.003950418831128575,0.003950418831128572,training_population_component,module,4,base_lr_weekly,
training_evaluation_decomposition_module.csv,delta,-3.164594700399981e-06,-3.164594700399981e-06,evaluation_population_component_at_valid,module,4,base_lr_weekly,
training_evaluation_decomposition_module.csv,ci_low,-0.03411246984004525,-0.034077894431165455,evaluation_population_component_at_valid,module,4,base_lr_weekly,
training_evaluation_decomposition_module.csv,ci_high,0.024376258571826025,0.024407381537922126,evaluation_population_component_at_valid,module,4,base_lr_weekly,
training_evaluation_decomposition_module.csv,delta,0.008902529032629891,0.008902529032629891,evaluation_population_shapley,module,4,base_lr_weekly,
training_evaluation_decomposition_module.csv,ci_low,-0.024145913422791047,-0.024124722467494617,evaluation_population_shapley,module,4,base_lr_weekly,
training_evaluation_decomposition_module.csv,ci_high,0.028521223790183632,0.028521223790183573,evaluation_population_shapley,module,4,base_lr_weekly,
training_evaluation_decomposition_module.csv,delta,-0.005407017096089484,-0.005407017096089595,training_population_shapley,module,4,base_lr_weekly,
training_evaluation_decomposition_module.csv,ci_low,-0.01176325193695893,-0.01175411410505034,training_population_shapley,module,4,base_lr_weekly,
training_evaluation_decomposition_module.csv,ci_high,0.010756231393710593,0.010756231393710538,training_population_shapley,module,4,base_lr_weekly,
clustered_summary.csv,pr_auc_risk_mean,0.6017599792924333,0.6017599792924334,,,4,base_lr_weekly,cutoff_valid
clustered_summary.csv,pr_auc_risk_ci_low,0.5375718175302812,0.5375682046382998,,,4,base_lr_weekly,cutoff_valid
clustered_summary.csv,pr_auc_risk_ci_high,0.6820280379212089,0.6820280379212088,,,4,base_lr_weekly,cutoff_valid
clustered_summary.csv,pr_auc_risk_mean,0.7798389483292609,0.7798389483292609,,,4,base_lr_weekly,static_full
clustered_summary.csv,pr_auc_risk_ci_low,0.722420391992709,0.7224295110422241,,,4,base_lr_weekly,static_full
clustered_summary.csv,pr_auc_risk_ci_high,0.8354072951745636,0.8354073914195423,,,4,base_lr_weekly,static_full
metric_distortion.csv,delta,0.0034955119365404075,0.0034955119365402965,,,4,base_lr_weekly,activity_conditioned
metric_distortion.csv,ci_low,-0.01712413505416673,-0.017032279976616056,,,4,base_lr_weekly,activity_conditioned
metric_distortion.csv,ci_high,0.026293440607550157,0.02629344060755016,,,4,base_lr_weekly,activity_conditioned
metric_distortion.csv,delta,-0.014312710723419775,-0.014312710723419886,,,4,base_lr_weekly,activity_to_cutoff_valid
metric_distortion.csv,ci_low,-0.019438883543036106,-0.019436206847257817,,,4,base_lr_weekly,activity_to_cutoff_valid
metric_distortion.csv,ci_high,0.000737312918197393,0.0007373129181972846,,,4,base_lr_weekly,activity_to_cutoff_valid
metric_distortion.csv,delta,-3.164594700399981e-06,-3.164594700399981e-06,,,4,base_lr_weekly,cutoff_valid_to_activity
metric_distortion.csv,ci_low,-0.02037727231814423,-0.020328180798970252,,,4,base_lr_weekly,cutoff_valid_to_activity
metric_distortion.csv,ci_high,0.01968791281581902,0.019687912815819126,,,4,base_lr_weekly,cutoff_valid_to_activity
metric_distortion.csv,delta,0.17807896903682763,0.17807896903682752,,,4,base_lr_weekly,static_full
metric_distortion.csv,ci_low,0.14124552484460481,0.1412589907096032,,,4,base_lr_weekly,static_full
metric_distortion.csv,ci_high,0.22035200804974583,0.22036323990866022,,,4,base_lr_weekly,static_full
training_evaluation_decomposition.csv,delta,0.03728858215403463,0.03728858215403463,joint_population_difference,presentation,6,base_knn,
training_evaluation_decomposition.csv,ci_low,0.012370680051879293,0.012409599897877778,joint_population_difference,presentation,6,base_knn,
training_evaluation_decomposition.csv,ci_high,0.06096804117887246,0.0609447711007278,joint_population_difference,presentation,6,base_knn,
training_evaluation_decomposition.csv,delta,0.0368817452419431,0.0368817452419431,evaluation_population_component,presentation,6,base_knn,
training_evaluation_decomposition.csv,ci_low,0.016673323747778232,0.016683517036772337,evaluation_population_component,presentation,6,base_knn,
training_evaluation_decomposition.csv,ci_high,0.05479955362493602,0.05480365774727756,evaluation_population_component,presentation,6,base_knn,
training_evaluation_decomposition.csv,delta,0.00040683691209153494,0.00040683691209153494,training_population_component,presentation,6,base_knn,
training_evaluation_decomposition.csv,ci_low,-0.010254273458303029,-0.010238284900071828,training_population_component,presentation,6,base_knn,
training_evaluation_decomposition.csv,ci_high,0.01056772045444121,0.010531655004536964,training_population_component,presentation,6,base_knn,
training_evaluation_decomposition.csv,delta,0.012183090585055623,0.012183090585055623,training_population_component_at_activity,presentation,6,base_knn,
training_evaluation_decomposition.csv,ci_low,0.0032183083464415673,0.0032278378575097745,training_population_component_at_activity,presentation,6,base_knn,
training_evaluation_decomposition.csv,ci_high,0.01510426127892124,0.015122286985861327,training_population_component_at_activity,presentation,6,base_knn,
training_evaluation_decomposition.csv,delta,0.02510549156897901,0.02510549156897901,evaluation_population_component_at_valid,presentation,6,base_knn,
training_evaluation_decomposition.csv,ci_low,0.0016118450383127594,0.0016242563519997507,evaluation_population_component_at_valid,presentation,6,base_knn,
training_evaluation_decomposition.csv,ci_high,0.05534286833083607,0.05533477214287155,evaluation_population_component_at_valid,presentation,6,base_knn,
training_evaluation_decomposition.csv,delta,0.030993618405461054,0.030993618405461054,evaluation_population_shapley,presentation,6,base_knn,
training_evaluation_decomposition.csv,ci_low,0.009724200143467678,0.009737814958504776,evaluation_population_shapley,presentation,6,base_knn,
training_evaluation_decomposition.csv,ci_high,0.0542995628909794,0.05428692487263623,evaluation_population_shapley,presentation,6,base_knn,
training_evaluation_decomposition.csv,delta,0.006294963748573579,0.006294963748573579,training_population_shapley,presentation,6,base_knn,
training_evaluation_decomposition.csv,ci_low,-0.0002462005042738454,-0.00022367430386042577,training_population_shapley,presentation,6,base_knn,
training_evaluation_decomposition.csv,ci_high,0.009531862286950256,0.009502071452601997,training_population_shapley,presentation,6,base_knn,
training_evaluation_decomposition_module.csv,delta,0.03728858215403463,0.03728858215403463,joint_population_difference,module,6,base_knn,
training_evaluation_decomposition_module.csv,ci_low,-0.00825879550833965,-0.008215087512699552,joint_population_difference,module,6,base_knn,
training_evaluation_decomposition_module.csv,ci_high,0.06631421155807682,0.06629071411441156,joint_population_difference,module,6,base_knn,
training_evaluation_decomposition_module.csv,delta,0.0368817452419431,0.0368817452419431,evaluation_population_component,module,6,base_knn,
training_evaluation_decomposition_module.csv,ci_low,-0.0034780661837524596,-0.003462422966356238,evaluation_population_component,module,6,base_knn,
training_evaluation_decomposition_module.csv,ci_high,0.06218203158443669,0.06217368886048369,evaluation_population_component,module,6,base_knn,
training_evaluation_decomposition_module.csv,delta,0.00040683691209153494,0.00040683691209153494,training_population_component,module,6,base_knn,
training_evaluation_decomposition_module.csv,ci_low,-0.0060852293013843066,-0.006025769641576528,training_population_component,module,6,base_knn,
training_evaluation_decomposition_module.csv,ci_high,0.0060486173168446955,0.006026249667043904,training_population_component,module,6,base_knn,
training_evaluation_decomposition_module.csv,delta,0.012183090585055623,0.012183090585055623,training_population_component_at_activity,module,6,base_knn,
training_evaluation_decomposition_module.csv,ci_low,0.0002617689242518542,0.00023344783697967523,training_population_component_at_activity,module,6,base_knn,
training_evaluation_decomposition_module.csv,ci_high,0.016729434444816553,0.016762152134761087,training_population_component_at_activity,module,6,base_knn,
training_evaluation_decomposition_module.csv,delta,0.02510549156897901,0.02510549156897901,evaluation_population_component_at_valid,module,6,base_knn,
training_evaluation_decomposition_module.csv,ci_low,-0.019005060595883243,-0.019020596951998047,evaluation_population_component_at_valid,module,6,base_knn,
training_evaluation_decomposition_module.csv,ci_high,0.061147996257934586,0.061126743033845625,evaluation_population_component_at_valid,module,6,base_knn,
training_evaluation_decomposition_module.csv,delta,0.030993618405461054,0.030993618405461054,evaluation_population_shapley,module,6,base_knn,
training_evaluation_decomposition_module.csv,ci_low,-0.01061996978036349,-0.01062364274418305,evaluation_population_shapley,module,6,base_knn,
training_evaluation_decomposition_module.csv,ci_high,0.06136705263173033,0.061354596139989455,evaluation_population_shapley,module,6,base_knn,
training_evaluation_decomposition_module.csv,delta,0.006294963748573579,0.006294963748573579,training_population_shapley,module,6,base_knn,
training_evaluation_decomposition_module.csv,ci_low,0.0019351604699340442,0.0018741377074656118,training_population_shapley,module,6,base_knn,
training_evaluation_decomposition_module.csv,ci_high,0.007620442668959337,0.007665626642450407,training_population_shapley,module,6,base_knn,
clustered_summary.csv,pr_auc_risk_mean,0.69343223775345,0.69343223775345,,,6,base_knn,activity_conditioned
clustered_summary.csv,pr_auc_risk_ci_low,0.6049165318432519,0.6049700067382109,,,6,base_knn,activity_conditioned
clustered_summary.csv,pr_auc_risk_ci_high,0.7713263306447883,0.7712947005282855,,,6,base_knn,activity_conditioned
clustered_summary.csv,pr_auc_risk_mean,0.6565504925115069,0.6565504925115069,,,6,base_knn,activity_to_cutoff_valid
clustered_summary.csv,pr_auc_risk_ci_low,0.5793877759397926,0.5793967018942204,,,6,base_knn,activity_to_cutoff_valid
clustered_summary.csv,pr_auc_risk_ci_high,0.7279642763521624,0.7279455517917235,,,6,base_knn,activity_to_cutoff_valid
clustered_summary.csv,pr_auc_risk_mean,0.6561436555994153,0.6561436555994153,,,6,base_knn,cutoff_valid
clustered_summary.csv,pr_auc_risk_ci_low,0.5886066968312781,0.5885553823679224,,,6,base_knn,cutoff_valid
clustered_summary.csv,pr_auc_risk_ci_high,0.7249111008615179,0.7248948197807361,,,6,base_knn,cutoff_valid
clustered_summary.csv,pr_auc_risk_mean,0.6812491471683944,0.6812491471683944,,,6,base_knn,cutoff_valid_to_activity
clustered_summary.csv,pr_auc_risk_ci_low,0.5960301463791885,0.5960018370553503,,,6,base_knn,cutoff_valid_to_activity
clustered_summary.csv,pr_auc_risk_ci_high,0.7631866532655828,0.763129842789548,,,6,base_knn,cutoff_valid_to_activity
clustered_summary.csv,pr_auc_risk_mean,0.8283071280996714,0.8283071280996714,,,6,base_knn,static_full
clustered_summary.csv,pr_auc_risk_ci_low,0.7844563384867252,0.7844366207669945,,,6,base_knn,static_full
clustered_summary.csv,pr_auc_risk_ci_high,0.8632485929251772,0.8632293887571947,,,6,base_knn,static_full
metric_distortion.csv,delta,0.03728858215403463,0.03728858215403463,,,6,base_knn,activity_conditioned
metric_distortion.csv,ci_low,0.010934614279405744,0.0109672962754791,,,6,base_knn,activity_conditioned
metric_distortion.csv,ci_high,0.061623221928666656,0.06159589029348849,,,6,base_knn,activity_conditioned
metric_distortion.csv,delta,0.00040683691209153494,0.00040683691209153494,,,6,base_knn,activity_to_cutoff_valid
metric_distortion.csv,ci_low,-0.010339986288025741,-0.010302395294586838,,,6,base_knn,activity_to_cutoff_valid
metric_distortion.csv,ci_high,0.01049506874831115,0.010494583335517367,,,6,base_knn,activity_to_cutoff_valid
metric_distortion.csv,delta,0.02510549156897901,0.02510549156897901,,,6,base_knn,cutoff_valid_to_activity
metric_distortion.csv,ci_low,0.0011508531633494191,0.0011759486145838855,,,6,base_knn,cutoff_valid_to_activity
metric_distortion.csv,ci_high,0.05512477954531268,0.0550927114494258,,,6,base_knn,cutoff_valid_to_activity
metric_distortion.csv,delta,0.1721634725002561,0.1721634725002561,,,6,base_knn,static_full
metric_distortion.csv,ci_low,0.13483416418291974,0.1348459606272951,,,6,base_knn,static_full
metric_distortion.csv,ci_high,0.21329357266009616,0.21331900851606192,,,6,base_knn,static_full
training_evaluation_decomposition.csv,delta,0.01673289780052123,0.01673289780052123,joint_population_difference,presentation,6,base_lr_clickstream,
training_evaluation_decomposition.csv,ci_low,-0.007165378145785731,-0.0071683387761406,joint_population_difference,presentation,6,base_lr_clickstream,
training_evaluation_decomposition.csv,ci_high,0.04575367400593318,0.04575152987202992,joint_population_difference,presentation,6,base_lr_clickstream,
training_evaluation_decomposition.csv,delta,-0.023312658980036427,-0.023312658980036427,training_population_component,presentation,6,base_lr_clickstream,
training_evaluation_decomposition.csv,ci_low,-0.031745704450954475,-0.031746580910198906,training_population_component,presentation,6,base_lr_clickstream,
training_evaluation_decomposition.csv,ci_high,-2.935741121916073e-05,-2.9411577768606223e-05,training_population_component,presentation,6,base_lr_clickstream,
training_evaluation_decomposition.csv,delta,0.01617917854682105,0.01617917854682105,evaluation_population_component_at_valid,presentation,6,base_lr_clickstream,
training_evaluation_decomposition.csv,ci_low,-0.0055461385984126475,-0.00554615538389906,evaluation_population_component_at_valid,presentation,6,base_lr_clickstream,
training_evaluation_decomposition.csv,ci_high,0.04136499745418985,0.04136271207179575,evaluation_population_component_at_valid,presentation,6,base_lr_clickstream,
training_evaluation_decomposition.csv,delta,0.028112367663689353,0.028112367663689353,evaluation_population_shapley,presentation,6,base_lr_clickstream,
training_evaluation_decomposition.csv,ci_low,0.008103906539815917,0.008103894253190191,evaluation_population_shapley,presentation,6,base_lr_clickstream,
training_evaluation_decomposition.csv,ci_high,0.04649993065284765,0.046498203254185515,evaluation_population_shapley,presentation,6,base_lr_clickstream,
training_evaluation_decomposition.csv,delta,-0.011379469863168123,-0.011379469863168123,training_population_shapley,presentation,6,base_lr_clickstream,
training_evaluation_decomposition.csv,ci_low,-0.01755891359830982,-0.017563043503185636,training_population_shapley,presentation,6,base_lr_clickstream,
training_evaluation_decomposition.csv,ci_high,0.005012476589329684,0.005012407552974049,training_population_shapley,presentation,6,base_lr_clickstream,
training_evaluation_decomposition_module.csv,delta,0.01673289780052123,0.01673289780052123,joint_population_difference,module,6,base_lr_clickstream,
training_evaluation_decomposition_module.csv,ci_low,-0.02920089709708384,-0.02920089709708395,joint_population_difference,module,6,base_lr_clickstream,
training_evaluation_decomposition_module.csv,ci_high,0.05649634333494735,0.056495632949499774,joint_population_difference,module,6,base_lr_clickstream,
training_evaluation_decomposition_module.csv,delta,-0.023312658980036427,-0.023312658980036427,training_population_component,module,6,base_lr_clickstream,
training_evaluation_decomposition_module.csv,ci_low,-0.03676008501352485,-0.03676008501352486,training_population_component,module,6,base_lr_clickstream,
training_evaluation_decomposition_module.csv,ci_high,0.005382152995045002,0.005376913735030608,training_population_component,module,6,base_lr_clickstream,
training_evaluation_decomposition_module.csv,delta,0.01617917854682105,0.01617917854682105,evaluation_population_component_at_valid,module,6,base_lr_clickstream,
training_evaluation_decomposition_module.csv,ci_low,-0.024923844160079128,-0.02492445083836195,evaluation_population_component_at_valid,module,6,base_lr_clickstream,
training_evaluation_decomposition_module.csv,ci_high,0.050695897905620235,0.05069429324246921,evaluation_population_component_at_valid,module,6,base_lr_clickstream,
training_evaluation_decomposition_module.csv,delta,0.028112367663689353,0.028112367663689353,evaluation_population_shapley,module,6,base_lr_clickstream,
training_evaluation_decomposition_module.csv,ci_low,-0.009873258005562392,-0.009873290823738933,evaluation_population_shapley,module,6,base_lr_clickstream,
training_evaluation_decomposition_module.csv,ci_high,0.05341391403470347,0.05341248787216801,evaluation_population_shapley,module,6,base_lr_clickstream,
training_evaluation_decomposition_module.csv,delta,-0.011379469863168123,-0.011379469863168123,training_population_shapley,module,6,base_lr_clickstream,
training_evaluation_decomposition_module.csv,ci_low,-0.020624359490365677,-0.02062435949036557,training_population_shapley,module,6,base_lr_clickstream,
training_evaluation_decomposition_module.csv,ci_high,0.010660018622855502,0.010659911232156493,training_population_shapley,module,6,base_lr_clickstream,
clustered_summary.csv,pr_auc_risk_mean,0.6248706677594711,0.6248706677594711,,,6,base_lr_clickstream,cutoff_valid
clustered_summary.csv,pr_auc_risk_ci_low,0.5546448038396895,0.5546448190300641,,,6,base_lr_clickstream,cutoff_valid
clustered_summary.csv,pr_auc_risk_ci_high,0.717715745102968,0.7177161575574125,,,6,base_lr_clickstream,cutoff_valid
clustered_summary.csv,pr_auc_risk_mean,0.8065292555302953,0.8065292555302952,,,6,base_lr_clickstream,static_full
clustered_summary.csv,pr_auc_risk_ci_low,0.7469319113203964,0.7469335627394782,,,6,base_lr_clickstream,static_full
clustered_summary.csv,pr_auc_risk_ci_high,0.862440173859609,0.8624404924633529,,,6,base_lr_clickstream,static_full
metric_distortion.csv,delta,0.01673289780052123,0.01673289780052123,,,6,base_lr_clickstream,activity_conditioned
metric_distortion.csv,ci_low,-0.007854485897158647,-0.007854485897158755,,,6,base_lr_clickstream,activity_conditioned
metric_distortion.csv,ci_high,0.04567519969660865,0.04567456568010338,,,6,base_lr_clickstream,activity_conditioned
metric_distortion.csv,delta,-0.023312658980036427,-0.023312658980036427,,,6,base_lr_clickstream,activity_to_cutoff_valid
metric_distortion.csv,ci_low,-0.031645772739497716,-0.03164577273949793,,,6,base_lr_clickstream,activity_to_cutoff_valid
metric_distortion.csv,ci_high,0.0007504565891590727,0.0007499637328377348,,,6,base_lr_clickstream,activity_to_cutoff_valid
metric_distortion.csv,delta,0.01617917854682105,0.01617917854682105,,,6,base_lr_clickstream,cutoff_valid_to_activity
metric_distortion.csv,ci_low,-0.006018471821305237,-0.006018471821305241,,,6,base_lr_clickstream,cutoff_valid_to_activity
metric_distortion.csv,ci_high,0.04315082381510148,0.04314781164748273,,,6,base_lr_clickstream,cutoff_valid_to_activity
metric_distortion.csv,delta,0.18165858777082422,0.1816585877708241,,,6,base_lr_clickstream,static_full
metric_distortion.csv,ci_low,0.14015791459404148,0.14014986404847488,,,6,base_lr_clickstream,static_full
metric_distortion.csv,ci_high,0.22135657389271798,0.2213540732092076,,,6,base_lr_clickstream,static_full
training_evaluation_decomposition.csv,delta,0.04869054041437004,0.048690540414370154,evaluation_population_component,presentation,6,base_lr_weekly,
training_evaluation_decomposition.csv,ci_low,0.02893048101997161,0.02893008636731355,evaluation_population_component,presentation,6,base_lr_weekly,
training_evaluation_decomposition.csv,ci_high,0.06146504976449122,0.061464883121980174,evaluation_population_component,presentation,6,base_lr_weekly,
training_evaluation_decomposition.csv,delta,-0.014083058311511465,-0.014083058311511354,training_population_component,presentation,6,base_lr_weekly,
training_evaluation_decomposition.csv,ci_low,-0.022936107533305564,-0.022935730381104656,training_population_component,presentation,6,base_lr_weekly,
training_evaluation_decomposition.csv,ci_high,0.00014722103245012988,0.00014722103245002165,training_population_component,presentation,6,base_lr_weekly,
training_evaluation_decomposition.csv,delta,0.038167436158980494,0.038167436158980605,evaluation_population_shapley,presentation,6,base_lr_weekly,
training_evaluation_decomposition.csv,ci_low,0.016601876284992906,0.016601876284992847,evaluation_population_shapley,presentation,6,base_lr_weekly,
training_evaluation_decomposition.csv,ci_high,0.053802017590978295,0.053802017590978135,evaluation_population_shapley,presentation,6,base_lr_weekly,
training_evaluation_decomposition.csv,delta,-0.0035599540561219167,-0.0035599540561218057,training_population_shapley,presentation,6,base_lr_weekly,
training_evaluation_decomposition.csv,ci_low,-0.011160720112182143,-0.011160170251587923,training_population_shapley,presentation,6,base_lr_weekly,
training_evaluation_decomposition.csv,ci_high,0.007055742863675242,0.007055800022991615,training_population_shapley,presentation,6,base_lr_weekly,
training_evaluation_decomposition_module.csv,delta,0.04869054041437004,0.048690540414370154,evaluation_population_component,module,6,base_lr_weekly,
training_evaluation_decomposition_module.csv,ci_low,0.015613134421235122,0.015613134421235231,evaluation_population_component,module,6,base_lr_weekly,
training_evaluation_decomposition_module.csv,ci_high,0.06374259279337624,0.06374259279337624,evaluation_population_component,module,6,base_lr_weekly,
training_evaluation_decomposition_module.csv,delta,-0.014083058311511465,-0.014083058311511354,training_population_component,module,6,base_lr_weekly,
training_evaluation_decomposition_module.csv,ci_low,-0.029628346085555424,-0.029628346085555424,training_population_component,module,6,base_lr_weekly,
training_evaluation_decomposition_module.csv,ci_high,0.0058789928463700535,0.0058790477085425615,training_population_component,module,6,base_lr_weekly,
training_evaluation_decomposition_module.csv,delta,0.038167436158980494,0.038167436158980605,evaluation_population_shapley,module,6,base_lr_weekly,
training_evaluation_decomposition_module.csv,ci_low,0.00063939631454613,0.0006393931265666954,evaluation_population_shapley,module,6,base_lr_weekly,
training_evaluation_decomposition_module.csv,ci_high,0.05813431741124192,0.05813431741124192,evaluation_population_shapley,module,6,base_lr_weekly,
training_evaluation_decomposition_module.csv,delta,-0.0035599540561219167,-0.0035599540561218057,training_population_shapley,module,6,base_lr_weekly,
training_evaluation_decomposition_module.csv,ci_low,-0.01623670643883095,-0.0162364337074382,training_population_shapley,module,6,base_lr_weekly,
training_evaluation_decomposition_module.csv,ci_high,0.011081149053684292,0.011081160817381419,training_population_shapley,module,6,base_lr_weekly,
clustered_summary.csv,pr_auc_risk_mean,0.6286550862560343,0.6286550862560343,,,6,base_lr_weekly,activity_to_cutoff_valid
clustered_summary.csv,pr_auc_risk_ci_low,0.5535015298502309,0.553501855403348,,,6,base_lr_weekly,activity_to_cutoff_valid
clustered_summary.csv,pr_auc_risk_ci_high,0.7218533767851156,0.7218534724180673,,,6,base_lr_weekly,activity_to_cutoff_valid
clustered_summary.csv,pr_auc_risk_mean,0.8177996327715512,0.8177996327715512,,,6,base_lr_weekly,static_full
clustered_summary.csv,pr_auc_risk_ci_low,0.7576033823604653,0.7576060012241626,,,6,base_lr_weekly,static_full
clustered_summary.csv,pr_auc_risk_ci_high,0.8693558986743365,0.8693561631599857,,,6,base_lr_weekly,static_full
metric_distortion.csv,delta,-0.014083058311511465,-0.014083058311511354,,,6,base_lr_weekly,activity_to_cutoff_valid
metric_distortion.csv,ci_low,-0.02311918030646523,-0.023117672119021646,,,6,base_lr_weekly,activity_to_cutoff_valid
metric_distortion.csv,ci_high,0.00039545606139798216,0.0003954761061360625,,,6,base_lr_weekly,activity_to_cutoff_valid
metric_distortion.csv,delta,0.17506148820400547,0.17506148820400558,,,6,base_lr_weekly,static_full
metric_distortion.csv,ci_low,0.13896426952331542,0.13896570530798893,,,6,base_lr_weekly,static_full
metric_distortion.csv,ci_high,0.21404483126083798,0.21404511651317115,,,6,base_lr_weekly,static_full
training_evaluation_decomposition.csv,delta,0.061257304444819694,0.061257304444819694,joint_population_difference,presentation,8,base_knn,
training_evaluation_decomposition.csv,ci_low,0.04379999963492029,0.043790381099104395,joint_population_difference,presentation,8,base_knn,
training_evaluation_decomposition.csv,ci_high,0.0747727611058058,0.0747298694468786,joint_population_difference,presentation,8,base_knn,
training_evaluation_decomposition.csv,delta,0.05579023430272234,0.05579023430272234,evaluation_population_component,presentation,8,base_knn,
training_evaluation_decomposition.csv,ci_low,0.03763788189527134,0.03763334752634563,evaluation_population_component,presentation,8,base_knn,
training_evaluation_decomposition.csv,ci_high,0.0697046965290495,0.06968828528400701,evaluation_population_component,presentation,8,base_knn,
training_evaluation_decomposition.csv,delta,0.005467070142097352,0.005467070142097352,training_population_component,presentation,8,base_knn,
training_evaluation_decomposition.csv,ci_low,-0.001920244502173102,-0.0019270774188735545,training_population_component,presentation,8,base_knn,
training_evaluation_decomposition.csv,ci_high,0.010898742029991148,0.01089387302224364,training_population_component,presentation,8,base_knn,
training_evaluation_decomposition.csv,delta,0.012132145865081823,0.012132145865081823,training_population_component_at_activity,presentation,8,base_knn,
training_evaluation_decomposition.csv,ci_low,0.0004610417224132663,0.00045986440405141053,training_population_component_at_activity,presentation,8,base_knn,
training_evaluation_decomposition.csv,ci_high,0.025387884189993104,0.025393557167992395,training_population_component_at_activity,presentation,8,base_knn,
training_evaluation_decomposition.csv,delta,0.04912515857973787,0.04912515857973787,evaluation_population_component_at_valid,presentation,8,base_knn,
training_evaluation_decomposition.csv,ci_low,0.028286504217433707,0.028269552065329585,evaluation_population_component_at_valid,presentation,8,base_knn,
training_evaluation_decomposition.csv,ci_high,0.06552426222724096,0.06550443608208219,evaluation_population_component_at_valid,presentation,8,base_knn,
training_evaluation_decomposition.csv,delta,0.052457696441230106,0.052457696441230106,evaluation_population_shapley,presentation,8,base_knn,
training_evaluation_decomposition.csv,ci_low,0.03376101175662155,0.033745830095566434,evaluation_population_shapley,presentation,8,base_knn,
training_evaluation_decomposition.csv,ci_high,0.06674553464646805,0.06672165584897417,evaluation_population_shapley,presentation,8,base_knn,
training_evaluation_decomposition.csv,delta,0.008799608003589587,0.008799608003589587,training_population_shapley,presentation,8,base_knn,
training_evaluation_decomposition.csv,ci_low,-3.430317824962557e-05,-4.932493252550463e-05,training_population_shapley,presentation,8,base_knn,
training_evaluation_decomposition.csv,ci_high,0.017536049480767802,0.01754694971705132,training_population_shapley,presentation,8,base_knn,
training_evaluation_decomposition_module.csv,delta,0.061257304444819694,0.061257304444819694,joint_population_difference,module,8,base_knn,
training_evaluation_decomposition_module.csv,ci_low,0.030215938239143505,0.030192280456333716,joint_population_difference,module,8,base_knn,
training_evaluation_decomposition_module.csv,ci_high,0.073651306399098,0.07362125670812725,joint_population_difference,module,8,base_knn,
training_evaluation_decomposition_module.csv,delta,0.05579023430272234,0.05579023430272234,evaluation_population_component,module,8,base_knn,
training_evaluation_decomposition_module.csv,ci_low,0.020815454072134365,0.020798017476093777,evaluation_population_component,module,8,base_knn,
training_evaluation_decomposition_module.csv,ci_high,0.07313821953292708,0.07312984296643563,evaluation_population_component,module,8,base_knn,
training_evaluation_decomposition_module.csv,delta,0.005467070142097352,0.005467070142097352,training_population_component,module,8,base_knn,
training_evaluation_decomposition_module.csv,ci_low,-0.0024297766404142163,-0.00242966418225532,training_population_component,module,8,base_knn,
training_evaluation_decomposition_module.csv,ci_high,0.010103122771071496,0.010107260801133592,training_population_component,module,8,base_knn,
training_evaluation_decomposition_module.csv,delta,0.012132145865081823,0.012132145865081823,training_population_component_at_activity,module,8,base_knn,
training_evaluation_decomposition_module.csv,ci_low,-0.0014297762910252892,-0.0014393560189782661,training_population_component_at_activity,module,8,base_knn,
training_evaluation_decomposition_module.csv,ci_high,0.026753635780084606,0.0267515857327959,training_population_component_at_activity,module,8,base_knn,
training_evaluation_decomposition_module.csv,delta,0.04912515857973787,0.04912515857973787,evaluation_population_component_at_valid,module,8,base_knn,
training_evaluation_decomposition_module.csv,ci_low,0.00869060252757791,0.008679371806651235,evaluation_population_component_at_valid,module,8,base_knn,
training_evaluation_decomposition_module.csv,ci_high,0.0712674561008575,0.07122020263872364,evaluation_population_component_at_valid,module,8,base_knn,
training_evaluation_decomposition_module.csv,delta,0.052457696441230106,0.052457696441230106,evaluation_population_shapley,module,8,base_knn,
training_evaluation_decomposition_module.csv,ci_low,0.015703525311833038,0.015694584873848134,evaluation_population_shapley,module,8,base_knn,
training_evaluation_decomposition_module.csv,ci_high,0.07163748474264271,0.07159963531448893,evaluation_population_shapley,module,8,base_knn,
training_evaluation_decomposition_module.csv,delta,0.008799608003589587,0.008799608003589587,training_population_shapley,module,8,base_knn,
training_evaluation_decomposition_module.csv,ci_low,-0.00020943746316231526,-0.00021022608634810867,training_population_shapley,module,8,base_knn,
training_evaluation_decomposition_module.csv,ci_high,0.018044093963618002,0.01804600394308853,training_population_shapley,module,8,base_knn,
clustered_summary.csv,pr_auc_risk_mean,0.7541230005374775,0.7541230005374775,,,8,base_knn,activity_conditioned
clustered_summary.csv,pr_auc_risk_ci_low,0.6820993566232384,0.6820232208549796,,,8,base_knn,activity_conditioned
clustered_summary.csv,pr_auc_risk_ci_high,0.8108384279445956,0.8108099570007062,,,8,base_knn,activity_conditioned
clustered_summary.csv,pr_auc_risk_mean,0.6983327662347552,0.6983327662347552,,,8,base_knn,activity_to_cutoff_valid
clustered_summary.csv,pr_auc_risk_ci_low,0.6331437662435235,0.6330809603390354,,,8,base_knn,activity_to_cutoff_valid
clustered_summary.csv,pr_auc_risk_ci_high,0.7565462899252744,0.7565188304140517,,,8,base_knn,activity_to_cutoff_valid
clustered_summary.csv,pr_auc_risk_mean,0.6928656960926578,0.6928656960926578,,,8,base_knn,cutoff_valid
clustered_summary.csv,pr_auc_risk_ci_low,0.624121595056973,0.6240918150081414,,,8,base_knn,cutoff_valid
clustered_summary.csv,pr_auc_risk_ci_high,0.7560670201503166,0.7560464513964473,,,8,base_knn,cutoff_valid
clustered_summary.csv,pr_auc_risk_mean,0.7419908546723957,0.7419908546723957,,,8,base_knn,cutoff_valid_to_activity
clustered_summary.csv,pr_auc_risk_ci_low,0.6582449196598973,0.6581691578699472,,,8,base_knn,cutoff_valid_to_activity
clustered_summary.csv,pr_auc_risk_ci_high,0.8071317010272919,0.807102143410612,,,8,base_knn,cutoff_valid_to_activity
clustered_summary.csv,pr_auc_risk_mean,0.855996277540754,0.855996277540754,,,8,base_knn,static_full
clustered_summary.csv,pr_auc_risk_ci_low,0.8159595650138367,0.8159246078868917,,,8,base_knn,static_full
clustered_summary.csv,pr_auc_risk_ci_high,0.8875715224869624,0.8875605731274417,,,8,base_knn,static_full
metric_distortion.csv,delta,0.061257304444819694,0.061257304444819694,,,8,base_knn,activity_conditioned
metric_distortion.csv,ci_low,0.04413876240857235,0.044121884626862846,,,8,base_knn,activity_conditioned
metric_distortion.csv,ci_high,0.07464461183138697,0.07464562301422578,,,8,base_knn,activity_conditioned
metric_distortion.csv,delta,0.005467070142097352,0.005467070142097352,,,8,base_knn,activity_to_cutoff_valid
metric_distortion.csv,ci_low,-0.0018850143668366515,-0.0018847719505497406,,,8,base_knn,activity_to_cutoff_valid
metric_distortion.csv,ci_high,0.010769208204641204,0.01076910851606511,,,8,base_knn,activity_to_cutoff_valid
metric_distortion.csv,delta,0.04912515857973787,0.04912515857973787,,,8,base_knn,cutoff_valid_to_activity
metric_distortion.csv,ci_low,0.027599229383835962,0.02757986515899902,,,8,base_knn,cutoff_valid_to_activity
metric_distortion.csv,ci_high,0.06590707128079798,0.06585061119994551,,,8,base_knn,cutoff_valid_to_activity
metric_distortion.csv,delta,0.16313058144809622,0.16313058144809622,,,8,base_knn,static_full
metric_distortion.csv,ci_low,0.12793608681824137,0.12795205351002611,,,8,base_knn,static_full
metric_distortion.csv,ci_high,0.20408052049200975,0.20409078845890977,,,8,base_knn,static_full
clustered_summary.csv,pr_auc_risk_mean,0.8567085835034214,0.8567085835034214,,,8,base_lr_weekly,static_full
clustered_summary.csv,pr_auc_risk_ci_low,0.8095404397232163,0.8095407895664133,,,8,base_lr_weekly,static_full
clustered_summary.csv,pr_auc_risk_ci_high,0.8936608665414909,0.8936608998311603,,,8,base_lr_weekly,static_full
metric_distortion.csv,delta,0.16510841180575653,0.16510841180575664,,,8,base_lr_weekly,static_full
metric_distortion.csv,ci_low,0.13730898356068774,0.137309179817543,,,8,base_lr_weekly,static_full
metric_distortion.csv,ci_high,0.1936956151153627,0.19369569832807668,,,8,base_lr_weekly,static_full
training_evaluation_decomposition.csv,delta,0.07045537132595969,0.07045537132595969,joint_population_difference,presentation,10,base_knn,
training_evaluation_decomposition.csv,ci_low,0.05011752154194142,0.05012257158620906,joint_population_difference,presentation,10,base_knn,
training_evaluation_decomposition.csv,ci_high,0.0890273593576743,0.08902208464320106,joint_population_difference,presentation,10,base_knn,
training_evaluation_decomposition.csv,delta,0.06907290048244485,0.06907290048244485,evaluation_population_component,presentation,10,base_knn,
training_evaluation_decomposition.csv,ci_low,0.04949126414615101,0.049492756024776575,evaluation_population_component,presentation,10,base_knn,
training_evaluation_decomposition.csv,ci_high,0.08567591002338965,0.08566923388792781,evaluation_population_component,presentation,10,base_knn,
training_evaluation_decomposition.csv,delta,0.001382470843514838,0.001382470843514838,training_population_component,presentation,10,base_knn,
training_evaluation_decomposition.csv,ci_low,-0.001437019420168248,-0.0014251583716032635,training_population_component,presentation,10,base_knn,
training_evaluation_decomposition.csv,ci_high,0.004654225739065169,0.004666235443647109,training_population_component,presentation,10,base_knn,
training_evaluation_decomposition.csv,delta,0.004231183231909741,0.004231183231909741,training_population_component_at_activity,presentation,10,base_knn,
training_evaluation_decomposition.csv,ci_low,0.00016288712490959424,0.00018225217160839082,training_population_component_at_activity,presentation,10,base_knn,
training_evaluation_decomposition.csv,ci_high,0.010901325290774219,0.010910936882510524,training_population_component_at_activity,presentation,10,base_knn,
training_evaluation_decomposition.csv,delta,0.06622418809404995,0.06622418809404995,evaluation_population_component_at_valid,presentation,10,base_knn,
training_evaluation_decomposition.csv,ci_low,0.047586282293038684,0.047573388168176495,evaluation_population_component_at_valid,presentation,10,base_knn,
training_evaluation_decomposition.csv,ci_high,0.08153405977752316,0.08152085509764273,evaluation_population_component_at_valid,presentation,10,base_knn,
training_evaluation_decomposition.csv,delta,0.0676485442882474,0.0676485442882474,evaluation_population_shapley,presentation,10,base_knn,
training_evaluation_decomposition.csv,ci_low,0.04868333119276767,0.04868116954138492,evaluation_population_shapley,presentation,10,base_knn,
training_evaluation_decomposition.csv,ci_high,0.08363912567069662,0.08363151001423227,evaluation_population_shapley,presentation,10,base_knn,
training_evaluation_decomposition.csv,delta,0.0028068270377122895,0.0028068270377122895,training_population_shapley,presentation,10,base_knn,
training_evaluation_decomposition.csv,ci_low,-0.0004797525667441585,-0.00045827713201516404,training_population_shapley,presentation,10,base_knn,
training_evaluation_decomposition.csv,ci_high,0.007691822841863022,0.00771464750948006,training_population_shapley,presentation,10,base_knn,
training_evaluation_decomposition_module.csv,delta,0.07045537132595969,0.07045537132595969,joint_population_difference,module,10,base_knn,
training_evaluation_decomposition_module.csv,ci_low,0.04108172839746638,0.041090715513280474,joint_population_difference,module,10,base_knn,
training_evaluation_decomposition_module.csv,ci_high,0.08632899604234401,0.08634259133321764,joint_population_difference,module,10,base_knn,
training_evaluation_decomposition_module.csv,delta,0.06907290048244485,0.06907290048244485,evaluation_population_component,module,10,base_knn,
training_evaluation_decomposition_module.csv,ci_low,0.04144485668858577,0.04143417306077697,evaluation_population_component,module,10,base_knn,
training_evaluation_decomposition_module.csv,ci_high,0.08376561559546647,0.08376469689035093,evaluation_population_component,module,10,base_knn,
training_evaluation_decomposition_module.csv,delta,0.001382470843514838,0.001382470843514838,training_population_component,module,10,base_knn,
training_evaluation_decomposition_module.csv,ci_low,-0.0023826291612688566,-0.0023609153770363877,training_population_component,module,10,base_knn,
training_evaluation_decomposition_module.csv,ci_high,0.004046827658843262,0.004064422448387678,training_population_component,module,10,base_knn,
training_evaluation_decomposition_module.csv,delta,0.004231183231909741,0.004231183231909741,training_population_component_at_activity,module,10,base_knn,
training_evaluation_decomposition_module.csv,ci_low,-0.0005649499413840686,-0.0005792018133902816,training_population_component_at_activity,module,10,base_knn,
training_evaluation_decomposition_module.csv,ci_high,0.009997240337982105,0.01001121916307135,training_population_component_at_activity,module,10,base_knn,
training_evaluation_decomposition_module.csv,delta,0.06622418809404995,0.06622418809404995,evaluation_population_component_at_valid,module,10,base_knn,
training_evaluation_decomposition_module.csv,ci_low,0.036391446465468436,0.03637861276526777,evaluation_population_component_at_valid,module,10,base_knn,
training_evaluation_decomposition_module.csv,ci_high,0.08080851424781381,0.08080799925794627,evaluation_population_component_at_valid,module,10,base_knn,
training_evaluation_decomposition_module.csv,delta,0.0676485442882474,0.0676485442882474,evaluation_population_shapley,module,10,base_knn,
training_evaluation_decomposition_module.csv,ci_low,0.03912408772721383,0.039103833379294274,evaluation_population_shapley,module,10,base_knn,
training_evaluation_decomposition_module.csv,ci_high,0.08260574317494129,0.08260171971066971,evaluation_population_shapley,module,10,base_knn,
training_evaluation_decomposition_module.csv,delta,0.0028068270377122895,0.0028068270377122895,training_population_shapley,module,10,base_knn,
training_evaluation_decomposition_module.csv,ci_low,-0.0012179601569517501,-0.0011855352821186576,training_population_shapley,module,10,base_knn,
training_evaluation_decomposition_module.csv,ci_high,0.006764429506359952,0.006767027670398506,training_population_shapley,module,10,base_knn,
clustered_summary.csv,pr_auc_risk_mean,0.8082742852869105,0.8082742852869105,,,10,base_knn,activity_conditioned
clustered_summary.csv,pr_auc_risk_ci_low,0.7455139350485691,0.7454377816855442,,,10,base_knn,activity_conditioned
clustered_summary.csv,pr_auc_risk_ci_high,0.8536332266467666,0.8536222623546451,,,10,base_knn,activity_conditioned
clustered_summary.csv,pr_auc_risk_mean,0.7392013848044656,0.7392013848044656,,,10,base_knn,activity_to_cutoff_valid
clustered_summary.csv,pr_auc_risk_ci_low,0.6773284652352624,0.677270577890614,,,10,base_knn,activity_to_cutoff_valid
clustered_summary.csv,pr_auc_risk_ci_high,0.7874530281235662,0.7874482387045615,,,10,base_knn,activity_to_cutoff_valid
clustered_summary.csv,pr_auc_risk_mean,0.7378189139609508,0.7378189139609508,,,10,base_knn,cutoff_valid
clustered_summary.csv,pr_auc_risk_ci_low,0.6746079185698427,0.674565001246401,,,10,base_knn,cutoff_valid
clustered_summary.csv,pr_auc_risk_ci_high,0.7870636787384501,0.786997593888914,,,10,base_knn,cutoff_valid
clustered_summary.csv,pr_auc_risk_mean,0.8040431020550007,0.8040431020550007,,,10,base_knn,cutoff_valid_to_activity
clustered_summary.csv,pr_auc_risk_ci_low,0.7361025132352308,0.7360341621068357,,,10,base_knn,cutoff_valid_to_activity
clustered_summary.csv,pr_auc_risk_ci_high,0.8522914355638748,0.8522847982983361,,,10,base_knn,cutoff_valid_to_activity
clustered_summary.csv,pr_auc_risk_mean,0.8858038071085524,0.8858038071085524,,,10,base_knn,static_full
clustered_summary.csv,pr_auc_risk_ci_low,0.8546232894515294,0.854599352290696,,,10,base_knn,static_full
clustered_summary.csv,pr_auc_risk_ci_high,0.9101024455745704,0.9100938890697214,,,10,base_knn,static_full
metric_distortion.csv,delta,0.07045537132595969,0.07045537132595969,,,10,base_knn,activity_conditioned
metric_distortion.csv,ci_low,0.051043738634810654,0.05106358462465743,,,10,base_knn,activity_conditioned
metric_distortion.csv,ci_high,0.08836852991399366,0.08837383508774295,,,10,base_knn,activity_conditioned
metric_distortion.csv,delta,0.001382470843514838,0.001382470843514838,,,10,base_knn,activity_to_cutoff_valid
metric_distortion.csv,ci_low,-0.0016124273242097032,-0.00157821893841385,,,10,base_knn,activity_to_cutoff_valid
metric_distortion.csv,ci_high,0.0047177503001965175,0.004723657373589234,,,10,base_knn,activity_to_cutoff_valid
metric_distortion.csv,delta,0.06622418809404995,0.06622418809404995,,,10,base_knn,cutoff_valid_to_activity
metric_distortion.csv,ci_low,0.04855174830848053,0.048550216046634634,,,10,base_knn,cutoff_valid_to_activity
metric_distortion.csv,ci_high,0.08136802619475776,0.08135791752761669,,,10,base_knn,cutoff_valid_to_activity
metric_distortion.csv,delta,0.14798489314760166,0.14798489314760166,,,10,base_knn,static_full
metric_distortion.csv,ci_low,0.11686181944730295,0.1168922682897343,,,10,base_knn,static_full
metric_distortion.csv,ci_high,0.18664175903144656,0.18668081830962283,,,10,base_knn,static_full
training_evaluation_decomposition.csv,delta,0.06939890600105747,0.06939890600105758,evaluation_population_component,presentation,10,base_lr_clickstream,
training_evaluation_decomposition.csv,ci_low,0.0492296982834613,0.04922968182686354,evaluation_population_component,presentation,10,base_lr_clickstream,
training_evaluation_decomposition.csv,ci_high,0.08456197257915035,0.08456196981516434,evaluation_population_component,presentation,10,base_lr_clickstream,
training_evaluation_decomposition.csv,delta,-0.00017837324407543598,-0.00017837324407543598,training_population_component,presentation,10,base_lr_clickstream,
training_evaluation_decomposition.csv,ci_low,-0.009575273997802733,-0.00957514456399337,training_population_component,presentation,10,base_lr_clickstream,
training_evaluation_decomposition.csv,ci_high,0.0073347936032855604,0.007334793603285669,training_population_component,presentation,10,base_lr_clickstream,
training_evaluation_decomposition.csv,delta,0.0624778816884608,0.06247788168846086,evaluation_population_shapley,presentation,10,base_lr_clickstream,
training_evaluation_decomposition.csv,ci_low,0.04264197421175931,0.04264187527497695,evaluation_population_shapley,presentation,10,base_lr_clickstream,
training_evaluation_decomposition.csv,ci_high,0.0776911994423981,0.0776911399415549,evaluation_population_shapley,presentation,10,base_lr_clickstream,
training_evaluation_decomposition.csv,delta,0.006742651068521233,0.006742651068521288,training_population_shapley,presentation,10,base_lr_clickstream,
training_evaluation_decomposition.csv,ci_low,-0.007429289302505357,-0.007429222047890581,training_population_shapley,presentation,10,base_lr_clickstream,
training_evaluation_decomposition.csv,ci_high,0.017466000226341896,0.017466074224172876,training_population_shapley,presentation,10,base_lr_clickstream,
training_evaluation_decomposition_module.csv,delta,0.06939890600105747,0.06939890600105758,evaluation_population_component,module,10,base_lr_clickstream,
training_evaluation_decomposition_module.csv,ci_low,0.03577196806785364,0.035771760329399216,evaluation_population_component,module,10,base_lr_clickstream,
training_evaluation_decomposition_module.csv,ci_high,0.08419776552150526,0.08419760164186063,evaluation_population_component,module,10,base_lr_clickstream,
training_evaluation_decomposition_module.csv,delta,-0.00017837324407543598,-0.00017837324407543598,training_population_component,module,10,base_lr_clickstream,
training_evaluation_decomposition_module.csv,ci_low,-0.011300789413781253,-0.011300698706376256,training_population_component,module,10,base_lr_clickstream,
training_evaluation_decomposition_module.csv,ci_high,0.0069052187017241504,0.006905286826756527,training_population_component,module,10,base_lr_clickstream,
training_evaluation_decomposition_module.csv,delta,0.0624778816884608,0.06247788168846086,evaluation_population_shapley,module,10,base_lr_clickstream,
training_evaluation_decomposition_module.csv,ci_low,0.024933568758338704,0.0249335687583387,evaluation_population_shapley,module,10,base_lr_clickstream,
training_evaluation_decomposition_module.csv,ci_high,0.08085855415652965,0.0808585541565296,evaluation_population_shapley,module,10,base_lr_clickstream,
training_evaluation_decomposition_module.csv,delta,0.006742651068521233,0.006742651068521288,training_population_shapley,module,10,base_lr_clickstream,
training_evaluation_decomposition_module.csv,ci_low,-0.009543043656933045,-0.009542729460331925,training_population_shapley,module,10,base_lr_clickstream,
training_evaluation_decomposition_module.csv,ci_high,0.01573639783925139,0.015736444883694814,training_population_shapley,module,10,base_lr_clickstream,
clustered_summary.csv,pr_auc_risk_mean,0.7118303287872344,0.7118303287872343,,,10,base_lr_clickstream,activity_to_cutoff_valid
clustered_summary.csv,pr_auc_risk_ci_low,0.6519645521134093,0.6519645521134094,,,10,base_lr_clickstream,activity_to_cutoff_valid
clustered_summary.csv,pr_auc_risk_ci_high,0.7754250035449066,0.7754253193966814,,,10,base_lr_clickstream,activity_to_cutoff_valid
clustered_summary.csv,pr_auc_risk_mean,0.8760159793851917,0.8760159793851916,,,10,base_lr_clickstream,static_full
clustered_summary.csv,pr_auc_risk_ci_low,0.843586527196424,0.8435865705202921,,,10,base_lr_clickstream,static_full
clustered_summary.csv,pr_auc_risk_ci_high,0.9055743496110633,0.9055744728123691,,,10,base_lr_clickstream,static_full
metric_distortion.csv,delta,-0.00017837324407543598,-0.00017837324407543598,,,10,base_lr_clickstream,activity_to_cutoff_valid
metric_distortion.csv,ci_low,-0.009485723178673891,-0.009485422863639922,,,10,base_lr_clickstream,activity_to_cutoff_valid
metric_distortion.csv,ci_high,0.007023158763317503,0.007023284229792814,,,10,base_lr_clickstream,activity_to_cutoff_valid
metric_distortion.csv,delta,0.16400727735388188,0.16400727735388188,,,10,base_lr_clickstream,static_full
metric_distortion.csv,ci_low,0.1259741901135699,0.12597423781171477,,,10,base_lr_clickstream,static_full
metric_distortion.csv,ci_high,0.20434790628885602,0.20434807198059085,,,10,base_lr_clickstream,static_full
clustered_summary.csv,pr_auc_risk_mean,0.8999237875181347,0.8999237875181345,,,10,base_lr_weekly,static_full
clustered_summary.csv,pr_auc_risk_ci_low,0.8766779916145524,0.8766787848966353,,,10,base_lr_weekly,static_full
clustered_summary.csv,pr_auc_risk_ci_high,0.9191270913882016,0.9191271691748314,,,10,base_lr_weekly,static_full
metric_distortion.csv,delta,0.13516975215205707,0.13516975215205684,,,10,base_lr_weekly,static_full
metric_distortion.csv,ci_low,0.11274112768151896,0.1127412327101831,,,10,base_lr_weekly,static_full
metric_distortion.csv,ci_high,0.16087292786438862,0.16087311138305083,,,10,base_lr_weekly,static_full
training_evaluation_decomposition.csv,delta,0.07684799829073818,0.07684799829073818,joint_population_difference,presentation,12,base_knn,
training_evaluation_decomposition.csv,ci_low,0.055660020905482506,0.05565739531653717,joint_population_difference,presentation,12,base_knn,
training_evaluation_decomposition.csv,ci_high,0.09528317322310483,0.09533115220018579,joint_population_difference,presentation,12,base_knn,
training_evaluation_decomposition.csv,delta,0.0764318989787498,0.0764318989787498,evaluation_population_component,presentation,12,base_knn,
training_evaluation_decomposition.csv,ci_low,0.056537079406737925,0.05653668289583883,evaluation_population_component,presentation,12,base_knn,
training_evaluation_decomposition.csv,ci_high,0.09389749670442582,0.09388748014018485,evaluation_population_component,presentation,12,base_knn,
training_evaluation_decomposition.csv,delta,0.0004160993119883827,0.0004160993119883827,training_population_component,presentation,12,base_knn,
training_evaluation_decomposition.csv,ci_low,-0.0022412830962459025,-0.002234887854570644,training_population_component,presentation,12,base_knn,
training_evaluation_decomposition.csv,ci_high,0.0026291390700808335,0.0026249387796972922,training_population_component,presentation,12,base_knn,
training_evaluation_decomposition.csv,delta,0.003397358224939473,0.003397358224939473,training_population_component_at_activity,presentation,12,base_knn,
training_evaluation_decomposition.csv,ci_low,0.0006085131746670747,0.0006010443647563813,training_population_component_at_activity,presentation,12,base_knn,
training_evaluation_decomposition.csv,ci_high,0.007249395922989138,0.007289076882036374,training_population_component_at_activity,presentation,12,base_knn,
training_evaluation_decomposition.csv,delta,0.07345064006579871,0.07345064006579871,evaluation_population_component_at_valid,presentation,12,base_knn,
training_evaluation_decomposition.csv,ci_low,0.053699782780996394,0.053699591749660776,evaluation_population_component_at_valid,presentation,12,base_knn,
training_evaluation_decomposition.csv,ci_high,0.09019627212046366,0.09017476139413616,evaluation_population_component_at_valid,presentation,12,base_knn,
training_evaluation_decomposition.csv,delta,0.07494126952227426,0.07494126952227426,evaluation_population_shapley,presentation,12,base_knn,
training_evaluation_decomposition.csv,ci_low,0.05540495080073371,0.0554018354207013,evaluation_population_shapley,presentation,12,base_knn,
training_evaluation_decomposition.csv,ci_high,0.09202277095479003,0.09201256006525746,evaluation_population_shapley,presentation,12,base_knn,
training_evaluation_decomposition.csv,delta,0.0019067287684639278,0.0019067287684639278,training_population_shapley,presentation,12,base_knn,
training_evaluation_decomposition.csv,ci_low,-0.00047248163223368166,-0.00045438462525199255,training_population_shapley,presentation,12,base_knn,
training_evaluation_decomposition.csv,ci_high,0.004464587349657272,0.004504093404495209,training_population_shapley,presentation,12,base_knn,
training_evaluation_decomposition_module.csv,delta,0.07684799829073818,0.07684799829073818,joint_population_difference,module,12,base_knn,
training_evaluation_decomposition_module.csv,ci_low,0.04735477303869287,0.04737583945651694,joint_population_difference,module,12,base_knn,
training_evaluation_decomposition_module.csv,ci_high,0.09321323020971072,0.09322984401975665,joint_population_difference,module,12,base_knn,
training_evaluation_decomposition_module.csv,delta,0.0764318989787498,0.0764318989787498,evaluation_population_component,module,12,base_knn,
training_evaluation_decomposition_module.csv,ci_low,0.050408300488277824,0.05039778598988622,evaluation_population_component,module,12,base_knn,
training_evaluation_decomposition_module.csv,ci_high,0.09142439942519795,0.09142628786114386,evaluation_population_component,module,12,base_knn,
training_evaluation_decomposition_module.csv,delta,0.0004160993119883827,0.0004160993119883827,training_population_component,module,12,base_knn,
training_evaluation_decomposition_module.csv,ci_low,-0.004260289241684592,-0.004248209236249573,training_population_component,module,12,base_knn,
training_evaluation_decomposition_module.csv,ci_high,0.0025081899491834155,0.002523622174643498,training_population_component,module,12,base_knn,
training_evaluation_decomposition_module.csv,delta,0.003397358224939473,0.003397358224939473,training_population_component_at_activity,module,12,base_knn,
training_evaluation_decomposition_module.csv,ci_low,-0.00018921414184113473,-0.00018138607679511753,training_population_component_at_activity,module,12,base_knn,
training_evaluation_decomposition_module.csv,ci_high,0.0062495346628827445,0.00627541754035388,training_population_component_at_activity,module,12,base_knn,
training_evaluation_decomposition_module.csv,delta,0.07345064006579871,0.07345064006579871,evaluation_population_component_at_valid,module,12,base_knn,
training_evaluation_decomposition_module.csv,ci_low,0.04420628838330254,0.044207014099781616,evaluation_population_component_at_valid,module,12,base_knn,
training_evaluation_decomposition_module.csv,ci_high,0.08878298079374991,0.08879114295791288,evaluation_population_component_at_valid,module,12,base_knn,
training_evaluation_decomposition_module.csv,delta,0.07494126952227426,0.07494126952227426,evaluation_population_shapley,module,12,base_knn,
training_evaluation_decomposition_module.csv,ci_low,0.04730697656726925,0.047302050042802773,evaluation_population_shapley,module,12,base_knn,
training_evaluation_decomposition_module.csv,ci_high,0.0902236536517473,0.0902256609203593,evaluation_population_shapley,module,12,base_knn,
training_evaluation_decomposition_module.csv,delta,0.0019067287684639278,0.0019067287684639278,training_population_shapley,module,12,base_knn,
training_evaluation_decomposition_module.csv,ci_low,-0.0017356191533479115,-0.0017266411399765036,training_population_shapley,module,12,base_knn,
training_evaluation_decomposition_module.csv,ci_high,0.004136557074843172,0.004149009807571158,training_population_shapley,module,12,base_knn,
clustered_summary.csv,pr_auc_risk_mean,0.8127897925403074,0.8127897925403074,,,12,base_knn,activity_conditioned
clustered_summary.csv,pr_auc_risk_ci_low,0.7565790688719677,0.756530644450694,,,12,base_knn,activity_conditioned
clustered_summary.csv,pr_auc_risk_ci_high,0.8552902251328541,0.8552885775765046,,,12,base_knn,activity_conditioned
clustered_summary.csv,pr_auc_risk_mean,0.7363578935615576,0.7363578935615576,,,12,base_knn,activity_to_cutoff_valid
clustered_summary.csv,pr_auc_risk_ci_low,0.6787409694535133,0.6787063869801009,,,12,base_knn,activity_to_cutoff_valid
clustered_summary.csv,pr_auc_risk_ci_high,0.7827594489496009,0.7827525601674274,,,12,base_knn,activity_to_cutoff_valid
clustered_summary.csv,pr_auc_risk_mean,0.7359417942495692,0.7359417942495692,,,12,base_knn,cutoff_valid
clustered_summary.csv,pr_auc_risk_ci_low,0.6789262840054023,0.6788812304373653,,,12,base_knn,cutoff_valid
clustered_summary.csv,pr_auc_risk_ci_high,0.7821879368934184,0.7821765999639785,,,12,base_knn,cutoff_valid
clustered_summary.csv,pr_auc_risk_mean,0.8093924343153679,0.8093924343153679,,,12,base_knn,cutoff_valid_to_activity
clustered_summary.csv,pr_auc_risk_ci_low,0.7500089300613726,0.749923897431385,,,12,base_knn,cutoff_valid_to_activity
clustered_summary.csv,pr_auc_risk_ci_high,0.8530812711785611,0.8530639187444945,,,12,base_knn,cutoff_valid_to_activity
clustered_summary.csv,pr_auc_risk_mean,0.8882709340280954,0.8882709340280954,,,12,base_knn,static_full
clustered_summary.csv,pr_auc_risk_ci_low,0.8590939759535832,0.8590695582589524,,,12,base_knn,static_full
clustered_summary.csv,pr_auc_risk_ci_high,0.9104681748835087,0.9104615420044886,,,12,base_knn,static_full
metric_distortion.csv,delta,0.07684799829073818,0.07684799829073818,,,12,base_knn,activity_conditioned
metric_distortion.csv,ci_low,0.05659713042742393,0.05658797941172146,,,12,base_knn,activity_conditioned
metric_distortion.csv,ci_high,0.09470931247781118,0.0947241589347624,,,12,base_knn,activity_conditioned
metric_distortion.csv,delta,0.0004160993119883827,0.0004160993119883827,,,12,base_knn,activity_to_cutoff_valid
metric_distortion.csv,ci_low,-0.0024561448377121266,-0.002436153772751798,,,12,base_knn,activity_to_cutoff_valid
metric_distortion.csv,ci_high,0.002670599019933723,0.0027139505690521497,,,12,base_knn,activity_to_cutoff_valid
metric_distortion.csv,delta,0.07345064006579871,0.07345064006579871,,,12,base_knn,cutoff_valid_to_activity
metric_distortion.csv,ci_low,0.05443234676996414,0.05443110357534962,,,12,base_knn,cutoff_valid_to_activity
metric_distortion.csv,ci_high,0.08986507137114645,0.08985396089927553,,,12,base_knn,cutoff_valid_to_activity
metric_distortion.csv,delta,0.15232913977852625,0.15232913977852625,,,12,base_knn,static_full
metric_distortion.csv,ci_low,0.1234176876094763,0.12342504327245128,,,12,base_knn,static_full
metric_distortion.csv,ci_high,0.186689080679784,0.18678220388570432,,,12,base_knn,static_full
clustered_summary.csv,pr_auc_risk_mean,0.8818687537099967,0.8818687537099965,,,12,base_lr_clickstream,static_full
clustered_summary.csv,pr_auc_risk_ci_low,0.8493052623379171,0.8493052623379173,,,12,base_lr_clickstream,static_full
clustered_summary.csv,pr_auc_risk_ci_high,0.9106303464021764,0.9106303638815156,,,12,base_lr_clickstream,static_full
metric_distortion.csv,delta,0.16742492149592814,0.16742492149592814,,,12,base_lr_clickstream,static_full
metric_distortion.csv,ci_low,0.1284569016468096,0.1284569691505496,,,12,base_lr_clickstream,static_full
metric_distortion.csv,ci_high,0.2079094849706503,0.20790948803045503,,,12,base_lr_clickstream,static_full
clustered_summary.csv,pr_auc_risk_mean,0.9018669650896722,0.9018669650896723,,,12,base_lr_weekly,static_full
clustered_summary.csv,pr_auc_risk_ci_low,0.8790307269285389,0.8790307283408056,,,12,base_lr_weekly,static_full
clustered_summary.csv,pr_auc_risk_ci_high,0.9212261196858236,0.9212261534228179,,,12,base_lr_weekly,static_full
metric_distortion.csv,delta,0.14189588822212396,0.14189588822212418,,,12,base_lr_weekly,static_full
metric_distortion.csv,ci_low,0.11901486683190922,0.11901486683190922,,,12,base_lr_weekly,static_full
metric_distortion.csv,ci_high,0.1687269470883858,0.16872695624879325,,,12,base_lr_weekly,static_full
clustered_summary.csv,pr_auc_risk_mean,0.8727575209918734,0.8727575209918734,,,12,base_svm,static_full
clustered_summary.csv,pr_auc_risk_ci_low,0.8309524617751356,0.8309526841599182,,,12,base_svm,static_full
clustered_summary.csv,pr_auc_risk_ci_high,0.9080455094746359,0.9080455086313777,,,12,base_svm,static_full
metric_distortion.csv,delta,0.15782546259959673,0.15782546259959673,,,12,base_svm,static_full
metric_distortion.csv,ci_low,0.1243506918506659,0.1243507180620786,,,12,base_svm,static_full
metric_distortion.csv,ci_high,0.19242184073392715,0.19242184073392737,,,12,base_svm,static_full
training_evaluation_decomposition.csv,delta,0.07820245165448547,0.07820245165448547,joint_population_difference,presentation,14,base_knn,
training_evaluation_decomposition.csv,ci_low,0.05903991458748234,0.05904948841340445,joint_population_difference,presentation,14,base_knn,
training_evaluation_decomposition.csv,ci_high,0.09486310671206684,0.09488848577183366,joint_population_difference,presentation,14,base_knn,
training_evaluation_decomposition.csv,delta,0.08012029146087907,0.08012029146087907,evaluation_population_component,presentation,14,base_knn,
training_evaluation_decomposition.csv,ci_low,0.060202307568897016,0.060206810095788856,evaluation_population_component,presentation,14,base_knn,
training_evaluation_decomposition.csv,ci_high,0.099161279098637,0.09918768499886656,evaluation_population_component,presentation,14,base_knn,
training_evaluation_decomposition.csv,delta,-0.0019178398063935953,-0.0019178398063935953,training_population_component,presentation,14,base_knn,
training_evaluation_decomposition.csv,ci_low,-0.007128574601461398,-0.007156615560259772,training_population_component,presentation,14,base_knn,
training_evaluation_decomposition.csv,ci_high,0.0016740012498904708,0.0016878224133956533,training_population_component,presentation,14,base_knn,
training_evaluation_decomposition.csv,delta,0.002181673575522791,0.002181673575522791,training_population_component_at_activity,presentation,14,base_knn,
training_evaluation_decomposition.csv,ci_low,0.00031452208530844403,0.00031458874713082843,training_population_component_at_activity,presentation,14,base_knn,
training_evaluation_decomposition.csv,ci_high,0.0042088809602291045,0.004226505921755355,training_population_component_at_activity,presentation,14,base_knn,
training_evaluation_decomposition.csv,delta,0.07602077807896268,0.07602077807896268,evaluation_population_component_at_valid,presentation,14,base_knn,
training_evaluation_decomposition.csv,ci_low,0.0570646098659106,0.057066701703630436,evaluation_population_component_at_valid,presentation,14,base_knn,
training_evaluation_decomposition.csv,ci_high,0.09261589663803863,0.09262063277157224,evaluation_population_component_at_valid,presentation,14,base_knn,
training_evaluation_decomposition.csv,delta,0.07807053476992087,0.07807053476992087,evaluation_population_shapley,presentation,14,base_knn,
training_evaluation_decomposition.csv,ci_low,0.058790064324451025,0.05879494261170161,evaluation_population_shapley,presentation,14,base_knn,
training_evaluation_decomposition.csv,ci_high,0.09561064570987347,0.09563484186770543,evaluation_population_shapley,presentation,14,base_knn,
training_evaluation_decomposition.csv,delta,0.00013191688456459794,0.00013191688456459794,training_population_shapley,presentation,14,base_knn,
training_evaluation_decomposition.csv,ci_low,-0.0025051599980896455,-0.0025055571707146285,training_population_shapley,presentation,14,base_knn,
training_evaluation_decomposition.csv,ci_high,0.0023249675453815856,0.0023207972372580633,training_population_shapley,presentation,14,base_knn,
training_evaluation_decomposition_module.csv,delta,0.07820245165448547,0.07820245165448547,joint_population_difference,module,14,base_knn,
training_evaluation_decomposition_module.csv,ci_low,0.049487522063723866,0.0494922398929768,joint_population_difference,module,14,base_knn,
training_evaluation_decomposition_module.csv,ci_high,0.09358808205875414,0.0935726707367833,joint_population_difference,module,14,base_knn,
training_evaluation_decomposition_module.csv,delta,0.08012029146087907,0.08012029146087907,evaluation_population_component,module,14,base_knn,
training_evaluation_decomposition_module.csv,ci_low,0.05737590681344919,0.05739078218274064,evaluation_population_component,module,14,base_knn,
training_evaluation_decomposition_module.csv,ci_high,0.09595997250421018,0.0959905233905528,evaluation_population_component,module,14,base_knn,
training_evaluation_decomposition_module.csv,delta,-0.0019178398063935953,-0.0019178398063935953,training_population_component,module,14,base_knn,
training_evaluation_decomposition_module.csv,ci_low,-0.008547535979104182,-0.008564342408485692,training_population_component,module,14,base_knn,
training_evaluation_decomposition_module.csv,ci_high,0.002037335061542633,0.0020466255819873436,training_population_component,module,14,base_knn,
training_evaluation_decomposition_module.csv,delta,0.002181673575522791,0.002181673575522791,training_population_component_at_activity,module,14,base_knn,
training_evaluation_decomposition_module.csv,ci_low,-0.0001575761247547547,-0.0001542510508134587,training_population_component_at_activity,module,14,base_knn,
training_evaluation_decomposition_module.csv,ci_high,0.003986554610870584,0.0039939744171546875,training_population_component_at_activity,module,14,base_knn,
training_evaluation_decomposition_module.csv,delta,0.07602077807896268,0.07602077807896268,evaluation_population_component_at_valid,module,14,base_knn,
training_evaluation_decomposition_module.csv,ci_low,0.04868251661660642,0.04867658904932475,evaluation_population_component_at_valid,module,14,base_knn,
training_evaluation_decomposition_module.csv,ci_high,0.09098349954779428,0.09099172632888519,evaluation_population_component_at_valid,module,14,base_knn,
training_evaluation_decomposition_module.csv,delta,0.07807053476992087,0.07807053476992087,evaluation_population_shapley,module,14,base_knn,
training_evaluation_decomposition_module.csv,ci_low,0.05309017192858513,0.05310472945636793,evaluation_population_shapley,module,14,base_knn,
training_evaluation_decomposition_module.csv,ci_high,0.0933444199534873,0.09336497413827344,evaluation_population_shapley,module,14,base_knn,
training_evaluation_decomposition_module.csv,delta,0.00013191688456459794,0.00013191688456459794,training_population_shapley,module,14,base_knn,
training_evaluation_decomposition_module.csv,ci_low,-0.003688709172479483,-0.0036862202416332313,training_population_shapley,module,14,base_knn,
training_evaluation_decomposition_module.csv,ci_high,0.0022573184135792645,0.002272215158432482,training_population_shapley,module,14,base_knn,
clustered_summary.csv,pr_auc_risk_mean,0.8337138794229236,0.8337138794229236,,,14,base_knn,activity_conditioned
clustered_summary.csv,pr_auc_risk_ci_low,0.7781957209778896,0.7781318749594286,,,14,base_knn,activity_conditioned
clustered_summary.csv,pr_auc_risk_ci_high,0.8756222375024965,0.8756018251122141,,,14,base_knn,activity_conditioned
clustered_summary.csv,pr_auc_risk_mean,0.7535935879620446,0.7535935879620446,,,14,base_knn,activity_to_cutoff_valid
clustered_summary.csv,pr_auc_risk_ci_low,0.6939001541909994,0.6938015317285484,,,14,base_knn,activity_to_cutoff_valid
clustered_summary.csv,pr_auc_risk_ci_high,0.8031199775515397,0.8030821866049491,,,14,base_knn,activity_to_cutoff_valid
clustered_summary.csv,pr_auc_risk_mean,0.7555114277684382,0.7555114277684382,,,14,base_knn,cutoff_valid
clustered_summary.csv,pr_auc_risk_ci_low,0.6995554541132055,0.6994608662128561,,,14,base_knn,cutoff_valid
clustered_summary.csv,pr_auc_risk_ci_high,0.802773486031628,0.8027508605575471,,,14,base_knn,cutoff_valid
clustered_summary.csv,pr_auc_risk_mean,0.8315322058474008,0.8315322058474008,,,14,base_knn,cutoff_valid_to_activity
clustered_summary.csv,pr_auc_risk_ci_low,0.7748164162315939,0.7746987580102159,,,14,base_knn,cutoff_valid_to_activity
clustered_summary.csv,pr_auc_risk_ci_high,0.8736051410843816,0.8735992029621055,,,14,base_knn,cutoff_valid_to_activity
clustered_summary.csv,pr_auc_risk_mean,0.900732290827519,0.900732290827519,,,14,base_knn,static_full
clustered_summary.csv,pr_auc_risk_ci_low,0.8738991461602131,0.8738853141277197,,,14,base_knn,static_full
clustered_summary.csv,pr_auc_risk_ci_high,0.9219995522875316,0.9219956358750083,,,14,base_knn,static_full
metric_distortion.csv,delta,0.07820245165448547,0.07820245165448547,,,14,base_knn,activity_conditioned
metric_distortion.csv,ci_low,0.05988259676659877,0.05991141125280827,,,14,base_knn,activity_conditioned
metric_distortion.csv,ci_high,0.09494341835505453,0.09495376200225412,,,14,base_knn,activity_conditioned
metric_distortion.csv,delta,-0.0019178398063935953,-0.0019178398063935953,,,14,base_knn,activity_to_cutoff_valid
metric_distortion.csv,ci_low,-0.006663557333397671,-0.006672837601348172,,,14,base_knn,activity_to_cutoff_valid
metric_distortion.csv,ci_high,0.0018032608190673648,0.001795517879268519,,,14,base_knn,activity_to_cutoff_valid
metric_distortion.csv,delta,0.07602077807896268,0.07602077807896268,,,14,base_knn,cutoff_valid_to_activity
metric_distortion.csv,ci_low,0.057561777389979224,0.05756417020974553,,,14,base_knn,cutoff_valid_to_activity
metric_distortion.csv,ci_high,0.09195833998636811,0.09196528895041974,,,14,base_knn,cutoff_valid_to_activity
metric_distortion.csv,delta,0.14522086305908088,0.14522086305908088,,,14,base_knn,static_full
metric_distortion.csv,ci_low,0.11427352304142224,0.11429031510804316,,,14,base_knn,static_full
metric_distortion.csv,ci_high,0.18064252676386383,0.18074393259826194,,,14,base_knn,static_full
clustered_summary.csv,pr_auc_risk_mean,0.8960413805720937,0.8960413805720937,,,14,base_lr_clickstream,static_full
clustered_summary.csv,pr_auc_risk_ci_low,0.8681998760230663,0.8681998855603474,,,14,base_lr_clickstream,static_full
clustered_summary.csv,pr_auc_risk_ci_high,0.9200750100637148,0.920075063596086,,,14,base_lr_clickstream,static_full
metric_distortion.csv,delta,0.16067353706316423,0.16067353706316423,,,14,base_lr_clickstream,static_full
metric_distortion.csv,ci_low,0.12498159880042621,0.12498157919085551,,,14,base_lr_clickstream,static_full
metric_distortion.csv,ci_high,0.20010091169750893,0.20010095486533724,,,14,base_lr_clickstream,static_full
clustered_summary.csv,pr_auc_risk_mean,0.9144526867393654,0.9144526867393654,,,14,base_lr_weekly,static_full
clustered_summary.csv,pr_auc_risk_ci_low,0.8951380244024408,0.8951380265228595,,,14,base_lr_weekly,static_full
clustered_summary.csv,pr_auc_risk_ci_high,0.9315033749406301,0.931503416812447,,,14,base_lr_weekly,static_full
metric_distortion.csv,delta,0.13710833897184682,0.13710833897184682,,,14,base_lr_weekly,static_full
metric_distortion.csv,ci_low,0.1142690991214795,0.1142691764138564,,,14,base_lr_weekly,static_full
metric_distortion.csv,ci_high,0.16336607399113934,0.16336613467921246,,,14,base_lr_weekly,static_full
training_evaluation_decomposition.csv,delta,0.08233262275990805,0.08233262275990805,joint_population_difference,presentation,16,base_knn,
training_evaluation_decomposition.csv,ci_low,0.06179328082432628,0.06179186789604289,joint_population_difference,presentation,16,base_knn,
training_evaluation_decomposition.csv,ci_high,0.10083060098463437,0.10085099824140205,joint_population_difference,presentation,16,base_knn,
training_evaluation_decomposition.csv,delta,0.08304983992399095,0.08304983992399095,evaluation_population_component,presentation,16,base_knn,
training_evaluation_decomposition.csv,ci_low,0.06310349380227455,0.06310634044836008,evaluation_population_component,presentation,16,base_knn,
training_evaluation_decomposition.csv,ci_high,0.10159448297475475,0.10160759629775969,evaluation_population_component,presentation,16,base_knn,
training_evaluation_decomposition.csv,delta,-0.0007172171640829061,-0.0007172171640829061,training_population_component,presentation,16,base_knn,
training_evaluation_decomposition.csv,ci_low,-0.0045538932583013,-0.004560415657363703,training_population_component,presentation,16,base_knn,
training_evaluation_decomposition.csv,ci_high,0.00206860657803821,0.0020774402072948344,training_population_component,presentation,16,base_knn,
training_evaluation_decomposition.csv,delta,0.002642335015767605,0.002642335015767605,training_population_component_at_activity,presentation,16,base_knn,
training_evaluation_decomposition.csv,ci_low,0.0003707903468703644,0.0003735539468079169,training_population_component_at_activity,presentation,16,base_knn,
training_evaluation_decomposition.csv,ci_high,0.004816082920488524,0.004813068173902699,training_population_component_at_activity,presentation,16,base_knn,
training_evaluation_decomposition.csv,delta,0.07969028774414044,0.07969028774414044,evaluation_population_component_at_valid,presentation,16,base_knn,
training_evaluation_decomposition.csv,ci_low,0.05966435517627352,0.05966970036262315,evaluation_population_component_at_valid,presentation,16,base_knn,
training_evaluation_decomposition.csv,ci_high,0.09777293547652478,0.0977885729724276,evaluation_population_component_at_valid,presentation,16,base_knn,
training_evaluation_decomposition.csv,delta,0.0813700638340657,0.0813700638340657,evaluation_population_shapley,presentation,16,base_knn,
training_evaluation_decomposition.csv,ci_low,0.06148195333074911,0.06148421665035069,evaluation_population_shapley,presentation,16,base_knn,
training_evaluation_decomposition.csv,ci_high,0.09973051456146521,0.09974615789751066,evaluation_population_shapley,presentation,16,base_knn,
training_evaluation_decomposition.csv,delta,0.0009625589258423495,0.0009625589258423495,training_population_shapley,presentation,16,base_knn,
training_evaluation_decomposition.csv,ci_low,-0.0019050184326800293,-0.00190651155925749,training_population_shapley,presentation,16,base_knn,
training_evaluation_decomposition.csv,ci_high,0.0032614138440547596,0.003261217071653846,training_population_shapley,presentation,16,base_knn,
training_evaluation_decomposition_module.csv,delta,0.08233262275990805,0.08233262275990805,joint_population_difference,module,16,base_knn,
training_evaluation_decomposition_module.csv,ci_low,0.05563057214643802,0.055632387793297836,joint_population_difference,module,16,base_knn,
training_evaluation_decomposition_module.csv,ci_high,0.09842491653632839,0.09844088702745982,joint_population_difference,module,16,base_knn,
training_evaluation_decomposition_module.csv,delta,0.08304983992399095,0.08304983992399095,evaluation_population_component,module,16,base_knn,
training_evaluation_decomposition_module.csv,ci_low,0.061382382417150105,0.06138775936369789,evaluation_population_component,module,16,base_knn,
training_evaluation_decomposition_module.csv,ci_high,0.09934075401382003,0.09934528639822271,evaluation_population_component,module,16,base_knn,
training_evaluation_decomposition_module.csv,delta,-0.0007172171640829061,-0.0007172171640829061,training_population_component,module,16,base_knn,
training_evaluation_decomposition_module.csv,ci_low,-0.008364036124056451,-0.008368009224557715,training_population_component,module,16,base_knn,
training_evaluation_decomposition_module.csv,ci_high,0.0025464189921361436,0.0025432255395962033,training_population_component,module,16,base_knn,
training_evaluation_decomposition_module.csv,delta,0.002642335015767605,0.002642335015767605,training_population_component_at_activity,module,16,base_knn,
training_evaluation_decomposition_module.csv,ci_low,-0.00062799056566476,-0.0006192972601346547,training_population_component_at_activity,module,16,base_knn,
training_evaluation_decomposition_module.csv,ci_high,0.005510896581238156,0.005506919520180786,training_population_component_at_activity,module,16,base_knn,
training_evaluation_decomposition_module.csv,delta,0.07969028774414044,0.07969028774414044,evaluation_population_component_at_valid,module,16,base_knn,
training_evaluation_decomposition_module.csv,ci_low,0.05421961181686744,0.054230746236190557,evaluation_population_component_at_valid,module,16,base_knn,
training_evaluation_decomposition_module.csv,ci_high,0.09527101754038816,0.09528082801779858,evaluation_population_component_at_valid,module,16,base_knn,
training_evaluation_decomposition_module.csv,delta,0.0813700638340657,0.0813700638340657,evaluation_population_shapley,module,16,base_knn,
training_evaluation_decomposition_module.csv,ci_low,0.05786699747618884,0.05787079459808947,evaluation_population_shapley,module,16,base_knn,
training_evaluation_decomposition_module.csv,ci_high,0.0973478619993573,0.09735516718960102,evaluation_population_shapley,module,16,base_knn,
training_evaluation_decomposition_module.csv,delta,0.0009625589258423495,0.0009625589258423495,training_population_shapley,module,16,base_knn,
training_evaluation_decomposition_module.csv,ci_low,-0.004209816721259196,-0.0042112404797644,training_population_shapley,module,16,base_knn,
training_evaluation_decomposition_module.csv,ci_high,0.0038585641236470332,0.0038587483500765393,training_population_shapley,module,16,base_knn,
clustered_summary.csv,pr_auc_risk_mean,0.8556172033404537,0.8556172033404537,,,16,base_knn,activity_conditioned
clustered_summary.csv,pr_auc_risk_ci_low,0.8075847252607815,0.8075532390685677,,,16,base_knn,activity_conditioned
clustered_summary.csv,pr_auc_risk_ci_high,0.8889869315700737,0.8889818216721803,,,16,base_knn,activity_conditioned
clustered_summary.csv,pr_auc_risk_mean,0.7725673634164627,0.7725673634164627,,,16,base_knn,activity_to_cutoff_valid
clustered_summary.csv,pr_auc_risk_ci_low,0.721515837491512,0.7214748804991897,,,16,base_knn,activity_to_cutoff_valid
clustered_summary.csv,pr_auc_risk_ci_high,0.8137988171387501,0.8137971798680719,,,16,base_knn,activity_to_cutoff_valid
clustered_summary.csv,pr_auc_risk_mean,0.7732845805805456,0.7732845805805456,,,16,base_knn,cutoff_valid
clustered_summary.csv,pr_auc_risk_ci_low,0.7223117604385227,0.7222669460910042,,,16,base_knn,cutoff_valid
clustered_summary.csv,pr_auc_risk_ci_high,0.8139279236768331,0.8139158556947174,,,16,base_knn,cutoff_valid
clustered_summary.csv,pr_auc_risk_mean,0.852974868324686,0.852974868324686,,,16,base_knn,cutoff_valid_to_activity
clustered_summary.csv,pr_auc_risk_ci_low,0.8038033720735632,0.8037804035673971,,,16,base_knn,cutoff_valid_to_activity
clustered_summary.csv,pr_auc_risk_ci_high,0.8869896368996258,0.8869757081863111,,,16,base_knn,cutoff_valid_to_activity
clustered_summary.csv,pr_auc_risk_mean,0.9134321217846282,0.9134321217846282,,,16,base_knn,static_full
clustered_summary.csv,pr_auc_risk_ci_low,0.8884272043307606,0.8884141323069842,,,16,base_knn,static_full
clustered_summary.csv,pr_auc_risk_ci_high,0.9313460679634304,0.9313427581583128,,,16,base_knn,static_full
metric_distortion.csv,delta,0.08233262275990805,0.08233262275990805,,,16,base_knn,activity_conditioned
metric_distortion.csv,ci_low,0.06301809189843319,0.0630252899471434,,,16,base_knn,activity_conditioned
metric_distortion.csv,ci_high,0.10020340659060585,0.10021545722763794,,,16,base_knn,activity_conditioned
metric_distortion.csv,delta,-0.0007172171640829061,-0.0007172171640829061,,,16,base_knn,activity_to_cutoff_valid
metric_distortion.csv,ci_low,-0.004479492027661849,-0.0044702411392048,,,16,base_knn,activity_to_cutoff_valid
metric_distortion.csv,ci_high,0.002143600129375617,0.0021441825115394546,,,16,base_knn,activity_to_cutoff_valid
metric_distortion.csv,delta,0.07969028774414044,0.07969028774414044,,,16,base_knn,cutoff_valid_to_activity
metric_distortion.csv,ci_low,0.06053684560724009,0.060534574398132,,,16,base_knn,cutoff_valid_to_activity
metric_distortion.csv,ci_high,0.09663660963119665,0.09664466957769459,,,16,base_knn,cutoff_valid_to_activity
metric_distortion.csv,delta,0.14014754120408257,0.14014754120408257,,,16,base_knn,static_full
metric_distortion.csv,ci_low,0.11326330348745914,0.11327184599011968,,,16,base_knn,static_full
metric_distortion.csv,ci_high,0.17249415129519577,0.17254019554867658,,,16,base_knn,static_full
clustered_summary.csv,pr_auc_risk_mean,0.9102619629483836,0.9102619629483835,,,16,base_lr_clickstream,static_full
clustered_summary.csv,pr_auc_risk_ci_low,0.8887853745945477,0.8887854994559418,,,16,base_lr_clickstream,static_full
clustered_summary.csv,pr_auc_risk_ci_high,0.9280449876853945,0.9280451292620616,,,16,base_lr_clickstream,static_full
metric_distortion.csv,delta,0.14864828292475407,0.14864828292475385,,,16,base_lr_clickstream,static_full
metric_distortion.csv,ci_low,0.1227103981175292,0.12271050823233716,,,16,base_lr_clickstream,static_full
metric_distortion.csv,ci_high,0.1790381387228396,0.1790381880448131,,,16,base_lr_clickstream,static_full
clustered_summary.csv,pr_auc_risk_mean,0.9306318612725596,0.9306318612725596,,,16,base_lr_weekly,static_full
clustered_summary.csv,pr_auc_risk_ci_low,0.9150155492569525,0.9150157119364664,,,16,base_lr_weekly,static_full
clustered_summary.csv,pr_auc_risk_ci_high,0.9433002027092384,0.9433002029444455,,,16,base_lr_weekly,static_full
metric_distortion.csv,delta,0.12420997132082334,0.12420997132082334,,,16,base_lr_weekly,static_full
metric_distortion.csv,ci_low,0.10645747371286558,0.10645746991974134,,,16,base_lr_weekly,static_full
metric_distortion.csv,ci_high,0.14326959528046818,0.1432695952804685,,,16,base_lr_weekly,static_full
