dataset,week,model,protocol,reference_protocol,budget,n_candidates,n_reference,n_flagged,n_actionable_candidates,n_actionable_flagged,n_invalid_flagged,precision,actionable_precision,precision_among_actionable,wasted_budget_rate,recall_protocol,coverage_adjusted_recall,candidate_coverage
oulab,2,base_dffnn,activity_conditioned,cutoff_valid,0.01,26490,28069,281,25429,226,55,0.8398576512455516,0.6441281138790036,0.8008849557522124,0.19572953736654805,0.019947595300481784,0.014242996537614102,0.905946061491325
oulab,2,base_dffnn,activity_to_cutoff_valid,cutoff_valid,0.01,28069,28069,281,28069,281,0,0.8612099644128114,0.8612099644128114,0.8612099644128114,0.0,0.01904312244255587,0.01904312244255587,1.0
oulab,2,base_dffnn,cutoff_valid,cutoff_valid,0.01,28069,28069,281,28069,281,0,0.8362989323843416,0.8362989323843416,0.8362989323843416,0.0,0.01849228832231665,0.01849228832231665,1.0
oulab,2,base_dffnn,cutoff_valid_to_activity,cutoff_valid,0.01,26490,28069,281,25429,228,53,0.8505338078291815,0.6619217081850534,0.8157894736842105,0.18861209964412812,0.020201166427182823,0.014636449480642116,0.905946061491325
oulab,2,base_dffnn,static_full,cutoff_valid,0.01,32593,28069,281,28069,53,228,0.9679715302491103,0.15658362989323843,0.8301886792452831,0.8113879003558719,0.01580660158066016,0.003462385898646522,1.0
oulab,2,base_dffnn,activity_conditioned,cutoff_valid,0.05,26490,28069,1404,25429,1198,206,0.7891737891737892,0.6424501424501424,0.7529215358931552,0.1467236467236467,0.09365226946158398,0.0709789109222537,0.905946061491325
oulab,2,base_dffnn,activity_to_cutoff_valid,cutoff_valid,0.05,28069,28069,1404,28069,1404,0,0.8212250712250713,0.8212250712250713,0.8212250712250713,0.0,0.09073024866226,0.09073024866226,1.0
oulab,2,base_dffnn,cutoff_valid,cutoff_valid,0.05,28069,28069,1404,28069,1404,0,0.8219373219373219,0.8219373219373219,0.8219373219373219,0.0,0.0908089392508656,0.0908089392508656,1.0
oulab,2,base_dffnn,cutoff_valid_to_activity,cutoff_valid,0.05,26490,28069,1404,25429,1223,181,0.7799145299145299,0.6509971509971509,0.7473426001635323,0.12891737891737892,0.09255346124587947,0.07192319798552094,0.905946061491325
oulab,2,base_dffnn,static_full,cutoff_valid,0.05,32593,28069,1404,28069,401,1003,0.9408831908831908,0.2264957264957265,0.7930174563591023,0.7143874643874644,0.07676662017666201,0.02502360717658168,1.0
oulab,2,base_dffnn,activity_conditioned,cutoff_valid,0.1,26490,28069,2808,25429,2466,342,0.7556980056980057,0.6339031339031339,0.721816707218167,0.12179487179487179,0.17935931028653537,0.14006924771797294,0.905946061491325
oulab,2,base_dffnn,activity_to_cutoff_valid,cutoff_valid,0.1,28069,28069,2808,28069,2808,0,0.7795584045584045,0.7795584045584045,0.7795584045584045,0.0,0.17225369845766447,0.17225369845766447,1.0
oulab,2,base_dffnn,cutoff_valid,cutoff_valid,0.1,28069,28069,2808,28069,2808,0,0.7859686609686609,0.7859686609686609,0.7859686609686609,0.0,0.17367012905256532,0.17367012905256532,1.0
oulab,2,base_dffnn,cutoff_valid_to_activity,cutoff_valid,0.1,26490,28069,2808,25429,2497,311,0.7503561253561254,0.6396011396011396,0.7192631157388867,0.11075498575498575,0.17809145465303017,0.14132829713566258,0.905946061491325
oulab,2,base_dffnn,static_full,cutoff_valid,0.1,32593,28069,2808,28069,975,1833,0.9241452991452992,0.27136752136752135,0.7815384615384615,0.6527777777777778,0.15080195258019527,0.05996222851746931,1.0
oulab,2,base_dffnn,activity_conditioned,cutoff_valid,0.2,26490,28069,5612,25429,5033,579,0.699928724162509,0.5967569493941554,0.6654083051857739,0.10317177476835353,0.33200912856056125,0.26353478124016366,0.905946061491325
oulab,2,base_dffnn,activity_to_cutoff_valid,cutoff_valid,0.2,28069,28069,5612,28069,5612,0,0.7328937990021382,0.7328937990021382,0.7328937990021382,0.0,0.3236543909348442,0.3236543909348442,1.0
oulab,2,base_dffnn,cutoff_valid,cutoff_valid,0.2,28069,28069,5612,28069,5612,0,0.7321810406272273,0.7321810406272273,0.7321810406272273,0.0,0.32333962858042176,0.32333962858042176,1.0
oulab,2,base_dffnn,cutoff_valid_to_activity,cutoff_valid,0.2,26490,28069,5612,25429,5066,546,0.6986813970064149,0.6013898788310763,0.6662060797473351,0.09729151817533856,0.3314174625982588,0.26558073654390935,0.905946061491325
oulab,2,base_dffnn,static_full,cutoff_valid,0.2,32593,28069,5612,28069,2570,3042,0.8897006414825375,0.347647897362794,0.7591439688715953,0.5420527441197434,0.29015574151557416,0.153525338369531,1.0
oulab,2,base_knn,activity_conditioned,cutoff_valid,0.01,26490,28069,281,25429,250,31,0.6797153024911032,0.5693950177935944,0.64,0.1103202846975089,0.01614402839996619,0.012590494176896443,0.905946061491325
oulab,2,base_knn,activity_to_cutoff_valid,cutoff_valid,0.01,28069,28069,281,28069,281,0,0.6405693950177936,0.6405693950177936,0.6405693950177936,0.0,0.014164305949008499,0.014164305949008499,1.0
oulab,2,base_knn,cutoff_valid,cutoff_valid,0.01,28069,28069,281,28069,281,0,0.6619217081850534,0.6619217081850534,0.6619217081850534,0.0,0.014636449480642116,0.014636449480642116,1.0
oulab,2,base_knn,cutoff_valid_to_activity,cutoff_valid,0.01,26490,28069,281,25429,244,37,0.697508896797153,0.5658362989323843,0.6516393442622951,0.13167259786476868,0.016566646944467925,0.01251180358829084,0.905946061491325
oulab,2,base_knn,static_full,cutoff_valid,0.01,32593,28069,281,28069,198,83,0.7402135231316725,0.44483985765124556,0.6313131313131313,0.29537366548042704,0.01208740120874012,0.009836323575700346,1.0
oulab,2,base_knn,activity_conditioned,cutoff_valid,0.05,26490,28069,1404,25429,1271,133,0.6709401709401709,0.5762108262108262,0.6365066876475216,0.09472934472934473,0.07962133378412645,0.06366068618193264,0.905946061491325
oulab,2,base_knn,activity_to_cutoff_valid,cutoff_valid,0.05,28069,28069,1404,28069,1404,0,0.6324786324786325,0.6324786324786325,0.6324786324786325,0.0,0.06987724268177525,0.06987724268177525,1.0
oulab,2,base_knn,cutoff_valid,cutoff_valid,0.05,28069,28069,1404,28069,1404,0,0.6965811965811965,0.6965811965811965,0.6965811965811965,0.0,0.0769593956562795,0.0769593956562795,1.0
oulab,2,base_knn,cutoff_valid_to_activity,cutoff_valid,0.05,26490,28069,1404,25429,1273,131,0.6545584045584045,0.5612535612535613,0.6190102120974077,0.0933048433048433,0.07767728847941847,0.06200818382121498,0.905946061491325
oulab,2,base_knn,static_full,cutoff_valid,0.05,32593,28069,1404,28069,782,622,0.8205128205128205,0.38105413105413105,0.6841432225063938,0.443019943019943,0.06694560669456066,0.042099464903997484,1.0
oulab,2,base_knn,activity_conditioned,cutoff_valid,0.1,26490,28069,2808,25429,2558,250,0.6531339031339032,0.5641025641025641,0.619233776387803,0.08903133903133903,0.15501648212323557,0.12464589235127478,0.905946061491325
oulab,2,base_knn,activity_to_cutoff_valid,cutoff_valid,0.1,28069,28069,2808,28069,2808,0,0.6228632478632479,0.6228632478632479,0.6228632478632479,0.0,0.13762983947119925,0.13762983947119925,1.0
oulab,2,base_knn,cutoff_valid,cutoff_valid,0.1,28069,28069,2808,28069,2808,0,0.7069088319088319,0.7069088319088319,0.7069088319088319,0.0,0.1562008183821215,0.1562008183821215,1.0
oulab,2,base_knn,cutoff_valid_to_activity,cutoff_valid,0.1,26490,28069,2808,25429,2560,248,0.6517094017094017,0.5633903133903134,0.61796875,0.08831908831908832,0.1546783872876342,0.12448851117406358,0.905946061491325
oulab,2,base_knn,static_full,cutoff_valid,0.1,32593,28069,2808,28069,1432,1376,0.8525641025641025,0.36645299145299143,0.7185754189944135,0.49002849002849,0.13912133891213388,0.08097261567516525,1.0
oulab,2,base_knn,activity_conditioned,cutoff_valid,0.2,26490,28069,5612,25429,5158,454,0.6268709907341411,0.5459729151817534,0.5940286932919736,0.08089807555238775,0.29735440791141915,0.24110796348756688,0.905946061491325
oulab,2,base_knn,activity_to_cutoff_valid,cutoff_valid,0.2,28069,28069,5612,28069,5612,0,0.6083392729864576,0.6083392729864576,0.6083392729864576,0.0,0.26864966949952784,0.26864966949952784,1.0
oulab,2,base_knn,cutoff_valid,cutoff_valid,0.2,28069,28069,5612,28069,5612,0,0.6758731290092659,0.6758731290092659,0.6758731290092659,0.0,0.2984734025810513,0.2984734025810513,1.0
oulab,2,base_knn,cutoff_valid_to_activity,cutoff_valid,0.2,26490,28069,5612,25429,5160,452,0.6225944404846757,0.5420527441197434,0.5895348837209302,0.08054169636493229,0.29532583889781083,0.23937677053824363,0.905946061491325
oulab,2,base_knn,static_full,cutoff_valid,0.2,32593,28069,5612,28069,2747,2865,0.8586956521739131,0.35085531004989307,0.7167819439388424,0.5105131860299359,0.2800441655044166,0.15494176896443185,1.0
oulab,2,base_lr_clickstream,activity_conditioned,cutoff_valid,0.01,26490,28069,281,25429,251,30,0.6903914590747331,0.5836298932384342,0.6533864541832669,0.10676156583629894,0.01639759952666723,0.012905256531318854,0.905946061491325
oulab,2,base_lr_clickstream,activity_to_cutoff_valid,cutoff_valid,0.01,28069,28069,281,28069,281,0,0.701067615658363,0.701067615658363,0.701067615658363,0.0,0.015502045955303745,0.015502045955303745,1.0
oulab,2,base_lr_clickstream,cutoff_valid,cutoff_valid,0.01,28069,28069,281,28069,281,0,0.708185053380783,0.708185053380783,0.708185053380783,0.0,0.01565942713251495,0.01565942713251495,1.0
oulab,2,base_lr_clickstream,cutoff_valid_to_activity,cutoff_valid,0.01,26490,28069,281,25429,254,27,0.6690391459074733,0.5729537366548043,0.6338582677165354,0.09608540925266904,0.01589045727326515,0.012669184765502045,0.905946061491325
oulab,2,base_lr_clickstream,static_full,cutoff_valid,0.01,32593,28069,281,28069,134,147,0.8505338078291815,0.33451957295373663,0.7014925373134329,0.5231316725978647,0.013888888888888888,0.007396915328926661,1.0
oulab,2,base_lr_clickstream,activity_conditioned,cutoff_valid,0.05,26490,28069,1404,25429,1253,151,0.688034188034188,0.5804843304843305,0.650438946528332,0.10754985754985755,0.08164990279773476,0.06413282971356626,0.905946061491325
oulab,2,base_lr_clickstream,activity_to_cutoff_valid,cutoff_valid,0.05,28069,28069,1404,28069,1404,0,0.7393162393162394,0.7393162393162394,0.7393162393162394,0.0,0.08168083097261568,0.08168083097261568,1.0
oulab,2,base_lr_clickstream,cutoff_valid,cutoff_valid,0.05,28069,28069,1404,28069,1404,0,0.7585470085470085,0.7585470085470085,0.7585470085470085,0.0,0.08380547686496695,0.08380547686496695,1.0
oulab,2,base_lr_clickstream,cutoff_valid_to_activity,cutoff_valid,0.05,26490,28069,1404,25429,1260,144,0.6844729344729344,0.5819088319088319,0.6484126984126984,0.10256410256410256,0.08122728425323303,0.06429021089077747,0.905946061491325
oulab,2,base_lr_clickstream,static_full,cutoff_valid,0.05,32593,28069,1404,28069,638,766,0.8682336182336182,0.3269230769230769,0.719435736677116,0.5455840455840456,0.07083914458391447,0.03611898016997167,1.0
oulab,2,base_lr_clickstream,activity_conditioned,cutoff_valid,0.1,26490,28069,2808,25429,2521,287,0.676994301994302,0.5747863247863247,0.6402221340737803,0.10220797720797721,0.1606795706195588,0.12700661000944288,0.905946061491325
oulab,2,base_lr_clickstream,activity_to_cutoff_valid,cutoff_valid,0.1,28069,28069,2808,28069,2808,0,0.7332621082621082,0.7332621082621082,0.7332621082621082,0.0,0.1620239219389361,0.1620239219389361,1.0
oulab,2,base_lr_clickstream,cutoff_valid,cutoff_valid,0.1,28069,28069,2808,28069,2808,0,0.7457264957264957,0.7457264957264957,0.7457264957264957,0.0,0.1647780925401322,0.1647780925401322,1.0
oulab,2,base_lr_clickstream,cutoff_valid_to_activity,cutoff_valid,0.1,26490,28069,2808,25429,2530,278,0.6748575498575499,0.5758547008547008,0.6391304347826087,0.099002849002849,0.1601724283661567,0.1272426817752597,0.905946061491325
oulab,2,base_lr_clickstream,static_full,cutoff_valid,0.1,32593,28069,2808,28069,1306,1502,0.8767806267806267,0.34615384615384615,0.7442572741194488,0.5349002849002849,0.14307298930729892,0.0764872521246459,1.0
oulab,2,base_lr_clickstream,activity_conditioned,cutoff_valid,0.2,26490,28069,5612,25429,5106,506,0.645224518888097,0.5550605844618675,0.6100665883274579,0.09016393442622951,0.30606034992815484,0.24512118350645262,0.905946061491325
oulab,2,base_lr_clickstream,activity_to_cutoff_valid,cutoff_valid,0.2,28069,28069,5612,28069,5612,0,0.6940484675694939,0.6940484675694939,0.6940484675694939,0.0,0.3064998426188228,0.3064998426188228,1.0
oulab,2,base_lr_clickstream,cutoff_valid,cutoff_valid,0.2,28069,28069,5612,28069,5612,0,0.6922665716322167,0.6922665716322167,0.6922665716322167,0.0,0.3057129367327668,0.3057129367327668,1.0
oulab,2,base_lr_clickstream,cutoff_valid_to_activity,cutoff_valid,0.2,26490,28069,5612,25429,5114,498,0.6443335709194583,0.5555951532430506,0.6096988658584278,0.0887384176764077,0.30563773138365313,0.24535725527226943,0.905946061491325
oulab,2,base_lr_clickstream,static_full,cutoff_valid,0.2,32593,28069,5612,28069,2632,2980,0.8727726300784034,0.34461867426942266,0.7348024316109423,0.5310049893086244,0.28463505346350537,0.15218759836323575,1.0
oulab,2,base_lr_profile,activity_conditioned,cutoff_valid,0.01,26490,28069,281,25429,257,24,0.7580071174377224,0.6725978647686833,0.7354085603112841,0.08540925266903915,0.018003549995773815,0.014872521246458924,0.905946061491325
oulab,2,base_lr_profile,activity_to_cutoff_valid,cutoff_valid,0.01,28069,28069,281,28069,281,0,0.7366548042704626,0.7366548042704626,0.7366548042704626,0.0,0.016288951841359773,0.016288951841359773,1.0
oulab,2,base_lr_profile,cutoff_valid,cutoff_valid,0.01,28069,28069,281,28069,281,0,0.8540925266903915,0.8540925266903915,0.8540925266903915,0.0,0.018885741265344664,0.018885741265344664,1.0
oulab,2,base_lr_profile,cutoff_valid_to_activity,cutoff_valid,0.01,26490,28069,281,25429,257,24,0.7580071174377224,0.6725978647686833,0.7354085603112841,0.08540925266903915,0.018003549995773815,0.014872521246458924,0.905946061491325
oulab,2,base_lr_profile,static_full,cutoff_valid,0.01,32593,28069,281,28069,102,179,0.9466192170818505,0.3096085409252669,0.8529411764705882,0.6370106761565836,0.015457926545792654,0.006846081208687441,1.0
oulab,2,base_lr_profile,activity_conditioned,cutoff_valid,0.05,26490,28069,1404,25429,1288,116,0.6858974358974359,0.6032763532763533,0.657608695652174,0.08262108262108261,0.08139633167103373,0.06665092854894554,0.905946061491325
oulab,2,base_lr_profile,activity_to_cutoff_valid,cutoff_valid,0.05,28069,28069,1404,28069,1404,0,0.6937321937321937,0.6937321937321937,0.6937321937321937,0.0,0.0766446333018571,0.0766446333018571,1.0
oulab,2,base_lr_profile,cutoff_valid,cutoff_valid,0.05,28069,28069,1404,28069,1404,0,0.8205128205128205,0.8205128205128205,0.8205128205128205,0.0,0.0906515580736544,0.0906515580736544,1.0
oulab,2,base_lr_profile,cutoff_valid_to_activity,cutoff_valid,0.05,26490,28069,1404,25429,1308,96,0.6773504273504274,0.6089743589743589,0.6536697247706422,0.06837606837606838,0.08038204716422957,0.06728045325779036,0.905946061491325
oulab,2,base_lr_profile,static_full,cutoff_valid,0.05,32593,28069,1404,28069,572,832,0.9294871794871795,0.3368945868945869,0.8269230769230769,0.5925925925925926,0.075836820083682,0.03722064841045011,1.0
oulab,2,base_lr_profile,activity_conditioned,cutoff_valid,0.1,26490,28069,2808,25429,2598,210,0.6492165242165242,0.5744301994301995,0.6208622016936105,0.07478632478632478,0.15408672132533174,0.12692791942083725,0.905946061491325
oulab,2,base_lr_profile,activity_to_cutoff_valid,cutoff_valid,0.1,28069,28069,2808,28069,2808,0,0.6574074074074074,0.6574074074074074,0.6574074074074074,0.0,0.14526282656594272,0.14526282656594272,1.0
oulab,2,base_lr_profile,cutoff_valid,cutoff_valid,0.1,28069,28069,2808,28069,2808,0,0.7553418803418803,0.7553418803418803,0.7553418803418803,0.0,0.1669027384324835,0.1669027384324835,1.0
oulab,2,base_lr_profile,cutoff_valid_to_activity,cutoff_valid,0.1,26490,28069,2808,25429,2618,190,0.6495726495726496,0.5819088319088319,0.6241405653170359,0.06766381766381767,0.1541712450342321,0.12858042178155493,0.905946061491325
oulab,2,base_lr_profile,static_full,cutoff_valid,0.1,32593,28069,2808,28069,1151,1657,0.9163105413105413,0.3269230769230769,0.7975673327541268,0.5900997150997151,0.14952347745234776,0.07223796033994334,1.0
oulab,2,base_lr_profile,activity_conditioned,cutoff_valid,0.2,26490,28069,5612,25429,5244,368,0.6008553100498931,0.5352815395580898,0.5728451563691839,0.06557377049180328,0.28501394641196853,0.2363865281712307,0.905946061491325
oulab,2,base_lr_profile,activity_to_cutoff_valid,cutoff_valid,0.2,28069,28069,5612,28069,5612,0,0.6147540983606558,0.6147540983606558,0.6147540983606558,0.0,0.27148253068932954,0.27148253068932954,1.0
oulab,2,base_lr_profile,cutoff_valid,cutoff_valid,0.2,28069,28069,5612,28069,5612,0,0.6749821810406272,0.6749821810406272,0.6749821810406272,0.0,0.2980799496380233,0.2980799496380233,1.0
oulab,2,base_lr_profile,cutoff_valid_to_activity,cutoff_valid,0.2,26490,28069,5612,25429,5276,336,0.5997861724875267,0.5399144689950107,0.5742987111448067,0.05987170349251604,0.2845068041585665,0.2384324834749764,0.905946061491325
oulab,2,base_lr_profile,static_full,cutoff_valid,0.2,32593,28069,5612,28069,2639,2973,0.880256593014968,0.35192444761225944,0.7483895414929898,0.5297576621525303,0.2870757787075779,0.15541391249606548,1.0
oulab,2,base_lr_weekly,activity_conditioned,cutoff_valid,0.01,26490,28069,281,25429,241,40,0.7402135231316725,0.597864768683274,0.6970954356846473,0.1423487544483986,0.017580931451272083,0.013220018885741265,0.905946061491325
oulab,2,base_lr_weekly,activity_to_cutoff_valid,cutoff_valid,0.01,28069,28069,281,28069,281,0,0.7473309608540926,0.7473309608540926,0.7473309608540926,0.0,0.016525023607176583,0.016525023607176583,1.0
oulab,2,base_lr_weekly,cutoff_valid,cutoff_valid,0.01,28069,28069,281,28069,281,0,0.7437722419928826,0.7437722419928826,0.7437722419928826,0.0,0.01644633301857098,0.01644633301857098,1.0
oulab,2,base_lr_weekly,cutoff_valid_to_activity,cutoff_valid,0.01,26490,28069,281,25429,242,39,0.7402135231316725,0.6014234875444839,0.6983471074380165,0.1387900355871886,0.017580931451272083,0.013298709474346868,0.905946061491325
oulab,2,base_lr_weekly,static_full,cutoff_valid,0.01,32593,28069,281,28069,132,149,0.8576512455516014,0.33451957295373663,0.7121212121212122,0.5302491103202847,0.01400511390051139,0.007396915328926661,1.0
oulab,2,base_lr_weekly,activity_conditioned,cutoff_valid,0.05,26490,28069,1404,25429,1215,189,0.7243589743589743,0.5897435897435898,0.6814814814814815,0.1346153846153846,0.08596061195165244,0.06515580736543909,0.905946061491325
oulab,2,base_lr_weekly,activity_to_cutoff_valid,cutoff_valid,0.05,28069,28069,1404,28069,1404,0,0.7678062678062678,0.7678062678062678,0.7678062678062678,0.0,0.08482845451683979,0.08482845451683979,1.0
oulab,2,base_lr_weekly,cutoff_valid,cutoff_valid,0.05,28069,28069,1404,28069,1404,0,0.76994301994302,0.76994301994302,0.76994301994302,0.0,0.0850645262826566,0.0850645262826566,1.0
oulab,2,base_lr_weekly,cutoff_valid_to_activity,cutoff_valid,0.05,26490,28069,1404,25429,1216,188,0.7200854700854701,0.5861823361823362,0.6768092105263158,0.1339031339031339,0.08545346969825036,0.06476235442241109,0.905946061491325
oulab,2,base_lr_weekly,static_full,cutoff_valid,0.05,32593,28069,1404,28069,634,770,0.8696581196581197,0.32549857549857547,0.7208201892744479,0.5484330484330484,0.07095536959553696,0.03596159899276047,1.0
oulab,2,base_lr_weekly,activity_conditioned,cutoff_valid,0.1,26490,28069,2808,25429,2465,343,0.6965811965811965,0.5744301994301995,0.6543610547667342,0.12215099715099716,0.16532837460907784,0.12692791942083725,0.905946061491325
oulab,2,base_lr_weekly,activity_to_cutoff_valid,cutoff_valid,0.1,28069,28069,2808,28069,2808,0,0.7517806267806267,0.7517806267806267,0.7517806267806267,0.0,0.16611583254642745,0.16611583254642745,1.0
oulab,2,base_lr_weekly,cutoff_valid,cutoff_valid,0.1,28069,28069,2808,28069,2808,0,0.7549857549857549,0.7549857549857549,0.7549857549857549,0.0,0.16682404784387786,0.16682404784387786,1.0
oulab,2,base_lr_weekly,cutoff_valid_to_activity,cutoff_valid,0.1,26490,28069,2808,25429,2474,334,0.6976495726495726,0.5787037037037037,0.6568310428455941,0.11894586894586895,0.1655819457357789,0.1278722064841045,0.905946061491325
oulab,2,base_lr_weekly,static_full,cutoff_valid,0.1,32593,28069,2808,28069,1303,1505,0.8767806267806267,0.3450854700854701,0.7436684574059862,0.5359686609686609,0.14307298930729892,0.07625118035882908,1.0
oulab,2,base_lr_weekly,activity_conditioned,cutoff_valid,0.2,26490,28069,5612,25429,5055,557,0.6573414112615823,0.5580898075552387,0.6195845697329377,0.09925160370634355,0.3118079621333784,0.24645892351274787,0.905946061491325
oulab,2,base_lr_weekly,activity_to_cutoff_valid,cutoff_valid,0.2,28069,28069,5612,28069,5612,0,0.6985032074126871,0.6985032074126871,0.6985032074126871,0.0,0.3084671073339629,0.3084671073339629,1.0
oulab,2,base_lr_weekly,cutoff_valid,cutoff_valid,0.2,28069,28069,5612,28069,5612,0,0.6985032074126871,0.6985032074126871,0.6985032074126871,0.0,0.3084671073339629,0.3084671073339629,1.0
oulab,2,base_lr_weekly,cutoff_valid_to_activity,cutoff_valid,0.2,26490,28069,5612,25429,5058,554,0.65751960085531,0.5588025659301497,0.620007908264136,0.09871703492516037,0.31189248584227874,0.24677368586717027,0.905946061491325
oulab,2,base_lr_weekly,static_full,cutoff_valid,0.2,32593,28069,5612,28069,2615,2997,0.8765146115466856,0.3453314326443336,0.7411089866156788,0.5340342124019958,0.2858554160855416,0.15250236071765816,1.0
oulab,2,base_rf_entropy,activity_conditioned,cutoff_valid,0.01,26490,28069,281,25429,226,55,0.8113879003558719,0.6156583629893239,0.7654867256637168,0.19572953736654805,0.019271405629279013,0.01361347182876928,0.905946061491325
oulab,2,base_rf_entropy,activity_to_cutoff_valid,cutoff_valid,0.01,28069,28069,281,28069,281,0,0.8078291814946619,0.8078291814946619,0.8078291814946619,0.0,0.01786276361347183,0.01786276361347183,1.0
oulab,2,base_rf_entropy,cutoff_valid,cutoff_valid,0.01,28069,28069,281,28069,281,0,0.7935943060498221,0.7935943060498221,0.7935943060498221,0.0,0.017548001259049418,0.017548001259049418,1.0
oulab,2,base_rf_entropy,cutoff_valid_to_activity,cutoff_valid,0.01,26490,28069,281,25429,242,39,0.8113879003558719,0.6725978647686833,0.78099173553719,0.1387900355871886,0.019271405629279013,0.014872521246458924,0.905946061491325
oulab,2,base_rf_entropy,static_full,cutoff_valid,0.01,32593,28069,281,28069,50,231,0.9679715302491103,0.14590747330960854,0.82,0.8220640569395018,0.01580660158066016,0.0032263141328297135,1.0
oulab,2,base_rf_entropy,activity_conditioned,cutoff_valid,0.05,26490,28069,1404,25429,1190,214,0.7813390313390314,0.6289173789173789,0.7420168067226891,0.15242165242165243,0.09272250866368016,0.06948378973874725,0.905946061491325
oulab,2,base_rf_entropy,activity_to_cutoff_valid,cutoff_valid,0.05,28069,28069,1404,28069,1404,0,0.7948717948717948,0.7948717948717948,0.7948717948717948,0.0,0.08781869688385269,0.08781869688385269,1.0
oulab,2,base_rf_entropy,cutoff_valid,cutoff_valid,0.05,28069,28069,1404,28069,1404,0,0.8034188034188035,0.8034188034188035,0.8034188034188035,0.0,0.08876298394711993,0.08876298394711993,1.0
oulab,2,base_rf_entropy,cutoff_valid_to_activity,cutoff_valid,0.05,26490,28069,1404,25429,1211,193,0.7742165242165242,0.6367521367521367,0.7382328654004955,0.13746438746438747,0.09187727157467669,0.07034938621340887,0.905946061491325
oulab,2,base_rf_entropy,static_full,cutoff_valid,0.05,32593,28069,1404,28069,366,1038,0.9387464387464387,0.19943019943019943,0.7650273224043715,0.7393162393162394,0.07659228265922827,0.022033364809568776,1.0
oulab,2,base_rf_entropy,activity_conditioned,cutoff_valid,0.1,26490,28069,2808,25429,2418,390,0.7528490028490028,0.613960113960114,0.7129859387923904,0.1388888888888889,0.1786831206153326,0.13566257475605917,0.905946061491325
oulab,2,base_rf_entropy,activity_to_cutoff_valid,cutoff_valid,0.1,28069,28069,2808,28069,2808,0,0.7667378917378918,0.7667378917378918,0.7667378917378918,0.0,0.16942083726786275,0.16942083726786275,1.0
oulab,2,base_rf_entropy,cutoff_valid,cutoff_valid,0.1,28069,28069,2808,28069,2808,0,0.7774216524216524,0.7774216524216524,0.7774216524216524,0.0,0.17178155492603084,0.17178155492603084,1.0
oulab,2,base_rf_entropy,cutoff_valid_to_activity,cutoff_valid,0.1,26490,28069,2808,25429,2454,354,0.7460826210826211,0.6200142450142451,0.7094539527302364,0.12606837606837606,0.177077170146226,0.1370003147623544,0.905946061491325
oulab,2,base_rf_entropy,static_full,cutoff_valid,0.1,32593,28069,2808,28069,931,1877,0.9191595441595442,0.25071225071225073,0.7561761546723953,0.6684472934472935,0.14998837749883775,0.05539817437834435,1.0
oulab,2,base_rf_entropy,activity_conditioned,cutoff_valid,0.2,26490,28069,5612,25429,5022,590,0.7036707056307911,0.5985388453314326,0.6688570290720829,0.10513186029935852,0.3337841264474685,0.26432168712621973,0.905946061491325
oulab,2,base_rf_entropy,activity_to_cutoff_valid,cutoff_valid,0.2,28069,28069,5612,28069,5612,0,0.7263007840342124,0.7263007840342124,0.7263007840342124,0.0,0.32074283915643687,0.32074283915643687,1.0
oulab,2,base_rf_entropy,cutoff_valid,cutoff_valid,0.2,28069,28069,5612,28069,5612,0,0.731111903064861,0.731111903064861,0.731111903064861,0.0,0.32286748504878815,0.32286748504878815,1.0
oulab,2,base_rf_entropy,cutoff_valid_to_activity,cutoff_valid,0.2,26490,28069,5612,25429,5046,566,0.6986813970064149,0.5978260869565217,0.6648830757035276,0.10085531004989308,0.3314174625982588,0.26400692477179727,0.905946061491325
oulab,2,base_rf_entropy,static_full,cutoff_valid,0.2,32593,28069,5612,28069,2526,3086,0.8909479686386315,0.34105488239486814,0.7577197149643705,0.5498930862437633,0.2905625290562529,0.1506137865911237,1.0
oulab,2,base_rf_gini,activity_conditioned,cutoff_valid,0.01,26490,28069,281,25429,231,50,0.8149466192170819,0.6370106761565836,0.7748917748917749,0.17793594306049823,0.01935592933817936,0.014085615360402896,0.905946061491325
oulab,2,base_rf_gini,activity_to_cutoff_valid,cutoff_valid,0.01,28069,28069,281,28069,281,0,0.8149466192170819,0.8149466192170819,0.8149466192170819,0.0,0.018020144790683035,0.018020144790683035,1.0
oulab,2,base_rf_gini,cutoff_valid,cutoff_valid,0.01,28069,28069,281,28069,281,0,0.8078291814946619,0.8078291814946619,0.8078291814946619,0.0,0.01786276361347183,0.01786276361347183,1.0
oulab,2,base_rf_gini,cutoff_valid_to_activity,cutoff_valid,0.01,26490,28069,281,25429,242,39,0.8149466192170819,0.6761565836298933,0.7851239669421488,0.1387900355871886,0.01935592933817936,0.014951211835064527,0.905946061491325
oulab,2,base_rf_gini,static_full,cutoff_valid,0.01,32593,28069,281,28069,52,229,0.9644128113879004,0.1494661921708185,0.8076923076923077,0.8149466192170819,0.015748489074848906,0.0033050047214353163,1.0
oulab,2,base_rf_gini,activity_conditioned,cutoff_valid,0.05,26490,28069,1404,25429,1195,209,0.7863247863247863,0.6374643874643875,0.7489539748953975,0.14886039886039887,0.09331417462598258,0.07042807680201447,0.905946061491325
oulab,2,base_rf_gini,activity_to_cutoff_valid,cutoff_valid,0.05,28069,28069,1404,28069,1404,0,0.7955840455840456,0.7955840455840456,0.7955840455840456,0.0,0.08789738747245829,0.08789738747245829,1.0
oulab,2,base_rf_gini,cutoff_valid,cutoff_valid,0.05,28069,28069,1404,28069,1404,0,0.7984330484330484,0.7984330484330484,0.7984330484330484,0.0,0.0882121498268807,0.0882121498268807,1.0
oulab,2,base_rf_gini,cutoff_valid_to_activity,cutoff_valid,0.05,26490,28069,1404,25429,1212,192,0.7756410256410257,0.6388888888888888,0.7400990099009901,0.13675213675213677,0.0920463189924774,0.07058545797922569,0.905946061491325
oulab,2,base_rf_gini,static_full,cutoff_valid,0.05,32593,28069,1404,28069,373,1031,0.9323361823361823,0.198005698005698,0.7453083109919572,0.7343304843304843,0.07606927010692702,0.02187598363235757,1.0
oulab,2,base_rf_gini,activity_conditioned,cutoff_valid,0.1,26490,28069,2808,25429,2427,381,0.7521367521367521,0.6164529914529915,0.7132262051915945,0.13568376068376067,0.1785140731975319,0.1362134088762984,0.905946061491325
oulab,2,base_rf_gini,activity_to_cutoff_valid,cutoff_valid,0.1,28069,28069,2808,28069,2808,0,0.771011396011396,0.771011396011396,0.771011396011396,0.0,0.17036512433113,0.17036512433113,1.0
oulab,2,base_rf_gini,cutoff_valid,cutoff_valid,0.1,28069,28069,2808,28069,2808,0,0.7756410256410257,0.7756410256410257,0.7756410256410257,0.0,0.17138810198300283,0.17138810198300283,1.0
oulab,2,base_rf_gini,cutoff_valid_to_activity,cutoff_valid,0.1,26490,28069,2808,25429,2455,353,0.7457264957264957,0.6200142450142451,0.7091649694501019,0.1257122507122507,0.17699264643732568,0.1370003147623544,0.905946061491325
oulab,2,base_rf_gini,static_full,cutoff_valid,0.1,32593,28069,2808,28069,931,1877,0.9212962962962963,0.25284900284900286,0.7626208378088077,0.6684472934472935,0.15033705253370525,0.055870317909977964,1.0
oulab,2,base_rf_gini,activity_conditioned,cutoff_valid,0.2,26490,28069,5612,25429,5024,588,0.7029579472558802,0.5981824661439772,0.6681926751592356,0.10477548111190306,0.33344603161186714,0.26416430594900847,0.905946061491325
oulab,2,base_rf_gini,activity_to_cutoff_valid,cutoff_valid,0.2,28069,28069,5612,28069,5612,0,0.7286172487526729,0.7286172487526729,0.7286172487526729,0.0,0.32176581680830973,0.32176581680830973,1.0
oulab,2,base_rf_gini,cutoff_valid,cutoff_valid,0.2,28069,28069,5612,28069,5612,0,0.7293300071275838,0.7293300071275838,0.7293300071275838,0.0,0.32208057916273214,0.32208057916273214,1.0
oulab,2,base_rf_gini,cutoff_valid_to_activity,cutoff_valid,0.2,26490,28069,5612,25429,5044,568,0.6983250178189594,0.5971133285816108,0.6643536875495638,0.10121168923734854,0.3312484151804581,0.26369216241737486,0.905946061491325
oulab,2,base_rf_gini,static_full,cutoff_valid,0.2,32593,28069,5612,28069,2522,3090,0.890591589451176,0.33998574483250177,0.7565424266455194,0.5506058446186742,0.2904463040446304,0.1501416430594901,1.0
oulab,2,base_svm,activity_conditioned,cutoff_valid,0.01,26490,28069,281,25429,252,29,0.6725978647686833,0.5693950177935944,0.6349206349206349,0.10320284697508897,0.015974980982165498,0.012590494176896443,0.905946061491325
oulab,2,base_svm,activity_to_cutoff_valid,cutoff_valid,0.01,28069,28069,281,28069,281,0,0.7117437722419929,0.7117437722419929,0.7117437722419929,0.0,0.015738117721120555,0.015738117721120555,1.0
oulab,2,base_svm,cutoff_valid,cutoff_valid,0.01,28069,28069,281,28069,281,0,0.7117437722419929,0.7117437722419929,0.7117437722419929,0.0,0.015738117721120555,0.015738117721120555,1.0
oulab,2,base_svm,cutoff_valid_to_activity,cutoff_valid,0.01,26490,28069,281,25429,255,26,0.6832740213523132,0.5907473309608541,0.6509803921568628,0.09252669039145907,0.016228552108866538,0.01306263770853006,0.905946061491325
oulab,2,base_svm,static_full,cutoff_valid,0.01,32593,28069,281,28069,132,149,0.8505338078291815,0.3274021352313167,0.696969696969697,0.5302491103202847,0.013888888888888888,0.007239534151715455,1.0
oulab,2,base_svm,activity_conditioned,cutoff_valid,0.05,26490,28069,1404,25429,1260,144,0.6894586894586895,0.5868945868945868,0.653968253968254,0.10256410256410256,0.08181895021553545,0.06484104501101669,0.905946061491325
oulab,2,base_svm,activity_to_cutoff_valid,cutoff_valid,0.05,28069,28069,1404,28069,1404,0,0.7307692307692307,0.7307692307692307,0.7307692307692307,0.0,0.08073654390934844,0.08073654390934844,1.0
oulab,2,base_svm,cutoff_valid,cutoff_valid,0.05,28069,28069,1404,28069,1404,0,0.7613960113960114,0.7613960113960114,0.7613960113960114,0.0,0.08412023921938937,0.08412023921938937,1.0
oulab,2,base_svm,cutoff_valid_to_activity,cutoff_valid,0.05,26490,28069,1404,25429,1259,145,0.6858974358974359,0.5826210826210826,0.6497220015885623,0.10327635327635327,0.08139633167103373,0.06436890147938307,0.905946061491325
oulab,2,base_svm,static_full,cutoff_valid,0.05,32593,28069,1404,28069,637,767,0.8682336182336182,0.3262108262108262,0.7189952904238619,0.5462962962962963,0.07083914458391447,0.03604028958136607,1.0
oulab,2,base_svm,activity_conditioned,cutoff_valid,0.1,26490,28069,2808,25429,2525,283,0.6716524216524217,0.5708689458689459,0.6348514851485149,0.10078347578347578,0.15941171498605358,0.12614101353478124,0.905946061491325
oulab,2,base_svm,activity_to_cutoff_valid,cutoff_valid,0.1,28069,28069,2808,28069,2808,0,0.73005698005698,0.73005698005698,0.73005698005698,0.0,0.16131570664148567,0.16131570664148567,1.0
oulab,2,base_svm,cutoff_valid,cutoff_valid,0.1,28069,28069,2808,28069,2808,0,0.7446581196581197,0.7446581196581197,0.7446581196581197,0.0,0.1645420207743154,0.1645420207743154,1.0
oulab,2,base_svm,cutoff_valid_to_activity,cutoff_valid,0.1,26490,28069,2808,25429,2524,284,0.6691595441595442,0.5680199430199431,0.631933438985737,0.10113960113960115,0.15882004902375116,0.1255114888259364,0.905946061491325
oulab,2,base_svm,static_full,cutoff_valid,0.1,32593,28069,2808,28069,1304,1504,0.8767806267806267,0.3454415954415954,0.7438650306748467,0.5356125356125356,0.14307298930729892,0.07632987094743468,1.0
oulab,2,base_svm,activity_conditioned,cutoff_valid,0.2,26490,28069,5612,25429,5115,497,0.6434426229508197,0.5548823948681397,0.6087976539589443,0.08856022808267996,0.30521511283915137,0.24504249291784702,0.905946061491325
oulab,2,base_svm,activity_to_cutoff_valid,cutoff_valid,0.2,28069,28069,5612,28069,5612,0,0.6938702779757662,0.6938702779757662,0.6938702779757662,0.0,0.3064211520302172,0.3064211520302172,1.0
oulab,2,base_svm,cutoff_valid,cutoff_valid,0.2,28069,28069,5612,28069,5612,0,0.6908410548823949,0.6908410548823949,0.6908410548823949,0.0,0.3050834120239219,0.3050834120239219,1.0
oulab,2,base_svm,cutoff_valid_to_activity,cutoff_valid,0.2,26490,28069,5612,25429,5120,492,0.6423734853884533,0.554704205274412,0.6080078125,0.08766928011404133,0.3047079705857493,0.24496380232924142,0.905946061491325
oulab,2,base_svm,static_full,cutoff_valid,0.2,32593,28069,5612,28069,2633,2979,0.8725944404846757,0.34461867426942266,0.734523357387011,0.5308267997148967,0.2845769409576941,0.15218759836323575,1.0
oulab,2,flat_hgb,activity_conditioned,cutoff_valid,0.01,26490,28069,281,25429,236,45,0.7544483985765125,0.594306049822064,0.7076271186440678,0.1601423487544484,0.017919026286873467,0.013141328297135662,0.905946061491325
oulab,2,flat_hgb,activity_to_cutoff_valid,cutoff_valid,0.01,28069,28069,281,28069,281,0,0.7188612099644128,0.7188612099644128,0.7188612099644128,0.0,0.01589549889833176,0.01589549889833176,1.0
oulab,2,flat_hgb,cutoff_valid,cutoff_valid,0.01,28069,28069,281,28069,281,0,0.7402135231316725,0.7402135231316725,0.7402135231316725,0.0,0.016367642429965377,0.016367642429965377,1.0
oulab,2,flat_hgb,cutoff_valid_to_activity,cutoff_valid,0.01,26490,28069,281,25429,238,43,0.7473309608540926,0.594306049822064,0.7016806722689075,0.15302491103202848,0.017749978869072775,0.013141328297135662,0.905946061491325
oulab,2,flat_hgb,static_full,cutoff_valid,0.01,32593,28069,281,28069,132,149,0.8576512455516014,0.33451957295373663,0.7121212121212122,0.5302491103202847,0.01400511390051139,0.007396915328926661,1.0
oulab,2,flat_hgb,activity_conditioned,cutoff_valid,0.05,26490,28069,1404,25429,1236,168,0.7051282051282052,0.5854700854700855,0.6650485436893204,0.11965811965811966,0.08367847181134308,0.06468366383380547,0.905946061491325
oulab,2,flat_hgb,activity_to_cutoff_valid,cutoff_valid,0.05,28069,28069,1404,28069,1404,0,0.698005698005698,0.698005698005698,0.698005698005698,0.0,0.07711677683349072,0.07711677683349072,1.0
oulab,2,flat_hgb,cutoff_valid,cutoff_valid,0.05,28069,28069,1404,28069,1404,0,0.7720797720797721,0.7720797720797721,0.7720797720797721,0.0,0.0853005980484734,0.0853005980484734,1.0
oulab,2,flat_hgb,cutoff_valid_to_activity,cutoff_valid,0.05,26490,28069,1404,25429,1235,169,0.7037037037037037,0.5833333333333334,0.6631578947368421,0.12037037037037036,0.08350942439354239,0.06444759206798867,0.905946061491325
oulab,2,flat_hgb,static_full,cutoff_valid,0.05,32593,28069,1404,28069,634,770,0.8696581196581197,0.32549857549857547,0.7208201892744479,0.5484330484330484,0.07095536959553696,0.03596159899276047,1.0
oulab,2,flat_hgb,activity_conditioned,cutoff_valid,0.1,26490,28069,2808,25429,2505,303,0.6866096866096866,0.5787037037037037,0.6487025948103793,0.10790598290598291,0.16296171075986815,0.1278722064841045,0.905946061491325
oulab,2,flat_hgb,activity_to_cutoff_valid,cutoff_valid,0.1,28069,28069,2808,28069,2808,0,0.7197293447293447,0.7197293447293447,0.7197293447293447,0.0,0.1590336795719232,0.1590336795719232,1.0
oulab,2,flat_hgb,cutoff_valid,cutoff_valid,0.1,28069,28069,2808,28069,2808,0,0.7485754985754985,0.7485754985754985,0.7485754985754985,0.0,0.165407617248977,0.165407617248977,1.0
oulab,2,flat_hgb,cutoff_valid_to_activity,cutoff_valid,0.1,26490,28069,2808,25429,2519,289,0.6787749287749287,0.5758547008547008,0.6419213973799127,0.10292022792022792,0.16110218916406052,0.1272426817752597,0.905946061491325
oulab,2,flat_hgb,static_full,cutoff_valid,0.1,32593,28069,2808,28069,1303,1505,0.8764245014245015,0.34472934472934474,0.7429009976976209,0.5359686609686609,0.14301487680148767,0.07617248977022348,1.0
oulab,2,flat_hgb,activity_conditioned,cutoff_valid,0.2,26490,28069,5612,25429,5129,483,0.644511760513186,0.5584461867426942,0.6110352895301229,0.0860655737704918,0.30572225509255346,0.24661630468995907,0.905946061491325
oulab,2,flat_hgb,activity_to_cutoff_valid,cutoff_valid,0.2,28069,28069,5612,28069,5612,0,0.6970776906628653,0.6970776906628653,0.6970776906628653,0.0,0.307837582625118,0.307837582625118,1.0
oulab,2,flat_hgb,cutoff_valid,cutoff_valid,0.2,28069,28069,5612,28069,5612,0,0.6931575196008554,0.6931575196008554,0.6931575196008554,0.0,0.3061063896757948,0.3061063896757948,1.0
oulab,2,flat_hgb,cutoff_valid_to_activity,cutoff_valid,0.2,26490,28069,5612,25429,5135,477,0.6427298645759087,0.5577334283677833,0.6095423563777994,0.08499643620812544,0.30487701800355,0.24630154233553667,0.905946061491325
oulab,2,flat_hgb,static_full,cutoff_valid,0.2,32593,28069,5612,28069,2626,2986,0.8736635780470421,0.34444048467569494,0.736100533130236,0.5320741268709908,0.2849256159925616,0.15210890777463015,1.0
oulab,2,stack_7_full,activity_conditioned,cutoff_valid,0.01,26490,28069,281,25429,223,58,0.8683274021352313,0.6619217081850534,0.8340807174887892,0.20640569395017794,0.02062378497168456,0.014636449480642116,0.905946061491325
oulab,2,stack_7_full,activity_to_cutoff_valid,cutoff_valid,0.01,28069,28069,281,28069,281,0,0.8398576512455516,0.8398576512455516,0.8398576512455516,0.0,0.018570978910922253,0.018570978910922253,1.0
oulab,2,stack_7_full,cutoff_valid,cutoff_valid,0.01,28069,28069,281,28069,281,0,0.8683274021352313,0.8683274021352313,0.8683274021352313,0.0,0.019200503619767075,0.019200503619767075,1.0
oulab,2,stack_7_full,cutoff_valid_to_activity,cutoff_valid,0.01,26490,28069,281,25429,236,45,0.8754448398576512,0.7153024911032029,0.8516949152542372,0.1601423487544484,0.02079283238948525,0.015816808309726156,0.905946061491325
oulab,2,stack_7_full,static_full,cutoff_valid,0.01,32593,28069,281,28069,57,224,0.9572953736654805,0.1601423487544484,0.7894736842105263,0.797153024911032,0.015632264063226407,0.0035410764872521247,1.0
oulab,2,stack_7_full,activity_conditioned,cutoff_valid,0.05,26490,28069,1404,25429,1186,218,0.7913105413105413,0.636039886039886,0.7529510961214165,0.15527065527065528,0.09390584058828501,0.07027069562480327,0.905946061491325
oulab,2,stack_7_full,activity_to_cutoff_valid,cutoff_valid,0.05,28069,28069,1404,28069,1404,0,0.7749287749287749,0.7749287749287749,0.7749287749287749,0.0,0.08561536040289582,0.08561536040289582,1.0
oulab,2,stack_7_full,cutoff_valid,cutoff_valid,0.05,28069,28069,1404,28069,1404,0,0.8198005698005698,0.8198005698005698,0.8198005698005698,0.0,0.0905728674850488,0.0905728674850488,1.0
oulab,2,stack_7_full,cutoff_valid_to_activity,cutoff_valid,0.05,26490,28069,1404,25429,1210,194,0.7913105413105413,0.6531339031339032,0.7578512396694215,0.13817663817663817,0.09390584058828501,0.07215926975133774,0.905946061491325
oulab,2,stack_7_full,static_full,cutoff_valid,0.05,32593,28069,1404,28069,399,1005,0.9387464387464387,0.22293447293447294,0.7844611528822055,0.7158119658119658,0.07659228265922827,0.024630154233553667,1.0
oulab,2,stack_7_full,activity_conditioned,cutoff_valid,0.1,26490,28069,2808,25429,2434,374,0.75997150997151,0.6267806267806267,0.7230895645028759,0.13319088319088318,0.18037359479333953,0.13849543594586086,0.905946061491325
oulab,2,stack_7_full,activity_to_cutoff_valid,cutoff_valid,0.1,28069,28069,2808,28069,2808,0,0.738960113960114,0.738960113960114,0.738960113960114,0.0,0.16328297135662576,0.16328297135662576,1.0
oulab,2,stack_7_full,cutoff_valid,cutoff_valid,0.1,28069,28069,2808,28069,2808,0,0.7831196581196581,0.7831196581196581,0.7831196581196581,0.0,0.17304060434372048,0.17304060434372048,1.0
oulab,2,stack_7_full,cutoff_valid_to_activity,cutoff_valid,0.1,26490,28069,2808,25429,2453,355,0.7606837606837606,0.6342592592592593,0.7260497350183449,0.12642450142450143,0.18054264221114022,0.14014793830657854,0.905946061491325
oulab,2,stack_7_full,static_full,cutoff_valid,0.1,32593,28069,2808,28069,985,1823,0.9205840455840456,0.27136752136752135,0.7736040609137056,0.6492165242165242,0.15022082752208274,0.05996222851746931,1.0
oulab,2,stack_7_full,activity_conditioned,cutoff_valid,0.2,26490,28069,5612,25429,5021,591,0.7017106200997861,0.5964005702066999,0.6666002788289186,0.10531004989308625,0.3328543656495647,0.26337740006295246,0.905946061491325
oulab,2,stack_7_full,activity_to_cutoff_valid,cutoff_valid,0.2,28069,28069,5612,28069,5612,0,0.7043834640057021,0.7043834640057021,0.7043834640057021,0.0,0.31106389675794777,0.31106389675794777,1.0
oulab,2,stack_7_full,cutoff_valid,cutoff_valid,0.2,28069,28069,5612,28069,5612,0,0.7357448325017819,0.7357448325017819,0.7357448325017819,0.0,0.32491344035253383,0.32491344035253383,1.0
oulab,2,stack_7_full,cutoff_valid_to_activity,cutoff_valid,0.2,26490,28069,5612,25429,5038,574,0.7015324305060584,0.5992516037063436,0.667526796347757,0.1022808267997149,0.33276984194066433,0.26463644948064213,0.905946061491325
oulab,2,stack_7_full,static_full,cutoff_valid,0.2,32593,28069,5612,28069,2506,3106,0.8939771917320029,0.34105488239486814,0.7637669592976856,0.5534568781183179,0.2915504416550442,0.1506137865911237,1.0
oulab,2,temporal_hgb,activity_conditioned,cutoff_valid,0.01,26490,28069,281,25429,244,37,0.6903914590747331,0.5587188612099644,0.6434426229508197,0.13167259786476868,0.01639759952666723,0.012354422411079634,0.905946061491325
oulab,2,temporal_hgb,activity_to_cutoff_valid,cutoff_valid,0.01,28069,28069,281,28069,281,0,0.6441281138790036,0.6441281138790036,0.6441281138790036,0.0,0.014242996537614102,0.014242996537614102,1.0
oulab,2,temporal_hgb,cutoff_valid,cutoff_valid,0.01,28069,28069,281,28069,281,0,0.7437722419928826,0.7437722419928826,0.7437722419928826,0.0,0.01644633301857098,0.01644633301857098,1.0
oulab,2,temporal_hgb,cutoff_valid_to_activity,cutoff_valid,0.01,26490,28069,281,25429,243,38,0.7153024911032029,0.5800711743772242,0.6707818930041153,0.13523131672597866,0.016989265488969656,0.012826565942713251,0.905946061491325
oulab,2,temporal_hgb,static_full,cutoff_valid,0.01,32593,28069,281,28069,132,149,0.8576512455516014,0.33451957295373663,0.7121212121212122,0.5302491103202847,0.01400511390051139,0.007396915328926661,1.0
oulab,2,temporal_hgb,activity_conditioned,cutoff_valid,0.05,26490,28069,1404,25429,1221,183,0.7243589743589743,0.594017094017094,0.683046683046683,0.13034188034188035,0.08596061195165244,0.06562795089707271,0.905946061491325
oulab,2,temporal_hgb,activity_to_cutoff_valid,cutoff_valid,0.05,28069,28069,1404,28069,1404,0,0.717948717948718,0.717948717948718,0.717948717948718,0.0,0.07932011331444759,0.07932011331444759,1.0
oulab,2,temporal_hgb,cutoff_valid,cutoff_valid,0.05,28069,28069,1404,28069,1404,0,0.7713675213675214,0.7713675213675214,0.7713675213675214,0.0,0.0852219074598678,0.0852219074598678,1.0
oulab,2,temporal_hgb,cutoff_valid_to_activity,cutoff_valid,0.05,26490,28069,1404,25429,1229,175,0.7022792022792023,0.5776353276353277,0.6598860862489829,0.12464387464387465,0.08334037697574169,0.06381806735914385,0.905946061491325
oulab,2,temporal_hgb,static_full,cutoff_valid,0.05,32593,28069,1404,28069,634,770,0.8696581196581197,0.32549857549857547,0.7208201892744479,0.5484330484330484,0.07095536959553696,0.03596159899276047,1.0
oulab,2,temporal_hgb,activity_conditioned,cutoff_valid,0.1,26490,28069,2808,25429,2464,344,0.6933760683760684,0.5708689458689459,0.6505681818181818,0.1225071225071225,0.16456766122897473,0.12614101353478124,0.905946061491325
oulab,2,temporal_hgb,activity_to_cutoff_valid,cutoff_valid,0.1,28069,28069,2808,28069,2808,0,0.7410968660968661,0.7410968660968661,0.7410968660968661,0.0,0.16375511488825936,0.16375511488825936,1.0
oulab,2,temporal_hgb,cutoff_valid,cutoff_valid,0.1,28069,28069,2808,28069,2808,0,0.7482193732193733,0.7482193732193733,0.7482193732193733,0.0,0.1653289266603714,0.1653289266603714,1.0
oulab,2,temporal_hgb,cutoff_valid_to_activity,cutoff_valid,0.1,26490,28069,2808,25429,2461,347,0.6940883190883191,0.5705128205128205,0.650954896383584,0.12357549857549857,0.16473670864677542,0.12606232294617564,0.905946061491325
oulab,2,temporal_hgb,static_full,cutoff_valid,0.1,32593,28069,2808,28069,1303,1505,0.8767806267806267,0.3450854700854701,0.7436684574059862,0.5359686609686609,0.14307298930729892,0.07625118035882908,1.0
oulab,2,temporal_hgb,activity_conditioned,cutoff_valid,0.2,26490,28069,5612,25429,5050,562,0.6568068424803991,0.556664290805417,0.6186138613861386,0.10014255167498218,0.31155439100667737,0.24582939880390306,0.905946061491325
oulab,2,temporal_hgb,activity_to_cutoff_valid,cutoff_valid,0.2,28069,28069,5612,28069,5612,0,0.6990377761938703,0.6990377761938703,0.6990377761938703,0.0,0.3087031790997797,0.3087031790997797,1.0
oulab,2,temporal_hgb,cutoff_valid,cutoff_valid,0.2,28069,28069,5612,28069,5612,0,0.6990377761938703,0.6990377761938703,0.6990377761938703,0.0,0.3087031790997797,0.3087031790997797,1.0
oulab,2,temporal_hgb,cutoff_valid_to_activity,cutoff_valid,0.2,26490,28069,5612,25429,5067,545,0.6576977904490378,0.5605844618674269,0.6208802052496546,0.09711332858161083,0.31197700955117913,0.2475605917532263,0.905946061491325
oulab,2,temporal_hgb,static_full,cutoff_valid,0.2,32593,28069,5612,28069,2614,2998,0.874376336421953,0.3430149679258731,0.7364192807957154,0.5342124019957234,0.2851580660158066,0.15147938306578534,1.0
oulab,4,base_dffnn,activity_conditioned,cutoff_valid,0.01,27977,27535,274,26392,131,143,0.948905109489051,0.42700729927007297,0.8931297709923665,0.5218978102189781,0.02034587995930824,0.0096248766041461,0.9584891955692755
oulab,4,base_dffnn,activity_to_cutoff_valid,cutoff_valid,0.01,27535,27535,274,27535,274,0,0.9233576642335767,0.9233576642335767,0.9233576642335767,0.0,0.020812767357683448,0.020812767357683448,1.0
oulab,4,base_dffnn,cutoff_valid,cutoff_valid,0.01,27535,27535,274,27535,274,0,0.9635036496350365,0.9635036496350365,0.9635036496350365,0.0,0.02171767028627838,0.02171767028627838,1.0
oulab,4,base_dffnn,cutoff_valid_to_activity,cutoff_valid,0.01,27977,27535,274,26392,155,119,0.9343065693430657,0.5,0.8838709677419355,0.4343065693430657,0.020032866421472728,0.011270154656136887,0.9584891955692755
oulab,4,base_dffnn,static_full,cutoff_valid,0.01,32593,27535,274,27535,42,232,0.9817518248175182,0.13503649635036497,0.8809523809523809,0.8467153284671532,0.015632264063226407,0.003043764396182955,1.0
oulab,4,base_dffnn,activity_conditioned,cutoff_valid,0.05,27977,27535,1374,26392,827,547,0.9119359534206696,0.5138282387190685,0.8536880290205562,0.39810771470160117,0.09805149072697394,0.05807831523527476,0.9584891955692755
oulab,4,base_dffnn,activity_to_cutoff_valid,cutoff_valid,0.05,27535,27535,1374,27535,1374,0,0.8973799126637555,0.8973799126637555,0.8973799126637555,0.0,0.10143139190523198,0.10143139190523198,1.0
oulab,4,base_dffnn,cutoff_valid,cutoff_valid,0.05,27535,27535,1374,27535,1374,0,0.9039301310043668,0.9039301310043668,0.9039301310043668,0.0,0.10217176702862783,0.10217176702862783,1.0
oulab,4,base_dffnn,cutoff_valid_to_activity,cutoff_valid,0.05,27977,27535,1374,26392,918,456,0.8995633187772926,0.5676855895196506,0.8496732026143791,0.3318777292576419,0.09672118319117302,0.06416584402764067,0.9584891955692755
oulab,4,base_dffnn,static_full,cutoff_valid,0.05,32593,27535,1374,27535,261,1113,0.975254730713246,0.16521106259097526,0.8697318007662835,0.8100436681222707,0.07787075778707578,0.018673905890095426,1.0
oulab,4,base_dffnn,activity_conditioned,cutoff_valid,0.1,27977,27535,2753,26392,1895,858,0.8732292045041773,0.5615691972393753,0.8158311345646438,0.31166000726480203,0.18812113623914234,0.1271799934188878,0.9584891955692755
oulab,4,base_dffnn,activity_to_cutoff_valid,cutoff_valid,0.1,27535,27535,2753,27535,2753,0,0.8550671994188158,0.8550671994188158,0.8550671994188158,0.0,0.19364922671931556,0.19364922671931556,1.0
oulab,4,base_dffnn,cutoff_valid,cutoff_valid,0.1,27535,27535,2753,27535,2753,0,0.8645114420632037,0.8645114420632037,0.8645114420632037,0.0,0.19578808818690357,0.19578808818690357,1.0
oulab,4,base_dffnn,cutoff_valid_to_activity,cutoff_valid,0.1,27977,27535,2753,26392,1978,775,0.869596803487105,0.5880857246640029,0.8185035389282103,0.28151107882310206,0.18733860239455358,0.13318525830865416,0.9584891955692755
oulab,4,base_dffnn,static_full,cutoff_valid,0.1,32593,27535,2753,27535,596,2157,0.9673083908463495,0.1837994914638576,0.8489932885906041,0.7835088993824918,0.1547536029753603,0.041625534715366896,1.0
oulab,4,base_dffnn,activity_conditioned,cutoff_valid,0.2,27977,27535,5508,26392,4350,1158,0.8053740014524329,0.5951343500363108,0.7535632183908046,0.210239651416122,0.3471320134595821,0.2696610727212899,0.9584891955692755
oulab,4,base_dffnn,activity_to_cutoff_valid,cutoff_valid,0.2,27535,27535,5508,27535,5508,0,0.7877632534495279,0.7877632534495279,0.7877632534495279,0.0,0.3569430733794011,0.3569430733794011,1.0
oulab,4,base_dffnn,cutoff_valid,cutoff_valid,0.2,27535,27535,5508,27535,5508,0,0.7903050108932462,0.7903050108932462,0.7903050108932462,0.0,0.35809476801579465,0.35809476801579465,1.0
oulab,4,base_dffnn,cutoff_valid_to_activity,cutoff_valid,0.2,27977,27535,5508,26392,4408,1100,0.8019244734931009,0.6022149600580973,0.7524954627949183,0.19970951343500362,0.34564519915486347,0.27286936492267194,0.9584891955692755
oulab,4,base_dffnn,static_full,cutoff_valid,0.2,32593,27535,5508,27535,1858,3650,0.946078431372549,0.28340595497458243,0.8401506996770721,0.6626724763979666,0.30282426778242677,0.12841395195788088,1.0
oulab,4,base_knn,activity_conditioned,cutoff_valid,0.01,27977,27535,274,26392,196,78,0.8357664233576643,0.551094890510949,0.7704081632653061,0.2846715328467153,0.01792002504108303,0.012421849292530438,0.9584891955692755
oulab,4,base_knn,activity_to_cutoff_valid,cutoff_valid,0.01,27535,27535,274,27535,274,0,0.8175182481751825,0.8175182481751825,0.8175182481751825,0.0,0.018427114182296808,0.018427114182296808,1.0
oulab,4,base_knn,cutoff_valid,cutoff_valid,0.01,27535,27535,274,27535,274,0,0.8540145985401459,0.8540145985401459,0.8540145985401459,0.0,0.0192497532082922,0.0192497532082922,1.0
oulab,4,base_knn,cutoff_valid_to_activity,cutoff_valid,0.01,27977,27535,274,26392,206,68,0.8576642335766423,0.6094890510948905,0.8106796116504854,0.24817518248175183,0.018389545347836295,0.013738071734123067,0.9584891955692755
oulab,4,base_knn,static_full,cutoff_valid,0.01,32593,27535,274,27535,88,186,0.9525547445255474,0.2773722627737226,0.8636363636363636,0.6788321167883211,0.015167364016736401,0.006252056597564989,1.0
oulab,4,base_knn,activity_conditioned,cutoff_valid,0.05,27977,27535,1374,26392,1028,346,0.8362445414847162,0.5844250363901019,0.7811284046692607,0.25181950509461426,0.08991313874325065,0.06605791378743008,0.9584891955692755
oulab,4,base_knn,activity_to_cutoff_valid,cutoff_valid,0.05,27535,27535,1374,27535,1374,0,0.826783114992722,0.826783114992722,0.826783114992722,0.0,0.09345179335307667,0.09345179335307667,1.0
oulab,4,base_knn,cutoff_valid,cutoff_valid,0.05,27535,27535,1374,27535,1374,0,0.8478893740902474,0.8478893740902474,0.8478893740902474,0.0,0.09583744652846331,0.09583744652846331,1.0
oulab,4,base_knn,cutoff_valid_to_activity,cutoff_valid,0.05,27977,27535,1374,26392,1043,331,0.8355167394468704,0.5946142649199417,0.7833173537871524,0.24090247452692867,0.08983488535879176,0.06720960842382363,0.9584891955692755
oulab,4,base_knn,static_full,cutoff_valid,0.05,32593,27535,1374,27535,394,980,0.9454148471615721,0.23435225618631733,0.817258883248731,0.7132459970887919,0.0754881450488145,0.026488976637051662,1.0
oulab,4,base_knn,activity_conditioned,cutoff_valid,0.1,27977,27535,2753,26392,2144,609,0.809298946603705,0.5880857246640029,0.7551305970149254,0.22121322193970214,0.17434854057437985,0.13318525830865416,0.9584891955692755
oulab,4,base_knn,activity_to_cutoff_valid,cutoff_valid,0.1,27535,27535,2753,27535,2753,0,0.8234653105702869,0.8234653105702869,0.8234653105702869,0.0,0.18649226719315565,0.18649226719315565,1.0
oulab,4,base_knn,cutoff_valid,cutoff_valid,0.1,27535,27535,2753,27535,2753,0,0.8227388303668725,0.8227388303668725,0.8227388303668725,0.0,0.18632773938795658,0.18632773938795658,1.0
oulab,4,base_knn,cutoff_valid_to_activity,cutoff_valid,0.1,27977,27535,2753,26392,2197,556,0.8071195059934617,0.6051580094442427,0.758306781975421,0.20196149654921902,0.17387902026762658,0.1370516617308325,0.9584891955692755
oulab,4,base_knn,static_full,cutoff_valid,0.1,32593,27535,2753,27535,756,1997,0.9538685070831819,0.22993098438067563,0.8373015873015873,0.7253904831093353,0.15260344026034403,0.05207305034550839,1.0
oulab,4,base_knn,activity_conditioned,cutoff_valid,0.2,27977,27535,5508,26392,4604,904,0.7529048656499637,0.5887799564270153,0.7043874891398784,0.16412490922294845,0.32451678535096645,0.26678183613030604,0.9584891955692755
oulab,4,base_knn,activity_to_cutoff_valid,cutoff_valid,0.2,27535,27535,5508,27535,5508,0,0.7503631082062454,0.7503631082062454,0.7503631082062454,0.0,0.33999670944389604,0.33999670944389604,1.0
oulab,4,base_knn,cutoff_valid,cutoff_valid,0.2,27535,27535,5508,27535,5508,0,0.7472766884531591,0.7472766884531591,0.7472766884531591,0.0,0.33859822309970383,0.33859822309970383,1.0
oulab,4,base_knn,cutoff_valid_to_activity,cutoff_valid,0.2,27977,27535,5508,26392,4661,847,0.7449164851125636,0.5911401597676107,0.698562540227419,0.1537763253449528,0.3210736364347758,0.26785126686410005,0.9584891955692755
oulab,4,base_knn,static_full,cutoff_valid,0.2,32593,27535,5508,27535,1943,3565,0.9391793754538853,0.29284676833696444,0.8301595470921256,0.6472403776325345,0.30061599256159927,0.13269167489305692,1.0
oulab,4,base_lr_clickstream,activity_conditioned,cutoff_valid,0.01,27977,27535,274,26392,228,46,0.7883211678832117,0.6204379562043796,0.7456140350877193,0.1678832116788321,0.016902731043117614,0.013984863441921685,0.9584891955692755
oulab,4,base_lr_clickstream,activity_to_cutoff_valid,cutoff_valid,0.01,27535,27535,274,27535,274,0,0.7992700729927007,0.7992700729927007,0.7992700729927007,0.0,0.01801579466929911,0.01801579466929911,1.0
oulab,4,base_lr_clickstream,cutoff_valid,cutoff_valid,0.01,27535,27535,274,27535,274,0,0.843065693430657,0.843065693430657,0.843065693430657,0.0,0.019002961500493583,0.019002961500493583,1.0
oulab,4,base_lr_clickstream,cutoff_valid_to_activity,cutoff_valid,0.01,27977,27535,274,26392,237,37,0.7737226277372263,0.6386861313868614,0.7383966244725738,0.13503649635036497,0.016589717505282105,0.014396182954919382,0.9584891955692755
oulab,4,base_lr_clickstream,static_full,cutoff_valid,0.01,32593,27535,274,27535,77,197,0.9452554744525548,0.22992700729927007,0.8181818181818182,0.718978102189781,0.0150511390051139,0.005182625863770977,1.0
oulab,4,base_lr_clickstream,activity_conditioned,cutoff_valid,0.05,27977,27535,1374,26392,1053,321,0.8406113537117904,0.6069868995633187,0.792022792022792,0.2336244541484716,0.09038265905000391,0.0686080947680158,0.9584891955692755
oulab,4,base_lr_clickstream,activity_to_cutoff_valid,cutoff_valid,0.05,27535,27535,1374,27535,1374,0,0.839155749636099,0.839155749636099,0.839155749636099,0.0,0.09485027969726884,0.09485027969726884,1.0
oulab,4,base_lr_clickstream,cutoff_valid,cutoff_valid,0.05,27535,27535,1374,27535,1374,0,0.8398835516739447,0.8398835516739447,0.8398835516739447,0.0,0.09493254359986837,0.09493254359986837,1.0
oulab,4,base_lr_clickstream,cutoff_valid_to_activity,cutoff_valid,0.05,27977,27535,1374,26392,1095,279,0.8231441048034934,0.6200873362445415,0.7780821917808219,0.20305676855895197,0.08850457782299084,0.0700888450148075,0.9584891955692755
oulab,4,base_lr_clickstream,static_full,cutoff_valid,0.05,32593,27535,1374,27535,379,995,0.9446870451237264,0.22343522561863174,0.8100263852242744,0.7241630276564774,0.07543003254300325,0.025255018098058572,1.0
oulab,4,base_lr_clickstream,activity_conditioned,cutoff_valid,0.1,27977,27535,2753,26392,2095,658,0.8270977115873592,0.5880857246640029,0.7727923627684964,0.23901198692335635,0.17818295641286486,0.13318525830865416,0.9584891955692755
oulab,4,base_lr_clickstream,activity_to_cutoff_valid,cutoff_valid,0.1,27535,27535,2753,27535,2753,0,0.8238285506719942,0.8238285506719942,0.8238285506719942,0.0,0.18657453109575517,0.18657453109575517,1.0
oulab,4,base_lr_clickstream,cutoff_valid,cutoff_valid,0.1,27535,27535,2753,27535,2753,0,0.8136578278241918,0.8136578278241918,0.8136578278241918,0.0,0.18427114182296808,0.18427114182296808,1.0
oulab,4,base_lr_clickstream,cutoff_valid_to_activity,cutoff_valid,0.1,27977,27535,2753,26392,2167,586,0.8125681075190702,0.5997094079186343,0.7618827872634979,0.21285869960043588,0.17505282103450975,0.13581770319183942,0.9584891955692755
oulab,4,base_lr_clickstream,static_full,cutoff_valid,0.1,32593,27535,2753,27535,734,2019,0.9538685070831819,0.2219397021431166,0.832425068119891,0.7333817653468943,0.15260344026034403,0.05026324448831852,1.0
oulab,4,base_lr_clickstream,activity_conditioned,cutoff_valid,0.2,27977,27535,5508,26392,4473,1035,0.7681554103122731,0.5802469135802469,0.7145092778895595,0.18790849673202614,0.3310900696455122,0.26291543270812767,0.9584891955692755
oulab,4,base_lr_clickstream,activity_to_cutoff_valid,cutoff_valid,0.2,27535,27535,5508,27535,5508,0,0.759440813362382,0.759440813362382,0.759440813362382,0.0,0.34410990457387297,0.34410990457387297,1.0
oulab,4,base_lr_clickstream,cutoff_valid,cutoff_valid,0.2,27535,27535,5508,27535,5508,0,0.7601670297748729,0.7601670297748729,0.7601670297748729,0.0,0.3444389601842711,0.3444389601842711,1.0
oulab,4,base_lr_clickstream,cutoff_valid_to_activity,cutoff_valid,0.2,27977,27535,5508,26392,4521,987,0.7610748002904866,0.5818809005083515,0.7089139570891396,0.17919389978213507,0.3280381876516159,0.26365580783152354,0.9584891955692755
oulab,4,base_lr_clickstream,static_full,cutoff_valid,0.2,32593,27535,5508,27535,1971,3537,0.9324618736383442,0.29121278140885987,0.8138001014713343,0.6421568627450981,0.298465829846583,0.13195129976966108,1.0
oulab,4,base_lr_profile,activity_conditioned,cutoff_valid,0.01,27977,27535,274,26392,247,27,0.7627737226277372,0.6642335766423357,0.7368421052631579,0.09854014598540146,0.01635495735190547,0.014972030273116157,0.9584891955692755
oulab,4,base_lr_profile,activity_to_cutoff_valid,cutoff_valid,0.01,27535,27535,274,27535,274,0,0.7481751824817519,0.7481751824817519,0.7481751824817519,0.0,0.01686410003290556,0.01686410003290556,1.0
oulab,4,base_lr_profile,cutoff_valid,cutoff_valid,0.01,27535,27535,274,27535,274,0,0.9051094890510949,0.9051094890510949,0.9051094890510949,0.0,0.02040144784468575,0.02040144784468575,1.0
oulab,4,base_lr_profile,cutoff_valid_to_activity,cutoff_valid,0.01,27977,27535,274,26392,249,25,0.7627737226277372,0.6715328467153284,0.7389558232931727,0.09124087591240876,0.01635495735190547,0.015136558078315236,0.9584891955692755
oulab,4,base_lr_profile,static_full,cutoff_valid,0.01,32593,27535,274,27535,77,197,0.9781021897810219,0.2591240875912409,0.922077922077922,0.718978102189781,0.015574151557415155,0.005840737084567292,1.0
oulab,4,base_lr_profile,activity_conditioned,cutoff_valid,0.05,27977,27535,1374,26392,1231,143,0.6957787481804949,0.5917030567685589,0.6604386677497969,0.10407569141193596,0.07481023554268722,0.06688055281342548,0.9584891955692755
oulab,4,base_lr_profile,activity_to_cutoff_valid,cutoff_valid,0.05,27535,27535,1374,27535,1374,0,0.6812227074235808,0.6812227074235808,0.6812227074235808,0.0,0.0769990128331688,0.0769990128331688,1.0
oulab,4,base_lr_profile,cutoff_valid,cutoff_valid,0.05,27535,27535,1374,27535,1374,0,0.8289665211062591,0.8289665211062591,0.8289665211062591,0.0,0.09369858506087529,0.09369858506087529,1.0
oulab,4,base_lr_profile,cutoff_valid_to_activity,cutoff_valid,0.05,27977,27535,1374,26392,1248,126,0.6870451237263464,0.5953420669577875,0.655448717948718,0.09170305676855896,0.07387119492918069,0.06729187232642317,0.9584891955692755
oulab,4,base_lr_profile,static_full,cutoff_valid,0.05,32593,27535,1374,27535,382,992,0.9599708879184862,0.23799126637554585,0.856020942408377,0.7219796215429404,0.07665039516503952,0.02690029615004936,1.0
oulab,4,base_lr_profile,activity_conditioned,cutoff_valid,0.1,27977,27535,2753,26392,2485,268,0.6596440247003269,0.5622956774427896,0.6229376257545272,0.09734834725753723,0.14210814617732218,0.12734452122408688,0.9584891955692755
oulab,4,base_lr_profile,activity_to_cutoff_valid,cutoff_valid,0.1,27535,27535,2753,27535,2753,0,0.6465673810388667,0.6465673810388667,0.6465673810388667,0.0,0.14642974662718,0.14642974662718,1.0
oulab,4,base_lr_profile,cutoff_valid,cutoff_valid,0.1,27535,27535,2753,27535,2753,0,0.7384671267707955,0.7384671267707955,0.7384671267707955,0.0,0.16724251398486345,0.16724251398486345,1.0
oulab,4,base_lr_profile,cutoff_valid_to_activity,cutoff_valid,0.1,27977,27535,2753,26392,2517,236,0.658191064293498,0.572466400290592,0.6261422328168454,0.08572466400290592,0.14179513263948665,0.12964791049687396,0.9584891955692755
oulab,4,base_lr_profile,static_full,cutoff_valid,0.1,32593,27535,2753,27535,752,2001,0.9513258263712314,0.22557210316018889,0.8257978723404256,0.7268434435161641,0.15219665271966526,0.051085883514313916,1.0
oulab,4,base_lr_profile,activity_conditioned,cutoff_valid,0.2,27977,27535,5508,26392,5022,486,0.6183732752360204,0.5301379811183733,0.5814416567104739,0.08823529411764706,0.26653102746693796,0.24021059559065483,0.9584891955692755
oulab,4,base_lr_profile,activity_to_cutoff_valid,cutoff_valid,0.2,27535,27535,5508,27535,5508,0,0.6045751633986928,0.6045751633986928,0.6045751633986928,0.0,0.27393879565646595,0.27393879565646595,1.0
oulab,4,base_lr_profile,cutoff_valid,cutoff_valid,0.2,27535,27535,5508,27535,5508,0,0.64960058097313,0.64960058097313,0.64960058097313,0.0,0.2943402435011517,0.2943402435011517,1.0
oulab,4,base_lr_profile,cutoff_valid_to_activity,cutoff_valid,0.2,27977,27535,5508,26392,5065,443,0.6147421931735657,0.5343137254901961,0.5810463968410662,0.08042846768336964,0.2649659597777604,0.24210266535044422,0.9584891955692755
oulab,4,base_lr_profile,static_full,cutoff_valid,0.2,32593,27535,5508,27535,2143,3365,0.9014161220043573,0.29121278140885987,0.7484834344377042,0.6109295570079883,0.28852859135285913,0.13195129976966108,1.0
oulab,4,base_lr_weekly,activity_conditioned,cutoff_valid,0.01,27977,27535,274,26392,223,51,0.7992700729927007,0.6131386861313869,0.7533632286995515,0.18613138686131386,0.01713749119649425,0.013820335636722606,0.9584891955692755
oulab,4,base_lr_weekly,activity_to_cutoff_valid,cutoff_valid,0.01,27535,27535,274,27535,274,0,0.7956204379562044,0.7956204379562044,0.7956204379562044,0.0,0.01793353076669957,0.01793353076669957,1.0
oulab,4,base_lr_weekly,cutoff_valid,cutoff_valid,0.01,27535,27535,274,27535,274,0,0.8321167883211679,0.8321167883211679,0.8321167883211679,0.0,0.018756169792694965,0.018756169792694965,1.0
oulab,4,base_lr_weekly,cutoff_valid_to_activity,cutoff_valid,0.01,27977,27535,274,26392,239,35,0.7554744525547445,0.6277372262773723,0.7196652719665272,0.12773722627737227,0.016198450582987713,0.014149391247120764,0.9584891955692755
oulab,4,base_lr_weekly,static_full,cutoff_valid,0.01,32593,27535,274,27535,73,201,0.9562043795620438,0.22627737226277372,0.8493150684931506,0.7335766423357665,0.015225476522547653,0.005100361961171438,1.0
oulab,4,base_lr_weekly,activity_conditioned,cutoff_valid,0.05,27977,27535,1374,26392,987,387,0.8384279475982532,0.5567685589519651,0.7750759878419453,0.2816593886462882,0.09014789889662728,0.06293188548864759,0.9584891955692755
oulab,4,base_lr_weekly,activity_to_cutoff_valid,cutoff_valid,0.05,27535,27535,1374,27535,1374,0,0.834061135371179,0.834061135371179,0.834061135371179,0.0,0.09427443237907206,0.09427443237907206,1.0
oulab,4,base_lr_weekly,cutoff_valid,cutoff_valid,0.05,27535,27535,1374,27535,1374,0,0.8333333333333334,0.8333333333333334,0.8333333333333334,0.0,0.09419216847647252,0.09419216847647252,1.0
oulab,4,base_lr_weekly,cutoff_valid_to_activity,cutoff_valid,0.05,27977,27535,1374,26392,1086,288,0.8122270742358079,0.6026200873362445,0.7624309392265194,0.2096069868995633,0.08733077705610767,0.06811451135241856,0.9584891955692755
oulab,4,base_lr_weekly,static_full,cutoff_valid,0.05,32593,27535,1374,27535,375,999,0.9468704512372634,0.22270742358078602,0.816,0.7270742358078602,0.075604370060437,0.025172754195459033,1.0
oulab,4,base_lr_weekly,activity_conditioned,cutoff_valid,0.1,27977,27535,2753,26392,2074,679,0.8191064293498003,0.572466400290592,0.759884281581485,0.24664002905920815,0.17646138195476954,0.12964791049687396,0.9584891955692755
oulab,4,base_lr_weekly,activity_to_cutoff_valid,cutoff_valid,0.1,27535,27535,2753,27535,2753,0,0.8180167090446785,0.8180167090446785,0.8180167090446785,0.0,0.18525830865416254,0.18525830865416254,1.0
oulab,4,base_lr_weekly,cutoff_valid,cutoff_valid,0.1,27535,27535,2753,27535,2753,0,0.8042135851798039,0.8042135851798039,0.8042135851798039,0.0,0.18213228035538007,0.18213228035538007,1.0
oulab,4,base_lr_weekly,cutoff_valid_to_activity,cutoff_valid,0.1,27977,27535,2753,26392,2165,588,0.7951325826371232,0.5815474028332728,0.7394919168591224,0.21358517980385033,0.1712966585804836,0.13170450806186246,0.9584891955692755
oulab,4,base_lr_weekly,static_full,cutoff_valid,0.1,32593,27535,2753,27535,730,2023,0.9545949872865964,0.22121322193970214,0.8342465753424657,0.7348347257537232,0.15271966527196654,0.050098716683119444,1.0
oulab,4,base_lr_weekly,activity_conditioned,cutoff_valid,0.2,27977,27535,5508,26392,4452,1056,0.7621641249092229,0.5704429920116194,0.7057502246181492,0.19172113289760348,0.3285077079583692,0.25847318196775254,0.9584891955692755
oulab,4,base_lr_weekly,activity_to_cutoff_valid,cutoff_valid,0.2,27535,27535,5508,27535,5508,0,0.7519970951343501,0.7519970951343501,0.7519970951343501,0.0,0.34073708456729185,0.34073708456729185,1.0
oulab,4,base_lr_weekly,cutoff_valid,cutoff_valid,0.2,27535,27535,5508,27535,5508,0,0.7463689179375453,0.7463689179375453,0.7463689179375453,0.0,0.33818690358670617,0.33818690358670617,1.0
oulab,4,base_lr_weekly,cutoff_valid_to_activity,cutoff_valid,0.2,27977,27535,5508,26392,4576,932,0.7454611474219317,0.5762527233115469,0.6936188811188811,0.1692084241103849,0.3213083965881524,0.2611056268509378,0.9584891955692755
oulab,4,base_lr_weekly,static_full,cutoff_valid,0.2,32593,27535,5508,27535,1964,3544,0.931917211328976,0.28939724037763254,0.8116089613034623,0.6434277414669571,0.29829149232914925,0.1311286607436657,1.0
oulab,4,base_rf_entropy,activity_conditioned,cutoff_valid,0.01,27977,27535,274,26392,135,139,0.9562043795620438,0.4489051094890511,0.9111111111111111,0.5072992700729927,0.020502386728225994,0.010118460019743336,0.9584891955692755
oulab,4,base_rf_entropy,activity_to_cutoff_valid,cutoff_valid,0.01,27535,27535,274,27535,274,0,0.9525547445255474,0.9525547445255474,0.9525547445255474,0.0,0.021470878578479763,0.021470878578479763,1.0
oulab,4,base_rf_entropy,cutoff_valid,cutoff_valid,0.01,27535,27535,274,27535,274,0,0.9416058394160584,0.9416058394160584,0.9416058394160584,0.0,0.021224086870681145,0.021224086870681145,1.0
oulab,4,base_rf_entropy,cutoff_valid_to_activity,cutoff_valid,0.01,27977,27535,274,26392,150,124,0.9379562043795621,0.4854014598540146,0.8866666666666667,0.45255474452554745,0.020111119805931606,0.01094109904573873,0.9584891955692755
oulab,4,base_rf_entropy,static_full,cutoff_valid,0.01,32593,27535,274,27535,39,235,0.9817518248175182,0.12408759124087591,0.8717948717948718,0.8576642335766423,0.015632264063226407,0.002796972688384337,1.0
oulab,4,base_rf_entropy,activity_conditioned,cutoff_valid,0.05,27977,27535,1374,26392,778,596,0.9097525473071325,0.4759825327510917,0.8406169665809768,0.43377001455604075,0.09781673057359731,0.05380059230009872,0.9584891955692755
oulab,4,base_rf_entropy,activity_to_cutoff_valid,cutoff_valid,0.05,27535,27535,1374,27535,1374,0,0.895924308588064,0.895924308588064,0.895924308588064,0.0,0.10126686410003291,0.10126686410003291,1.0
oulab,4,base_rf_entropy,cutoff_valid,cutoff_valid,0.05,27535,27535,1374,27535,1374,0,0.8995633187772926,0.8995633187772926,0.8995633187772926,0.0,0.1016781836130306,0.1016781836130306,1.0
oulab,4,base_rf_entropy,cutoff_valid_to_activity,cutoff_valid,0.05,27977,27535,1374,26392,870,504,0.8966521106259098,0.529839883551674,0.8367816091954023,0.36681222707423583,0.09640816965333751,0.05988812109246463,0.9584891955692755
oulab,4,base_rf_entropy,static_full,cutoff_valid,0.05,32593,27535,1374,27535,252,1122,0.9730713245997089,0.1564774381368268,0.8531746031746031,0.8165938864628821,0.07769642026964203,0.017686739058900953,1.0
oulab,4,base_rf_entropy,activity_conditioned,cutoff_valid,0.1,27977,27535,2753,26392,1848,905,0.8645114420632037,0.535779150018162,0.7981601731601732,0.3287322920450418,0.1862430550121293,0.1213392563343205,0.9584891955692755
oulab,4,base_rf_entropy,activity_to_cutoff_valid,cutoff_valid,0.1,27535,27535,2753,27535,2753,0,0.848892117689793,0.848892117689793,0.848892117689793,0.0,0.1922507403751234,0.1922507403751234,1.0
oulab,4,base_rf_entropy,cutoff_valid,cutoff_valid,0.1,27535,27535,2753,27535,2753,0,0.8601525608427171,0.8601525608427171,0.8601525608427171,0.0,0.19480092135570912,0.19480092135570912,1.0
oulab,4,base_rf_entropy,cutoff_valid_to_activity,cutoff_valid,0.1,27977,27535,2753,26392,1945,808,0.8608790410461314,0.5673810388666909,0.8030848329048843,0.2934980021794406,0.1854605211675405,0.12849621586048043,0.9584891955692755
oulab,4,base_rf_entropy,static_full,cutoff_valid,0.1,32593,27535,2753,27535,600,2153,0.9640392299309843,0.18198329095532148,0.835,0.782055938975663,0.15423059042305903,0.0412142152023692,1.0
oulab,4,base_rf_entropy,activity_conditioned,cutoff_valid,0.2,27977,27535,5508,26392,4333,1175,0.8061002178649237,0.5927741466957154,0.7535195015001154,0.21332607116920843,0.34744502699741764,0.2685916419874959,0.9584891955692755
oulab,4,base_rf_entropy,activity_to_cutoff_valid,cutoff_valid,0.2,27535,27535,5508,27535,5508,0,0.7864923747276689,0.7864923747276689,0.7864923747276689,0.0,0.35636722606120436,0.35636722606120436,1.0
oulab,4,base_rf_entropy,cutoff_valid,cutoff_valid,0.2,27535,27535,5508,27535,5508,0,0.7888525780682644,0.7888525780682644,0.7888525780682644,0.0,0.35743665679499836,0.35743665679499836,1.0
oulab,4,base_rf_entropy,cutoff_valid_to_activity,cutoff_valid,0.2,27977,27535,5508,26392,4399,1109,0.8028322440087146,0.6014887436456063,0.7531257103887247,0.20134350036310822,0.3460364660771578,0.2725403093122738,0.9584891955692755
oulab,4,base_rf_entropy,static_full,cutoff_valid,0.2,32593,27535,5508,27535,1781,3727,0.9437182280319535,0.2672476397966594,0.8265019651880966,0.6766521423384169,0.3020688052068805,0.12109246462652189,1.0
oulab,4,base_rf_gini,activity_conditioned,cutoff_valid,0.01,27977,27535,274,26392,137,137,0.948905109489051,0.4489051094890511,0.8978102189781022,0.5,0.02034587995930824,0.010118460019743336,0.9584891955692755
oulab,4,base_rf_gini,activity_to_cutoff_valid,cutoff_valid,0.01,27535,27535,274,27535,274,0,0.948905109489051,0.948905109489051,0.948905109489051,0.0,0.021388614675880224,0.021388614675880224,1.0
oulab,4,base_rf_gini,cutoff_valid,cutoff_valid,0.01,27535,27535,274,27535,274,0,0.9416058394160584,0.9416058394160584,0.9416058394160584,0.0,0.021224086870681145,0.021224086870681145,1.0
oulab,4,base_rf_gini,cutoff_valid_to_activity,cutoff_valid,0.01,27977,27535,274,26392,156,118,0.9416058394160584,0.5109489051094891,0.8974358974358975,0.4306569343065693,0.020189373190390485,0.011516946363935505,0.9584891955692755
oulab,4,base_rf_gini,static_full,cutoff_valid,0.01,32593,27535,274,27535,39,235,0.9817518248175182,0.12408759124087591,0.8717948717948718,0.8576642335766423,0.015632264063226407,0.002796972688384337,1.0
oulab,4,base_rf_gini,activity_conditioned,cutoff_valid,0.05,27977,27535,1374,26392,781,593,0.9126637554585153,0.4810771470160116,0.8463508322663252,0.4315866084425036,0.09812974411143283,0.05437643961829549,0.9584891955692755
oulab,4,base_rf_gini,activity_to_cutoff_valid,cutoff_valid,0.05,27535,27535,1374,27535,1374,0,0.8944687045123726,0.8944687045123726,0.8944687045123726,0.0,0.10110233629483383,0.10110233629483383,1.0
oulab,4,base_rf_gini,cutoff_valid,cutoff_valid,0.05,27535,27535,1374,27535,1374,0,0.8981077147016011,0.8981077147016011,0.8981077147016011,0.0,0.10151365580783152,0.10151365580783152,1.0
oulab,4,base_rf_gini,cutoff_valid_to_activity,cutoff_valid,0.05,27977,27535,1374,26392,876,498,0.895924308588064,0.5334788937409025,0.83675799086758,0.3624454148471616,0.09632991626887863,0.06029944060546232,0.9584891955692755
oulab,4,base_rf_gini,static_full,cutoff_valid,0.05,32593,27535,1374,27535,254,1120,0.9694323144104804,0.15429403202328967,0.8346456692913385,0.8151382823871907,0.07740585774058577,0.017439947351102335,1.0
oulab,4,base_rf_gini,activity_conditioned,cutoff_valid,0.1,27977,27535,2753,26392,1847,906,0.8685070831819833,0.5394115510352343,0.8040064970221982,0.329095532146749,0.18710384224117693,0.1221618953603159,0.9584891955692755
oulab,4,base_rf_gini,activity_to_cutoff_valid,cutoff_valid,0.1,27535,27535,2753,27535,2753,0,0.8456229567744279,0.8456229567744279,0.8456229567744279,0.0,0.19151036525172754,0.19151036525172754,1.0
oulab,4,base_rf_gini,cutoff_valid,cutoff_valid,0.1,27535,27535,2753,27535,2753,0,0.8590628405375953,0.8590628405375953,0.8590628405375953,0.0,0.1945541296479105,0.1945541296479105,1.0
oulab,4,base_rf_gini,cutoff_valid_to_activity,cutoff_valid,0.1,27977,27535,2753,26392,1953,800,0.8619687613512532,0.5713766799854704,0.8054275473630312,0.2905920813657828,0.18569528132091712,0.12940111878907534,0.9584891955692755
oulab,4,base_rf_gini,static_full,cutoff_valid,0.1,32593,27535,2753,27535,598,2155,0.9636759898292772,0.1808935706501998,0.8327759197324415,0.7827824191790773,0.15417247791724778,0.04096742349457058,1.0
oulab,4,base_rf_gini,activity_conditioned,cutoff_valid,0.2,27977,27535,5508,26392,4333,1175,0.8048293391430646,0.5915032679738562,0.7519039926148166,0.21332607116920843,0.34689725330620547,0.2680157946692991,0.9584891955692755
oulab,4,base_rf_gini,activity_to_cutoff_valid,cutoff_valid,0.2,27535,27535,5508,27535,5508,0,0.7855846042120552,0.7855846042120552,0.7855846042120552,0.0,0.35595590654820664,0.35595590654820664,1.0
oulab,4,base_rf_gini,cutoff_valid,cutoff_valid,0.2,27535,27535,5508,27535,5508,0,0.7886710239651417,0.7886710239651417,0.7886710239651417,0.0,0.35735439289239884,0.35735439289239884,1.0
oulab,4,base_rf_gini,cutoff_valid_to_activity,cutoff_valid,0.2,27977,27535,5508,26392,4398,1110,0.7988380537400145,0.5973129992737836,0.7480673033196907,0.20152505446623092,0.34431489161906254,0.27064823955248435,0.9584891955692755
oulab,4,base_rf_gini,static_full,cutoff_valid,0.2,32593,27535,5508,27535,1787,3721,0.9448075526506899,0.2692447349310094,0.82988248461108,0.6755628177196805,0.302417480241748,0.12199736755511681,1.0
oulab,4,base_svm,activity_conditioned,cutoff_valid,0.01,27977,27535,274,26392,220,54,0.8065693430656934,0.6094890510948905,0.759090909090909,0.19708029197080293,0.017293997965412006,0.013738071734123067,0.9584891955692755
oulab,4,base_svm,activity_to_cutoff_valid,cutoff_valid,0.01,27535,27535,274,27535,274,0,0.8102189781021898,0.8102189781021898,0.8102189781021898,0.0,0.01826258637709773,0.01826258637709773,1.0
oulab,4,base_svm,cutoff_valid,cutoff_valid,0.01,27535,27535,274,27535,274,0,0.8394160583941606,0.8394160583941606,0.8394160583941606,0.0,0.018920697597894044,0.018920697597894044,1.0
oulab,4,base_svm,cutoff_valid_to_activity,cutoff_valid,0.01,27977,27535,274,26392,226,48,0.7883211678832117,0.6131386861313869,0.7433628318584071,0.17518248175182483,0.016902731043117614,0.013820335636722606,0.9584891955692755
oulab,4,base_svm,static_full,cutoff_valid,0.01,32593,27535,274,27535,89,185,0.9124087591240876,0.24087591240875914,0.7415730337078652,0.6751824817518248,0.014528126452812646,0.005429417571569595,1.0
oulab,4,base_svm,activity_conditioned,cutoff_valid,0.05,27977,27535,1374,26392,1019,355,0.8529839883551674,0.5946142649199417,0.8017664376840039,0.25836972343522563,0.09171296658580484,0.06720960842382363,0.9584891955692755
oulab,4,base_svm,activity_to_cutoff_valid,cutoff_valid,0.05,27535,27535,1374,27535,1374,0,0.8551673944687045,0.8551673944687045,0.8551673944687045,0.0,0.09666008555445871,0.09666008555445871,1.0
oulab,4,base_svm,cutoff_valid,cutoff_valid,0.05,27535,27535,1374,27535,1374,0,0.8406113537117904,0.8406113537117904,0.8406113537117904,0.0,0.09501480750246792,0.09501480750246792,1.0
oulab,4,base_svm,cutoff_valid_to_activity,cutoff_valid,0.05,27977,27535,1374,26392,1075,299,0.8333333333333334,0.6157205240174672,0.7869767441860465,0.21761280931586607,0.08960012520541513,0.06959526159921027,0.9584891955692755
oulab,4,base_svm,static_full,cutoff_valid,0.05,32593,27535,1374,27535,439,935,0.9206695778748181,0.2430858806404658,0.7608200455580866,0.6804949053857351,0.07351231985123198,0.027476143468246134,1.0
oulab,4,base_svm,activity_conditioned,cutoff_valid,0.1,27977,27535,2753,26392,2063,690,0.8358154740283328,0.5851798038503451,0.7809015996122152,0.25063567017798766,0.18006103763987794,0.13252714708785784,0.9584891955692755
oulab,4,base_svm,activity_to_cutoff_valid,cutoff_valid,0.1,27535,27535,2753,27535,2753,0,0.8289139120958954,0.8289139120958954,0.8289139120958954,0.0,0.18772622573214873,0.18772622573214873,1.0
oulab,4,base_svm,cutoff_valid,cutoff_valid,0.1,27535,27535,2753,27535,2753,0,0.8198329095532146,0.8198329095532146,0.8198329095532146,0.0,0.18566962816716026,0.18566962816716026,1.0
oulab,4,base_svm,cutoff_valid_to_activity,cutoff_valid,0.1,27977,27535,2753,26392,2129,624,0.8231020704685797,0.5964402470032691,0.7712541099107563,0.22666182346531058,0.1773221691838172,0.13507732806844358,0.9584891955692755
oulab,4,base_svm,static_full,cutoff_valid,0.1,32593,27535,2753,27535,795,1958,0.9415183436251362,0.23174718488921178,0.8025157232704403,0.7112241191427534,0.1506276150627615,0.05248436985850609,1.0
oulab,4,base_svm,activity_conditioned,cutoff_valid,0.2,27977,27535,5508,26392,4466,1042,0.7683369644153958,0.5791575889615105,0.7142857142857143,0.18917937545388525,0.33116832302997107,0.26242184929253043,0.9584891955692755
oulab,4,base_svm,activity_to_cutoff_valid,cutoff_valid,0.2,27535,27535,5508,27535,5508,0,0.7621641249092229,0.7621641249092229,0.7621641249092229,0.0,0.3453438631128661,0.3453438631128661,1.0
oulab,4,base_svm,cutoff_valid,cutoff_valid,0.2,27535,27535,5508,27535,5508,0,0.7623456790123457,0.7623456790123457,0.7623456790123457,0.0,0.3454261270154656,0.3454261270154656,1.0
oulab,4,base_svm,cutoff_valid_to_activity,cutoff_valid,0.2,27977,27535,5508,26392,4506,1002,0.7636165577342048,0.5816993464052288,0.711051930758988,0.18191721132897604,0.3291337350340402,0.263573543928924,0.9584891955692755
oulab,4,base_svm,static_full,cutoff_valid,0.2,32593,27535,5508,27535,2016,3492,0.9311909949164852,0.2981118373275236,0.814484126984127,0.6339869281045751,0.29805904230590424,0.13507732806844358,1.0
oulab,4,flat_hgb,activity_conditioned,cutoff_valid,0.01,27977,27535,274,26392,198,76,0.8284671532846716,0.551094890510949,0.7626262626262627,0.2773722627737226,0.017763518272165272,0.012421849292530438,0.9584891955692755
oulab,4,flat_hgb,activity_to_cutoff_valid,cutoff_valid,0.01,27535,27535,274,27535,274,0,0.8102189781021898,0.8102189781021898,0.8102189781021898,0.0,0.01826258637709773,0.01826258637709773,1.0
oulab,4,flat_hgb,cutoff_valid,cutoff_valid,0.01,27535,27535,274,27535,274,0,0.8102189781021898,0.8102189781021898,0.8102189781021898,0.0,0.01826258637709773,0.01826258637709773,1.0
oulab,4,flat_hgb,cutoff_valid_to_activity,cutoff_valid,0.01,27977,27535,274,26392,210,64,0.8138686131386861,0.5802919708029197,0.7571428571428571,0.23357664233576642,0.01745050473432976,0.013079960513326752,0.9584891955692755
oulab,4,flat_hgb,static_full,cutoff_valid,0.01,32593,27535,274,27535,73,201,0.9562043795620438,0.22627737226277372,0.8493150684931506,0.7335766423357665,0.015225476522547653,0.005100361961171438,1.0
oulab,4,flat_hgb,activity_conditioned,cutoff_valid,0.05,27977,27535,1374,26392,1050,324,0.8369723435225619,0.6011644832605532,0.7866666666666666,0.23580786026200873,0.08999139212770953,0.06794998354721948,0.9584891955692755
oulab,4,flat_hgb,activity_to_cutoff_valid,cutoff_valid,0.05,27535,27535,1374,27535,1374,0,0.8020378457059679,0.8020378457059679,0.8020378457059679,0.0,0.09065482066469234,0.09065482066469234,1.0
oulab,4,flat_hgb,cutoff_valid,cutoff_valid,0.05,27535,27535,1374,27535,1374,0,0.8522561863173217,0.8522561863173217,0.8522561863173217,0.0,0.09633102994406055,0.09633102994406055,1.0
oulab,4,flat_hgb,cutoff_valid_to_activity,cutoff_valid,0.05,27977,27535,1374,26392,1095,279,0.8224163027656477,0.6193595342066958,0.7771689497716895,0.20305676855895197,0.08842632443853196,0.07000658111220796,0.9584891955692755
oulab,4,flat_hgb,static_full,cutoff_valid,0.05,32593,27535,1374,27535,375,999,0.9475982532751092,0.22343522561863174,0.8186666666666667,0.7270742358078602,0.07566248256624826,0.025255018098058572,1.0
oulab,4,flat_hgb,activity_conditioned,cutoff_valid,0.1,27977,27535,2753,26392,2155,598,0.8205593897566291,0.6033418089357065,0.7707656612529002,0.21721758082092263,0.17677439549260507,0.1366403422178348,0.9584891955692755
oulab,4,flat_hgb,activity_to_cutoff_valid,cutoff_valid,0.1,27535,27535,2753,27535,2753,0,0.8245550308754086,0.8245550308754086,0.8245550308754086,0.0,0.18673905890095427,0.18673905890095427,1.0
oulab,4,flat_hgb,cutoff_valid,cutoff_valid,0.1,27535,27535,2753,27535,2753,0,0.8285506719941882,0.8285506719941882,0.8285506719941882,0.0,0.1876439618295492,0.1876439618295492,1.0
oulab,4,flat_hgb,cutoff_valid_to_activity,cutoff_valid,0.1,27977,27535,2753,26392,2225,528,0.8111151471122412,0.6193243734108246,0.7662921348314606,0.19179077370141664,0.17473980749667423,0.14025995393221455,0.9584891955692755
oulab,4,flat_hgb,static_full,cutoff_valid,0.1,32593,27535,2753,27535,734,2019,0.9542317471848892,0.22230294224482383,0.8337874659400545,0.7333817653468943,0.15266155276615528,0.050345508390918066,1.0
oulab,4,flat_hgb,activity_conditioned,cutoff_valid,0.2,27977,27535,5508,26392,4569,939,0.7672476397966594,0.5967683369644154,0.7194134383891442,0.170479302832244,0.3306988027232178,0.2704014478446857,0.9584891955692755
oulab,4,flat_hgb,activity_to_cutoff_valid,cutoff_valid,0.2,27535,27535,5508,27535,5508,0,0.7683369644153958,0.7683369644153958,0.7683369644153958,0.0,0.34814083580125044,0.34814083580125044,1.0
oulab,4,flat_hgb,cutoff_valid,cutoff_valid,0.2,27535,27535,5508,27535,5508,0,0.7656136528685549,0.7656136528685549,0.7656136528685549,0.0,0.34690687726225733,0.34690687726225733,1.0
oulab,4,flat_hgb,cutoff_valid_to_activity,cutoff_valid,0.2,27977,27535,5508,26392,4625,883,0.7576252723311547,0.5973129992737836,0.7113513513513513,0.16031227305737109,0.32655137334689727,0.27064823955248435,0.9584891955692755
oulab,4,flat_hgb,static_full,cutoff_valid,0.2,32593,27535,5508,27535,1984,3524,0.9351851851851852,0.2962962962962963,0.8225806451612904,0.6397966594045026,0.29933751743375175,0.13425468904244817,1.0
oulab,4,stack_7_full,activity_conditioned,cutoff_valid,0.01,27977,27535,274,26392,134,140,0.9452554744525548,0.4343065693430657,0.8880597014925373,0.5109489051094891,0.020267626574849363,0.009789404409345179,0.9584891955692755
oulab,4,stack_7_full,activity_to_cutoff_valid,cutoff_valid,0.01,27535,27535,274,27535,274,0,0.927007299270073,0.927007299270073,0.927007299270073,0.0,0.020895031260282988,0.020895031260282988,1.0
oulab,4,stack_7_full,cutoff_valid,cutoff_valid,0.01,27535,27535,274,27535,274,0,0.9708029197080292,0.9708029197080292,0.9708029197080292,0.0,0.02188219809147746,0.02188219809147746,1.0
oulab,4,stack_7_full,cutoff_valid_to_activity,cutoff_valid,0.01,27977,27535,274,26392,149,125,0.9416058394160584,0.4854014598540146,0.8926174496644296,0.4562043795620438,0.020189373190390485,0.01094109904573873,0.9584891955692755
oulab,4,stack_7_full,static_full,cutoff_valid,0.01,32593,27535,274,27535,39,235,0.9927007299270073,0.13503649635036497,0.9487179487179487,0.8576642335766423,0.01580660158066016,0.003043764396182955,1.0
oulab,4,stack_7_full,activity_conditioned,cutoff_valid,0.05,27977,27535,1374,26392,793,581,0.9264919941775837,0.5036390101892285,0.8726355611601513,0.4228529839883552,0.0996165584161515,0.05692662059888121,0.9584891955692755
oulab,4,stack_7_full,activity_to_cutoff_valid,cutoff_valid,0.05,27535,27535,1374,27535,1374,0,0.8806404657933042,0.8806404657933042,0.8806404657933042,0.0,0.09953932214544257,0.09953932214544257,1.0
oulab,4,stack_7_full,cutoff_valid,cutoff_valid,0.05,27535,27535,1374,27535,1374,0,0.9206695778748181,0.9206695778748181,0.9206695778748181,0.0,0.10406383678841724,0.10406383678841724,1.0
oulab,4,stack_7_full,cutoff_valid_to_activity,cutoff_valid,0.05,27977,27535,1374,26392,848,526,0.9221251819505094,0.5393013100436681,0.8738207547169812,0.38282387190684136,0.09914703810939823,0.06095755182625864,0.9584891955692755
oulab,4,stack_7_full,static_full,cutoff_valid,0.05,32593,27535,1374,27535,264,1110,0.9759825327510917,0.16812227074235808,0.875,0.8078602620087336,0.07792887029288703,0.019002961500493583,1.0
oulab,4,stack_7_full,activity_conditioned,cutoff_valid,0.1,27977,27535,2753,26392,1807,946,0.8830366872502724,0.5394115510352343,0.8218040951853901,0.34362513621503815,0.19023397761953204,0.1221618953603159,0.9584891955692755
oulab,4,stack_7_full,activity_to_cutoff_valid,cutoff_valid,0.1,27535,27535,2753,27535,2753,0,0.8448964765710134,0.8448964765710134,0.8448964765710134,0.0,0.19134583744652847,0.19134583744652847,1.0
oulab,4,stack_7_full,cutoff_valid,cutoff_valid,0.1,27535,27535,2753,27535,2753,0,0.8721394841990556,0.8721394841990556,0.8721394841990556,0.0,0.19751563014149393,0.19751563014149393,1.0
oulab,4,stack_7_full,cutoff_valid_to_activity,cutoff_valid,0.1,27977,27535,2753,26392,1889,864,0.8786778060297857,0.5648383581547403,0.8231868713605082,0.3138394478750454,0.1892949370060255,0.12792036854228364,0.9584891955692755
oulab,4,stack_7_full,static_full,cutoff_valid,0.1,32593,27535,2753,27535,613,2140,0.9676716309480566,0.1903378132945877,0.8548123980424144,0.777333817653469,0.15481171548117154,0.043106284962158604,1.0
oulab,4,stack_7_full,activity_conditioned,cutoff_valid,0.2,27977,27535,5508,26392,4287,1221,0.8124546114742193,0.5907770515613653,0.7590389549801726,0.22167755991285404,0.3501838954534784,0.26768673905890095,0.9584891955692755
oulab,4,stack_7_full,activity_to_cutoff_valid,cutoff_valid,0.2,27535,27535,5508,27535,5508,0,0.7810457516339869,0.7810457516339869,0.7810457516339869,0.0,0.35389930898321814,0.35389930898321814,1.0
oulab,4,stack_7_full,cutoff_valid,cutoff_valid,0.2,27535,27535,5508,27535,5508,0,0.8013798111837328,0.8013798111837328,0.8013798111837328,0.0,0.36311286607436655,0.36311286607436655,1.0
oulab,4,stack_7_full,cutoff_valid_to_activity,cutoff_valid,0.2,27977,27535,5508,26392,4325,1183,0.815359477124183,0.6005809731299927,0.7648554913294797,0.21477850399419027,0.3514359496048204,0.2721289897992761,0.9584891955692755
oulab,4,stack_7_full,static_full,cutoff_valid,0.2,32593,27535,5508,27535,1783,3725,0.94880174291939,0.2726942628903413,0.8424004486819966,0.6762890341321713,0.30369595536959554,0.12356038170450806,1.0
oulab,4,temporal_hgb,activity_conditioned,cutoff_valid,0.01,27977,27535,274,26392,185,89,0.8540145985401459,0.5291970802919708,0.7837837837837838,0.3248175182481752,0.018311291963377416,0.011928265876933202,0.9584891955692755
oulab,4,temporal_hgb,activity_to_cutoff_valid,cutoff_valid,0.01,27535,27535,274,27535,274,0,0.8211678832116789,0.8211678832116789,0.8211678832116789,0.0,0.018509378084896347,0.018509378084896347,1.0
oulab,4,temporal_hgb,cutoff_valid,cutoff_valid,0.01,27535,27535,274,27535,274,0,0.8576642335766423,0.8576642335766423,0.8576642335766423,0.0,0.01933201711089174,0.01933201711089174,1.0
oulab,4,temporal_hgb,cutoff_valid_to_activity,cutoff_valid,0.01,27977,27535,274,26392,248,26,0.8029197080291971,0.708029197080292,0.782258064516129,0.0948905109489051,0.017215744580953127,0.015959197104310627,0.9584891955692755
oulab,4,temporal_hgb,static_full,cutoff_valid,0.01,32593,27535,274,27535,73,201,0.9562043795620438,0.22627737226277372,0.8493150684931506,0.7335766423357665,0.015225476522547653,0.005100361961171438,1.0
oulab,4,temporal_hgb,activity_conditioned,cutoff_valid,0.05,27977,27535,1374,26392,952,422,0.8595342066957787,0.5524017467248908,0.7972689075630253,0.3071324599708879,0.09241724704593474,0.062438302073050345,0.9584891955692755
oulab,4,temporal_hgb,activity_to_cutoff_valid,cutoff_valid,0.05,27535,27535,1374,27535,1374,0,0.8435225618631732,0.8435225618631732,0.8435225618631732,0.0,0.09534386311286608,0.09534386311286608,1.0
oulab,4,temporal_hgb,cutoff_valid,cutoff_valid,0.05,27535,27535,1374,27535,1374,0,0.851528384279476,0.851528384279476,0.851528384279476,0.0,0.096248766041461,0.096248766041461,1.0
oulab,4,temporal_hgb,cutoff_valid_to_activity,cutoff_valid,0.05,27977,27535,1374,26392,1122,252,0.8318777292576419,0.648471615720524,0.7941176470588235,0.18340611353711792,0.08944361843649738,0.07329713721618954,0.9584891955692755
oulab,4,temporal_hgb,static_full,cutoff_valid,0.05,32593,27535,1374,27535,374,1000,0.9454148471615721,0.2205240174672489,0.8101604278074866,0.727802037845706,0.0754881450488145,0.024925962487660415,1.0
oulab,4,temporal_hgb,activity_conditioned,cutoff_valid,0.1,27977,27535,2753,26392,2050,703,0.8307301126044315,0.57537232110425,0.7726829268292683,0.2553577915001816,0.17896549025745365,0.13030602171767028,0.9584891955692755
oulab,4,temporal_hgb,activity_to_cutoff_valid,cutoff_valid,0.1,27535,27535,2753,27535,2753,0,0.8216491100617508,0.8216491100617508,0.8216491100617508,0.0,0.18608094768015795,0.18608094768015795,1.0
oulab,4,temporal_hgb,cutoff_valid,cutoff_valid,0.1,27535,27535,2753,27535,2753,0,0.8234653105702869,0.8234653105702869,0.8234653105702869,0.0,0.18649226719315565,0.18649226719315565,1.0
oulab,4,temporal_hgb,cutoff_valid_to_activity,cutoff_valid,0.1,27977,27535,2753,26392,2265,488,0.7987649836541955,0.6215038140210679,0.7554083885209713,0.1772611696331275,0.17207919242507239,0.1407535373478118,0.9584891955692755
oulab,4,temporal_hgb,static_full,cutoff_valid,0.1,32593,27535,2753,27535,730,2023,0.9538685070831819,0.22048674173628768,0.8315068493150685,0.7348347257537232,0.15260344026034403,0.049934188877920366,1.0
oulab,4,temporal_hgb,activity_conditioned,cutoff_valid,0.2,27977,27535,5508,26392,4474,1034,0.7774146695715323,0.5896877269426289,0.7259722843093429,0.1877269426289034,0.33508099225291493,0.2671931556433037,0.9584891955692755
oulab,4,temporal_hgb,activity_to_cutoff_valid,cutoff_valid,0.2,27535,27535,5508,27535,5508,0,0.7676107480029049,0.7676107480029049,0.7676107480029049,0.0,0.34781178019085224,0.34781178019085224,1.0
oulab,4,temporal_hgb,cutoff_valid,cutoff_valid,0.2,27535,27535,5508,27535,5508,0,0.7570806100217865,0.7570806100217865,0.7570806100217865,0.0,0.34304047384007896,0.34304047384007896,1.0
oulab,4,temporal_hgb,cutoff_valid_to_activity,cutoff_valid,0.2,27977,27535,5508,26392,4638,870,0.7572621641249092,0.5993100944081337,0.7117291936179387,0.1579520697167756,0.3263948665779795,0.2715531424810793,0.9584891955692755
oulab,4,temporal_hgb,static_full,cutoff_valid,0.2,32593,27535,5508,27535,1928,3580,0.9397240377632534,0.29066811909949164,0.8303941908713693,0.6499636891793754,0.300790330079033,0.13170450806186246,1.0
oulab,6,base_dffnn,activity_conditioned,cutoff_valid,0.01,28214,27022,269,26143,116,153,0.9739776951672863,0.4052044609665427,0.9396551724137931,0.5687732342007435,0.02023322264267511,0.009362652465212163,0.9674709495966249
oulab,6,base_dffnn,activity_to_cutoff_valid,cutoff_valid,0.01,27022,27022,269,27022,269,0,0.9591078066914498,0.9591078066914498,0.9591078066914498,0.0,0.02216114069747466,0.02216114069747466,1.0
oulab,6,base_dffnn,cutoff_valid,cutoff_valid,0.01,27022,27022,269,27022,269,0,0.9702602230483272,0.9702602230483272,0.9702602230483272,0.0,0.022418828380003437,0.022418828380003437,1.0
oulab,6,base_dffnn,cutoff_valid_to_activity,cutoff_valid,0.01,28214,27022,269,26143,150,119,0.9628252788104089,0.5204460966542751,0.9333333333333333,0.4423791821561338,0.020001544520812417,0.012025425184676173,0.9674709495966249
oulab,6,base_dffnn,static_full,cutoff_valid,0.01,32593,27022,269,27022,36,233,0.9851301115241635,0.11895910780669144,0.8888888888888888,0.8661710037174721,0.015399814039981405,0.002748668613640268,1.0
oulab,6,base_dffnn,activity_conditioned,cutoff_valid,0.05,28214,27022,1352,26143,711,641,0.9408284023668639,0.46671597633136097,0.8874824191279888,0.47411242603550297,0.09823152366978145,0.05420030922521903,0.9674709495966249
oulab,6,base_dffnn,activity_to_cutoff_valid,cutoff_valid,0.05,27022,27022,1352,27022,1352,0,0.9193786982248521,0.9193786982248521,0.9193786982248521,0.0,0.10676859646108916,0.10676859646108916,1.0
oulab,6,base_dffnn,cutoff_valid,cutoff_valid,0.05,27022,27022,1352,27022,1352,0,0.9289940828402367,0.9289940828402367,0.9289940828402367,0.0,0.10788524308538051,0.10788524308538051,1.0
oulab,6,base_dffnn,cutoff_valid_to_activity,cutoff_valid,0.05,28214,27022,1352,26143,789,563,0.9282544378698225,0.5118343195266272,0.8770595690747782,0.41642011834319526,0.0969186809792262,0.059439958769970797,0.9674709495966249
oulab,6,base_dffnn,static_full,cutoff_valid,0.05,32593,27022,1352,27022,225,1127,0.9792899408284024,0.14571005917159763,0.8755555555555555,0.8335798816568047,0.07694095769409577,0.0169214911527229,1.0
oulab,6,base_dffnn,activity_conditioned,cutoff_valid,0.1,28214,27022,2702,26143,1590,1112,0.9119170984455959,0.5003700962250185,0.8503144654088051,0.41154700222057733,0.19028496408989112,0.11613124892630132,0.9674709495966249
oulab,6,base_dffnn,activity_to_cutoff_valid,cutoff_valid,0.1,27022,27022,2702,27022,2702,0,0.8830495928941525,0.8830495928941525,0.8830495928941525,0.0,0.2049476035045525,0.2049476035045525,1.0
oulab,6,base_dffnn,cutoff_valid,cutoff_valid,0.1,27022,27022,2702,27022,2702,0,0.8904515173945226,0.8904515173945226,0.8904515173945226,0.0,0.20666552138807764,0.20666552138807764,1.0
oulab,6,base_dffnn,cutoff_valid_to_activity,cutoff_valid,0.1,28214,27022,2702,26143,1695,1007,0.8982235381199112,0.5255366395262768,0.8377581120943953,0.37268689859363435,0.1874276005869179,0.12197216973028689,0.9674709495966249
oulab,6,base_dffnn,static_full,cutoff_valid,0.1,32593,27022,2702,27022,539,2163,0.9718726868985936,0.17135455218356774,0.8589981447124304,0.8005181347150259,0.15260344026034403,0.03976979900360763,1.0
oulab,6,base_dffnn,activity_conditioned,cutoff_valid,0.2,28214,27022,5403,26143,3839,1564,0.8460114751064224,0.5565426614843605,0.7832768950247461,0.28946881362206184,0.3530002316781219,0.2582889537880089,0.9674709495966249
oulab,6,base_dffnn,activity_to_cutoff_valid,cutoff_valid,0.2,27022,27022,5403,27022,5403,0,0.8062187673514714,0.8062187673514714,0.8062187673514714,0.0,0.3741625150317815,0.3741625150317815,1.0
oulab,6,base_dffnn,cutoff_valid,cutoff_valid,0.2,27022,27022,5403,27022,5403,0,0.8114010734776975,0.8114010734776975,0.8114010734776975,0.0,0.3765676000687167,0.3765676000687167,1.0
oulab,6,base_dffnn,cutoff_valid_to_activity,cutoff_valid,0.2,28214,27022,5403,26143,3895,1508,0.8404590042568943,0.5613548028872848,0.7786906290115533,0.27910420136960945,0.35068345045949495,0.26052224703659166,0.9674709495966249
oulab,6,base_dffnn,static_full,cutoff_valid,0.2,32593,27022,5403,27022,1606,3797,0.9583564686285397,0.25559874143994077,0.8599003735990037,0.702757727188599,0.3009065550906555,0.11862222985741282,1.0
oulab,6,base_knn,activity_conditioned,cutoff_valid,0.01,28214,27022,269,26143,157,112,0.8810408921933085,0.4646840148698885,0.7961783439490446,0.4163568773234201,0.018302571627152677,0.010736986772032296,0.9674709495966249
oulab,6,base_knn,activity_to_cutoff_valid,cutoff_valid,0.01,27022,27022,269,27022,269,0,0.8364312267657993,0.8364312267657993,0.8364312267657993,0.0,0.019326576189658135,0.019326576189658135,1.0
oulab,6,base_knn,cutoff_valid,cutoff_valid,0.01,27022,27022,269,27022,269,0,0.8550185873605948,0.8550185873605948,0.8550185873605948,0.0,0.019756055660539427,0.019756055660539427,1.0
oulab,6,base_knn,cutoff_valid_to_activity,cutoff_valid,0.01,28214,27022,269,26143,171,98,0.8884758364312267,0.5241635687732342,0.8245614035087719,0.3643122676579926,0.01845702370839447,0.012111321078852431,0.9674709495966249
oulab,6,base_knn,static_full,cutoff_valid,0.01,32593,27022,269,27022,74,195,0.9479553903345725,0.22676579925650558,0.8243243243243243,0.724907063197026,0.014818688981868899,0.005239649544751761,1.0
oulab,6,base_knn,activity_conditioned,cutoff_valid,0.05,28214,27022,1352,26143,834,518,0.8735207100591716,0.49038461538461536,0.7949640287769785,0.3831360946745562,0.0912039539732798,0.0569489778388593,0.9674709495966249
oulab,6,base_knn,activity_to_cutoff_valid,cutoff_valid,0.05,27022,27022,1352,27022,1352,0,0.8683431952662722,0.8683431952662722,0.8683431952662722,0.0,0.10084177976292734,0.10084177976292734,1.0
oulab,6,base_knn,cutoff_valid,cutoff_valid,0.05,27022,27022,1352,27022,1352,0,0.8661242603550295,0.8661242603550295,0.8661242603550295,0.0,0.10058409208039856,0.10058409208039856,1.0
oulab,6,base_knn,cutoff_valid_to_activity,cutoff_valid,0.05,28214,27022,1352,26143,903,449,0.8705621301775148,0.5384615384615384,0.8062015503875969,0.33210059171597633,0.0908950498107962,0.0625322109603161,0.9674709495966249
oulab,6,base_knn,static_full,cutoff_valid,0.05,32593,27022,1352,27022,331,1021,0.9534023668639053,0.20118343195266272,0.8217522658610272,0.7551775147928994,0.074907019990702,0.023363683215942278,1.0
oulab,6,base_knn,activity_conditioned,cutoff_valid,0.1,28214,27022,2702,26143,1830,872,0.851221317542561,0.5284974093264249,0.780327868852459,0.32272390821613617,0.17761989342806395,0.12265933688369696,0.9674709495966249
oulab,6,base_knn,activity_to_cutoff_valid,cutoff_valid,0.1,27022,27022,2702,27022,2702,0,0.840858623242043,0.840858623242043,0.840858623242043,0.0,0.19515547156845903,0.19515547156845903,1.0
oulab,6,base_knn,cutoff_valid,cutoff_valid,0.1,27022,27022,2702,27022,2702,0,0.8367875647668394,0.8367875647668394,0.8367875647668394,0.0,0.19421061673252019,0.19421061673252019,1.0
oulab,6,base_knn,cutoff_valid_to_activity,cutoff_valid,0.1,28214,27022,2702,26143,1945,757,0.8371576609918578,0.5569948186528497,0.7737789203084833,0.2801628423390081,0.17468530388446984,0.12927332073526884,0.9674709495966249
oulab,6,base_knn,static_full,cutoff_valid,0.1,32593,27022,2702,27022,633,2069,0.9607698001480385,0.19652109548482605,0.8388625592417062,0.7657290895632864,0.1508600650860065,0.045610719807593195,1.0
oulab,6,base_knn,activity_conditioned,cutoff_valid,0.2,28214,27022,5403,26143,4173,1230,0.7832685545067555,0.5556172496761058,0.7193865324706447,0.22765130483064963,0.3268206039076377,0.25785947431712763,0.9674709495966249
oulab,6,base_knn,activity_to_cutoff_valid,cutoff_valid,0.2,27022,27022,5403,27022,5403,0,0.7542106237275588,0.7542106237275588,0.7542106237275588,0.0,0.35002576876825287,0.35002576876825287,1.0
oulab,6,base_knn,cutoff_valid,cutoff_valid,0.2,27022,27022,5403,27022,5403,0,0.7543957060892097,0.7543957060892097,0.7543957060892097,0.0,0.35011166466242916,0.35011166466242916,1.0
oulab,6,base_knn,cutoff_valid_to_activity,cutoff_valid,0.2,28214,27022,5403,26143,4262,1141,0.7777160836572274,0.5665371090135111,0.7182074143594557,0.21117897464371646,0.32450382268901073,0.26292733207352686,0.9674709495966249
oulab,6,base_knn,static_full,cutoff_valid,0.2,32593,27022,5403,27022,1661,3742,0.9448454562280215,0.2531926707384786,0.8236002408187839,0.6925781972977976,0.2966643421664342,0.11750558323312146,1.0
oulab,6,base_lr_clickstream,activity_conditioned,cutoff_valid,0.01,28214,27022,269,26143,210,59,0.8401486988847584,0.620817843866171,0.7952380952380952,0.21933085501858737,0.017453085180322805,0.014344614327435149,0.9674709495966249
oulab,6,base_lr_clickstream,activity_to_cutoff_valid,cutoff_valid,0.01,27022,27022,269,27022,269,0,0.828996282527881,0.828996282527881,0.828996282527881,0.0,0.01915478440130562,0.01915478440130562,1.0
oulab,6,base_lr_clickstream,cutoff_valid,cutoff_valid,0.01,27022,27022,269,27022,269,0,0.8550185873605948,0.8550185873605948,0.8550185873605948,0.0,0.019756055660539427,0.019756055660539427,1.0
oulab,6,base_lr_clickstream,cutoff_valid_to_activity,cutoff_valid,0.01,28214,27022,269,26143,227,42,0.7955390334572491,0.6394052044609665,0.7577092511013216,0.15613382899628253,0.016526372692872035,0.014774093798316441,0.9674709495966249
oulab,6,base_lr_clickstream,static_full,cutoff_valid,0.01,32593,27022,269,27022,63,206,0.9553903345724907,0.19330855018587362,0.8253968253968254,0.7657992565055762,0.0149349139934914,0.004466586497165435,1.0
oulab,6,base_lr_clickstream,activity_conditioned,cutoff_valid,0.05,28214,27022,1352,26143,946,406,0.8809171597633136,0.5806213017751479,0.8298097251585623,0.30029585798816566,0.09197621437948876,0.06742827692836283,0.9674709495966249
oulab,6,base_lr_clickstream,activity_to_cutoff_valid,cutoff_valid,0.05,27022,27022,1352,27022,1352,0,0.863905325443787,0.863905325443787,0.863905325443787,0.0,0.10032640439786979,0.10032640439786979,1.0
oulab,6,base_lr_clickstream,cutoff_valid,cutoff_valid,0.05,27022,27022,1352,27022,1352,0,0.8631656804733728,0.8631656804733728,0.8631656804733728,0.0,0.10024050850369352,0.10024050850369352,1.0
oulab,6,base_lr_clickstream,cutoff_valid_to_activity,cutoff_valid,0.05,28214,27022,1352,26143,1028,324,0.8550295857988166,0.6153846153846154,0.8093385214007782,0.23964497041420119,0.08927330295775736,0.07146538395464697,0.9674709495966249
oulab,6,base_lr_clickstream,static_full,cutoff_valid,0.05,32593,27022,1352,27022,315,1037,0.9571005917159763,0.1930473372781065,0.8285714285714286,0.7670118343195266,0.07519758251975825,0.022418828380003437,1.0
oulab,6,base_lr_clickstream,activity_conditioned,cutoff_valid,0.1,28214,27022,2702,26143,1860,842,0.8619541080680977,0.5503330866025167,0.7994623655913978,0.31162102146558107,0.17985944860606998,0.12772719464009621,0.9674709495966249
oulab,6,base_lr_clickstream,activity_to_cutoff_valid,cutoff_valid,0.1,27022,27022,2702,27022,2702,0,0.8456698741672835,0.8456698741672835,0.8456698741672835,0.0,0.1962721181927504,0.1962721181927504,1.0
oulab,6,base_lr_clickstream,cutoff_valid,cutoff_valid,0.1,27022,27022,2702,27022,2702,0,0.8419689119170984,0.8419689119170984,0.8419689119170984,0.0,0.1954131592509878,0.1954131592509878,1.0
oulab,6,base_lr_clickstream,cutoff_valid_to_activity,cutoff_valid,0.1,28214,27022,2702,26143,1968,734,0.8386380458919319,0.5669874167283494,0.7784552845528455,0.2716506291635825,0.17499420804695343,0.13159250987802784,0.9674709495966249
oulab,6,base_lr_clickstream,static_full,cutoff_valid,0.1,32593,27022,2702,27022,615,2087,0.9637305699481865,0.192820133234641,0.8471544715447155,0.7723908216136195,0.15132496513249652,0.04475176086583061,1.0
oulab,6,base_lr_clickstream,activity_conditioned,cutoff_valid,0.2,28214,27022,5403,26143,4049,1354,0.8088099204145844,0.5582084027392189,0.7448752778463819,0.25060151767536554,0.33747779751332146,0.25906201683559527,0.9674709495966249
oulab,6,base_lr_clickstream,activity_to_cutoff_valid,cutoff_valid,0.2,27022,27022,5403,27022,5403,0,0.7740144364242088,0.7740144364242088,0.7740144364242088,0.0,0.3592166294451125,0.3592166294451125,1.0
oulab,6,base_lr_clickstream,cutoff_valid,cutoff_valid,0.2,27022,27022,5403,27022,5403,0,0.773274106977605,0.773274106977605,0.773274106977605,0.0,0.3588730458684075,0.3588730458684075,1.0
oulab,6,base_lr_clickstream,cutoff_valid_to_activity,cutoff_valid,0.2,28214,27022,5403,26143,4135,1268,0.7975198963538774,0.5628354617804924,0.7354292623941959,0.23468443457338517,0.33276700903544676,0.2612094141900017,0.9674709495966249
oulab,6,base_lr_clickstream,static_full,cutoff_valid,0.2,32593,27022,5403,27022,1757,3646,0.9446603738663706,0.2707754950953174,0.8326693227091634,0.6748102905793077,0.29660622966062294,0.125665693179866,1.0
oulab,6,base_lr_profile,activity_conditioned,cutoff_valid,0.01,28214,27022,269,26143,236,33,0.7695167286245354,0.6468401486988847,0.7372881355932204,0.12267657992565056,0.015985790408525755,0.014945885586668957,0.9674709495966249
oulab,6,base_lr_profile,activity_to_cutoff_valid,cutoff_valid,0.01,27022,27022,269,27022,269,0,0.7434944237918215,0.7434944237918215,0.7434944237918215,0.0,0.017179178835251677,0.017179178835251677,1.0
oulab,6,base_lr_profile,cutoff_valid,cutoff_valid,0.01,27022,27022,269,27022,269,0,0.9182156133828996,0.9182156133828996,0.9182156133828996,0.0,0.02121628586153582,0.02121628586153582,1.0
oulab,6,base_lr_profile,cutoff_valid_to_activity,cutoff_valid,0.01,28214,27022,269,26143,245,24,0.7695167286245354,0.6802973977695167,0.746938775510204,0.08921933085501858,0.015985790408525755,0.015718948634255284,0.9674709495966249
oulab,6,base_lr_profile,static_full,cutoff_valid,0.01,32593,27022,269,27022,67,202,0.9776951672862454,0.23048327137546468,0.9253731343283582,0.7509293680297398,0.015283589028358902,0.005325545438928019,1.0
oulab,6,base_lr_profile,activity_conditioned,cutoff_valid,0.05,28214,27022,1352,26143,1186,166,0.6982248520710059,0.5754437869822485,0.6559865092748736,0.1227810650887574,0.07290138234612711,0.06682700566912901,0.9674709495966249
oulab,6,base_lr_profile,activity_to_cutoff_valid,cutoff_valid,0.05,27022,27022,1352,27022,1352,0,0.6708579881656804,0.6708579881656804,0.6708579881656804,0.0,0.07790757601786634,0.07790757601786634,1.0
oulab,6,base_lr_profile,cutoff_valid,cutoff_valid,0.05,27022,27022,1352,27022,1352,0,0.8069526627218935,0.8069526627218935,0.8069526627218935,0.0,0.09371242054629789,0.09371242054629789,1.0
oulab,6,base_lr_profile,cutoff_valid_to_activity,cutoff_valid,0.05,28214,27022,1352,26143,1212,140,0.6908284023668639,0.5872781065088757,0.6551155115511551,0.10355029585798817,0.07212912193991813,0.06820133997594915,0.9674709495966249
oulab,6,base_lr_profile,static_full,cutoff_valid,0.05,32593,27022,1352,27022,326,1026,0.9659763313609467,0.20931952662721892,0.8680981595092024,0.7588757396449705,0.07589493258949326,0.02430853805188112,1.0
oulab,6,base_lr_profile,activity_conditioned,cutoff_valid,0.1,28214,27022,2702,26143,2381,321,0.6613619541080681,0.542561065877128,0.6157076858462831,0.11880088823094004,0.1380029345895436,0.12592338086239477,0.9674709495966249
oulab,6,base_lr_profile,activity_to_cutoff_valid,cutoff_valid,0.1,27022,27022,2702,27022,2702,0,0.6361954108068097,0.6361954108068097,0.6361954108068097,0.0,0.14765504208898814,0.14765504208898814,1.0
oulab,6,base_lr_profile,cutoff_valid,cutoff_valid,0.1,27022,27022,2702,27022,2702,0,0.7202072538860104,0.7202072538860104,0.7202072538860104,0.0,0.1671534100669988,0.1671534100669988,1.0
oulab,6,base_lr_profile,cutoff_valid_to_activity,cutoff_valid,0.1,28214,27022,2702,26143,2430,272,0.6580310880829016,0.5573649148778682,0.6197530864197531,0.10066617320503331,0.13730790022395553,0.1293592166294451,0.9674709495966249
oulab,6,base_lr_profile,static_full,cutoff_valid,0.1,32593,27022,2702,27022,642,2060,0.9578090303478904,0.19652109548482605,0.8271028037383178,0.7623982235381199,0.1503951650395165,0.045610719807593195,1.0
oulab,6,base_lr_profile,activity_conditioned,cutoff_valid,0.2,28214,27022,5403,26143,4806,597,0.6218767351471405,0.5113825652415325,0.5749063670411985,0.110494169905608,0.25947949648621516,0.2373303556090019,0.9674709495966249
oulab,6,base_lr_profile,activity_to_cutoff_valid,cutoff_valid,0.2,27022,27022,5403,27022,5403,0,0.5939292985378494,0.5939292985378494,0.5939292985378494,0.0,0.2756399244116131,0.2756399244116131,1.0
oulab,6,base_lr_profile,cutoff_valid,cutoff_valid,0.2,27022,27022,5403,27022,5403,0,0.6348325004627059,0.6348325004627059,0.6348325004627059,0.0,0.2946229170245662,0.2946229170245662,1.0
oulab,6,base_lr_profile,cutoff_valid_to_activity,cutoff_valid,0.2,28214,27022,5403,26143,4858,545,0.6209513233388858,0.5200814362391264,0.5784273363524084,0.10086988709975939,0.25909336628311064,0.24136746263528602,0.9674709495966249
oulab,6,base_lr_profile,static_full,cutoff_valid,0.2,32593,27022,5403,27022,1983,3420,0.9006107717934481,0.2685545067555062,0.7317196167423097,0.6329816768461966,0.28277545327754533,0.1246349424497509,1.0
oulab,6,base_lr_weekly,activity_conditioned,cutoff_valid,0.01,28214,27022,269,26143,233,36,0.828996282527881,0.6951672862453532,0.8025751072961373,0.13382899628252787,0.017221407058460113,0.016062532210960316,0.9674709495966249
oulab,6,base_lr_weekly,activity_to_cutoff_valid,cutoff_valid,0.01,27022,27022,269,27022,269,0,0.8104089219330854,0.8104089219330854,0.8104089219330854,0.0,0.018725304930424326,0.018725304930424326,1.0
oulab,6,base_lr_weekly,cutoff_valid,cutoff_valid,0.01,27022,27022,269,27022,269,0,0.862453531598513,0.862453531598513,0.862453531598513,0.0,0.019927847448891943,0.019927847448891943,1.0
oulab,6,base_lr_weekly,cutoff_valid_to_activity,cutoff_valid,0.01,28214,27022,269,26143,248,21,0.7620817843866171,0.6840148698884758,0.7419354838709677,0.07806691449814127,0.01583133832728396,0.01580484452843154,0.9674709495966249
oulab,6,base_lr_weekly,static_full,cutoff_valid,0.01,32593,27022,269,27022,70,199,0.9628252788104089,0.22676579925650558,0.8714285714285714,0.7397769516728625,0.0150511390051139,0.005239649544751761,1.0
oulab,6,base_lr_weekly,activity_conditioned,cutoff_valid,0.05,28214,27022,1352,26143,971,381,0.8705621301775148,0.5887573964497042,0.819773429454171,0.2818047337278107,0.0908950498107962,0.06837313176430167,0.9674709495966249
oulab,6,base_lr_weekly,activity_to_cutoff_valid,cutoff_valid,0.05,27022,27022,1352,27022,1352,0,0.8468934911242604,0.8468934911242604,0.8468934911242604,0.0,0.09835079883181584,0.09835079883181584,1.0
oulab,6,base_lr_weekly,cutoff_valid,cutoff_valid,0.05,27022,27022,1352,27022,1352,0,0.8454142011834319,0.8454142011834319,0.8454142011834319,0.0,0.09817900704346333,0.09817900704346333,1.0
oulab,6,base_lr_weekly,cutoff_valid_to_activity,cutoff_valid,0.05,28214,27022,1352,26143,1097,255,0.8298816568047337,0.6412721893491125,0.7903372835004557,0.1886094674556213,0.08664761757664685,0.07447174025081602,0.9674709495966249
oulab,6,base_lr_weekly,static_full,cutoff_valid,0.05,32593,27022,1352,27022,320,1032,0.9578402366863905,0.19748520710059173,0.834375,0.7633136094674556,0.0752556950255695,0.022934203745060985,1.0
oulab,6,base_lr_weekly,activity_conditioned,cutoff_valid,0.1,28214,27022,2702,26143,1859,843,0.8586232420429312,0.5466321243523317,0.7945131791285638,0.31199111769059956,0.17916441424048188,0.1268682356983336,0.9674709495966249
oulab,6,base_lr_weekly,activity_to_cutoff_valid,cutoff_valid,0.1,27022,27022,2702,27022,2702,0,0.8242042931162102,0.8242042931162102,0.8242042931162102,0.0,0.1912901563305274,0.1912901563305274,1.0
oulab,6,base_lr_weekly,cutoff_valid,cutoff_valid,0.1,27022,27022,2702,27022,2702,0,0.8323464100666174,0.8323464100666174,0.8323464100666174,0.0,0.19317986600240508,0.19317986600240508,1.0
oulab,6,base_lr_weekly,cutoff_valid_to_activity,cutoff_valid,0.1,28214,27022,2702,26143,2015,687,0.8290155440414507,0.5747594374537379,0.7707196029776675,0.2542561065877128,0.1729863309908101,0.13339632365572926,0.9674709495966249
oulab,6,base_lr_weekly,static_full,cutoff_valid,0.1,32593,27022,2702,27022,621,2081,0.9618800888230941,0.19319022945965952,0.8405797101449275,0.7701702442635086,0.15103440260344025,0.04483765676000687,1.0
oulab,6,base_lr_weekly,activity_conditioned,cutoff_valid,0.2,28214,27022,5403,26143,3990,1413,0.8117712382009994,0.5502498611882287,0.7451127819548872,0.2615213770127707,0.33871341416325584,0.25536849338601614,0.9674709495966249
oulab,6,base_lr_weekly,activity_to_cutoff_valid,cutoff_valid,0.2,27022,27022,5403,27022,5403,0,0.7736442717009069,0.7736442717009069,0.7736442717009069,0.0,0.35904483765676,0.35904483765676,1.0
oulab,6,base_lr_weekly,cutoff_valid,cutoff_valid,0.2,27022,27022,5403,27022,5403,0,0.7710531186377938,0.7710531186377938,0.7710531186377938,0.0,0.3578422951382924,0.3578422951382924,1.0
oulab,6,base_lr_weekly,cutoff_valid_to_activity,cutoff_valid,0.2,28214,27022,5403,26143,4133,1270,0.7973348139922265,0.5622802146955395,0.7350592789741108,0.23505459929668704,0.3326897829948259,0.26095172650747295,0.9674709495966249
oulab,6,base_lr_weekly,static_full,cutoff_valid,0.2,32593,27022,5403,27022,1780,3623,0.9416990560799556,0.27207107162687394,0.8258426966292135,0.6705533962613363,0.29567642956764295,0.12626696443909982,1.0
oulab,6,base_rf_entropy,activity_conditioned,cutoff_valid,0.01,28214,27022,269,26143,111,158,0.9591078066914498,0.37174721189591076,0.9009009009009009,0.587360594795539,0.019924318480191522,0.008589589417625838,0.9674709495966249
oulab,6,base_rf_entropy,activity_to_cutoff_valid,cutoff_valid,0.01,27022,27022,269,27022,269,0,0.9553903345724907,0.9553903345724907,0.9553903345724907,0.0,0.0220752448032984,0.0220752448032984,1.0
oulab,6,base_rf_entropy,cutoff_valid,cutoff_valid,0.01,27022,27022,269,27022,269,0,0.9591078066914498,0.9591078066914498,0.9591078066914498,0.0,0.02216114069747466,0.02216114069747466,1.0
oulab,6,base_rf_entropy,cutoff_valid_to_activity,cutoff_valid,0.01,28214,27022,269,26143,132,137,0.9516728624535316,0.4423791821561338,0.9015151515151515,0.5092936802973977,0.019769866398949724,0.010221611406974746,0.9674709495966249
oulab,6,base_rf_entropy,static_full,cutoff_valid,0.01,32593,27022,269,27022,30,239,0.9925650557620818,0.10408921933085502,0.9333333333333333,0.8884758364312267,0.015516039051603906,0.0024050850369352343,1.0
oulab,6,base_rf_entropy,activity_conditioned,cutoff_valid,0.05,28214,27022,1352,26143,617,735,0.9378698224852071,0.3942307692307692,0.8638573743922204,0.5436390532544378,0.09792261950729786,0.045782511595945714,0.9674709495966249
oulab,6,base_rf_entropy,activity_to_cutoff_valid,cutoff_valid,0.05,27022,27022,1352,27022,1352,0,0.9075443786982249,0.9075443786982249,0.9075443786982249,0.0,0.10539426215426903,0.10539426215426903,1.0
oulab,6,base_rf_entropy,cutoff_valid,cutoff_valid,0.05,27022,27022,1352,27022,1352,0,0.908284023668639,0.908284023668639,0.908284023668639,0.0,0.10548015804844528,0.10548015804844528,1.0
oulab,6,base_rf_entropy,cutoff_valid_to_activity,cutoff_valid,0.05,28214,27022,1352,26143,690,662,0.9304733727810651,0.4408284023668639,0.863768115942029,0.4896449704142012,0.09715035910108889,0.05119395292904999,0.9674709495966249
oulab,6,base_rf_entropy,static_full,cutoff_valid,0.05,32593,27022,1352,27022,237,1115,0.9718934911242604,0.14718934911242604,0.8396624472573839,0.8247041420118343,0.07635983263598327,0.017093282941075417,1.0
oulab,6,base_rf_entropy,activity_conditioned,cutoff_valid,0.1,28214,27022,2702,26143,1504,1198,0.9059955588452998,0.46262028127313104,0.8311170212765957,0.44337527757216877,0.18904934743995674,0.10736986772032296,0.9674709495966249
oulab,6,base_rf_entropy,activity_to_cutoff_valid,cutoff_valid,0.1,27022,27022,2702,27022,2702,0,0.8778682457438934,0.8778682457438934,0.8778682457438934,0.0,0.20374506098608486,0.20374506098608486,1.0
oulab,6,base_rf_entropy,cutoff_valid,cutoff_valid,0.1,27022,27022,2702,27022,2702,0,0.884159881569208,0.884159881569208,0.884159881569208,0.0,0.20520529118708125,0.20520529118708125,1.0
oulab,6,base_rf_entropy,cutoff_valid_to_activity,cutoff_valid,0.1,28214,27022,2702,26143,1572,1130,0.9019245003700962,0.48371576609918576,0.8314249363867684,0.41820873427091043,0.18819986099312688,0.11226593368836969,0.9674709495966249
oulab,6,base_rf_entropy,static_full,cutoff_valid,0.1,32593,27022,2702,27022,535,2167,0.9678016284233901,0.16580310880829016,0.8373831775700935,0.8019985196150999,0.15196420269642028,0.03848136059096375,1.0
oulab,6,base_rf_entropy,activity_conditioned,cutoff_valid,0.2,28214,27022,5403,26143,3798,1605,0.8428650749583565,0.5458078845086063,0.7764612954186414,0.29705719044975015,0.35168738898756663,0.25330699192578593,0.9674709495966249
oulab,6,base_rf_entropy,activity_to_cutoff_valid,cutoff_valid,0.2,27022,27022,5403,27022,5403,0,0.8019618730334999,0.8019618730334999,0.8019618730334999,0.0,0.3721869094657275,0.3721869094657275,1.0
oulab,6,base_rf_entropy,cutoff_valid,cutoff_valid,0.2,27022,27022,5403,27022,5403,0,0.8067740144364242,0.8067740144364242,0.8067740144364242,0.0,0.37442020271431026,0.37442020271431026,1.0
oulab,6,base_rf_entropy,cutoff_valid_to_activity,cutoff_valid,0.2,28214,27022,5403,26143,3840,1563,0.8423098278734037,0.5530260966129927,0.778125,0.2892837312604109,0.35145571086570393,0.25665693179866,0.9674709495966249
oulab,6,base_rf_entropy,static_full,cutoff_valid,0.2,32593,27022,5403,27022,1519,3884,0.9550249861188229,0.23616509346659265,0.8400263331138907,0.7188598926522303,0.299860529986053,0.10960316096890568,1.0
oulab,6,base_rf_gini,activity_conditioned,cutoff_valid,0.01,28214,27022,269,26143,117,152,0.9591078066914498,0.3940520446096654,0.905982905982906,0.5650557620817844,0.019924318480191522,0.009104964782683387,0.9674709495966249
oulab,6,base_rf_gini,activity_to_cutoff_valid,cutoff_valid,0.01,27022,27022,269,27022,269,0,0.9553903345724907,0.9553903345724907,0.9553903345724907,0.0,0.0220752448032984,0.0220752448032984,1.0
oulab,6,base_rf_gini,cutoff_valid,cutoff_valid,0.01,27022,27022,269,27022,269,0,0.9553903345724907,0.9553903345724907,0.9553903345724907,0.0,0.0220752448032984,0.0220752448032984,1.0
oulab,6,base_rf_gini,cutoff_valid_to_activity,cutoff_valid,0.01,28214,27022,269,26143,139,130,0.9553903345724907,0.4721189591078067,0.9136690647482014,0.483271375464684,0.019847092439570623,0.010908778560384814,0.9674709495966249
oulab,6,base_rf_gini,static_full,cutoff_valid,0.01,32593,27022,269,27022,31,238,0.9925650557620818,0.10780669144981413,0.9354838709677419,0.8847583643122676,0.015516039051603906,0.002490980931111493,1.0
oulab,6,base_rf_gini,activity_conditioned,cutoff_valid,0.05,28214,27022,1352,26143,622,730,0.9386094674556213,0.39866863905325445,0.8665594855305466,0.5399408284023669,0.09799984554791875,0.046297886961003266,0.9674709495966249
oulab,6,base_rf_gini,activity_to_cutoff_valid,cutoff_valid,0.05,27022,27022,1352,27022,1352,0,0.9068047337278107,0.9068047337278107,0.9068047337278107,0.0,0.10530836626009277,0.10530836626009277,1.0
oulab,6,base_rf_gini,cutoff_valid,cutoff_valid,0.05,27022,27022,1352,27022,1352,0,0.9112426035502958,0.9112426035502958,0.9112426035502958,0.0,0.10582374162515032,0.10582374162515032,1.0
oulab,6,base_rf_gini,cutoff_valid_to_activity,cutoff_valid,0.05,28214,27022,1352,26143,702,650,0.9267751479289941,0.4460059171597633,0.8589743589743589,0.4807692307692308,0.0967642288979844,0.0517952241882838,0.9674709495966249
oulab,6,base_rf_gini,static_full,cutoff_valid,0.05,32593,27022,1352,27022,239,1113,0.9704142011834319,0.14718934911242604,0.8326359832635983,0.8232248520710059,0.07624360762436076,0.017093282941075417,1.0
oulab,6,base_rf_gini,activity_conditioned,cutoff_valid,0.1,28214,27022,2702,26143,1502,1200,0.9067357512953368,0.46262028127313104,0.8322237017310253,0.44411547002220575,0.18920379952119853,0.10736986772032296,0.9674709495966249
oulab,6,base_rf_gini,activity_to_cutoff_valid,cutoff_valid,0.1,27022,27022,2702,27022,2702,0,0.8786084381939304,0.8786084381939304,0.8786084381939304,0.0,0.20391685277443738,0.20391685277443738,1.0
oulab,6,base_rf_gini,cutoff_valid,cutoff_valid,0.1,27022,27022,2702,27022,2702,0,0.884159881569208,0.884159881569208,0.884159881569208,0.0,0.20520529118708125,0.20520529118708125,1.0
oulab,6,base_rf_gini,cutoff_valid_to_activity,cutoff_valid,0.1,28214,27022,2702,26143,1578,1124,0.9008142116950407,0.4848260547742413,0.8301647655259823,0.41598815692079943,0.18796818287126418,0.11252362137089847,0.9674709495966249
oulab,6,base_rf_gini,static_full,cutoff_valid,0.1,32593,27022,2702,27022,540,2162,0.967061435973353,0.16691339748334566,0.8351851851851851,0.8001480384900074,0.15184797768479777,0.038739048273492525,1.0
oulab,6,base_rf_gini,activity_conditioned,cutoff_valid,0.2,28214,27022,5403,26143,3804,1599,0.8426799925967056,0.546733296316861,0.7765509989484752,0.29594669627984455,0.3516101629469457,0.2537364713966672,0.9674709495966249
oulab,6,base_rf_gini,activity_to_cutoff_valid,cutoff_valid,0.2,27022,27022,5403,27022,5403,0,0.8010364612252452,0.8010364612252452,0.8010364612252452,0.0,0.37175742999484623,0.37175742999484623,1.0
oulab,6,base_rf_gini,cutoff_valid,cutoff_valid,0.2,27022,27022,5403,27022,5403,0,0.8062187673514714,0.8062187673514714,0.8062187673514714,0.0,0.3741625150317815,0.3741625150317815,1.0
oulab,6,base_rf_gini,cutoff_valid_to_activity,cutoff_valid,0.2,28214,27022,5403,26143,3837,1566,0.8406440866185453,0.5508051082731815,0.7756059421422987,0.2898389783453637,0.35076067650011583,0.2556261810685449,0.9674709495966249
oulab,6,base_rf_gini,static_full,cutoff_valid,0.2,32593,27022,5403,27022,1526,3877,0.954839903757172,0.23727558763649825,0.8401048492791612,0.7175643161206737,0.2998024174802417,0.11011853633396324,1.0
oulab,6,base_svm,activity_conditioned,cutoff_valid,0.01,28214,27022,269,26143,197,72,0.8513011152416357,0.5836431226765799,0.7969543147208121,0.26765799256505574,0.017684763302185498,0.013485655385672564,0.9674709495966249
oulab,6,base_svm,activity_to_cutoff_valid,cutoff_valid,0.01,27022,27022,269,27022,269,0,0.8438661710037175,0.8438661710037175,0.8438661710037175,0.0,0.01949836797801065,0.01949836797801065,1.0
oulab,6,base_svm,cutoff_valid,cutoff_valid,0.01,27022,27022,269,27022,269,0,0.8550185873605948,0.8550185873605948,0.8550185873605948,0.0,0.019756055660539427,0.019756055660539427,1.0
oulab,6,base_svm,cutoff_valid_to_activity,cutoff_valid,0.01,28214,27022,269,26143,221,48,0.8178438661710037,0.6394052044609665,0.7782805429864253,0.17843866171003717,0.01698972893659742,0.014774093798316441,0.9674709495966249
oulab,6,base_svm,static_full,cutoff_valid,0.01,32593,27022,269,27022,76,193,0.9256505576208178,0.21189591078066913,0.75,0.7174721189591078,0.014470013947001394,0.004896065968046728,1.0
oulab,6,base_svm,activity_conditioned,cutoff_valid,0.05,28214,27022,1352,26143,920,432,0.8883136094674556,0.5687869822485208,0.8358695652173913,0.31952662721893493,0.09274847478569774,0.0660539426215427,0.9674709495966249
oulab,6,base_svm,activity_to_cutoff_valid,cutoff_valid,0.05,27022,27022,1352,27022,1352,0,0.8742603550295858,0.8742603550295858,0.8742603550295858,0.0,0.1015289469163374,0.1015289469163374,1.0
oulab,6,base_svm,cutoff_valid,cutoff_valid,0.05,27022,27022,1352,27022,1352,0,0.8624260355029586,0.8624260355029586,0.8624260355029586,0.0,0.10015461260951726,0.10015461260951726,1.0
oulab,6,base_svm,cutoff_valid_to_activity,cutoff_valid,0.05,28214,27022,1352,26143,1004,348,0.8631656804733728,0.6057692307692307,0.8157370517928287,0.257396449704142,0.09012278940458723,0.07034873733035561,0.9674709495966249
oulab,6,base_svm,static_full,cutoff_valid,0.05,32593,27022,1352,27022,376,976,0.9356508875739645,0.21671597633136094,0.7792553191489362,0.7218934911242604,0.07351231985123198,0.025167496993643703,1.0
oulab,6,base_svm,activity_conditioned,cutoff_valid,0.1,28214,27022,2702,26143,1826,876,0.8697261287934863,0.5455218356772761,0.8072289156626506,0.32420429311621024,0.18148119545910882,0.12661054801580485,0.9674709495966249
oulab,6,base_svm,activity_to_cutoff_valid,cutoff_valid,0.1,27022,27022,2702,27022,2702,0,0.8490007401924501,0.8490007401924501,0.8490007401924501,0.0,0.1970451812403367,0.1970451812403367,1.0
oulab,6,base_svm,cutoff_valid,cutoff_valid,0.1,27022,27022,2702,27022,2702,0,0.8382679496669134,0.8382679496669134,0.8382679496669134,0.0,0.1945542003092252,0.1945542003092252,1.0
oulab,6,base_svm,cutoff_valid_to_activity,cutoff_valid,0.1,28214,27022,2702,26143,1925,777,0.8501110288675056,0.5625462620281273,0.7896103896103897,0.28756476683937826,0.17738821530620125,0.13056175914791274,0.9674709495966249
oulab,6,base_svm,static_full,cutoff_valid,0.1,32593,27022,2702,27022,677,2025,0.9526276831976314,0.20466321243523317,0.8168389955686853,0.7494448556624722,0.14958158995815898,0.04750042947947088,1.0
oulab,6,base_svm,activity_conditioned,cutoff_valid,0.2,28214,27022,5403,26143,4040,1363,0.8115861558393485,0.5593188969091245,0.748019801980198,0.25226725893022395,0.33863618812263496,0.2595773922006528,0.9674709495966249
oulab,6,base_svm,activity_to_cutoff_valid,cutoff_valid,0.2,27022,27022,5403,27022,5403,0,0.778826577827133,0.778826577827133,0.778826577827133,0.0,0.36144992269369525,0.36144992269369525,1.0
oulab,6,base_svm,cutoff_valid,cutoff_valid,0.2,27022,27022,5403,27022,5403,0,0.7779011660188784,0.7779011660188784,0.7779011660188784,0.0,0.36102044322281396,0.36102044322281396,1.0
oulab,6,base_svm,cutoff_valid_to_activity,cutoff_valid,0.2,28214,27022,5403,26143,4102,1301,0.7997408846936886,0.5589487321858226,0.7362262311067772,0.240792152507866,0.3336937215228975,0.2594056004123003,0.9674709495966249
oulab,6,base_svm,static_full,cutoff_valid,0.2,32593,27022,5403,27022,1789,3614,0.9409587266333519,0.2729964834351286,0.8244829513694801,0.6688876550064778,0.29544397954439794,0.1266964439099811,1.0
oulab,6,flat_hgb,activity_conditioned,cutoff_valid,0.01,28214,27022,269,26143,165,104,0.8698884758364313,0.483271375464684,0.7878787878787878,0.38661710037174724,0.018070893505289985,0.011166466242913588,0.9674709495966249
oulab,6,flat_hgb,activity_to_cutoff_valid,cutoff_valid,0.01,27022,27022,269,27022,269,0,0.828996282527881,0.828996282527881,0.828996282527881,0.0,0.01915478440130562,0.01915478440130562,1.0
oulab,6,flat_hgb,cutoff_valid,cutoff_valid,0.01,27022,27022,269,27022,269,0,0.8475836431226765,0.8475836431226765,0.8475836431226765,0.0,0.01958426387218691,0.01958426387218691,1.0
oulab,6,flat_hgb,cutoff_valid_to_activity,cutoff_valid,0.01,28214,27022,269,26143,187,82,0.8810408921933085,0.5762081784386617,0.8288770053475936,0.3048327137546468,0.018302571627152677,0.013313863597320048,0.9674709495966249
oulab,6,flat_hgb,static_full,cutoff_valid,0.01,32593,27022,269,27022,62,207,0.966542750929368,0.20074349442379183,0.8709677419354839,0.7695167286245354,0.015109251510925152,0.0046383782855179525,1.0
oulab,6,flat_hgb,activity_conditioned,cutoff_valid,0.05,28214,27022,1352,26143,871,481,0.8779585798816568,0.522189349112426,0.8105625717566016,0.3557692307692308,0.09166731021700518,0.060642501288438413,0.9674709495966249
oulab,6,flat_hgb,activity_to_cutoff_valid,cutoff_valid,0.05,27022,27022,1352,27022,1352,0,0.8387573964497042,0.8387573964497042,0.8387573964497042,0.0,0.097405943995877,0.097405943995877,1.0
oulab,6,flat_hgb,cutoff_valid,cutoff_valid,0.05,27022,27022,1352,27022,1352,0,0.8801775147928994,0.8801775147928994,0.8801775147928994,0.0,0.10221611406974747,0.10221611406974747,1.0
oulab,6,flat_hgb,cutoff_valid_to_activity,cutoff_valid,0.05,28214,27022,1352,26143,927,425,0.8727810650887574,0.5584319526627219,0.81445523193096,0.3143491124260355,0.0911267279326589,0.06485140010307508,0.9674709495966249
oulab,6,flat_hgb,static_full,cutoff_valid,0.05,32593,27022,1352,27022,310,1042,0.959319526627219,0.1915680473372781,0.8354838709677419,0.7707100591715976,0.07537192003719201,0.02224703659165092,1.0
oulab,6,flat_hgb,activity_conditioned,cutoff_valid,0.1,28214,27022,2702,26143,1841,861,0.8638045891931903,0.5451517394522576,0.8001086366105378,0.31865284974093266,0.18024557880917447,0.12652465212162858,0.9674709495966249
oulab,6,flat_hgb,activity_to_cutoff_valid,cutoff_valid,0.1,27022,27022,2702,27022,2702,0,0.8556624722427831,0.8556624722427831,0.8556624722427831,0.0,0.19859130733550936,0.19859130733550936,1.0
oulab,6,flat_hgb,cutoff_valid,cutoff_valid,0.1,27022,27022,2702,27022,2702,0,0.8571428571428571,0.8571428571428571,0.8571428571428571,0.0,0.1989348909122144,0.1989348909122144,1.0
oulab,6,flat_hgb,cutoff_valid_to_activity,cutoff_valid,0.1,28214,27022,2702,26143,1942,760,0.8508512213175425,0.569578090303479,0.7924819773429455,0.28127313101406365,0.17754266738744304,0.13219378113726163,0.9674709495966249
oulab,6,flat_hgb,static_full,cutoff_valid,0.1,32593,27022,2702,27022,613,2089,0.964100666173205,0.19245003700962252,0.8482871125611745,0.7731310140636566,0.15138307763830777,0.044665864971654354,1.0
oulab,6,flat_hgb,activity_conditioned,cutoff_valid,0.2,28214,27022,5403,26143,4088,1315,0.8117712382009994,0.5683879326300204,0.7512230919765166,0.2433833055709791,0.33871341416325584,0.26378629101528944,0.9674709495966249
oulab,6,flat_hgb,activity_to_cutoff_valid,cutoff_valid,0.2,27022,27022,5403,27022,5403,0,0.784749213399963,0.784749213399963,0.784749213399963,0.0,0.3641985913073355,0.3641985913073355,1.0
oulab,6,flat_hgb,cutoff_valid,cutoff_valid,0.2,27022,27022,5403,27022,5403,0,0.7830834721451045,0.7830834721451045,0.7830834721451045,0.0,0.36342552825974916,0.36342552825974916,1.0
oulab,6,flat_hgb,cutoff_valid_to_activity,cutoff_valid,0.2,28214,27022,5403,26143,4161,1242,0.8056635202665186,0.5757912270960578,0.7476568132660418,0.22987229317046085,0.33616495482276626,0.2672221267823398,0.9674709495966249
oulab,6,flat_hgb,static_full,cutoff_valid,0.2,32593,27022,5403,27022,1719,3684,0.9459559503979271,0.26503794188413843,0.83304246655032,0.6818434203220433,0.29701301720130174,0.123002920460402,1.0
oulab,6,stack_7_full,activity_conditioned,cutoff_valid,0.01,28214,27022,269,26143,107,162,0.9628252788104089,0.36059479553903345,0.9065420560747663,0.6022304832713755,0.020001544520812417,0.008331901735097062,0.9674709495966249
oulab,6,stack_7_full,activity_to_cutoff_valid,cutoff_valid,0.01,27022,27022,269,27022,269,0,0.9553903345724907,0.9553903345724907,0.9553903345724907,0.0,0.0220752448032984,0.0220752448032984,1.0
oulab,6,stack_7_full,cutoff_valid,cutoff_valid,0.01,27022,27022,269,27022,269,0,0.9888475836431226,0.9888475836431226,0.9888475836431226,0.0,0.02284830785088473,0.02284830785088473,1.0
oulab,6,stack_7_full,cutoff_valid_to_activity,cutoff_valid,0.01,28214,27022,269,26143,124,145,0.9591078066914498,0.4200743494423792,0.9112903225806451,0.5390334572490706,0.019924318480191522,0.009706236041917197,0.9674709495966249
oulab,6,stack_7_full,static_full,cutoff_valid,0.01,32593,27022,269,27022,35,234,0.9925650557620818,0.12267657992565056,0.9428571428571428,0.8698884758364313,0.015516039051603906,0.002834564507816526,1.0
oulab,6,stack_7_full,activity_conditioned,cutoff_valid,0.05,28214,27022,1352,26143,655,697,0.9437869822485208,0.4282544378698225,0.8839694656488549,0.5155325443786982,0.09854042783226503,0.0497337227280536,0.9674709495966249
oulab,6,stack_7_full,activity_to_cutoff_valid,cutoff_valid,0.05,27022,27022,1352,27022,1352,0,0.9060650887573964,0.9060650887573964,0.9060650887573964,0.0,0.1052224703659165,0.1052224703659165,1.0
oulab,6,stack_7_full,cutoff_valid,cutoff_valid,0.05,27022,27022,1352,27022,1352,0,0.9393491124260355,0.9393491124260355,0.9393491124260355,0.0,0.10908778560384813,0.10908778560384813,1.0
oulab,6,stack_7_full,cutoff_valid_to_activity,cutoff_valid,0.05,28214,27022,1352,26143,694,658,0.9460059171597633,0.4593195266272189,0.8948126801152738,0.48668639053254437,0.09877210595412773,0.05334135028345645,0.9674709495966249
oulab,6,stack_7_full,static_full,cutoff_valid,0.05,32593,27022,1352,27022,245,1107,0.9822485207100592,0.16346153846153846,0.9020408163265307,0.8187869822485208,0.07717340771734077,0.018982992612953102,1.0
oulab,6,stack_7_full,activity_conditioned,cutoff_valid,0.1,28214,27022,2702,26143,1494,1208,0.9226498889711325,0.4755736491487787,0.8601070950468541,0.44707623982235384,0.19252451926789713,0.11037622401649201,0.9674709495966249
oulab,6,stack_7_full,activity_to_cutoff_valid,cutoff_valid,0.1,27022,27022,2702,27022,2702,0,0.8723168023686159,0.8723168023686159,0.8723168023686159,0.0,0.202456622573441,0.202456622573441,1.0
oulab,6,stack_7_full,cutoff_valid,cutoff_valid,0.1,27022,27022,2702,27022,2702,0,0.9022945965951147,0.9022945965951147,0.9022945965951147,0.0,0.20941419000171793,0.20941419000171793,1.0
oulab,6,stack_7_full,cutoff_valid_to_activity,cutoff_valid,0.1,28214,27022,2702,26143,1559,1143,0.9174685418208735,0.4944485566247224,0.8569595894804362,0.42301998519615097,0.19144335469920457,0.11475691461948119,0.9674709495966249
oulab,6,stack_7_full,static_full,cutoff_valid,0.1,32593,27022,2702,27022,555,2147,0.9748334566987417,0.18023686158401184,0.8774774774774775,0.7945965951147298,0.15306834030683403,0.04183130046383783,1.0
oulab,6,stack_7_full,activity_conditioned,cutoff_valid,0.2,28214,27022,5403,26143,3758,1645,0.8582269109753841,0.5537664260595965,0.7961681745609367,0.30446048491578753,0.3580971503591011,0.25700051537536506,0.9674709495966249
oulab,6,stack_7_full,activity_to_cutoff_valid,cutoff_valid,0.2,27022,27022,5403,27022,5403,0,0.8067740144364242,0.8067740144364242,0.8067740144364242,0.0,0.37442020271431026,0.37442020271431026,1.0
oulab,6,stack_7_full,cutoff_valid,cutoff_valid,0.2,27022,27022,5403,27022,5403,0,0.8200999444752916,0.8200999444752916,0.8200999444752916,0.0,0.3806047070950009,0.3806047070950009,1.0
oulab,6,stack_7_full,cutoff_valid_to_activity,cutoff_valid,0.2,28214,27022,5403,26143,3805,1598,0.8587821580603369,0.5630205441421433,0.7994743758212878,0.2957616139181936,0.35832882848096376,0.261295310084178,0.9674709495966249
oulab,6,stack_7_full,static_full,cutoff_valid,0.2,32593,27022,5403,27022,1532,3871,0.9574310568202851,0.24116231723116788,0.8505221932114883,0.7164538219507681,0.30061599256159927,0.11192235011166467,1.0
oulab,6,temporal_hgb,activity_conditioned,cutoff_valid,0.01,28214,27022,269,26143,128,141,0.9368029739776952,0.41263940520446096,0.8671875,0.5241635687732342,0.019460962236466137,0.00953444425356468,0.9674709495966249
oulab,6,temporal_hgb,activity_to_cutoff_valid,cutoff_valid,0.01,27022,27022,269,27022,269,0,0.8996282527881041,0.8996282527881041,0.8996282527881041,0.0,0.020786806390654528,0.020786806390654528,1.0
oulab,6,temporal_hgb,cutoff_valid,cutoff_valid,0.01,27022,27022,269,27022,269,0,0.8921933085501859,0.8921933085501859,0.8921933085501859,0.0,0.02061501460230201,0.02061501460230201,1.0
oulab,6,temporal_hgb,cutoff_valid_to_activity,cutoff_valid,0.01,28214,27022,269,26143,227,42,0.8513011152416357,0.6951672862453532,0.8237885462555066,0.15613382899628253,0.017684763302185498,0.016062532210960316,0.9674709495966249
oulab,6,temporal_hgb,static_full,cutoff_valid,0.01,32593,27022,269,27022,61,208,0.966542750929368,0.1970260223048327,0.8688524590163934,0.7732342007434945,0.015109251510925152,0.0045524823913416935,1.0
oulab,6,temporal_hgb,activity_conditioned,cutoff_valid,0.05,28214,27022,1352,26143,775,577,0.9038461538461539,0.4770710059171598,0.832258064516129,0.42677514792899407,0.09437022163873658,0.05540285174368665,0.9674709495966249
oulab,6,temporal_hgb,activity_to_cutoff_valid,cutoff_valid,0.05,27022,27022,1352,27022,1352,0,0.8772189349112426,0.8772189349112426,0.8772189349112426,0.0,0.10187253049304243,0.10187253049304243,1.0
oulab,6,temporal_hgb,cutoff_valid,cutoff_valid,0.05,27022,27022,1352,27022,1352,0,0.8883136094674556,0.8883136094674556,0.8883136094674556,0.0,0.10316096890568631,0.10316096890568631,1.0
oulab,6,temporal_hgb,cutoff_valid_to_activity,cutoff_valid,0.05,28214,27022,1352,26143,1003,349,0.8631656804733728,0.6050295857988166,0.8155533399800599,0.2581360946745562,0.09012278940458723,0.07026284143617935,0.9674709495966249
oulab,6,temporal_hgb,static_full,cutoff_valid,0.05,32593,27022,1352,27022,304,1048,0.959319526627219,0.1871301775147929,0.8322368421052632,0.7751479289940828,0.07537192003719201,0.02173166122659337,1.0
oulab,6,temporal_hgb,activity_conditioned,cutoff_valid,0.1,28214,27022,2702,26143,1710,992,0.8830495928941525,0.5159141376757957,0.8152046783625732,0.3671354552183568,0.18426133292146113,0.11973887648170417,0.9674709495966249
oulab,6,temporal_hgb,activity_to_cutoff_valid,cutoff_valid,0.1,27022,27022,2702,27022,2702,0,0.8586232420429312,0.8586232420429312,0.8586232420429312,0.0,0.19927847448891942,0.19927847448891942,1.0
oulab,6,temporal_hgb,cutoff_valid,cutoff_valid,0.1,27022,27022,2702,27022,2702,0,0.8567727609178386,0.8567727609178386,0.8567727609178386,0.0,0.19884899501803813,0.19884899501803813,1.0
oulab,6,temporal_hgb,cutoff_valid_to_activity,cutoff_valid,0.1,28214,27022,2702,26143,1938,764,0.8608438193930422,0.5780903034789046,0.8059855521155831,0.28275351591413767,0.17962777048420728,0.13416938670331557,0.9674709495966249
oulab,6,temporal_hgb,static_full,cutoff_valid,0.1,32593,27022,2702,27022,609,2093,0.9615099925980755,0.18837897853441896,0.8357963875205254,0.7746113989637305,0.150976290097629,0.04372101013571551,1.0
oulab,6,temporal_hgb,activity_conditioned,cutoff_valid,0.2,28214,27022,5403,26143,3911,1492,0.8326855450675551,0.5565426614843605,0.7688570698031194,0.2761428835831945,0.34743995675341727,0.2582889537880089,0.9674709495966249
oulab,6,temporal_hgb,activity_to_cutoff_valid,cutoff_valid,0.2,27022,27022,5403,27022,5403,0,0.79603923746067,0.79603923746067,0.79603923746067,0.0,0.36943824085208726,0.36943824085208726,1.0
oulab,6,temporal_hgb,cutoff_valid,cutoff_valid,0.2,27022,27022,5403,27022,5403,0,0.7915972607810475,0.7915972607810475,0.7915972607810475,0.0,0.36737673939185705,0.36737673939185705,1.0
oulab,6,temporal_hgb,cutoff_valid_to_activity,cutoff_valid,0.2,28214,27022,5403,26143,4095,1308,0.8210253562835462,0.5789376272441237,0.7638583638583638,0.24208772903942255,0.34257471619430074,0.2686823569833362,0.9674709495966249
oulab,6,temporal_hgb,static_full,cutoff_valid,0.2,32593,27022,5403,27022,1635,3768,0.9507680918008514,0.2543031649083842,0.8403669724770643,0.6973903387007219,0.2985239423523942,0.118020958598179,1.0
oulab,8,base_dffnn,activity_conditioned,cutoff_valid,0.01,28330,26523,267,25768,108,159,0.9625468164794008,0.36704119850187267,0.9074074074074074,0.5955056179775281,0.019744929317762755,0.008796337851180325,0.971534140180221
oulab,8,base_dffnn,activity_to_cutoff_valid,cutoff_valid,0.01,26523,26523,267,26523,267,0,0.9662921348314607,0.9662921348314607,0.9662921348314607,0.0,0.023157705771474732,0.023157705771474732,1.0
oulab,8,base_dffnn,cutoff_valid,cutoff_valid,0.01,26523,26523,267,26523,267,0,0.9625468164794008,0.9625468164794008,0.9625468164794008,0.0,0.023067947221972893,0.023067947221972893,1.0
oulab,8,base_dffnn,cutoff_valid_to_activity,cutoff_valid,0.01,28330,26523,267,25768,136,131,0.9737827715355806,0.48314606741573035,0.9485294117647058,0.49063670411985016,0.01997541487400123,0.011578852885737366,0.971534140180221
oulab,8,base_dffnn,static_full,cutoff_valid,0.01,32593,26523,267,26523,33,234,0.9850187265917603,0.10861423220973783,0.8787878787878788,0.8764044943820225,0.015283589028358902,0.0026029979355533615,1.0
oulab,8,base_dffnn,activity_conditioned,cutoff_valid,0.05,28330,26523,1327,25768,610,717,0.9630746043707611,0.42275810097965333,0.919672131147541,0.5403165033911078,0.09818684695759065,0.05035454627053227,0.971534140180221
oulab,8,base_dffnn,activity_to_cutoff_valid,cutoff_valid,0.05,26523,26523,1327,26523,1327,0,0.9547852298417483,0.9547852298417483,0.9547852298417483,0.0,0.11372408221883135,0.11372408221883135,1.0
oulab,8,base_dffnn,cutoff_valid,cutoff_valid,0.05,26523,26523,1327,26523,1327,0,0.9577995478522984,0.9577995478522984,0.9577995478522984,0.0,0.1140831164168387,0.1140831164168387,1.0
oulab,8,base_dffnn,cutoff_valid_to_activity,cutoff_valid,0.05,28330,26523,1327,25768,699,628,0.9562923888470234,0.48304446119065564,0.9170243204577968,0.47324792765636775,0.09749539028887523,0.057535230230679475,0.971534140180221
oulab,8,base_dffnn,static_full,cutoff_valid,0.05,32593,26523,1327,26523,216,1111,0.9864355689525245,0.1492087415222306,0.9166666666666666,0.8372268274302939,0.07606927010692702,0.017772192801364328,1.0
oulab,8,base_dffnn,activity_conditioned,cutoff_valid,0.1,28330,26523,2652,25768,1357,1295,0.946078431372549,0.4577677224736048,0.894620486366986,0.4883107088989442,0.19276275353411187,0.10896687909523382,0.971534140180221
oulab,8,base_dffnn,activity_to_cutoff_valid,cutoff_valid,0.1,26523,26523,2652,26523,2652,0,0.9204374057315233,0.9204374057315233,0.9204374057315233,0.0,0.21910061933399155,0.21910061933399155,1.0
oulab,8,base_dffnn,cutoff_valid,cutoff_valid,0.1,26523,26523,2652,26523,2652,0,0.9279788838612368,0.9279788838612368,0.9279788838612368,0.0,0.22089579032402837,0.22089579032402837,1.0
oulab,8,base_dffnn,cutoff_valid_to_activity,cutoff_valid,0.1,28330,26523,2652,25768,1443,1209,0.9441930618401206,0.4883107088989442,0.8974358974358975,0.45588235294117646,0.19237861094038106,0.11623732160488287,0.971534140180221
oulab,8,base_dffnn,static_full,cutoff_valid,0.1,32593,26523,2652,26523,515,2137,0.9788838612368024,0.17307692307692307,0.8912621359223301,0.8058069381598794,0.1508600650860065,0.04119917422134458,1.0
oulab,8,base_dffnn,activity_conditioned,cutoff_valid,0.2,28330,26523,5303,25768,3305,1998,0.9030737318498963,0.5263058646049406,0.8444780635400908,0.3767678672449557,0.3679317762753534,0.25051611165963555,0.971534140180221
oulab,8,base_dffnn,activity_to_cutoff_valid,cutoff_valid,0.2,26523,26523,5303,26523,5303,0,0.8468791250235715,0.8468791250235715,0.8468791250235715,0.0,0.40310564581276365,0.40310564581276365,1.0
oulab,8,base_dffnn,cutoff_valid,cutoff_valid,0.2,26523,26523,5303,26523,5303,0,0.8487648500848576,0.8487648500848576,0.8487648500848576,0.0,0.40400323130778204,0.40400323130778204,1.0
oulab,8,base_dffnn,cutoff_valid_to_activity,cutoff_valid,0.2,28330,26523,5303,25768,3368,1935,0.9009994342824816,0.5361116349236281,0.8441211401425178,0.36488779935885346,0.3670866625691457,0.2551835562337313,0.971534140180221
oulab,8,base_dffnn,static_full,cutoff_valid,0.2,32593,26523,5303,26523,1475,3828,0.9681312464642655,0.24627569300396002,0.8854237288135594,0.7218555534603055,0.2983496048349605,0.1172246656494031,1.0
oulab,8,base_knn,activity_conditioned,cutoff_valid,0.01,28330,26523,267,25768,150,117,0.8876404494382022,0.449438202247191,0.8,0.43820224719101125,0.01820835894283958,0.010771025940220806,0.971534140180221
oulab,8,base_knn,activity_to_cutoff_valid,cutoff_valid,0.01,26523,26523,267,26523,267,0,0.8539325842696629,0.8539325842696629,0.8539325842696629,0.0,0.02046494928641953,0.02046494928641953,1.0
oulab,8,base_knn,cutoff_valid,cutoff_valid,0.01,26523,26523,267,26523,267,0,0.8913857677902621,0.8913857677902621,0.8913857677902621,0.0,0.02136253478143793,0.02136253478143793,1.0
oulab,8,base_knn,cutoff_valid_to_activity,cutoff_valid,0.01,28330,26523,267,25768,162,105,0.8876404494382022,0.4943820224719101,0.8148148148148148,0.39325842696629215,0.01820835894283958,0.011848128534242887,0.971534140180221
oulab,8,base_knn,static_full,cutoff_valid,0.01,32593,26523,267,26523,82,185,0.9325842696629213,0.24344569288389514,0.7926829268292683,0.6928838951310862,0.014470013947001394,0.005834305717619603,1.0
oulab,8,base_knn,activity_conditioned,cutoff_valid,0.05,28330,26523,1327,25768,752,575,0.908816880180859,0.47550866616428034,0.839095744680851,0.43330821401657876,0.09265519360786724,0.056637644735661075,0.971534140180221
oulab,8,base_knn,activity_to_cutoff_valid,cutoff_valid,0.05,26523,26523,1327,26523,1327,0,0.9035418236623964,0.9035418236623964,0.9035418236623964,0.0,0.10762050085270622,0.10762050085270622,1.0
oulab,8,base_knn,cutoff_valid,cutoff_valid,0.05,26523,26523,1327,26523,1327,0,0.9050489826676714,0.9050489826676714,0.9050489826676714,0.0,0.1078000179517099,0.1078000179517099,1.0
oulab,8,base_knn,cutoff_valid_to_activity,cutoff_valid,0.05,28330,26523,1327,25768,841,486,0.892991710625471,0.5267520723436323,0.83115338882283,0.36623963828183875,0.0910417947141979,0.0627412261017862,0.971534140180221
oulab,8,base_knn,static_full,cutoff_valid,0.05,32593,26523,1327,26523,339,988,0.9570459683496609,0.21477015825169554,0.8407079646017699,0.7445365486058779,0.07380288238028823,0.025581186608024414,1.0
oulab,8,base_knn,activity_conditioned,cutoff_valid,0.1,28330,26523,2652,25768,1682,970,0.8944193061840121,0.528657616892911,0.8335315101070154,0.36576168929110103,0.18223724646588813,0.12584148640157974,0.971534140180221
oulab,8,base_knn,activity_to_cutoff_valid,cutoff_valid,0.1,26523,26523,2652,26523,2652,0,0.8800904977375565,0.8800904977375565,0.8800904977375565,0.0,0.20949645453729468,0.20949645453729468,1.0
oulab,8,base_knn,cutoff_valid,cutoff_valid,0.1,26523,26523,2652,26523,2652,0,0.8793363499245852,0.8793363499245852,0.8793363499245852,0.0,0.209316937438291,0.209316937438291,1.0
oulab,8,base_knn,cutoff_valid_to_activity,cutoff_valid,0.1,28330,26523,2652,25768,1789,863,0.8838612368024132,0.558446455505279,0.8278367803242035,0.32541478129713425,0.1800860479409957,0.13293241181222512,0.971534140180221
oulab,8,base_knn,static_full,cutoff_valid,0.1,32593,26523,2652,26523,625,2027,0.9645550527903469,0.20135746606334842,0.8544,0.7643288084464555,0.148651789865179,0.04793106543398259,1.0
oulab,8,base_knn,activity_conditioned,cutoff_valid,0.2,28330,26523,5303,25768,3697,1606,0.8500848576277579,0.5472374127852159,0.7849607790100082,0.30284744484254195,0.34634296250768287,0.2604793106543398,0.971534140180221
oulab,8,base_knn,activity_to_cutoff_valid,cutoff_valid,0.2,26523,26523,5303,26523,5303,0,0.8065246087120498,0.8065246087120498,0.8065246087120498,0.0,0.3838973162193699,0.3838973162193699,1.0
oulab,8,base_knn,cutoff_valid,cutoff_valid,0.2,26523,26523,5303,26523,5303,0,0.8046388836507637,0.8046388836507637,0.8046388836507637,0.0,0.3829997307243515,0.3829997307243515,1.0
oulab,8,base_knn,cutoff_valid_to_activity,cutoff_valid,0.2,28330,26523,5303,25768,3802,1501,0.843296247407128,0.5602489157080898,0.7814308258811152,0.2830473316990383,0.3435771358328211,0.2666726505699668,0.971534140180221
oulab,8,base_knn,static_full,cutoff_valid,0.2,32593,26523,5303,26523,1575,3728,0.95398830850462,0.251555723175561,0.846984126984127,0.7029983028474448,0.2939911668991167,0.11973790503545463,1.0
oulab,8,base_lr_clickstream,activity_conditioned,cutoff_valid,0.01,28330,26523,267,25768,172,95,0.9288389513108615,0.5730337078651685,0.8895348837209303,0.35580524344569286,0.019053472649047325,0.013733058073781527,0.971534140180221
oulab,8,base_lr_clickstream,activity_to_cutoff_valid,cutoff_valid,0.01,26523,26523,267,26523,267,0,0.9101123595505618,0.9101123595505618,0.9101123595505618,0.0,0.02181132752894713,0.02181132752894713,1.0
oulab,8,base_lr_clickstream,cutoff_valid,cutoff_valid,0.01,26523,26523,267,26523,267,0,0.9176029962546817,0.9176029962546817,0.9176029962546817,0.0,0.021990844627950812,0.021990844627950812,1.0
oulab,8,base_lr_clickstream,cutoff_valid_to_activity,cutoff_valid,0.01,28330,26523,267,25768,191,76,0.9288389513108615,0.6441947565543071,0.900523560209424,0.2846441947565543,0.019053472649047325,0.015438470514316488,0.971534140180221
oulab,8,base_lr_clickstream,static_full,cutoff_valid,0.01,32593,26523,267,26523,56,211,0.9550561797752809,0.16853932584269662,0.8035714285714286,0.7902621722846442,0.014818688981868899,0.004039134727582802,1.0
oulab,8,base_lr_clickstream,activity_conditioned,cutoff_valid,0.05,28330,26523,1327,25768,791,536,0.9193669932177845,0.5154483798040693,0.8647281921618205,0.40391861341371516,0.09373079287031345,0.0613948478592586,0.971534140180221
oulab,8,base_lr_clickstream,activity_to_cutoff_valid,cutoff_valid,0.05,26523,26523,1327,26523,1327,0,0.9027882441597589,0.9027882441597589,0.9027882441597589,0.0,0.10753074230320438,0.10753074230320438,1.0
oulab,8,base_lr_clickstream,cutoff_valid,cutoff_valid,0.05,26523,26523,1327,26523,1327,0,0.9118311981914092,0.9118311981914092,0.9118311981914092,0.0,0.10860784489722645,0.10860784489722645,1.0
oulab,8,base_lr_clickstream,cutoff_valid_to_activity,cutoff_valid,0.05,28330,26523,1327,25768,846,481,0.9103240391861341,0.5478522984174831,0.859338061465721,0.3624717407686511,0.09280885064535956,0.06525446548783771,0.971534140180221
oulab,8,base_lr_clickstream,static_full,cutoff_valid,0.05,32593,26523,1327,26523,280,1047,0.9698568198944989,0.18311981914091938,0.8678571428571429,0.7889977392614921,0.07479079497907949,0.02181132752894713,1.0
oulab,8,base_lr_clickstream,activity_conditioned,cutoff_valid,0.1,28330,26523,2652,25768,1592,1060,0.9019607843137255,0.502262443438914,0.8366834170854272,0.3996983408748115,0.18377381684081132,0.11955838793645095,0.971534140180221
oulab,8,base_lr_clickstream,activity_to_cutoff_valid,cutoff_valid,0.1,26523,26523,2652,26523,2652,0,0.8823529411764706,0.8823529411764706,0.8823529411764706,0.0,0.2100350058343057,0.2100350058343057,1.0
oulab,8,base_lr_clickstream,cutoff_valid,cutoff_valid,0.1,26523,26523,2652,26523,2652,0,0.8782051282051282,0.8782051282051282,0.8782051282051282,0.0,0.20904766178978548,0.20904766178978548,1.0
oulab,8,base_lr_clickstream,cutoff_valid_to_activity,cutoff_valid,0.1,28330,26523,2652,25768,1670,982,0.8883861236802413,0.5180995475113123,0.822754491017964,0.3702865761689291,0.1810079901659496,0.12332824701552823,0.971534140180221
oulab,8,base_lr_clickstream,static_full,cutoff_valid,0.1,32593,26523,2652,26523,556,2096,0.9743589743589743,0.18514328808446456,0.8830935251798561,0.7903469079939668,0.15016271501627151,0.044071447805403466,1.0
oulab,8,base_lr_clickstream,activity_conditioned,cutoff_valid,0.2,28330,26523,5303,25768,3622,1681,0.8593249104280596,0.5423345276258722,0.7940364439536168,0.31699038280218744,0.35010755992624465,0.258145588367292,0.971534140180221
oulab,8,base_lr_clickstream,activity_to_cutoff_valid,cutoff_valid,0.2,26523,26523,5303,26523,5303,0,0.8148217989817085,0.8148217989817085,0.8148217989817085,0.0,0.38784669239745084,0.38784669239745084,1.0
oulab,8,base_lr_clickstream,cutoff_valid,cutoff_valid,0.2,26523,26523,5303,26523,5303,0,0.8080331887610787,0.8080331887610787,0.8080331887610787,0.0,0.38461538461538464,0.38461538461538464,1.0
oulab,8,base_lr_clickstream,cutoff_valid_to_activity,cutoff_valid,0.2,28330,26523,5303,25768,3706,1597,0.8461248349990571,0.5449745427116727,0.7798165137614679,0.3011502922873845,0.3447295636140135,0.2594022080603177,0.971534140180221
oulab,8,base_lr_clickstream,static_full,cutoff_valid,0.2,32593,26523,5303,26523,1549,3754,0.9553083160475203,0.24797284555911747,0.8489347966429954,0.7079011880067886,0.29439795443979544,0.11803249259491967,1.0
oulab,8,base_lr_profile,activity_conditioned,cutoff_valid,0.01,28330,26523,267,25768,224,43,0.7640449438202247,0.602996254681648,0.71875,0.16104868913857678,0.01567301782421635,0.014451126469796249,0.971534140180221
oulab,8,base_lr_profile,activity_to_cutoff_valid,cutoff_valid,0.01,26523,26523,267,26523,267,0,0.7228464419475655,0.7228464419475655,0.7228464419475655,0.0,0.01732340005385513,0.01732340005385513,1.0
oulab,8,base_lr_profile,cutoff_valid,cutoff_valid,0.01,26523,26523,267,26523,267,0,0.9288389513108615,0.9288389513108615,0.9288389513108615,0.0,0.02226012027645633,0.02226012027645633,1.0
oulab,8,base_lr_profile,cutoff_valid_to_activity,cutoff_valid,0.01,28330,26523,267,25768,236,31,0.7677902621722846,0.651685393258427,0.7372881355932204,0.11610486891385768,0.015749846342962507,0.015617987613320169,0.971534140180221
oulab,8,base_lr_profile,static_full,cutoff_valid,0.01,32593,26523,267,26523,59,208,0.9850187265917603,0.21348314606741572,0.9661016949152542,0.7790262172284644,0.015283589028358902,0.0051162373216048825,1.0
oulab,8,base_lr_profile,activity_conditioned,cutoff_valid,0.05,28330,26523,1327,25768,1128,199,0.7000753579502638,0.5501130369253956,0.6471631205673759,0.14996232102486812,0.07137369391518132,0.06552374113634324,0.971534140180221
oulab,8,base_lr_profile,activity_to_cutoff_valid,cutoff_valid,0.05,26523,26523,1327,26523,1327,0,0.6601356443104748,0.6601356443104748,0.6601356443104748,0.0,0.07862848936361189,0.07862848936361189,1.0
oulab,8,base_lr_profile,cutoff_valid,cutoff_valid,0.05,26523,26523,1327,26523,1327,0,0.7980406932931424,0.7980406932931424,0.7980406932931424,0.0,0.09505430392244861,0.09505430392244861,1.0
oulab,8,base_lr_profile,cutoff_valid_to_activity,cutoff_valid,0.05,28330,26523,1327,25768,1160,167,0.693293142426526,0.5674453654860587,0.6491379310344828,0.12584777694046723,0.07068223724646588,0.06758818777488555,0.971534140180221
oulab,8,base_lr_profile,static_full,cutoff_valid,0.05,32593,26523,1327,26523,302,1025,0.972871137905049,0.20195930670685758,0.8874172185430463,0.7724189902034665,0.0750232450023245,0.024055291266493133,1.0
oulab,8,base_lr_profile,activity_conditioned,cutoff_valid,0.1,28330,26523,2652,25768,2257,395,0.6617647058823529,0.5128205128205128,0.6025697828976517,0.14894419306184012,0.1348340503995083,0.12207162732250247,0.971534140180221
oulab,8,base_lr_profile,activity_to_cutoff_valid,cutoff_valid,0.1,26523,26523,2652,26523,2652,0,0.6217948717948718,0.6217948717948718,0.6217948717948718,0.0,0.14801184812853424,0.14801184812853424,1.0
oulab,8,base_lr_profile,cutoff_valid,cutoff_valid,0.1,26523,26523,2652,26523,2652,0,0.7160633484162896,0.7160633484162896,0.7160633484162896,0.0,0.17045148550399425,0.17045148550399425,1.0
oulab,8,base_lr_profile,cutoff_valid_to_activity,cutoff_valid,0.1,28330,26523,2652,25768,2328,324,0.6583710407239819,0.5361990950226244,0.6108247422680413,0.12217194570135746,0.13414259373079288,0.12763665739161656,0.971534140180221
oulab,8,base_lr_profile,static_full,cutoff_valid,0.1,32593,26523,2652,26523,588,2064,0.9671945701357466,0.19004524886877827,0.8571428571428571,0.7782805429864253,0.14905857740585773,0.045238308948927386,1.0
oulab,8,base_lr_profile,activity_conditioned,cutoff_valid,0.2,28330,26523,5303,25768,4594,709,0.6217235527060154,0.48802564586083347,0.5633434915106661,0.13369790684518199,0.25330362630608483,0.23229512611076206,0.971534140180221
oulab,8,base_lr_profile,activity_to_cutoff_valid,cutoff_valid,0.2,26523,26523,5303,26523,5303,0,0.5821233264190081,0.5821233264190081,0.5821233264190081,0.0,0.2770846423121802,0.2770846423121802,1.0
oulab,8,base_lr_profile,cutoff_valid,cutoff_valid,0.2,26523,26523,5303,26523,5303,0,0.6230435602489157,0.6230435602489157,0.6230435602489157,0.0,0.2965622475540795,0.2965622475540795,1.0
oulab,8,base_lr_profile,cutoff_valid_to_activity,cutoff_valid,0.2,28330,26523,5303,25768,4653,650,0.6217235527060154,0.4991514237224213,0.5688802922845476,0.1225721289835942,0.25330362630608483,0.23759088053137062,0.971534140180221
oulab,8,base_lr_profile,static_full,cutoff_valid,0.2,32593,26523,5303,26523,1861,3442,0.9023194418253818,0.2538185932491043,0.723267060720043,0.6490665660946634,0.278068340306834,0.12081500762947671,1.0
oulab,8,base_lr_weekly,activity_conditioned,cutoff_valid,0.01,28330,26523,267,25768,179,88,0.9063670411985019,0.5767790262172284,0.8603351955307262,0.3295880149812734,0.018592501536570376,0.013822816623283368,0.971534140180221
oulab,8,base_lr_weekly,activity_to_cutoff_valid,cutoff_valid,0.01,26523,26523,267,26523,267,0,0.8913857677902621,0.8913857677902621,0.8913857677902621,0.0,0.02136253478143793,0.02136253478143793,1.0
oulab,8,base_lr_weekly,cutoff_valid,cutoff_valid,0.01,26523,26523,267,26523,267,0,0.898876404494382,0.898876404494382,0.898876404494382,0.0,0.02154205188044161,0.02154205188044161,1.0
oulab,8,base_lr_weekly,cutoff_valid_to_activity,cutoff_valid,0.01,28330,26523,267,25768,215,52,0.8801498127340824,0.6853932584269663,0.8511627906976744,0.1947565543071161,0.018054701905347265,0.01642581455883673,0.971534140180221
oulab,8,base_lr_weekly,static_full,cutoff_valid,0.01,32593,26523,267,26523,62,205,0.9625468164794008,0.19850187265917604,0.8548387096774194,0.7677902621722846,0.0149349139934914,0.004757203123597523,1.0
oulab,8,base_lr_weekly,activity_conditioned,cutoff_valid,0.05,28330,26523,1327,25768,852,475,0.9186134137151469,0.560663149962321,0.8732394366197183,0.3579502637528259,0.0936539643515673,0.066780360829369,0.971534140180221
oulab,8,base_lr_weekly,activity_to_cutoff_valid,cutoff_valid,0.05,26523,26523,1327,26523,1327,0,0.8899773926149209,0.8899773926149209,0.8899773926149209,0.0,0.1060048469616731,0.1060048469616731,1.0
oulab,8,base_lr_weekly,cutoff_valid,cutoff_valid,0.05,26523,26523,1327,26523,1327,0,0.905802562170309,0.905802562170309,0.905802562170309,0.0,0.10788977650121175,0.10788977650121175,1.0
oulab,8,base_lr_weekly,cutoff_valid_to_activity,cutoff_valid,0.05,28330,26523,1327,25768,954,373,0.8952524491333835,0.6141672946495855,0.8542976939203354,0.28108515448379806,0.09127228027043639,0.07315321784399964,0.971534140180221
oulab,8,base_lr_weekly,static_full,cutoff_valid,0.05,32593,26523,1327,26523,285,1042,0.9691032403918614,0.18613413715146948,0.8666666666666667,0.7852298417483045,0.07473268247326825,0.022170361726954493,1.0
oulab,8,base_lr_weekly,activity_conditioned,cutoff_valid,0.1,28330,26523,2652,25768,1635,1017,0.9132730015082956,0.529788838612368,0.8593272171253823,0.3834841628959276,0.18607867240319606,0.12611076205008528,0.971534140180221
oulab,8,base_lr_weekly,activity_to_cutoff_valid,cutoff_valid,0.1,26523,26523,2652,26523,2652,0,0.8755656108597285,0.8755656108597285,0.8755656108597285,0.0,0.2084193519432726,0.2084193519432726,1.0
oulab,8,base_lr_weekly,cutoff_valid,cutoff_valid,0.1,26523,26523,2652,26523,2652,0,0.8827300150829562,0.8827300150829562,0.8827300150829562,0.0,0.21012476438380756,0.21012476438380756,1.0
oulab,8,base_lr_weekly,cutoff_valid_to_activity,cutoff_valid,0.1,28330,26523,2652,25768,1781,871,0.888763197586727,0.5603318250377074,0.8343627175743964,0.3284313725490196,0.18108481868469575,0.13338120455973432,0.971534140180221
oulab,8,base_lr_weekly,static_full,cutoff_valid,0.1,32593,26523,2652,26523,558,2094,0.9728506787330317,0.18438914027149322,0.8763440860215054,0.7895927601809954,0.1499302649930265,0.04389193070639978,1.0
oulab,8,base_lr_weekly,activity_conditioned,cutoff_valid,0.2,28330,26523,5303,25768,3472,1831,0.8813878936451065,0.5361116349236281,0.818836405529954,0.34527625872147844,0.3590964966195452,0.2551835562337313,0.971534140180221
oulab,8,base_lr_weekly,activity_to_cutoff_valid,cutoff_valid,0.2,26523,26523,5303,26523,5303,0,0.8201018291533094,0.8201018291533094,0.8201018291533094,0.0,0.39035993178350237,0.39035993178350237,1.0
oulab,8,base_lr_weekly,cutoff_valid,cutoff_valid,0.2,26523,26523,5303,26523,5303,0,0.817461814067509,0.817461814067509,0.817461814067509,0.0,0.3891033120904766,0.3891033120904766,1.0
oulab,8,base_lr_weekly,cutoff_valid_to_activity,cutoff_valid,0.2,28330,26523,5303,25768,3624,1679,0.8659249481425608,0.5493117103526306,0.8038079470198676,0.3166132377899302,0.35279655808236016,0.26146665469886005,0.971534140180221
oulab,8,base_lr_weekly,static_full,cutoff_valid,0.2,32593,26523,5303,26523,1597,3706,0.9577597586271922,0.2594757684329625,0.8616155291170946,0.6988497077126155,0.2951534170153417,0.1235077641145319,1.0
oulab,8,base_rf_entropy,activity_conditioned,cutoff_valid,0.01,28330,26523,267,25768,104,163,0.9737827715355806,0.36329588014981273,0.9326923076923077,0.6104868913857678,0.01997541487400123,0.008706579301678485,0.971534140180221
oulab,8,base_rf_entropy,activity_to_cutoff_valid,cutoff_valid,0.01,26523,26523,267,26523,267,0,0.9625468164794008,0.9625468164794008,0.9625468164794008,0.0,0.023067947221972893,0.023067947221972893,1.0
oulab,8,base_rf_entropy,cutoff_valid,cutoff_valid,0.01,26523,26523,267,26523,267,0,0.9700374531835206,0.9700374531835206,0.9700374531835206,0.0,0.023247464320976574,0.023247464320976574,1.0
oulab,8,base_rf_entropy,cutoff_valid_to_activity,cutoff_valid,0.01,28330,26523,267,25768,135,132,0.9737827715355806,0.4794007490636704,0.9481481481481482,0.4943820224719101,0.01997541487400123,0.011489094336235526,0.971534140180221
oulab,8,base_rf_entropy,static_full,cutoff_valid,0.01,32593,26523,267,26523,28,239,0.9962546816479401,0.10112359550561797,0.9642857142857143,0.8951310861423221,0.015457926545792654,0.0024234808365496815,1.0
oulab,8,base_rf_entropy,activity_conditioned,cutoff_valid,0.05,28330,26523,1327,25768,563,764,0.9593067068575735,0.3835719668425019,0.9040852575488455,0.5757347400150716,0.09780270436385986,0.04568710169643658,0.971534140180221
oulab,8,base_rf_entropy,activity_to_cutoff_valid,cutoff_valid,0.05,26523,26523,1327,26523,1327,0,0.9480030143180106,0.9480030143180106,0.9480030143180106,0.0,0.11291625527331478,0.11291625527331478,1.0
oulab,8,base_rf_entropy,cutoff_valid,cutoff_valid,0.05,26523,26523,1327,26523,1327,0,0.9502637528259231,0.9502637528259231,0.9502637528259231,0.0,0.11318553092182031,0.11318553092182031,1.0
oulab,8,base_rf_entropy,cutoff_valid_to_activity,cutoff_valid,0.05,28330,26523,1327,25768,612,715,0.9540316503391107,0.4152223059532781,0.9003267973856209,0.5388093443858327,0.09726490473263676,0.04945696077551387,0.971534140180221
oulab,8,base_rf_entropy,static_full,cutoff_valid,0.05,32593,26523,1327,26523,218,1109,0.9819140919366993,0.1461944235116805,0.8899082568807339,0.8357196684250189,0.07572059507205951,0.01741315860335697,1.0
oulab,8,base_rf_entropy,activity_conditioned,cutoff_valid,0.1,28330,26523,2652,25768,1280,1372,0.9464555052790347,0.4291101055806938,0.8890625,0.5173453996983409,0.19283958205285803,0.10214522933309397,0.971534140180221
oulab,8,base_rf_entropy,activity_to_cutoff_valid,cutoff_valid,0.1,26523,26523,2652,26523,2652,0,0.9128959276018099,0.9128959276018099,0.9128959276018099,0.0,0.21730544834395477,0.21730544834395477,1.0
oulab,8,base_rf_entropy,cutoff_valid,cutoff_valid,0.1,26523,26523,2652,26523,2652,0,0.9211915535444947,0.9211915535444947,0.9211915535444947,0.0,0.21928013643299524,0.21928013643299524,1.0
oulab,8,base_rf_entropy,cutoff_valid_to_activity,cutoff_valid,0.1,28330,26523,2652,25768,1326,1326,0.943815987933635,0.44381598793363497,0.8876319758672699,0.5,0.1923017824216349,0.10564581276366573,0.971534140180221
oulab,8,base_rf_entropy,static_full,cutoff_valid,0.1,32593,26523,2652,26523,491,2161,0.9754901960784313,0.16063348416289594,0.8676171079429735,0.8148567119155354,0.15033705253370525,0.03823714208778386,1.0
oulab,8,base_rf_entropy,activity_conditioned,cutoff_valid,0.2,28330,26523,5303,25768,3219,2084,0.907033754478597,0.5140486517065812,0.8468468468468469,0.3929851027720158,0.36954517516902274,0.24468180594201597,0.971534140180221
oulab,8,base_rf_entropy,activity_to_cutoff_valid,cutoff_valid,0.2,26523,26523,5303,26523,5303,0,0.8457476899867999,0.8457476899867999,0.8457476899867999,0.0,0.4025670945157526,0.4025670945157526,1.0
oulab,8,base_rf_entropy,cutoff_valid,cutoff_valid,0.2,26523,26523,5303,26523,5303,0,0.8498962851216293,0.8498962851216293,0.8498962851216293,0.0,0.4045417826047931,0.4045417826047931,1.0
oulab,8,base_rf_entropy,cutoff_valid_to_activity,cutoff_valid,0.2,28330,26523,5303,25768,3274,2029,0.9036394493682821,0.5210258344333396,0.8439218081857056,0.3826136149349425,0.3681622618315919,0.24800287227358406,0.971534140180221
oulab,8,base_rf_entropy,static_full,cutoff_valid,0.2,32593,26523,5303,26523,1402,3901,0.9649255138600792,0.22930416745238544,0.8673323823109843,0.7356213464076937,0.2973616922361692,0.10914639619423751,1.0
oulab,8,base_rf_gini,activity_conditioned,cutoff_valid,0.01,28330,26523,267,25768,115,152,0.9737827715355806,0.4044943820224719,0.9391304347826087,0.5692883895131086,0.01997541487400123,0.009693923346198726,0.971534140180221
oulab,8,base_rf_gini,activity_to_cutoff_valid,cutoff_valid,0.01,26523,26523,267,26523,267,0,0.9662921348314607,0.9662921348314607,0.9662921348314607,0.0,0.023157705771474732,0.023157705771474732,1.0
oulab,8,base_rf_gini,cutoff_valid,cutoff_valid,0.01,26523,26523,267,26523,267,0,0.9737827715355806,0.9737827715355806,0.9737827715355806,0.0,0.023337222870478413,0.023337222870478413,1.0
oulab,8,base_rf_gini,cutoff_valid_to_activity,cutoff_valid,0.01,28330,26523,267,25768,145,122,0.9700374531835206,0.5131086142322098,0.9448275862068966,0.45692883895131087,0.01989858635525507,0.012296921281752088,0.971534140180221
oulab,8,base_rf_gini,static_full,cutoff_valid,0.01,32593,26523,267,26523,26,241,0.9962546816479401,0.09363295880149813,0.9615384615384616,0.9026217228464419,0.015457926545792654,0.002243963737546001,1.0
oulab,8,base_rf_gini,activity_conditioned,cutoff_valid,0.05,28330,26523,1327,25768,563,764,0.9585531273549359,0.38281838733986434,0.9023090586145648,0.5757347400150716,0.0977258758451137,0.04559734314693475,0.971534140180221
oulab,8,base_rf_gini,activity_to_cutoff_valid,cutoff_valid,0.05,26523,26523,1327,26523,1327,0,0.9480030143180106,0.9480030143180106,0.9480030143180106,0.0,0.11291625527331478,0.11291625527331478,1.0
oulab,8,base_rf_gini,cutoff_valid,cutoff_valid,0.05,26523,26523,1327,26523,1327,0,0.9525244913338358,0.9525244913338358,0.9525244913338358,0.0,0.11345480657032582,0.11345480657032582,1.0
oulab,8,base_rf_gini,cutoff_valid_to_activity,cutoff_valid,0.05,28330,26523,1327,25768,627,700,0.9540316503391107,0.426525998492841,0.9027113237639554,0.5275056518462697,0.09726490473263676,0.05080333901804147,0.971534140180221
oulab,8,base_rf_gini,static_full,cutoff_valid,0.05,32593,26523,1327,26523,214,1113,0.9788997739261492,0.14016578749058026,0.8691588785046729,0.838733986435569,0.0754881450488145,0.01669509020734225,1.0
oulab,8,base_rf_gini,activity_conditioned,cutoff_valid,0.1,28330,26523,2652,25768,1282,1370,0.9479638009049773,0.43137254901960786,0.8923556942277691,0.5165912518853696,0.19314689612784267,0.10268378063010501,0.971534140180221
oulab,8,base_rf_gini,activity_to_cutoff_valid,cutoff_valid,0.1,26523,26523,2652,26523,2652,0,0.915158371040724,0.915158371040724,0.915158371040724,0.0,0.2178439996409658,0.2178439996409658,1.0
oulab,8,base_rf_gini,cutoff_valid,cutoff_valid,0.1,26523,26523,2652,26523,2652,0,0.9211915535444947,0.9211915535444947,0.9211915535444947,0.0,0.21928013643299524,0.21928013643299524,1.0
oulab,8,base_rf_gini,cutoff_valid_to_activity,cutoff_valid,0.1,28330,26523,2652,25768,1325,1327,0.9434389140271493,0.44306184012066363,0.8867924528301887,0.5003770739064857,0.19222495390288874,0.10546629566466206,0.971534140180221
oulab,8,base_rf_gini,static_full,cutoff_valid,0.1,32593,26523,2652,26523,499,2153,0.975867269984917,0.16402714932126697,0.8717434869739479,0.8118401206636501,0.1503951650395165,0.039044969033300424,1.0
oulab,8,base_rf_gini,activity_conditioned,cutoff_valid,0.2,28330,26523,5303,25768,3225,2078,0.9059023194418254,0.5140486517065812,0.8452713178294574,0.3918536677352442,0.3690842040565458,0.24468180594201597,0.971534140180221
oulab,8,base_rf_gini,activity_to_cutoff_valid,cutoff_valid,0.2,26523,26523,5303,26523,5303,0,0.8455591174806714,0.8455591174806714,0.8455591174806714,0.0,0.4024773359662508,0.4024773359662508,1.0
oulab,8,base_rf_gini,cutoff_valid,cutoff_valid,0.2,26523,26523,5303,26523,5303,0,0.8500848576277579,0.8500848576277579,0.8500848576277579,0.0,0.40463154115429495,0.40463154115429495,1.0
oulab,8,base_rf_gini,cutoff_valid_to_activity,cutoff_valid,0.2,28330,26523,5303,25768,3277,2026,0.9038280218744107,0.521780124457854,0.8443698504729936,0.38204789741655665,0.368239090350338,0.24836190647159143,0.971534140180221
oulab,8,base_rf_gini,static_full,cutoff_valid,0.2,32593,26523,5303,26523,1392,3911,0.965491231378465,0.2279841599094852,0.8685344827586207,0.7375070714689799,0.297536029753603,0.10851808634772463,1.0
oulab,8,base_svm,activity_conditioned,cutoff_valid,0.01,28330,26523,267,25768,164,103,0.9288389513108615,0.5430711610486891,0.8841463414634146,0.3857677902621723,0.019053472649047325,0.013014989677766807,0.971534140180221
oulab,8,base_svm,activity_to_cutoff_valid,cutoff_valid,0.01,26523,26523,267,26523,267,0,0.9176029962546817,0.9176029962546817,0.9176029962546817,0.0,0.021990844627950812,0.021990844627950812,1.0
oulab,8,base_svm,cutoff_valid,cutoff_valid,0.01,26523,26523,267,26523,267,0,0.9063670411985019,0.9063670411985019,0.9063670411985019,0.0,0.021721568979445292,0.021721568979445292,1.0
oulab,8,base_svm,cutoff_valid_to_activity,cutoff_valid,0.01,28330,26523,267,25768,183,84,0.9400749063670412,0.6254681647940075,0.912568306010929,0.3146067415730337,0.019283958205285803,0.014989677766807288,0.971534140180221
oulab,8,base_svm,static_full,cutoff_valid,0.01,32593,26523,267,26523,69,198,0.9588014981273408,0.2209737827715356,0.855072463768116,0.7415730337078652,0.014876801487680148,0.005295754420608563,1.0
oulab,8,base_svm,activity_conditioned,cutoff_valid,0.05,28330,26523,1327,25768,758,569,0.93293142426526,0.5041446872645065,0.8825857519788918,0.4287867370007536,0.09511370620774431,0.06004846961673099,0.971534140180221
oulab,8,base_svm,activity_to_cutoff_valid,cutoff_valid,0.05,26523,26523,1327,26523,1327,0,0.9178598342125094,0.9178598342125094,0.9178598342125094,0.0,0.10932591329324118,0.10932591329324118,1.0
oulab,8,base_svm,cutoff_valid,cutoff_valid,0.05,26523,26523,1327,26523,1327,0,0.921627731725697,0.921627731725697,0.921627731725697,0.0,0.10977470604075037,0.10977470604075037,1.0
oulab,8,base_svm,cutoff_valid_to_activity,cutoff_valid,0.05,28330,26523,1327,25768,818,509,0.9208741522230596,0.5373021853805576,0.871638141809291,0.3835719668425019,0.09388444990780578,0.06399784579481195,0.971534140180221
oulab,8,base_svm,static_full,cutoff_valid,0.05,32593,26523,1327,26523,302,1025,0.9683496608892238,0.19819140919366993,0.8708609271523179,0.7724189902034665,0.074674569967457,0.023606498518983932,1.0
oulab,8,base_svm,activity_conditioned,cutoff_valid,0.1,28330,26523,2652,25768,1557,1095,0.9087481146304676,0.49585218702865763,0.844572896596018,0.41289592760180993,0.18515673017824216,0.11803249259491967,0.971534140180221
oulab,8,base_svm,activity_to_cutoff_valid,cutoff_valid,0.1,26523,26523,2652,26523,2652,0,0.8910256410256411,0.8910256410256411,0.8910256410256411,0.0,0.21209945247284803,0.21209945247284803,1.0
oulab,8,base_svm,cutoff_valid,cutoff_valid,0.1,26523,26523,2652,26523,2652,0,0.8819758672699849,0.8819758672699849,0.8819758672699849,0.0,0.20994524728480388,0.20994524728480388,1.0
oulab,8,base_svm,cutoff_valid_to_activity,cutoff_valid,0.1,28330,26523,2652,25768,1615,1037,0.8981900452488688,0.5071644042232277,0.8328173374613003,0.391025641025641,0.18300553165334973,0.12072524907997487,0.971534140180221
oulab,8,base_svm,static_full,cutoff_valid,0.1,32593,26523,2652,26523,576,2076,0.973604826546003,0.19193061840120665,0.8836805555555556,0.7828054298642534,0.150046490004649,0.04568710169643658,1.0
oulab,8,base_svm,activity_conditioned,cutoff_valid,0.2,28330,26523,5303,25768,3589,1714,0.8657363756364322,0.5425231001320008,0.8016160490387294,0.32321327550443146,0.352719729563614,0.25823534691679384,0.971534140180221
oulab,8,base_svm,activity_to_cutoff_valid,cutoff_valid,0.2,26523,26523,5303,26523,5303,0,0.8189703941165378,0.8189703941165378,0.8189703941165378,0.0,0.38982138048649134,0.38982138048649134,1.0
oulab,8,base_svm,cutoff_valid,cutoff_valid,0.2,26523,26523,5303,26523,5303,0,0.8133132189326796,0.8133132189326796,0.8133132189326796,0.0,0.38712862400143616,0.38712862400143616,1.0
oulab,8,base_svm,cutoff_valid_to_activity,cutoff_valid,0.2,28330,26523,5303,25768,3678,1625,0.8514048651706582,0.5449745427116727,0.7857531266992931,0.3064303224589855,0.34688076213890595,0.2594022080603177,0.971534140180221
oulab,8,base_svm,static_full,cutoff_valid,0.2,32593,26523,5303,26523,1540,3763,0.9587026211578352,0.24966999811427493,0.8597402597402597,0.709598340561946,0.29544397954439794,0.11884031954043622,1.0
oulab,8,flat_hgb,activity_conditioned,cutoff_valid,0.01,28330,26523,267,25768,154,113,0.9101123595505618,0.4868913857677903,0.8441558441558441,0.4232209737827715,0.018669330055316534,0.011668611435239206,0.971534140180221
oulab,8,flat_hgb,activity_to_cutoff_valid,cutoff_valid,0.01,26523,26523,267,26523,267,0,0.8876404494382022,0.8876404494382022,0.8876404494382022,0.0,0.021272776231936092,0.021272776231936092,1.0
oulab,8,flat_hgb,cutoff_valid,cutoff_valid,0.01,26523,26523,267,26523,267,0,0.898876404494382,0.898876404494382,0.898876404494382,0.0,0.02154205188044161,0.02154205188044161,1.0
oulab,8,flat_hgb,cutoff_valid_to_activity,cutoff_valid,0.01,28330,26523,267,25768,153,114,0.9138576779026217,0.4868913857677903,0.8496732026143791,0.42696629213483145,0.018746158574062692,0.011668611435239206,0.971534140180221
oulab,8,flat_hgb,static_full,cutoff_valid,0.01,32593,26523,267,26523,56,211,0.9625468164794008,0.1760299625468165,0.8392857142857143,0.7902621722846442,0.0149349139934914,0.004218651826586483,1.0
oulab,8,flat_hgb,activity_conditioned,cutoff_valid,0.05,28330,26523,1327,25768,774,553,0.908816880180859,0.492087415222306,0.8436692506459949,0.4167294649585531,0.09265519360786724,0.05861233282470155,0.971534140180221
oulab,8,flat_hgb,activity_to_cutoff_valid,cutoff_valid,0.05,26523,26523,1327,26523,1327,0,0.8696307460437076,0.8696307460437076,0.8696307460437076,0.0,0.10358136612512342,0.10358136612512342,1.0
oulab,8,flat_hgb,cutoff_valid,cutoff_valid,0.05,26523,26523,1327,26523,1327,0,0.8914845516201959,0.8914845516201959,0.8914845516201959,0.0,0.10618436406067679,0.10618436406067679,1.0
oulab,8,flat_hgb,cutoff_valid_to_activity,cutoff_valid,0.05,28330,26523,1327,25768,835,492,0.8922381311228335,0.5214770158251696,0.8287425149700599,0.3707611152976639,0.09096496619545175,0.062112916255273314,0.971534140180221
oulab,8,flat_hgb,static_full,cutoff_valid,0.05,32593,26523,1327,26523,279,1048,0.9706103993971364,0.18311981914091938,0.8709677419354839,0.7897513187641296,0.07484890748489074,0.02181132752894713,1.0
oulab,8,flat_hgb,activity_conditioned,cutoff_valid,0.1,28330,26523,2652,25768,1664,988,0.8872549019607843,0.5147058823529411,0.8203125,0.37254901960784315,0.18077750460971112,0.12252042007001167,0.971534140180221
oulab,8,flat_hgb,activity_to_cutoff_valid,cutoff_valid,0.1,26523,26523,2652,26523,2652,0,0.8736802413273002,0.8736802413273002,0.8736802413273002,0.0,0.2079705591957634,0.2079705591957634,1.0
oulab,8,flat_hgb,cutoff_valid,cutoff_valid,0.1,26523,26523,2652,26523,2652,0,0.8778280542986425,0.8778280542986425,0.8778280542986425,0.0,0.20895790324028363,0.20895790324028363,1.0
oulab,8,flat_hgb,cutoff_valid_to_activity,cutoff_valid,0.1,28330,26523,2652,25768,1741,911,0.8823529411764706,0.5388386123680241,0.8207926479035037,0.34351432880844646,0.17977873386601106,0.12826496723812944,0.971534140180221
oulab,8,flat_hgb,static_full,cutoff_valid,0.1,32593,26523,2652,26523,555,2097,0.9728506787330317,0.1832579185520362,0.8756756756756757,0.7907239819004525,0.1499302649930265,0.04362265505789426,1.0
oulab,8,flat_hgb,activity_conditioned,cutoff_valid,0.2,28330,26523,5303,25768,3677,1626,0.8576277578729021,0.551008862907788,0.7946695675822681,0.3066188949651141,0.3494161032575292,0.2622744816443766,0.971534140180221
oulab,8,flat_hgb,activity_to_cutoff_valid,cutoff_valid,0.2,26523,26523,5303,26523,5303,0,0.8168960965491231,0.8168960965491231,0.8168960965491231,0.0,0.3888340364419711,0.3888340364419711,1.0
oulab,8,flat_hgb,cutoff_valid,cutoff_valid,0.2,26523,26523,5303,26523,5303,0,0.8144446539694512,0.8144446539694512,0.8144446539694512,0.0,0.3876671752984472,0.3876671752984472,1.0
oulab,8,flat_hgb,cutoff_valid_to_activity,cutoff_valid,0.2,28330,26523,5303,25768,3747,1556,0.850462002640015,0.5570431831039034,0.7883640245529757,0.29341881953611165,0.3464966195451752,0.2651467552284355,0.971534140180221
oulab,8,flat_hgb,static_full,cutoff_valid,0.2,32593,26523,5303,26523,1562,3741,0.9558740335659061,0.25099000565717516,0.852112676056338,0.7054497454271167,0.29457229195722917,0.1194686293869491,1.0
oulab,8,stack_7_full,activity_conditioned,cutoff_valid,0.01,28330,26523,267,25768,104,163,0.9775280898876404,0.36704119850187267,0.9423076923076923,0.6104868913857678,0.020052243392747388,0.008796337851180325,0.971534140180221
oulab,8,stack_7_full,activity_to_cutoff_valid,cutoff_valid,0.01,26523,26523,267,26523,267,0,0.9775280898876404,0.9775280898876404,0.9775280898876404,0.0,0.02342698141998025,0.02342698141998025,1.0
oulab,8,stack_7_full,cutoff_valid,cutoff_valid,0.01,26523,26523,267,26523,267,0,0.9850187265917603,0.9850187265917603,0.9850187265917603,0.0,0.023606498518983932,0.023606498518983932,1.0
oulab,8,stack_7_full,cutoff_valid_to_activity,cutoff_valid,0.01,28330,26523,267,25768,118,149,0.9775280898876404,0.41947565543071164,0.9491525423728814,0.5580524344569289,0.020052243392747388,0.010052957544206086,0.971534140180221
oulab,8,stack_7_full,static_full,cutoff_valid,0.01,32593,26523,267,26523,25,242,0.9962546816479401,0.0898876404494382,0.96,0.9063670411985019,0.015457926545792654,0.002154205188044161,1.0
oulab,8,stack_7_full,activity_conditioned,cutoff_valid,0.05,28330,26523,1327,25768,550,777,0.9630746043707611,0.3775433308214017,0.9109090909090909,0.5855312735493594,0.09818684695759065,0.044969033300421866,0.971534140180221
oulab,8,stack_7_full,activity_to_cutoff_valid,cutoff_valid,0.05,26523,26523,1327,26523,1327,0,0.9427279577995479,0.9427279577995479,0.9427279577995479,0.0,0.1122879454268019,0.1122879454268019,1.0
oulab,8,stack_7_full,cutoff_valid,cutoff_valid,0.05,26523,26523,1327,26523,1327,0,0.9615674453654861,0.9615674453654861,0.9615674453654861,0.0,0.1145319091643479,0.1145319091643479,1.0
oulab,8,stack_7_full,cutoff_valid_to_activity,cutoff_valid,0.05,28330,26523,1327,25768,623,704,0.9630746043707611,0.4325546345139412,0.9213483146067416,0.5305199698568199,0.09818684695759065,0.05152140741405619,0.971534140180221
oulab,8,stack_7_full,static_full,cutoff_valid,0.05,32593,26523,1327,26523,226,1101,0.9849284099472494,0.15523737754333083,0.911504424778761,0.8296910324039186,0.07595304509530451,0.01849026119737905,1.0
oulab,8,stack_7_full,activity_conditioned,cutoff_valid,0.1,28330,26523,2652,25768,1266,1386,0.9555052790346908,0.43288084464555054,0.9067930489731437,0.5226244343891403,0.19468346650276583,0.10304281482811238,0.971534140180221
oulab,8,stack_7_full,activity_to_cutoff_valid,cutoff_valid,0.1,26523,26523,2652,26523,2652,0,0.9193061840120663,0.9193061840120663,0.9193061840120663,0.0,0.21883134368548604,0.21883134368548604,1.0
oulab,8,stack_7_full,cutoff_valid,cutoff_valid,0.1,26523,26523,2652,26523,2652,0,0.9340120663650076,0.9340120663650076,0.9340120663650076,0.0,0.22233192711605781,0.22233192711605781,1.0
oulab,8,stack_7_full,cutoff_valid_to_activity,cutoff_valid,0.1,28330,26523,2652,25768,1335,1317,0.9532428355957768,0.4566365007541478,0.9071161048689138,0.49660633484162897,0.19422249539028888,0.1086976034467283,0.971534140180221
oulab,8,stack_7_full,static_full,cutoff_valid,0.1,32593,26523,2652,26523,513,2139,0.9796380090497737,0.17307692307692307,0.8947368421052632,0.8065610859728507,0.150976290097629,0.04119917422134458,1.0
oulab,8,stack_7_full,activity_conditioned,cutoff_valid,0.2,28330,26523,5303,25768,3204,2099,0.9158966622666416,0.5200829719026966,0.8607990012484394,0.3958136903639449,0.3731561155500922,0.24755407952607486,0.971534140180221
oulab,8,stack_7_full,activity_to_cutoff_valid,cutoff_valid,0.2,26523,26523,5303,26523,5303,0,0.8525363002074298,0.8525363002074298,0.8525363002074298,0.0,0.4057984022978189,0.4057984022978189,1.0
oulab,8,stack_7_full,cutoff_valid,cutoff_valid,0.2,26523,26523,5303,26523,5303,0,0.8598906279464454,0.8598906279464454,0.8598906279464454,0.0,0.40929898572839063,0.40929898572839063,1.0
oulab,8,stack_7_full,cutoff_valid_to_activity,cutoff_valid,0.2,28330,26523,5303,25768,3255,2048,0.9155195172543843,0.5293230247029983,0.8623655913978494,0.386196492551386,0.3730024585125999,0.25195224845166503,0.971534140180221
oulab,8,stack_7_full,static_full,cutoff_valid,0.2,32593,26523,5303,26523,1404,3899,0.9702055440316801,0.23496134263624363,0.8874643874643875,0.7352442013954366,0.29898884239888424,0.1118391526792927,1.0
oulab,8,temporal_hgb,activity_conditioned,cutoff_valid,0.01,28330,26523,267,25768,119,148,0.9662921348314607,0.41198501872659177,0.9243697478991597,0.5543071161048689,0.019821757836508913,0.009873440445202405,0.971534140180221
oulab,8,temporal_hgb,activity_to_cutoff_valid,cutoff_valid,0.01,26523,26523,267,26523,267,0,0.9288389513108615,0.9288389513108615,0.9288389513108615,0.0,0.02226012027645633,0.02226012027645633,1.0
oulab,8,temporal_hgb,cutoff_valid,cutoff_valid,0.01,26523,26523,267,26523,267,0,0.898876404494382,0.898876404494382,0.898876404494382,0.0,0.02154205188044161,0.02154205188044161,1.0
oulab,8,temporal_hgb,cutoff_valid_to_activity,cutoff_valid,0.01,28330,26523,267,25768,163,104,0.9325842696629213,0.5430711610486891,0.8895705521472392,0.3895131086142322,0.019130301167793486,0.013014989677766807,0.971534140180221
oulab,8,temporal_hgb,static_full,cutoff_valid,0.01,32593,26523,267,26523,54,213,0.9625468164794008,0.16853932584269662,0.8333333333333334,0.797752808988764,0.0149349139934914,0.004039134727582802,1.0
oulab,8,temporal_hgb,activity_conditioned,cutoff_valid,0.05,28330,26523,1327,25768,654,673,0.9540316503391107,0.4468726450640543,0.9067278287461774,0.5071590052750565,0.09726490473263676,0.05322681985459115,0.971534140180221
oulab,8,temporal_hgb,activity_to_cutoff_valid,cutoff_valid,0.05,26523,26523,1327,26523,1327,0,0.9261492087415222,0.9261492087415222,0.9261492087415222,0.0,0.11031325733776143,0.11031325733776143,1.0
oulab,8,temporal_hgb,cutoff_valid,cutoff_valid,0.05,26523,26523,1327,26523,1327,0,0.9397136397889977,0.9397136397889977,0.9397136397889977,0.0,0.11192891122879454,0.11192891122879454,1.0
oulab,8,temporal_hgb,cutoff_valid_to_activity,cutoff_valid,0.05,28330,26523,1327,25768,765,562,0.9434815373021854,0.5199698568198945,0.9019607843137255,0.4235116804822909,0.09618930547019053,0.061933399156269636,0.971534140180221
oulab,8,temporal_hgb,static_full,cutoff_valid,0.05,32593,26523,1327,26523,274,1053,0.9706103993971364,0.17935192162773173,0.8686131386861314,0.7935192162773173,0.07484890748489074,0.02136253478143793,1.0
oulab,8,temporal_hgb,activity_conditioned,cutoff_valid,0.1,28330,26523,2652,25768,1380,1272,0.9423076923076923,0.4626696832579186,0.8891304347826087,0.4796380090497738,0.19199446834665027,0.11013374023875774,0.971534140180221
oulab,8,temporal_hgb,activity_to_cutoff_valid,cutoff_valid,0.1,26523,26523,2652,26523,2652,0,0.9064856711915535,0.9064856711915535,0.9064856711915535,0.0,0.2157795530024235,0.2157795530024235,1.0
oulab,8,temporal_hgb,cutoff_valid,cutoff_valid,0.1,26523,26523,2652,26523,2652,0,0.9125188536953243,0.9125188536953243,0.9125188536953243,0.0,0.2172156897944529,0.2172156897944529,1.0
oulab,8,temporal_hgb,cutoff_valid_to_activity,cutoff_valid,0.1,28330,26523,2652,25768,1510,1142,0.9389140271493213,0.5082956259426847,0.8927152317880794,0.4306184012066365,0.19130301167793484,0.1209945247284804,0.971534140180221
oulab,8,temporal_hgb,static_full,cutoff_valid,0.1,32593,26523,2652,26523,548,2104,0.97473604826546,0.18250377073906485,0.8832116788321168,0.7933634992458521,0.15022082752208274,0.043443137958890585,1.0
oulab,8,temporal_hgb,activity_conditioned,cutoff_valid,0.2,28330,26523,5303,25768,3339,1964,0.8979822741844239,0.5276258721478408,0.8379754417490266,0.37035640203658304,0.36585740626920715,0.25114442150614846,0.971534140180221
oulab,8,temporal_hgb,activity_to_cutoff_valid,cutoff_valid,0.2,26523,26523,5303,26523,5303,0,0.8380162172355271,0.8380162172355271,0.8380162172355271,0.0,0.39888699398617716,0.39888699398617716,1.0
oulab,8,temporal_hgb,cutoff_valid,cutoff_valid,0.2,26523,26523,5303,26523,5303,0,0.840467659815199,0.840467659815199,0.840467659815199,0.0,0.4000538551297011,0.4000538551297011,1.0
oulab,8,temporal_hgb,cutoff_valid_to_activity,cutoff_valid,0.2,28330,26523,5303,25768,3435,1868,0.8943993965679804,0.5421459551197435,0.8369723435225619,0.35225344144823684,0.3643976644130301,0.2580558298177901,0.971534140180221
oulab,8,temporal_hgb,static_full,cutoff_valid,0.2,32593,26523,5303,26523,1465,3838,0.9628512162926646,0.2396756552894588,0.8675767918088737,0.7237412785215915,0.29672245467224545,0.1140831164168387,1.0
oulab,10,base_dffnn,activity_conditioned,cutoff_valid,0.01,28422,26075,260,25432,103,157,0.9961538461538462,0.3923076923076923,0.9902912621359223,0.6038461538461538,0.019819406183042548,0.009539842873176206,0.9753403643336529
oulab,10,base_dffnn,activity_to_cutoff_valid,cutoff_valid,0.01,26075,26075,260,26075,260,0,0.9961538461538462,0.9961538461538462,0.9961538461538462,0.0,0.024223718668163113,0.024223718668163113,1.0
oulab,10,base_dffnn,cutoff_valid,cutoff_valid,0.01,26075,26075,260,26075,260,0,0.9884615384615385,0.9884615384615385,0.9884615384615385,0.0,0.024036662925551816,0.024036662925551816,1.0
oulab,10,base_dffnn,cutoff_valid_to_activity,cutoff_valid,0.01,28422,26075,260,25432,131,129,0.9884615384615385,0.49230769230769234,0.9770992366412213,0.49615384615384617,0.019666360575451486,0.011971567527123082,0.9753403643336529
oulab,10,base_dffnn,static_full,cutoff_valid,0.01,32593,26075,260,26075,41,219,0.9961538461538462,0.15384615384615385,0.975609756097561,0.8423076923076923,0.0150511390051139,0.0037411148522259632,1.0
oulab,10,base_dffnn,activity_conditioned,cutoff_valid,0.05,28422,26075,1302,25432,551,751,0.9923195084485407,0.41551459293394777,0.9818511796733213,0.5768049155145929,0.09886746250382614,0.05059857837635615,0.9753403643336529
oulab,10,base_dffnn,activity_to_cutoff_valid,cutoff_valid,0.05,26075,26075,1302,26075,1302,0,0.9854070660522274,0.9854070660522274,0.9854070660522274,0.0,0.11999625888514777,0.11999625888514777,1.0
oulab,10,base_dffnn,cutoff_valid,cutoff_valid,0.05,26075,26075,1302,26075,1302,0,0.9831029185867896,0.9831029185867896,0.9831029185867896,0.0,0.11971567527123082,0.11971567527123082,1.0
oulab,10,base_dffnn,cutoff_valid_to_activity,cutoff_valid,0.05,28422,26075,1302,25432,627,675,0.9854070660522274,0.46697388632872505,0.9696969696969697,0.5184331797235023,0.09817875726966636,0.05686494575383464,0.9753403643336529
oulab,10,base_dffnn,static_full,cutoff_valid,0.05,32593,26075,1302,26075,227,1075,0.9946236559139785,0.16897081413210446,0.9691629955947136,0.825652841781874,0.0752556950255695,0.0205761316872428,1.0
oulab,10,base_dffnn,activity_conditioned,cutoff_valid,0.1,28422,26075,2609,25432,1191,1418,0.9850517439632043,0.4415484860099655,0.9672544080604534,0.5435032579532388,0.19666360575451486,0.10774410774410774,0.9753403643336529
oulab,10,base_dffnn,activity_to_cutoff_valid,cutoff_valid,0.1,26075,26075,2609,26075,2609,0,0.9586048294365658,0.9586048294365658,0.9586048294365658,0.0,0.23391320613542835,0.23391320613542835,1.0
oulab,10,base_dffnn,cutoff_valid,cutoff_valid,0.1,26075,26075,2609,26075,2609,0,0.9566883863549253,0.9566883863549253,0.9566883863549253,0.0,0.2334455667789001,0.2334455667789001,1.0
oulab,10,base_dffnn,cutoff_valid_to_activity,cutoff_valid,0.1,28422,26075,2609,25432,1279,1330,0.9800689919509391,0.47029513223457264,0.9593432369038312,0.5097738597163665,0.19566880930517294,0.11475869809203143,0.9753403643336529
oulab,10,base_dffnn,static_full,cutoff_valid,0.1,32593,26075,2609,26075,505,2104,0.9954005366040629,0.18896128784975086,0.9762376237623762,0.8064392487543119,0.15091817759181775,0.046109240553684996,1.0
oulab,10,base_dffnn,activity_conditioned,cutoff_valid,0.2,28422,26075,5216,25432,2895,2321,0.9394171779141104,0.49444018404907975,0.890846286701209,0.4449769938650307,0.3749617385981022,0.241208380097269,0.9753403643336529
oulab,10,base_dffnn,activity_to_cutoff_valid,cutoff_valid,0.2,26075,26075,5216,26075,5216,0,0.8799846625766872,0.8799846625766872,0.8799846625766872,0.0,0.4292929292929293,0.4292929292929293,1.0
oulab,10,base_dffnn,cutoff_valid,cutoff_valid,0.2,26075,26075,5216,26075,5216,0,0.879217791411043,0.879217791411043,0.879217791411043,0.0,0.4289188178077067,0.4289188178077067,1.0
oulab,10,base_dffnn,cutoff_valid_to_activity,cutoff_valid,0.2,28422,26075,5216,25432,2943,2273,0.9394171779141104,0.5036426380368099,0.8926265715256541,0.43577453987730064,0.3749617385981022,0.24569771791994013,0.9753403643336529
oulab,10,base_dffnn,static_full,cutoff_valid,0.2,32593,26075,5216,26075,1343,3873,0.9848542944785276,0.24233128834355827,0.9411764705882353,0.7425230061349694,0.2985239423523942,0.11821922933034044,1.0
oulab,10,base_knn,activity_conditioned,cutoff_valid,0.01,28422,26075,260,25432,132,128,0.9615384615384616,0.46923076923076923,0.9242424242424242,0.49230769230769234,0.019130700948882768,0.011410400299289188,0.9753403643336529
oulab,10,base_knn,activity_to_cutoff_valid,cutoff_valid,0.01,26075,26075,260,26075,260,0,0.9346153846153846,0.9346153846153846,0.9346153846153846,0.0,0.022727272727272728,0.022727272727272728,1.0
oulab,10,base_knn,cutoff_valid,cutoff_valid,0.01,26075,26075,260,26075,260,0,0.9230769230769231,0.9230769230769231,0.9230769230769231,0.0,0.02244668911335578,0.02244668911335578,1.0
oulab,10,base_knn,cutoff_valid_to_activity,cutoff_valid,0.01,28422,26075,260,25432,134,126,0.95,0.4653846153846154,0.9029850746268657,0.4846153846153846,0.018901132537496174,0.01131687242798354,0.9753403643336529
oulab,10,base_knn,static_full,cutoff_valid,0.01,32593,26075,260,26075,81,179,0.9692307692307692,0.28076923076923077,0.9012345679012346,0.6884615384615385,0.014644351464435146,0.006827534605312383,1.0
oulab,10,base_knn,activity_conditioned,cutoff_valid,0.05,28422,26075,1302,25432,684,618,0.9585253456221198,0.4838709677419355,0.9210526315789473,0.47465437788018433,0.09550045913682277,0.058922558922558925,0.9753403643336529
oulab,10,base_knn,activity_to_cutoff_valid,cutoff_valid,0.05,26075,26075,1302,26075,1302,0,0.934715821812596,0.934715821812596,0.934715821812596,0.0,0.11382341937897493,0.11382341937897493,1.0
oulab,10,base_knn,cutoff_valid,cutoff_valid,0.05,26075,26075,1302,26075,1302,0,0.9362519201228878,0.9362519201228878,0.9362519201228878,0.0,0.11401047512158623,0.11401047512158623,1.0
oulab,10,base_knn,cutoff_valid_to_activity,cutoff_valid,0.05,28422,26075,1302,25432,711,591,0.9500768049155146,0.49615975422427033,0.9085794655414908,0.4539170506912442,0.09465870829507193,0.06041900486344931,0.9753403643336529
oulab,10,base_knn,static_full,cutoff_valid,0.05,32593,26075,1302,26075,342,960,0.977726574500768,0.24193548387096775,0.9210526315789473,0.7373271889400922,0.07397721989772199,0.029461279461279462,1.0
oulab,10,base_knn,activity_conditioned,cutoff_valid,0.1,28422,26075,2609,25432,1436,1173,0.9520889229589882,0.5024913760061326,0.9129526462395543,0.4495975469528555,0.19008264462809918,0.12261503928170595,0.9753403643336529
oulab,10,base_knn,activity_to_cutoff_valid,cutoff_valid,0.1,26075,26075,2609,26075,2609,0,0.9218091222690686,0.9218091222690686,0.9218091222690686,0.0,0.22493453049008605,0.22493453049008605,1.0
oulab,10,base_knn,cutoff_valid,cutoff_valid,0.1,26075,26075,2609,26075,2609,0,0.9183595247221158,0.9183595247221158,0.9183595247221158,0.0,0.2240927796483352,0.2240927796483352,1.0
oulab,10,base_knn,cutoff_valid_to_activity,cutoff_valid,0.1,28422,26075,2609,25432,1499,1110,0.9413568417018015,0.515906477577616,0.8979319546364243,0.4254503641241855,0.1879400061218243,0.12588851477740368,0.9753403643336529
oulab,10,base_knn,static_full,cutoff_valid,0.1,32593,26075,2609,26075,635,1974,0.983518589497892,0.22767343809888846,0.9354330708661417,0.7566117286316596,0.149116689911669,0.05555555555555555,1.0
oulab,10,base_knn,activity_conditioned,cutoff_valid,0.2,28422,26075,5216,25432,3167,2049,0.9077837423312883,0.5149539877300614,0.8481212503946953,0.392829754601227,0.3623354759718396,0.25121586232697346,0.9753403643336529
oulab,10,base_knn,activity_to_cutoff_valid,cutoff_valid,0.2,26075,26075,5216,26075,5216,0,0.8429831288343558,0.8429831288343558,0.8429831288343558,0.0,0.411242050130939,0.411242050130939,1.0
oulab,10,base_knn,cutoff_valid,cutoff_valid,0.2,26075,26075,5216,26075,5216,0,0.8383819018404908,0.8383819018404908,0.8383819018404908,0.0,0.40899738121960344,0.40899738121960344,1.0
oulab,10,base_knn,cutoff_valid_to_activity,cutoff_valid,0.2,28422,26075,5216,25432,3213,2003,0.9050996932515337,0.5210889570552147,0.84593837535014,0.38401073619631904,0.36126415671870216,0.2542087542087542,0.9753403643336529
oulab,10,base_knn,static_full,cutoff_valid,0.2,32593,26075,5216,26075,1459,3757,0.9748849693251533,0.2549846625766871,0.9115832762165867,0.7202837423312883,0.2955020920502092,0.12439206883651328,1.0
oulab,10,base_lr_clickstream,activity_conditioned,cutoff_valid,0.01,28422,26075,260,25432,148,112,0.9653846153846154,0.5346153846153846,0.9391891891891891,0.4307692307692308,0.019207223752678297,0.013000374111485222,0.9753403643336529
oulab,10,base_lr_clickstream,activity_to_cutoff_valid,cutoff_valid,0.01,26075,26075,260,26075,260,0,0.9384615384615385,0.9384615384615385,0.9384615384615385,0.0,0.022820800598578377,0.022820800598578377,1.0
oulab,10,base_lr_clickstream,cutoff_valid,cutoff_valid,0.01,26075,26075,260,26075,260,0,0.9346153846153846,0.9346153846153846,0.9346153846153846,0.0,0.022727272727272728,0.022727272727272728,1.0
oulab,10,base_lr_clickstream,cutoff_valid_to_activity,cutoff_valid,0.01,28422,26075,260,25432,166,94,0.9615384615384616,0.6,0.9397590361445783,0.36153846153846153,0.019130700948882768,0.014590347923681257,0.9753403643336529
oulab,10,base_lr_clickstream,static_full,cutoff_valid,0.01,32593,26075,260,26075,50,210,0.9769230769230769,0.17307692307692307,0.9,0.8076923076923077,0.014760576476057647,0.004208754208754209,1.0
oulab,10,base_lr_clickstream,activity_conditioned,cutoff_valid,0.05,28422,26075,1302,25432,684,618,0.9615975422427036,0.4869431643625192,0.9269005847953217,0.47465437788018433,0.0958065503520049,0.05929667040778152,0.9753403643336529
oulab,10,base_lr_clickstream,activity_to_cutoff_valid,cutoff_valid,0.05,26075,26075,1302,26075,1302,0,0.9324116743471582,0.9324116743471582,0.9324116743471582,0.0,0.11354283576505798,0.11354283576505798,1.0
oulab,10,base_lr_clickstream,cutoff_valid,cutoff_valid,0.05,26075,26075,1302,26075,1302,0,0.9400921658986175,0.9400921658986175,0.9400921658986175,0.0,0.11447811447811448,0.11447811447811448,1.0
oulab,10,base_lr_clickstream,cutoff_valid_to_activity,cutoff_valid,0.05,28422,26075,1302,25432,739,563,0.956221198156682,0.5238095238095238,0.9228687415426252,0.4324116743471582,0.09527089072543618,0.06378600823045268,0.9753403643336529
oulab,10,base_lr_clickstream,static_full,cutoff_valid,0.05,32593,26075,1302,26075,246,1056,0.9831029185867896,0.17357910906298002,0.9186991869918699,0.8110599078341014,0.07438400743840075,0.021137298915076694,1.0
oulab,10,base_lr_clickstream,activity_conditioned,cutoff_valid,0.1,28422,26075,2609,25432,1407,1202,0.9455730164814105,0.48486009965504023,0.8990760483297797,0.4607129168263703,0.18878175696357516,0.1183127572016461,0.9753403643336529
oulab,10,base_lr_clickstream,activity_to_cutoff_valid,cutoff_valid,0.1,26075,26075,2609,26075,2609,0,0.9141433499425067,0.9141433499425067,0.9141433499425067,0.0,0.22306397306397308,0.22306397306397308,1.0
oulab,10,base_lr_clickstream,cutoff_valid,cutoff_valid,0.1,26075,26075,2609,26075,2609,0,0.9087773093139134,0.9087773093139134,0.9087773093139134,0.0,0.22175458286569397,0.22175458286569397,1.0
oulab,10,base_lr_clickstream,cutoff_valid_to_activity,cutoff_valid,0.1,28422,26075,2609,25432,1490,1119,0.9394403986201609,0.5105404369490226,0.8939597315436242,0.42889996167113836,0.18755739210284664,0.12457912457912458,0.9753403643336529
oulab,10,base_lr_clickstream,static_full,cutoff_valid,0.1,32593,26075,2609,26075,502,2107,0.9862016098121886,0.1793790724415485,0.9322709163346613,0.8075891146032963,0.14952347745234776,0.04377104377104377,1.0
oulab,10,base_lr_clickstream,activity_conditioned,cutoff_valid,0.2,28422,26075,5216,25432,3214,2002,0.90625,0.522430981595092,0.8478531425015557,0.38381901840490795,0.36172329354147537,0.25486344930789373,0.9753403643336529
oulab,10,base_lr_clickstream,activity_to_cutoff_valid,cutoff_valid,0.2,26075,26075,5216,26075,5216,0,0.8516104294478528,0.8516104294478528,0.8516104294478528,0.0,0.4154508043396932,0.4154508043396932,1.0
oulab,10,base_lr_clickstream,cutoff_valid,cutoff_valid,0.2,26075,26075,5216,26075,5216,0,0.8454754601226994,0.8454754601226994,0.8454754601226994,0.0,0.41245791245791247,0.41245791245791247,1.0
oulab,10,base_lr_clickstream,cutoff_valid_to_activity,cutoff_valid,0.2,28422,26075,5216,25432,3328,1888,0.8901457055214724,0.5281825153374233,0.8278245192307693,0.3619631901840491,0.35529537802265077,0.25766928544706325,0.9753403643336529
oulab,10,base_lr_clickstream,static_full,cutoff_valid,0.2,32593,26075,5216,26075,1387,3829,0.9764187116564417,0.24271472392638035,0.912761355443403,0.7340874233128835,0.2959669920966992,0.11840628507295174,1.0
oulab,10,base_lr_profile,activity_conditioned,cutoff_valid,0.01,28422,26075,260,25432,211,49,0.7769230769230769,0.5884615384615385,0.7251184834123223,0.18846153846153846,0.015457606366697275,0.01430976430976431,0.9753403643336529
oulab,10,base_lr_profile,activity_to_cutoff_valid,cutoff_valid,0.01,26075,26075,260,26075,260,0,0.7153846153846154,0.7153846153846154,0.7153846153846154,0.0,0.01739618406285073,0.01739618406285073,1.0
oulab,10,base_lr_profile,cutoff_valid,cutoff_valid,0.01,26075,26075,260,26075,260,0,0.9346153846153846,0.9346153846153846,0.9346153846153846,0.0,0.022727272727272728,0.022727272727272728,1.0
oulab,10,base_lr_profile,cutoff_valid_to_activity,cutoff_valid,0.01,28422,26075,260,25432,230,30,0.7653846153846153,0.65,0.7347826086956522,0.11538461538461539,0.015228037955310683,0.015806210250654696,0.9753403643336529
oulab,10,base_lr_profile,static_full,cutoff_valid,0.01,32593,26075,260,26075,54,206,0.9884615384615385,0.2,0.9629629629629629,0.7923076923076923,0.0149349139934914,0.004863449307893753,1.0
oulab,10,base_lr_profile,activity_conditioned,cutoff_valid,0.05,28422,26075,1302,25432,1062,240,0.7043010752688172,0.5199692780337941,0.6374764595103578,0.18433179723502305,0.07017141108050198,0.06331836887392443,0.9753403643336529
oulab,10,base_lr_profile,activity_to_cutoff_valid,cutoff_valid,0.05,26075,26075,1302,26075,1302,0,0.6443932411674347,0.6443932411674347,0.6443932411674347,0.0,0.07846988402543958,0.07846988402543958,1.0
oulab,10,base_lr_profile,cutoff_valid,cutoff_valid,0.05,26075,26075,1302,26075,1302,0,0.7980030721966206,0.7980030721966206,0.7980030721966206,0.0,0.0971754582865694,0.0971754582865694,1.0
oulab,10,base_lr_profile,cutoff_valid_to_activity,cutoff_valid,0.05,28422,26075,1302,25432,1109,193,0.6920122887864824,0.543778801843318,0.6384129846708747,0.14823348694316435,0.06894704621977349,0.06621773288439955,0.9753403643336529
oulab,10,base_lr_profile,static_full,cutoff_valid,0.05,32593,26075,1302,26075,280,1022,0.9807987711213517,0.1966205837173579,0.9142857142857143,0.7849462365591398,0.07420966992096699,0.023943135054246164,1.0
oulab,10,base_lr_profile,activity_conditioned,cutoff_valid,0.1,28422,26075,2609,25432,2158,451,0.665389037945573,0.49252587198160214,0.5954587581093606,0.17286316596397086,0.13284358738904192,0.12018331462775907,0.9753403643336529
oulab,10,base_lr_profile,activity_to_cutoff_valid,cutoff_valid,0.1,26075,26075,2609,26075,2609,0,0.6113453430433116,0.6113453430433116,0.6113453430433116,0.0,0.14917695473251028,0.14917695473251028,1.0
oulab,10,base_lr_profile,cutoff_valid,cutoff_valid,0.1,26075,26075,2609,26075,2609,0,0.7010348792640858,0.7010348792640858,0.7010348792640858,0.0,0.17106247661803217,0.17106247661803217,1.0
oulab,10,base_lr_profile,cutoff_valid_to_activity,cutoff_valid,0.1,28422,26075,2609,25432,2231,378,0.6581065542353393,0.5132234572633193,0.6001792917974003,0.14488309697201993,0.13138965411692685,0.12523381967826414,0.9753403643336529
oulab,10,base_lr_profile,static_full,cutoff_valid,0.1,32593,26075,2609,26075,535,2074,0.9731697968570333,0.17899578382522038,0.8728971962616823,0.7949405902644692,0.14754765225476524,0.043677515899738124,1.0
oulab,10,base_lr_profile,activity_conditioned,cutoff_valid,0.2,28422,26075,5216,25432,4401,815,0.625,0.46875,0.5555555555555556,0.15625,0.2494643403734313,0.22867564534231202,0.9753403643336529
oulab,10,base_lr_profile,activity_to_cutoff_valid,cutoff_valid,0.2,26075,26075,5216,26075,5216,0,0.5701687116564417,0.5701687116564417,0.5701687116564417,0.0,0.2781518892630004,0.2781518892630004,1.0
oulab,10,base_lr_profile,cutoff_valid,cutoff_valid,0.2,26075,26075,5216,26075,5216,0,0.6127300613496932,0.6127300613496932,0.6127300613496932,0.0,0.2989150766928545,0.2989150766928545,1.0
oulab,10,base_lr_profile,cutoff_valid_to_activity,cutoff_valid,0.2,28422,26075,5216,25432,4470,746,0.6246165644171779,0.4815950920245399,0.5619686800894854,0.14302147239263804,0.2493112947658402,0.2349420127197905,0.9753403643336529
oulab,10,base_lr_profile,static_full,cutoff_valid,0.2,32593,26075,5216,26075,1746,3470,0.9039493865030674,0.23907208588957055,0.7142038946162658,0.665260736196319,0.2740004649000465,0.1166292555181444,1.0
oulab,10,base_lr_weekly,activity_conditioned,cutoff_valid,0.01,28422,26075,260,25432,146,114,0.9692307692307692,0.5307692307692308,0.9452054794520548,0.43846153846153846,0.01928374655647383,0.012906846240179574,0.9753403643336529
oulab,10,base_lr_weekly,activity_to_cutoff_valid,cutoff_valid,0.01,26075,26075,260,26075,260,0,0.9576923076923077,0.9576923076923077,0.9576923076923077,0.0,0.023288439955106623,0.023288439955106623,1.0
oulab,10,base_lr_weekly,cutoff_valid,cutoff_valid,0.01,26075,26075,260,26075,260,0,0.9423076923076923,0.9423076923076923,0.9423076923076923,0.0,0.022914328469884025,0.022914328469884025,1.0
oulab,10,base_lr_weekly,cutoff_valid_to_activity,cutoff_valid,0.01,28422,26075,260,25432,169,91,0.9615384615384616,0.6115384615384616,0.9408284023668639,0.35,0.019130700948882768,0.014870931537598204,0.9753403643336529
oulab,10,base_lr_weekly,static_full,cutoff_valid,0.01,32593,26075,260,26075,48,212,0.9807692307692307,0.16923076923076924,0.9166666666666666,0.8153846153846154,0.014818688981868899,0.00411522633744856,1.0
oulab,10,base_lr_weekly,activity_conditioned,cutoff_valid,0.05,28422,26075,1302,25432,736,566,0.9746543778801844,0.5399385560675883,0.9551630434782609,0.434715821812596,0.09710743801652892,0.06575009352787131,0.9753403643336529
oulab,10,base_lr_weekly,activity_to_cutoff_valid,cutoff_valid,0.05,26075,26075,1302,26075,1302,0,0.9523809523809523,0.9523809523809523,0.9523809523809523,0.0,0.11597456041900486,0.11597456041900486,1.0
oulab,10,base_lr_weekly,cutoff_valid,cutoff_valid,0.05,26075,26075,1302,26075,1302,0,0.9508448540706606,0.9508448540706606,0.9508448540706606,0.0,0.11578750467639357,0.11578750467639357,1.0
oulab,10,base_lr_weekly,cutoff_valid_to_activity,cutoff_valid,0.05,28422,26075,1302,25432,819,483,0.9615975422427036,0.5906298003072197,0.938949938949939,0.3709677419354839,0.0958065503520049,0.07192293303404415,0.9753403643336529
oulab,10,base_lr_weekly,static_full,cutoff_valid,0.05,32593,26075,1302,26075,243,1059,0.9838709677419355,0.17204301075268819,0.9218106995884774,0.8133640552995391,0.074442119944212,0.020950243172465393,1.0
oulab,10,base_lr_weekly,activity_conditioned,cutoff_valid,0.1,28422,26075,2609,25432,1402,1207,0.9685703334610962,0.5059409735530854,0.9415121255349501,0.46262935990801074,0.193373125191307,0.12345679012345678,0.9753403643336529
oulab,10,base_lr_weekly,activity_to_cutoff_valid,cutoff_valid,0.1,26075,26075,2609,26075,2609,0,0.9394403986201609,0.9394403986201609,0.9394403986201609,0.0,0.22923681257014591,0.22923681257014591,1.0
oulab,10,base_lr_weekly,cutoff_valid,cutoff_valid,0.1,26075,26075,2609,26075,2609,0,0.9344576466078958,0.9344576466078958,0.9344576466078958,0.0,0.22802095024317245,0.22802095024317245,1.0
oulab,10,base_lr_weekly,cutoff_valid_to_activity,cutoff_valid,0.1,28422,26075,2609,25432,1541,1068,0.9559218091222691,0.5465695668838636,0.9253731343283582,0.4093522422384055,0.1908478726660545,0.1333707444818556,0.9753403643336529
oulab,10,base_lr_weekly,static_full,cutoff_valid,0.1,32593,26075,2609,26075,491,2118,0.9869681870448448,0.17592947489459562,0.9348268839103869,0.8118052893829053,0.14963970246397024,0.04292929292929293,1.0
oulab,10,base_lr_weekly,activity_conditioned,cutoff_valid,0.2,28422,26075,5216,25432,3045,2171,0.9277223926380368,0.5115030674846626,0.8761904761904762,0.41621932515337423,0.37029384756657485,0.24953236064347176,0.9753403643336529
oulab,10,base_lr_weekly,activity_to_cutoff_valid,cutoff_valid,0.2,26075,26075,5216,26075,5216,0,0.8667561349693251,0.8667561349693251,0.8667561349693251,0.0,0.4228395061728395,0.4228395061728395,1.0
oulab,10,base_lr_weekly,cutoff_valid,cutoff_valid,0.2,26075,26075,5216,26075,5216,0,0.8611963190184049,0.8611963190184049,0.8611963190184049,0.0,0.42012719790497566,0.42012719790497566,1.0
oulab,10,base_lr_weekly,cutoff_valid_to_activity,cutoff_valid,0.2,28422,26075,5216,25432,3148,2068,0.9236963190184049,0.5272239263803681,0.8735705209656925,0.3964723926380368,0.3686868686868687,0.257201646090535,0.9753403643336529
oulab,10,base_lr_weekly,static_full,cutoff_valid,0.2,32593,26075,5216,26075,1423,3793,0.9787193251533742,0.25191717791411045,0.9234012649332396,0.7271855828220859,0.2966643421664342,0.12289562289562289,1.0
oulab,10,base_rf_entropy,activity_conditioned,cutoff_valid,0.01,28422,26075,260,25432,90,170,0.9923076923076923,0.3384615384615385,0.9777777777777777,0.6538461538461539,0.019742883379247015,0.00823045267489712,0.9753403643336529
oulab,10,base_rf_entropy,activity_to_cutoff_valid,cutoff_valid,0.01,26075,26075,260,26075,260,0,0.9884615384615385,0.9884615384615385,0.9884615384615385,0.0,0.024036662925551816,0.024036662925551816,1.0
oulab,10,base_rf_entropy,cutoff_valid,cutoff_valid,0.01,26075,26075,260,26075,260,0,0.9923076923076923,0.9923076923076923,0.9923076923076923,0.0,0.024130190796857465,0.024130190796857465,1.0
oulab,10,base_rf_entropy,cutoff_valid_to_activity,cutoff_valid,0.01,28422,26075,260,25432,107,153,0.9923076923076923,0.40384615384615385,0.9813084112149533,0.5884615384615385,0.019742883379247015,0.009820426487093154,0.9753403643336529
oulab,10,base_rf_entropy,static_full,cutoff_valid,0.01,32593,26075,260,26075,18,242,0.9961538461538462,0.06538461538461539,0.9444444444444444,0.9307692307692308,0.0150511390051139,0.0015899738121960343,1.0
oulab,10,base_rf_entropy,activity_conditioned,cutoff_valid,0.05,28422,26075,1302,25432,488,814,0.989247311827957,0.3640552995391705,0.9713114754098361,0.6251920122887865,0.09856137128864402,0.044332210998877665,0.9753403643336529
oulab,10,base_rf_entropy,activity_to_cutoff_valid,cutoff_valid,0.05,26075,26075,1302,26075,1302,0,0.9831029185867896,0.9831029185867896,0.9831029185867896,0.0,0.11971567527123082,0.11971567527123082,1.0
oulab,10,base_rf_entropy,cutoff_valid,cutoff_valid,0.05,26075,26075,1302,26075,1302,0,0.9823348694316436,0.9823348694316436,0.9823348694316436,0.0,0.11962214739992517,0.11962214739992517,1.0
oulab,10,base_rf_entropy,cutoff_valid_to_activity,cutoff_valid,0.05,28422,26075,1302,25432,540,762,0.989247311827957,0.4039938556067588,0.9740740740740741,0.5852534562211982,0.09856137128864402,0.049195660306771416,0.9753403643336529
oulab,10,base_rf_entropy,static_full,cutoff_valid,0.05,32593,26075,1302,26075,195,1107,0.9976958525345622,0.14746543778801843,0.9846153846153847,0.8502304147465438,0.0754881450488145,0.017957351290684626,1.0
oulab,10,base_rf_entropy,activity_conditioned,cutoff_valid,0.1,28422,26075,2609,25432,1107,1502,0.983518589497892,0.4078190877730931,0.9611562782294489,0.5756995017247988,0.19635751453933273,0.09951365506921063,0.9753403643336529
oulab,10,base_rf_entropy,activity_to_cutoff_valid,cutoff_valid,0.1,26075,26075,2609,26075,2609,0,0.9574549635875814,0.9574549635875814,0.9574549635875814,0.0,0.2336326225215114,0.2336326225215114,1.0
oulab,10,base_rf_entropy,cutoff_valid,cutoff_valid,0.1,26075,26075,2609,26075,2609,0,0.9543886546569567,0.9543886546569567,0.9543886546569567,0.0,0.2328843995510662,0.2328843995510662,1.0
oulab,10,base_rf_entropy,cutoff_valid_to_activity,cutoff_valid,0.1,28422,26075,2609,25432,1134,1475,0.9816021464162514,0.41625143733231124,0.9576719576719577,0.5653507090839403,0.19597490052035507,0.1015712682379349,0.9753403643336529
oulab,10,base_rf_entropy,static_full,cutoff_valid,0.1,32593,26075,2609,26075,488,2121,0.9931008049060943,0.18014564967420468,0.9631147540983607,0.8129551552318897,0.15056950255695026,0.04395809951365507,1.0
oulab,10,base_rf_entropy,activity_conditioned,cutoff_valid,0.2,28422,26075,5216,25432,2827,2389,0.937308282208589,0.47929447852760737,0.8843296781039972,0.4580138036809816,0.3741199877563514,0.2338196782641227,0.9753403643336529
oulab,10,base_rf_entropy,activity_to_cutoff_valid,cutoff_valid,0.2,26075,26075,5216,26075,5216,0,0.8790260736196319,0.8790260736196319,0.8790260736196319,0.0,0.42882528993640107,0.42882528993640107,1.0
oulab,10,base_rf_entropy,cutoff_valid,cutoff_valid,0.2,26075,26075,5216,26075,5216,0,0.8778757668711656,0.8778757668711656,0.8778757668711656,0.0,0.4282641227085672,0.4282641227085672,1.0
oulab,10,base_rf_entropy,cutoff_valid_to_activity,cutoff_valid,0.2,28422,26075,5216,25432,2838,2378,0.9369248466257669,0.48101993865030673,0.8840732910500352,0.4559049079754601,0.3739669421487603,0.23466142910587354,0.9753403643336529
oulab,10,base_rf_entropy,static_full,cutoff_valid,0.2,32593,26075,5216,26075,1300,3916,0.9840874233128835,0.23332055214723926,0.9361538461538461,0.7507668711656442,0.29829149232914925,0.11382341937897493,1.0
oulab,10,base_rf_gini,activity_conditioned,cutoff_valid,0.01,28422,26075,260,25432,85,175,0.9961538461538462,0.3230769230769231,0.9882352941176471,0.6730769230769231,0.019819406183042548,0.007856341189674524,0.9753403643336529
oulab,10,base_rf_gini,activity_to_cutoff_valid,cutoff_valid,0.01,26075,26075,260,26075,260,0,0.9846153846153847,0.9846153846153847,0.9846153846153847,0.0,0.023943135054246164,0.023943135054246164,1.0
oulab,10,base_rf_gini,cutoff_valid,cutoff_valid,0.01,26075,26075,260,26075,260,0,0.9923076923076923,0.9923076923076923,0.9923076923076923,0.0,0.024130190796857465,0.024130190796857465,1.0
oulab,10,base_rf_gini,cutoff_valid_to_activity,cutoff_valid,0.01,28422,26075,260,25432,109,151,0.9961538461538462,0.4153846153846154,0.9908256880733946,0.5807692307692308,0.019819406183042548,0.010101010101010102,0.9753403643336529
oulab,10,base_rf_gini,static_full,cutoff_valid,0.01,32593,26075,260,26075,25,235,0.9961538461538462,0.09230769230769231,0.96,0.9038461538461539,0.0150511390051139,0.002244668911335578,1.0
oulab,10,base_rf_gini,activity_conditioned,cutoff_valid,0.05,28422,26075,1302,25432,505,797,0.989247311827957,0.3771121351766513,0.9722772277227723,0.6121351766513057,0.09856137128864402,0.0459221848110737,0.9753403643336529
oulab,10,base_rf_gini,activity_to_cutoff_valid,cutoff_valid,0.05,26075,26075,1302,26075,1302,0,0.9838709677419355,0.9838709677419355,0.9838709677419355,0.0,0.11980920314253647,0.11980920314253647,1.0
oulab,10,base_rf_gini,cutoff_valid,cutoff_valid,0.05,26075,26075,1302,26075,1302,0,0.9838709677419355,0.9838709677419355,0.9838709677419355,0.0,0.11980920314253647,0.11980920314253647,1.0
oulab,10,base_rf_gini,cutoff_valid_to_activity,cutoff_valid,0.05,28422,26075,1302,25432,545,757,0.9907834101382489,0.4093701996927803,0.9779816513761468,0.5814132104454686,0.09871441689623507,0.049850355405910964,0.9753403643336529
oulab,10,base_rf_gini,static_full,cutoff_valid,0.05,32593,26075,1302,26075,195,1107,0.9976958525345622,0.14746543778801843,0.9846153846153847,0.8502304147465438,0.0754881450488145,0.017957351290684626,1.0
oulab,10,base_rf_gini,activity_conditioned,cutoff_valid,0.1,28422,26075,2609,25432,1123,1486,0.9819854350325795,0.41241855116903026,0.9581478183437222,0.5695668838635493,0.1960514233241506,0.10063598952487841,0.9753403643336529
oulab,10,base_rf_gini,activity_to_cutoff_valid,cutoff_valid,0.1,26075,26075,2609,26075,2609,0,0.9566883863549253,0.9566883863549253,0.9566883863549253,0.0,0.2334455667789001,0.2334455667789001,1.0
oulab,10,base_rf_gini,cutoff_valid,cutoff_valid,0.1,26075,26075,2609,26075,2609,0,0.9559218091222691,0.9559218091222691,0.9559218091222691,0.0,0.2332585110362888,0.2332585110362888,1.0
oulab,10,base_rf_gini,cutoff_valid_to_activity,cutoff_valid,0.1,28422,26075,2609,25432,1149,1460,0.9816021464162514,0.4220007665772327,0.95822454308094,0.5596013798390188,0.19597490052035507,0.10297418630751964,0.9753403643336529
oulab,10,base_rf_gini,static_full,cutoff_valid,0.1,32593,26075,2609,26075,514,2095,0.9931008049060943,0.19011115369873516,0.9649805447470817,0.8029896512073591,0.15056950255695026,0.04638982416760194,1.0
oulab,10,base_rf_gini,activity_conditioned,cutoff_valid,0.2,28422,26075,5216,25432,2837,2379,0.9367331288343558,0.4806365030674847,0.8836799436023969,0.45609662576687116,0.3738904193449648,0.23447437336326224,0.9753403643336529
oulab,10,base_rf_gini,activity_to_cutoff_valid,cutoff_valid,0.2,26075,26075,5216,26075,5216,0,0.8776840490797546,0.8776840490797546,0.8776840490797546,0.0,0.4281705948372615,0.4281705948372615,1.0
oulab,10,base_rf_gini,cutoff_valid,cutoff_valid,0.2,26075,26075,5216,26075,5216,0,0.8774923312883436,0.8774923312883436,0.8774923312883436,0.0,0.4280770669659559,0.4280770669659559,1.0
oulab,10,base_rf_gini,cutoff_valid_to_activity,cutoff_valid,0.2,28422,26075,5216,25432,2851,2365,0.9363496932515337,0.4829371165644172,0.8835496317081726,0.45341257668711654,0.37373737373737376,0.23559670781893005,0.9753403643336529
oulab,10,base_rf_gini,static_full,cutoff_valid,0.2,32593,26075,5216,26075,1311,3905,0.9838957055214724,0.23523773006134968,0.9359267734553776,0.7486579754601227,0.298233379823338,0.11475869809203143,1.0
oulab,10,base_svm,activity_conditioned,cutoff_valid,0.01,28422,26075,260,25432,136,124,0.9769230769230769,0.5,0.9558823529411765,0.47692307692307695,0.01943679216406489,0.012158623269734381,0.9753403643336529
oulab,10,base_svm,activity_to_cutoff_valid,cutoff_valid,0.01,26075,26075,260,26075,260,0,0.9538461538461539,0.9538461538461539,0.9538461538461539,0.0,0.02319491208380097,0.02319491208380097,1.0
oulab,10,base_svm,cutoff_valid,cutoff_valid,0.01,26075,26075,260,26075,260,0,0.9384615384615385,0.9384615384615385,0.9384615384615385,0.0,0.022820800598578377,0.022820800598578377,1.0
oulab,10,base_svm,cutoff_valid_to_activity,cutoff_valid,0.01,28422,26075,260,25432,148,112,0.9692307692307692,0.5384615384615384,0.9459459459459459,0.4307692307692308,0.01928374655647383,0.013093901982790871,0.9753403643336529
oulab,10,base_svm,static_full,cutoff_valid,0.01,32593,26075,260,26075,70,190,0.9807692307692307,0.25384615384615383,0.9428571428571428,0.7307692307692307,0.014818688981868899,0.006172839506172839,1.0
oulab,10,base_svm,activity_conditioned,cutoff_valid,0.05,28422,26075,1302,25432,662,640,0.9662058371735791,0.47465437788018433,0.9335347432024169,0.4915514592933948,0.09626568717477808,0.057800224466891134,0.9753403643336529
oulab,10,base_svm,activity_to_cutoff_valid,cutoff_valid,0.05,26075,26075,1302,26075,1302,0,0.9385560675883257,0.9385560675883257,0.9385560675883257,0.0,0.11429105873550317,0.11429105873550317,1.0
oulab,10,base_svm,cutoff_valid,cutoff_valid,0.05,26075,26075,1302,26075,1302,0,0.9470046082949308,0.9470046082949308,0.9470046082949308,0.0,0.11531986531986532,0.11531986531986532,1.0
oulab,10,base_svm,cutoff_valid_to_activity,cutoff_valid,0.05,28422,26075,1302,25432,695,607,0.9639016897081413,0.4976958525345622,0.9323741007194245,0.4662058371735791,0.09603611876339149,0.06060606060606061,0.9753403643336529
oulab,10,base_svm,static_full,cutoff_valid,0.05,32593,26075,1302,26075,287,1015,0.9807987711213517,0.20276497695852536,0.9198606271777003,0.7795698924731183,0.07420966992096699,0.024691358024691357,1.0
oulab,10,base_svm,activity_conditioned,cutoff_valid,0.1,28422,26075,2609,25432,1386,1223,0.9513223457263319,0.4825603679570717,0.9083694083694084,0.46876197776926026,0.1899295990205081,0.1177515899738122,0.9753403643336529
oulab,10,base_svm,activity_to_cutoff_valid,cutoff_valid,0.1,26075,26075,2609,26075,2609,0,0.9160597930241472,0.9160597930241472,0.9160597930241472,0.0,0.22353161242050132,0.22353161242050132,1.0
oulab,10,base_svm,cutoff_valid,cutoff_valid,0.1,26075,26075,2609,26075,2609,0,0.9110770410118819,0.9110770410118819,0.9110770410118819,0.0,0.22231575009352786,0.22231575009352786,1.0
oulab,10,base_svm,cutoff_valid_to_activity,cutoff_valid,0.1,28422,26075,2609,25432,1444,1165,0.9425067075507857,0.495975469528555,0.8961218836565097,0.4465312380222307,0.1881695745332109,0.12102506546950992,0.9753403643336529
oulab,10,base_svm,static_full,cutoff_valid,0.1,32593,26075,2609,26075,541,2068,0.9850517439632043,0.19317746262935992,0.9316081330868762,0.7926408585665006,0.149349139934914,0.04713804713804714,1.0
oulab,10,base_svm,activity_conditioned,cutoff_valid,0.2,28422,26075,5216,25432,3206,2010,0.9081671779141104,0.5228144171779141,0.8505926388022458,0.38535276073619634,0.3624885215794307,0.255050505050505,0.9753403643336529
oulab,10,base_svm,activity_to_cutoff_valid,cutoff_valid,0.2,26075,26075,5216,26075,5216,0,0.8519938650306749,0.8519938650306749,0.8519938650306749,0.0,0.4156378600823045,0.4156378600823045,1.0
oulab,10,base_svm,cutoff_valid,cutoff_valid,0.2,26075,26075,5216,26075,5216,0,0.8493098159509203,0.8493098159509203,0.8493098159509203,0.0,0.41432846988402544,0.41432846988402544,1.0
oulab,10,base_svm,cutoff_valid_to_activity,cutoff_valid,0.2,28422,26075,5216,25432,3268,1948,0.8993481595092024,0.5258819018404908,0.8393512851897185,0.37346625766871167,0.3589684726048362,0.25654695099139546,0.9753403643336529
oulab,10,base_svm,static_full,cutoff_valid,0.2,32593,26075,5216,26075,1421,3795,0.9760352760736196,0.24884969325153375,0.9134412385643913,0.727569018404908,0.2958507670850767,0.12139917695473251,1.0
oulab,10,flat_hgb,activity_conditioned,cutoff_valid,0.01,28422,26075,260,25432,130,130,0.9615384615384616,0.46153846153846156,0.9230769230769231,0.5,0.019130700948882768,0.01122334455667789,0.9753403643336529
oulab,10,flat_hgb,activity_to_cutoff_valid,cutoff_valid,0.01,26075,26075,260,26075,260,0,0.95,0.95,0.95,0.0,0.023101384212495323,0.023101384212495323,1.0
oulab,10,flat_hgb,cutoff_valid,cutoff_valid,0.01,26075,26075,260,26075,260,0,0.9461538461538461,0.9461538461538461,0.9461538461538461,0.0,0.023007856341189674,0.023007856341189674,1.0
oulab,10,flat_hgb,cutoff_valid_to_activity,cutoff_valid,0.01,28422,26075,260,25432,138,122,0.9461538461538461,0.47692307692307695,0.8985507246376812,0.46923076923076923,0.018824609733700644,0.011597456041900486,0.9753403643336529
oulab,10,flat_hgb,static_full,cutoff_valid,0.01,32593,26075,260,26075,48,212,0.9807692307692307,0.16923076923076924,0.9166666666666666,0.8153846153846154,0.014818688981868899,0.00411522633744856,1.0
oulab,10,flat_hgb,activity_conditioned,cutoff_valid,0.05,28422,26075,1302,25432,631,671,0.9615975422427036,0.44623655913978494,0.9207606973058637,0.5153609831029186,0.0958065503520049,0.05433969322858212,0.9753403643336529
oulab,10,flat_hgb,activity_to_cutoff_valid,cutoff_valid,0.05,26075,26075,1302,26075,1302,0,0.9393241167434716,0.9393241167434716,0.9393241167434716,0.0,0.11438458660680884,0.11438458660680884,1.0
oulab,10,flat_hgb,cutoff_valid,cutoff_valid,0.05,26075,26075,1302,26075,1302,0,0.9477726574500768,0.9477726574500768,0.9477726574500768,0.0,0.11541339319117097,0.11541339319117097,1.0
oulab,10,flat_hgb,cutoff_valid_to_activity,cutoff_valid,0.05,28422,26075,1302,25432,695,607,0.9523809523809523,0.4861751152073733,0.9107913669064748,0.4662058371735791,0.09488827670645852,0.05920314253647587,0.9753403643336529
oulab,10,flat_hgb,static_full,cutoff_valid,0.05,32593,26075,1302,26075,245,1057,0.9838709677419355,0.17357910906298002,0.9224489795918367,0.8118279569892473,0.074442119944212,0.021137298915076694,1.0
oulab,10,flat_hgb,activity_conditioned,cutoff_valid,0.1,28422,26075,2609,25432,1363,1246,0.9586048294365658,0.4810272134917593,0.9207630227439472,0.47757761594480647,0.1913835322926232,0.11737747848858959,0.9753403643336529
oulab,10,flat_hgb,activity_to_cutoff_valid,cutoff_valid,0.1,26075,26075,2609,26075,2609,0,0.9229589881180529,0.9229589881180529,0.9229589881180529,0.0,0.225215114104003,0.225215114104003,1.0
oulab,10,flat_hgb,cutoff_valid,cutoff_valid,0.1,26075,26075,2609,26075,2609,0,0.919126101954772,0.919126101954772,0.919126101954772,0.0,0.2242798353909465,0.2242798353909465,1.0
oulab,10,flat_hgb,cutoff_valid_to_activity,cutoff_valid,0.1,28422,26075,2609,25432,1436,1173,0.9471061709467229,0.49750862399386736,0.903899721448468,0.4495975469528555,0.18908784817875726,0.12139917695473251,0.9753403643336529
oulab,10,flat_hgb,static_full,cutoff_valid,0.1,32593,26075,2609,26075,502,2107,0.9865848984285167,0.17976236105787657,0.9342629482071713,0.8075891146032963,0.14958158995815898,0.04386457164234942,1.0
oulab,10,flat_hgb,activity_conditioned,cutoff_valid,0.2,28422,26075,5216,25432,3126,2090,0.9179447852760736,0.5172546012269938,0.8630838131797824,0.40069018404907975,0.36639118457300274,0.25233819678264124,0.9753403643336529
oulab,10,flat_hgb,activity_to_cutoff_valid,cutoff_valid,0.2,26075,26075,5216,26075,5216,0,0.8594708588957055,0.8594708588957055,0.8594708588957055,0.0,0.41928544706322485,0.41928544706322485,1.0
oulab,10,flat_hgb,cutoff_valid,cutoff_valid,0.2,26075,26075,5216,26075,5216,0,0.8556365030674846,0.8556365030674846,0.8556365030674846,0.0,0.4174148896371119,0.4174148896371119,1.0
oulab,10,flat_hgb,cutoff_valid_to_activity,cutoff_valid,0.2,28422,26075,5216,25432,3171,2045,0.9131518404907976,0.5210889570552147,0.8571428571428571,0.3920628834355828,0.36447811447811446,0.2542087542087542,0.9753403643336529
oulab,10,flat_hgb,static_full,cutoff_valid,0.2,32593,26075,5216,26075,1370,3846,0.9791027607361963,0.24213957055214724,0.9218978102189781,0.7373466257668712,0.29678056717805673,0.1181257014590348,1.0
oulab,10,stack_7_full,activity_conditioned,cutoff_valid,0.01,28422,26075,260,25432,102,158,0.9923076923076923,0.38461538461538464,0.9803921568627451,0.6076923076923076,0.019742883379247015,0.00935278713056491,0.9753403643336529
oulab,10,stack_7_full,activity_to_cutoff_valid,cutoff_valid,0.01,26075,26075,260,26075,260,0,0.9923076923076923,0.9923076923076923,0.9923076923076923,0.0,0.024130190796857465,0.024130190796857465,1.0
oulab,10,stack_7_full,cutoff_valid,cutoff_valid,0.01,26075,26075,260,26075,260,0,0.9961538461538462,0.9961538461538462,0.9961538461538462,0.0,0.024223718668163113,0.024223718668163113,1.0
oulab,10,stack_7_full,cutoff_valid_to_activity,cutoff_valid,0.01,28422,26075,260,25432,116,144,0.9961538461538462,0.4423076923076923,0.9913793103448276,0.5538461538461539,0.019819406183042548,0.010755705200149644,0.9753403643336529
oulab,10,stack_7_full,static_full,cutoff_valid,0.01,32593,26075,260,26075,39,221,0.9961538461538462,0.14615384615384616,0.9743589743589743,0.85,0.0150511390051139,0.003554059109614665,1.0
oulab,10,stack_7_full,activity_conditioned,cutoff_valid,0.05,28422,26075,1302,25432,527,775,0.9923195084485407,0.3970814132104455,0.9810246679316889,0.5952380952380952,0.09886746250382614,0.04835390946502058,0.9753403643336529
oulab,10,stack_7_full,activity_to_cutoff_valid,cutoff_valid,0.05,26075,26075,1302,26075,1302,0,0.9815668202764977,0.9815668202764977,0.9815668202764977,0.0,0.11952861952861953,0.11952861952861953,1.0
oulab,10,stack_7_full,cutoff_valid,cutoff_valid,0.05,26075,26075,1302,26075,1302,0,0.9831029185867896,0.9831029185867896,0.9831029185867896,0.0,0.11971567527123082,0.11971567527123082,1.0
oulab,10,stack_7_full,cutoff_valid_to_activity,cutoff_valid,0.05,28422,26075,1302,25432,566,736,0.9923195084485407,0.4270353302611367,0.9823321554770318,0.565284178187404,0.09886746250382614,0.05200149644594089,0.9753403643336529
oulab,10,stack_7_full,static_full,cutoff_valid,0.05,32593,26075,1302,26075,212,1090,0.9938556067588326,0.15668202764976957,0.9622641509433962,0.837173579109063,0.07519758251975825,0.019079685746352413,1.0
oulab,10,stack_7_full,activity_conditioned,cutoff_valid,0.1,28422,26075,2609,25432,1133,1476,0.9846684553468762,0.4189344576466079,0.9646954986760812,0.5657339977002683,0.1965870829507193,0.10222596333707445,0.9753403643336529
oulab,10,stack_7_full,activity_to_cutoff_valid,cutoff_valid,0.1,26075,26075,2609,26075,2609,0,0.9601379839018781,0.9601379839018781,0.9601379839018781,0.0,0.23428731762065094,0.23428731762065094,1.0
oulab,10,stack_7_full,cutoff_valid,cutoff_valid,0.1,26075,26075,2609,26075,2609,0,0.9662706017631276,0.9662706017631276,0.9662706017631276,0.0,0.23578376356154135,0.23578376356154135,1.0
oulab,10,stack_7_full,cutoff_valid_to_activity,cutoff_valid,0.1,28422,26075,2609,25432,1199,1410,0.983518589497892,0.44308164047527787,0.9641367806505421,0.5404369490226141,0.19635751453933273,0.10811821922933033,0.9753403643336529
oulab,10,stack_7_full,static_full,cutoff_valid,0.1,32593,26075,2609,26075,501,2108,0.9931008049060943,0.1851284016864699,0.9640718562874252,0.8079724032196244,0.15056950255695026,0.04517396184062851,1.0
oulab,10,stack_7_full,activity_conditioned,cutoff_valid,0.2,28422,26075,5216,25432,2818,2398,0.946510736196319,0.486771472392638,0.9009936124911284,0.45973926380368096,0.37779308233853687,0.23746726524504302,0.9753403643336529
oulab,10,stack_7_full,activity_to_cutoff_valid,cutoff_valid,0.2,26075,26075,5216,26075,5216,0,0.8897622699386503,0.8897622699386503,0.8897622699386503,0.0,0.4340628507295174,0.4340628507295174,1.0
oulab,10,stack_7_full,cutoff_valid,cutoff_valid,0.2,26075,26075,5216,26075,5216,0,0.8899539877300614,0.8899539877300614,0.8899539877300614,0.0,0.43415637860082307,0.43415637860082307,1.0
oulab,10,stack_7_full,cutoff_valid_to_activity,cutoff_valid,0.2,28422,26075,5216,25432,2860,2356,0.9449769938650306,0.4932898773006135,0.8996503496503496,0.4516871165644172,0.37718089990817266,0.24064721286943508,0.9753403643336529
oulab,10,stack_7_full,static_full,cutoff_valid,0.2,32593,26075,5216,26075,1308,3908,0.9858128834355828,0.236579754601227,0.9434250764525994,0.7492331288343558,0.2988145048814505,0.11541339319117097,1.0
oulab,10,temporal_hgb,activity_conditioned,cutoff_valid,0.01,28422,26075,260,25432,104,156,0.9923076923076923,0.3923076923076923,0.9807692307692307,0.6,0.019742883379247015,0.009539842873176206,0.9753403643336529
oulab,10,temporal_hgb,activity_to_cutoff_valid,cutoff_valid,0.01,26075,26075,260,26075,260,0,0.9807692307692307,0.9807692307692307,0.9807692307692307,0.0,0.023849607182940515,0.023849607182940515,1.0
oulab,10,temporal_hgb,cutoff_valid,cutoff_valid,0.01,26075,26075,260,26075,260,0,0.9730769230769231,0.9730769230769231,0.9730769230769231,0.0,0.023662551440329218,0.023662551440329218,1.0
oulab,10,temporal_hgb,cutoff_valid_to_activity,cutoff_valid,0.01,28422,26075,260,25432,122,138,0.9807692307692307,0.45,0.9590163934426229,0.5307692307692308,0.019513314967860424,0.010942760942760943,0.9753403643336529
oulab,10,temporal_hgb,static_full,cutoff_valid,0.01,32593,26075,260,26075,48,212,0.9807692307692307,0.16923076923076924,0.9166666666666666,0.8153846153846154,0.014818688981868899,0.00411522633744856,1.0
oulab,10,temporal_hgb,activity_conditioned,cutoff_valid,0.05,28422,26075,1302,25432,549,753,0.9877112135176651,0.4093701996927803,0.970856102003643,0.5783410138248848,0.09840832568105295,0.049850355405910964,0.9753403643336529
oulab,10,temporal_hgb,activity_to_cutoff_valid,cutoff_valid,0.05,26075,26075,1302,26075,1302,0,0.9708141321044547,0.9708141321044547,0.9708141321044547,0.0,0.11821922933034044,0.11821922933034044,1.0
oulab,10,temporal_hgb,cutoff_valid,cutoff_valid,0.05,26075,26075,1302,26075,1302,0,0.9662058371735791,0.9662058371735791,0.9662058371735791,0.0,0.11765806210250655,0.11765806210250655,1.0
oulab,10,temporal_hgb,cutoff_valid_to_activity,cutoff_valid,0.05,28422,26075,1302,25432,608,694,0.9854070660522274,0.4523809523809524,0.96875,0.533026113671275,0.09817875726966636,0.05508791619902731,0.9753403643336529
oulab,10,temporal_hgb,static_full,cutoff_valid,0.05,32593,26075,1302,26075,241,1061,0.9838709677419355,0.17050691244239632,0.921161825726141,0.814900153609831,0.074442119944212,0.020763187429854096,1.0
oulab,10,temporal_hgb,activity_conditioned,cutoff_valid,0.1,28422,26075,2609,25432,1182,1427,0.9793024147182828,0.4323495592180912,0.9543147208121827,0.5469528555001917,0.1955157636975819,0.10549943883277217,0.9753403643336529
oulab,10,temporal_hgb,activity_to_cutoff_valid,cutoff_valid,0.1,26075,26075,2609,26075,2609,0,0.9497891912610196,0.9497891912610196,0.9497891912610196,0.0,0.23176206509539843,0.23176206509539843,1.0
oulab,10,temporal_hgb,cutoff_valid,cutoff_valid,0.1,26075,26075,2609,26075,2609,0,0.9497891912610196,0.9497891912610196,0.9497891912610196,0.0,0.23176206509539843,0.23176206509539843,1.0
oulab,10,temporal_hgb,cutoff_valid_to_activity,cutoff_valid,0.1,28422,26075,2609,25432,1240,1369,0.97585281717133,0.45113070141816786,0.9491935483870968,0.5247221157531621,0.1948270584634221,0.11008230452674897,0.9753403643336529
oulab,10,temporal_hgb,static_full,cutoff_valid,0.1,32593,26075,2609,26075,492,2117,0.987734764277501,0.17707934074357992,0.9390243902439024,0.8114220007665772,0.14975592747559274,0.043209876543209874,1.0
oulab,10,temporal_hgb,activity_conditioned,cutoff_valid,0.2,28422,26075,5216,25432,2862,2354,0.9378834355828221,0.486579754601227,0.8867924528301887,0.45130368098159507,0.37434955616773796,0.23737373737373738,0.9753403643336529
oulab,10,temporal_hgb,activity_to_cutoff_valid,cutoff_valid,0.2,26075,26075,5216,26075,5216,0,0.875191717791411,0.875191717791411,0.875191717791411,0.0,0.4269547325102881,0.4269547325102881,1.0
oulab,10,temporal_hgb,cutoff_valid,cutoff_valid,0.2,26075,26075,5216,26075,5216,0,0.8763420245398773,0.8763420245398773,0.8763420245398773,0.0,0.427515899738122,0.427515899738122,1.0
oulab,10,temporal_hgb,cutoff_valid_to_activity,cutoff_valid,0.2,28422,26075,5216,25432,2883,2333,0.9378834355828221,0.4906058282208589,0.8876170655567117,0.4472776073619632,0.37434955616773796,0.239337822671156,0.9753403643336529
oulab,10,temporal_hgb,static_full,cutoff_valid,0.2,32593,26075,5216,26075,1307,3909,0.9808282208588958,0.23178680981595093,0.9250191277735271,0.7494248466257669,0.297303579730358,0.11307519640852974,1.0
oulab,12,base_dffnn,activity_conditioned,cutoff_valid,0.01,28431,25729,258,25102,101,157,0.9961240310077519,0.3875968992248062,0.9900990099009901,0.6085271317829457,0.019658838828119023,0.009666505558240696,0.9756306113723814
oulab,12,base_dffnn,activity_to_cutoff_valid,cutoff_valid,0.01,25729,25729,258,25729,258,0,0.9883720930232558,0.9883720930232558,0.9883720930232558,0.0,0.024649589173513776,0.024649589173513776,1.0
oulab,12,base_dffnn,cutoff_valid,cutoff_valid,0.01,25729,25729,258,25729,258,0,0.9922480620155039,0.9922480620155039,0.9922480620155039,0.0,0.024746254229096182,0.024746254229096182,1.0
oulab,12,base_dffnn,cutoff_valid_to_activity,cutoff_valid,0.01,28431,25729,258,25102,116,142,0.9961240310077519,0.44573643410852715,0.9913793103448276,0.5503875968992248,0.019658838828119023,0.011116481391976801,0.9756306113723814
oulab,12,base_dffnn,static_full,cutoff_valid,0.01,32593,25729,258,25729,40,218,0.9961240310077519,0.1511627906976744,0.975,0.8449612403100775,0.0149349139934914,0.0037699371677138716,1.0
oulab,12,base_dffnn,activity_conditioned,cutoff_valid,0.05,28431,25729,1287,25102,522,765,0.9914529914529915,0.39704739704739705,0.9789272030651341,0.5944055944055944,0.09760575231392947,0.049395843402609954,0.9756306113723814
oulab,12,base_dffnn,activity_to_cutoff_valid,cutoff_valid,0.05,25729,25729,1287,25729,1287,0,0.9836829836829837,0.9836829836829837,0.9836829836829837,0.0,0.1223779603673272,0.1223779603673272,1.0
oulab,12,base_dffnn,cutoff_valid,cutoff_valid,0.05,25729,25729,1287,25729,1287,0,0.9852369852369852,0.9852369852369852,0.9852369852369852,0.0,0.12257129047849202,0.12257129047849202,1.0
oulab,12,base_dffnn,cutoff_valid_to_activity,cutoff_valid,0.05,28431,25729,1287,25102,571,716,0.9914529914529915,0.43512043512043513,0.9807355516637478,0.5563325563325563,0.09760575231392947,0.0541324311261479,0.9756306113723814
oulab,12,base_dffnn,static_full,cutoff_valid,0.05,32593,25729,1287,25729,198,1089,0.9976689976689976,0.15151515151515152,0.9848484848484849,0.8461538461538461,0.07461645746164575,0.018849685838569358,1.0
oulab,12,base_dffnn,activity_conditioned,cutoff_valid,0.1,28431,25729,2572,25102,1128,1444,0.9840590979782271,0.4226283048211509,0.9636524822695035,0.5614307931570762,0.1936051403656391,0.10507491541807637,0.9756306113723814
oulab,12,base_dffnn,activity_to_cutoff_valid,cutoff_valid,0.1,25729,25729,2572,25729,2572,0,0.963452566096423,0.963452566096423,0.963452566096423,0.0,0.23953600773320444,0.23953600773320444,1.0
oulab,12,base_dffnn,cutoff_valid,cutoff_valid,0.1,25729,25729,2572,25729,2572,0,0.9661741835147745,0.9661741835147745,0.9661741835147745,0.0,0.2402126631222813,0.2402126631222813,1.0
oulab,12,base_dffnn,cutoff_valid_to_activity,cutoff_valid,0.1,28431,25729,2572,25102,1191,1381,0.9828926905132193,0.44595645412130636,0.963056255247691,0.5369362363919129,0.19337565975675056,0.11087481875302078,0.9756306113723814
oulab,12,base_dffnn,static_full,cutoff_valid,0.1,32593,25729,2572,25729,483,2089,0.9957231726283048,0.18351477449455678,0.9772256728778468,0.812208398133748,0.14882612738261275,0.04562590623489608,1.0
oulab,12,base_dffnn,activity_conditioned,cutoff_valid,0.2,28431,25729,5147,25102,2696,2451,0.9485136972993977,0.4723139693025063,0.901706231454006,0.4761997279968914,0.37344144419796527,0.23499275012083132,0.9756306113723814
oulab,12,base_dffnn,activity_to_cutoff_valid,cutoff_valid,0.2,25729,25729,5147,25729,5147,0,0.8764328735185545,0.8764328735185545,0.8764328735185545,0.0,0.4360560657322378,0.4360560657322378,1.0
oulab,12,base_dffnn,cutoff_valid,cutoff_valid,0.2,25729,25729,5147,25729,5147,0,0.876821449387993,0.876821449387993,0.876821449387993,0.0,0.4362493958434026,0.4362493958434026,1.0
oulab,12,base_dffnn,cutoff_valid_to_activity,cutoff_valid,0.2,28431,25729,5147,25102,2733,2414,0.9487079852341169,0.47969691082183796,0.9034028540065862,0.469011074412279,0.37351793773426145,0.2386660222329628,0.9756306113723814
oulab,12,base_dffnn,static_full,cutoff_valid,0.2,32593,25729,5147,25729,1290,3857,0.9860112687002137,0.2366427044880513,0.9441860465116279,0.7493685642121625,0.2949209669920967,0.11773803769937168,1.0
oulab,12,base_knn,activity_conditioned,cutoff_valid,0.01,28431,25729,258,25102,135,123,0.9651162790697675,0.4883720930232558,0.9333333333333333,0.47674418604651164,0.01904689053774956,0.012179797003383277,0.9756306113723814
oulab,12,base_knn,activity_to_cutoff_valid,cutoff_valid,0.01,25729,25729,258,25729,258,0,0.9341085271317829,0.9341085271317829,0.9341085271317829,0.0,0.023296278395360078,0.023296278395360078,1.0
oulab,12,base_knn,cutoff_valid,cutoff_valid,0.01,25729,25729,258,25729,258,0,0.9457364341085271,0.9457364341085271,0.9457364341085271,0.0,0.0235862735621073,0.0235862735621073,1.0
oulab,12,base_knn,cutoff_valid_to_activity,cutoff_valid,0.01,28431,25729,258,25102,133,125,0.9689922480620154,0.4844961240310077,0.9398496240601504,0.4844961240310077,0.019123384074045742,0.01208313194780087,0.9756306113723814
oulab,12,base_knn,static_full,cutoff_valid,0.01,32593,25729,258,25729,89,169,0.9689922480620154,0.313953488372093,0.9101123595505618,0.6550387596899225,0.014528126452812646,0.007829869502174965,1.0
oulab,12,base_knn,activity_conditioned,cutoff_valid,0.05,28431,25729,1287,25102,652,635,0.9588189588189588,0.4654234654234654,0.9187116564417178,0.4933954933954934,0.09439302378948979,0.05790236829386177,0.9756306113723814
oulab,12,base_knn,activity_to_cutoff_valid,cutoff_valid,0.05,25729,25729,1287,25729,1287,0,0.9292929292929293,0.9292929292929293,0.9292929292929293,0.0,0.11561140647655872,0.11561140647655872,1.0
oulab,12,base_knn,cutoff_valid,cutoff_valid,0.05,25729,25729,1287,25729,1287,0,0.9440559440559441,0.9440559440559441,0.9440559440559441,0.0,0.11744804253262446,0.11744804253262446,1.0
oulab,12,base_knn,cutoff_valid_to_activity,cutoff_valid,0.05,28431,25729,1287,25102,664,623,0.9549339549339549,0.47086247086247085,0.9126506024096386,0.4840714840714841,0.09401055610800887,0.058579023682938616,0.9756306113723814
oulab,12,base_knn,static_full,cutoff_valid,0.05,32593,25729,1287,25729,366,921,0.9813519813519813,0.2665112665112665,0.9371584699453552,0.7156177156177156,0.07339609483960949,0.03315611406476559,1.0
oulab,12,base_knn,activity_conditioned,cutoff_valid,0.1,28431,25729,2572,25102,1343,1229,0.9541213063763608,0.4762830482115086,0.9121370067014147,0.47783825816485226,0.187715138070833,0.11841469308844853,0.9756306113723814
oulab,12,base_knn,activity_to_cutoff_valid,cutoff_valid,0.1,25729,25729,2572,25729,2572,0,0.9191290824261276,0.9191290824261276,0.9191290824261276,0.0,0.22851619139681006,0.22851619139681006,1.0
oulab,12,base_knn,cutoff_valid,cutoff_valid,0.1,25729,25729,2572,25729,2572,0,0.9245723172628305,0.9245723172628305,0.9245723172628305,0.0,0.22986950217496374,0.22986950217496374,1.0
oulab,12,base_knn,cutoff_valid_to_activity,cutoff_valid,0.1,28431,25729,2572,25102,1384,1188,0.9548989113530326,0.49300155520995337,0.9161849710982659,0.4618973561430793,0.18786812514342538,0.12257129047849202,0.9756306113723814
oulab,12,base_knn,static_full,cutoff_valid,0.1,32593,25729,2572,25729,653,1919,0.9844479004665629,0.23872472783825816,0.9402756508422665,0.7461119751166407,0.14714086471408647,0.05935234412759787,1.0
oulab,12,base_knn,activity_conditioned,cutoff_valid,0.2,28431,25729,5147,25102,2988,2159,0.9121818535068972,0.492714202448028,0.8487282463186078,0.41946765105886924,0.35913715291057907,0.24514258095698405,0.9756306113723814
oulab,12,base_knn,activity_to_cutoff_valid,cutoff_valid,0.2,25729,25729,5147,25729,5147,0,0.8397124538566155,0.8397124538566155,0.8397124538566155,0.0,0.41778637022716286,0.41778637022716286,1.0
oulab,12,base_knn,cutoff_valid,cutoff_valid,0.2,25729,25729,5147,25729,5147,0,0.8356324072275112,0.8356324072275112,0.8356324072275112,0.0,0.41575640405993236,0.41575640405993236,1.0
oulab,12,base_knn,cutoff_valid_to_activity,cutoff_valid,0.2,28431,25729,5147,25102,3007,2140,0.9096561103555469,0.4938799300563435,0.845360824742268,0.41577618029920344,0.35814273693872867,0.2457225712904785,0.9756306113723814
oulab,12,base_knn,static_full,cutoff_valid,0.2,32593,25729,5147,25729,1401,3746,0.976296871964251,0.24868855644064503,0.913633119200571,0.7278026034583253,0.29201534170153415,0.12373127114548091,1.0
oulab,12,base_lr_clickstream,activity_conditioned,cutoff_valid,0.01,28431,25729,258,25102,138,120,0.9767441860465116,0.5116279069767442,0.9565217391304348,0.46511627906976744,0.01927637114663811,0.012759787336877718,0.9756306113723814
oulab,12,base_lr_clickstream,activity_to_cutoff_valid,cutoff_valid,0.01,25729,25729,258,25729,258,0,0.9457364341085271,0.9457364341085271,0.9457364341085271,0.0,0.0235862735621073,0.0235862735621073,1.0
oulab,12,base_lr_clickstream,cutoff_valid,cutoff_valid,0.01,25729,25729,258,25729,258,0,0.937984496124031,0.937984496124031,0.937984496124031,0.0,0.023392943450942484,0.023392943450942484,1.0
oulab,12,base_lr_clickstream,cutoff_valid_to_activity,cutoff_valid,0.01,28431,25729,258,25102,157,101,0.9651162790697675,0.5736434108527132,0.9426751592356688,0.39147286821705424,0.01904689053774956,0.01430642822619623,0.9756306113723814
oulab,12,base_lr_clickstream,static_full,cutoff_valid,0.01,32593,25729,258,25729,49,209,0.9883720930232558,0.17829457364341086,0.9387755102040817,0.810077519379845,0.014818688981868899,0.00444659255679072,1.0
oulab,12,base_lr_clickstream,activity_conditioned,cutoff_valid,0.05,28431,25729,1287,25102,651,636,0.9681429681429682,0.473970473970474,0.9370199692780338,0.49417249417249415,0.09531094622504398,0.05896568390526825,0.9756306113723814
oulab,12,base_lr_clickstream,activity_to_cutoff_valid,cutoff_valid,0.05,25729,25729,1287,25729,1287,0,0.933954933954934,0.933954933954934,0.933954933954934,0.0,0.11619139681005317,0.11619139681005317,1.0
oulab,12,base_lr_clickstream,cutoff_valid,cutoff_valid,0.05,25729,25729,1287,25729,1287,0,0.9440559440559441,0.9440559440559441,0.9440559440559441,0.0,0.11744804253262446,0.11744804253262446,1.0
oulab,12,base_lr_clickstream,cutoff_valid_to_activity,cutoff_valid,0.05,28431,25729,1287,25102,710,577,0.9595959595959596,0.5112665112665112,0.9267605633802817,0.4483294483294483,0.09446951732578597,0.06360560657322378,0.9756306113723814
oulab,12,base_lr_clickstream,static_full,cutoff_valid,0.05,32593,25729,1287,25729,242,1045,0.986013986013986,0.17482517482517482,0.9297520661157025,0.811965811965812,0.07374476987447699,0.021749637506041565,1.0
oulab,12,base_lr_clickstream,activity_conditioned,cutoff_valid,0.1,28431,25729,2572,25102,1336,1236,0.9498444790046656,0.4692846034214619,0.9034431137724551,0.48055987558320373,0.186873709171575,0.1166747220879652,0.9756306113723814
oulab,12,base_lr_clickstream,activity_to_cutoff_valid,cutoff_valid,0.1,25729,25729,2572,25729,2572,0,0.9191290824261276,0.9191290824261276,0.9191290824261276,0.0,0.22851619139681006,0.22851619139681006,1.0
oulab,12,base_lr_clickstream,cutoff_valid,cutoff_valid,0.1,25729,25729,2572,25729,2572,0,0.9105754276827371,0.9105754276827371,0.9105754276827371,0.0,0.2263895601739971,0.2263895601739971,1.0
oulab,12,base_lr_clickstream,cutoff_valid_to_activity,cutoff_valid,0.1,28431,25729,2572,25102,1410,1162,0.9432348367029549,0.49144634525660963,0.8964539007092198,0.45178849144634525,0.1855733190545399,0.1221846302561624,0.9756306113723814
oulab,12,base_lr_clickstream,static_full,cutoff_valid,0.1,32593,25729,2572,25729,487,2085,0.9883359253499222,0.1780715396578538,0.9404517453798767,0.8106531881804043,0.14772198977219897,0.044272595456742385,1.0
oulab,12,base_lr_clickstream,activity_conditioned,cutoff_valid,0.2,28431,25729,5147,25102,3029,2118,0.9115989897027394,0.5000971439673596,0.8497854077253219,0.41150184573537985,0.3589076723016905,0.24881585306911552,0.9756306113723814
oulab,12,base_lr_clickstream,activity_to_cutoff_valid,cutoff_valid,0.2,25729,25729,5147,25729,5147,0,0.8490382747231396,0.8490382747231396,0.8490382747231396,0.0,0.4224262928951184,0.4224262928951184,1.0
oulab,12,base_lr_clickstream,cutoff_valid,cutoff_valid,0.2,25729,25729,5147,25729,5147,0,0.8424324849426851,0.8424324849426851,0.8424324849426851,0.0,0.41913968100531657,0.41913968100531657,1.0
oulab,12,base_lr_clickstream,cutoff_valid_to_activity,cutoff_valid,0.2,28431,25729,5147,25102,3136,2011,0.8950845152516029,0.5043714785311832,0.8278061224489796,0.3907130367204197,0.35240572171651496,0.25094248429192845,0.9756306113723814
oulab,12,base_lr_clickstream,static_full,cutoff_valid,0.2,32593,25729,5147,25729,1325,3822,0.9774625995725665,0.23508840101029727,0.9132075471698113,0.7425684864969886,0.29236401673640167,0.11696471725471243,1.0
oulab,12,base_lr_profile,activity_conditioned,cutoff_valid,0.01,28431,25729,258,25102,202,56,0.7790697674418605,0.562015503875969,0.7178217821782178,0.21705426356589147,0.015375200795532777,0.01401643305944901,0.9756306113723814
oulab,12,base_lr_profile,activity_to_cutoff_valid,cutoff_valid,0.01,25729,25729,258,25729,258,0,0.7131782945736435,0.7131782945736435,0.7131782945736435,0.0,0.01778637022716288,0.01778637022716288,1.0
oulab,12,base_lr_profile,cutoff_valid,cutoff_valid,0.01,25729,25729,258,25729,258,0,0.937984496124031,0.937984496124031,0.937984496124031,0.0,0.023392943450942484,0.023392943450942484,1.0
oulab,12,base_lr_profile,cutoff_valid_to_activity,cutoff_valid,0.01,28431,25729,258,25102,221,37,0.7674418604651163,0.624031007751938,0.7285067873303167,0.1434108527131783,0.01514572018664423,0.015563073948767521,0.9756306113723814
oulab,12,base_lr_profile,static_full,cutoff_valid,0.01,32593,25729,258,25729,53,205,0.9883720930232558,0.19767441860465115,0.9622641509433962,0.7945736434108527,0.014818688981868899,0.004929917834702755,1.0
oulab,12,base_lr_profile,activity_conditioned,cutoff_valid,0.05,28431,25729,1287,25102,1036,251,0.7062937062937062,0.5112665112665112,0.6351351351351351,0.19502719502719504,0.06953262449323032,0.06360560657322378,0.9756306113723814
oulab,12,base_lr_profile,activity_to_cutoff_valid,cutoff_valid,0.05,25729,25729,1287,25729,1287,0,0.6379176379176379,0.6379176379176379,0.6379176379176379,0.0,0.07936201063315611,0.07936201063315611,1.0
oulab,12,base_lr_profile,cutoff_valid,cutoff_valid,0.05,25729,25729,1287,25729,1287,0,0.7948717948717948,0.7948717948717948,0.7948717948717948,0.0,0.09888835186080232,0.09888835186080232,1.0
oulab,12,base_lr_profile,cutoff_valid_to_activity,cutoff_valid,0.05,28431,25729,1287,25102,1082,205,0.6930846930846931,0.5337995337995338,0.6349353049907579,0.1592851592851593,0.06823223437619522,0.06640889318511359,0.9756306113723814
oulab,12,base_lr_profile,static_full,cutoff_valid,0.05,32593,25729,1287,25729,269,1018,0.9829059829059829,0.1926961926961927,0.9219330855018587,0.790986790986791,0.07351231985123198,0.023972933784436927,1.0
oulab,12,base_lr_profile,activity_conditioned,cutoff_valid,0.1,28431,25729,2572,25102,2095,477,0.6648522550544324,0.47939346811819594,0.5885441527446301,0.18545878693623638,0.1308039470664729,0.11918801353310778,0.9756306113723814
oulab,12,base_lr_profile,activity_to_cutoff_valid,cutoff_valid,0.1,25729,25729,2572,25729,2572,0,0.6049766718506998,0.6049766718506998,0.6049766718506998,0.0,0.15041082648622522,0.15041082648622522,1.0
oulab,12,base_lr_profile,cutoff_valid,cutoff_valid,0.1,25729,25729,2572,25729,2572,0,0.6963452566096423,0.6963452566096423,0.6963452566096423,0.0,0.17312711454809088,0.17312711454809088,1.0
oulab,12,base_lr_profile,cutoff_valid_to_activity,cutoff_valid,0.1,28431,25729,2572,25102,2174,398,0.6590202177293935,0.5042768273716952,0.5965961361545539,0.1547433903576983,0.12965654402203014,0.12537457709038183,0.9756306113723814
oulab,12,base_lr_profile,static_full,cutoff_valid,0.1,32593,25729,2572,25729,520,2052,0.973950233281493,0.17651632970451012,0.8730769230769231,0.7978227060653188,0.14557182705718272,0.04388593523441276,1.0
oulab,12,base_lr_profile,activity_conditioned,cutoff_valid,0.2,28431,25729,5147,25102,4278,869,0.6254128618612784,0.45657664659024677,0.5493221131369799,0.16883621527103168,0.246232693337413,0.22716288061865636,0.9756306113723814
oulab,12,base_lr_profile,activity_to_cutoff_valid,cutoff_valid,0.2,25729,25729,5147,25729,5147,0,0.5628521468816786,0.5628521468816786,0.5628521468816786,0.0,0.280038666022233,0.280038666022233,1.0
oulab,12,base_lr_profile,cutoff_valid,cutoff_valid,0.2,25729,25729,5147,25729,5147,0,0.607538371867107,0.607538371867107,0.607538371867107,0.0,0.3022716288061866,0.3022716288061866,1.0
oulab,12,base_lr_profile,cutoff_valid_to_activity,cutoff_valid,0.2,28431,25729,5147,25102,4358,789,0.6256071497959976,0.4723139693025063,0.5578246902248738,0.15329318049349136,0.24630918687370917,0.23499275012083132,0.9756306113723814
oulab,12,base_lr_profile,static_full,cutoff_valid,0.2,32593,25729,5147,25729,1678,3469,0.9069360792694774,0.23314552166310473,0.7151370679380215,0.673984845541092,0.2712691771269177,0.11599806669888835,1.0
oulab,12,base_lr_weekly,activity_conditioned,cutoff_valid,0.01,28431,25729,258,25102,135,123,0.9767441860465116,0.5,0.9555555555555556,0.47674418604651164,0.01927637114663811,0.012469792170130499,0.9756306113723814
oulab,12,base_lr_weekly,activity_to_cutoff_valid,cutoff_valid,0.01,25729,25729,258,25729,258,0,0.9651162790697675,0.9651162790697675,0.9651162790697675,0.0,0.024069598840019333,0.024069598840019333,1.0
oulab,12,base_lr_weekly,cutoff_valid,cutoff_valid,0.01,25729,25729,258,25729,258,0,0.9457364341085271,0.9457364341085271,0.9457364341085271,0.0,0.0235862735621073,0.0235862735621073,1.0
oulab,12,base_lr_weekly,cutoff_valid_to_activity,cutoff_valid,0.01,28431,25729,258,25102,159,99,0.9534883720930233,0.5697674418604651,0.9245283018867925,0.38372093023255816,0.018817409928861013,0.014209763170613824,0.9756306113723814
oulab,12,base_lr_weekly,static_full,cutoff_valid,0.01,32593,25729,258,25729,48,210,0.9922480620155039,0.17829457364341086,0.9583333333333334,0.813953488372093,0.014876801487680148,0.00444659255679072,1.0
oulab,12,base_lr_weekly,activity_conditioned,cutoff_valid,0.05,28431,25729,1287,25102,689,598,0.9774669774669774,0.5128205128205128,0.9579100145137881,0.46464646464646464,0.09622886866059818,0.06379893668438859,0.9756306113723814
oulab,12,base_lr_weekly,activity_to_cutoff_valid,cutoff_valid,0.05,25729,25729,1287,25729,1287,0,0.9526029526029526,0.9526029526029526,0.9526029526029526,0.0,0.11851135814403094,0.11851135814403094,1.0
oulab,12,base_lr_weekly,cutoff_valid,cutoff_valid,0.05,25729,25729,1287,25729,1287,0,0.9502719502719502,0.9502719502719502,0.9502719502719502,0.0,0.11822136297728371,0.11822136297728371,1.0
oulab,12,base_lr_weekly,cutoff_valid_to_activity,cutoff_valid,0.05,28431,25729,1287,25102,773,514,0.9627039627039627,0.5633255633255633,0.9379042690815006,0.39937839937839936,0.0947754914709707,0.07008216529724505,0.9756306113723814
oulab,12,base_lr_weekly,static_full,cutoff_valid,0.05,32593,25729,1287,25729,241,1046,0.9867909867909868,0.17482517482517482,0.9336099585062241,0.8127428127428128,0.07380288238028823,0.021749637506041565,1.0
oulab,12,base_lr_weekly,activity_conditioned,cutoff_valid,0.1,28431,25729,2572,25102,1356,1216,0.9712286158631416,0.4984447900466563,0.9454277286135693,0.4727838258164852,0.19108085366786506,0.12392460125664573,0.9756306113723814
oulab,12,base_lr_weekly,activity_to_cutoff_valid,cutoff_valid,0.1,25729,25729,2572,25729,2572,0,0.9436236391912908,0.9436236391912908,0.9436236391912908,0.0,0.23460608989850168,0.23460608989850168,1.0
oulab,12,base_lr_weekly,cutoff_valid,cutoff_valid,0.1,25729,25729,2572,25729,2572,0,0.9346811819595645,0.9346811819595645,0.9346811819595645,0.0,0.23238279362010633,0.23238279362010633,1.0
oulab,12,base_lr_weekly,cutoff_valid_to_activity,cutoff_valid,0.1,28431,25729,2572,25102,1482,1090,0.9583981337480559,0.5346034214618973,0.9278002699055331,0.4237947122861586,0.18855656697009102,0.13291445142580957,0.9756306113723814
oulab,12,base_lr_weekly,static_full,cutoff_valid,0.1,32593,25729,2572,25729,472,2100,0.98950233281493,0.1734059097978227,0.9449152542372882,0.8164852255054432,0.14789632728963273,0.043112614789753506,1.0
oulab,12,base_lr_weekly,activity_conditioned,cutoff_valid,0.2,28431,25729,5147,25102,2909,2238,0.9316106469788226,0.4967942490771323,0.8789962186318322,0.4348163979016903,0.36678650654019734,0.2471725471242146,0.9756306113723814
oulab,12,base_lr_weekly,activity_to_cutoff_valid,cutoff_valid,0.2,25729,25729,5147,25729,5147,0,0.8616669904798911,0.8616669904798911,0.8616669904798911,0.0,0.42870952150797487,0.42870952150797487,1.0
oulab,12,base_lr_weekly,cutoff_valid,cutoff_valid,0.2,25729,25729,5147,25729,5147,0,0.8542840489605595,0.8542840489605595,0.8542840489605595,0.0,0.4250362493958434,0.4250362493958434,1.0
oulab,12,base_lr_weekly,cutoff_valid_to_activity,cutoff_valid,0.2,28431,25729,5147,25102,3015,2132,0.9228676899164562,0.5086458130950068,0.8683250414593698,0.4142218768214494,0.36334429740686913,0.2530691155147414,0.9756306113723814
oulab,12,base_lr_weekly,static_full,cutoff_valid,0.2,32593,25729,5147,25729,1343,3804,0.9815426462016709,0.24266563046434816,0.9300074460163812,0.739071303672042,0.29358437935843795,0.1207346544224263,1.0
oulab,12,base_rf_entropy,activity_conditioned,cutoff_valid,0.01,28431,25729,258,25102,93,165,1.0,0.36046511627906974,1.0,0.6395348837209303,0.019735332364415208,0.008989850169163847,0.9756306113723814
oulab,12,base_rf_entropy,activity_to_cutoff_valid,cutoff_valid,0.01,25729,25729,258,25729,258,0,0.9922480620155039,0.9922480620155039,0.9922480620155039,0.0,0.024746254229096182,0.024746254229096182,1.0
oulab,12,base_rf_entropy,cutoff_valid,cutoff_valid,0.01,25729,25729,258,25729,258,0,0.9922480620155039,0.9922480620155039,0.9922480620155039,0.0,0.024746254229096182,0.024746254229096182,1.0
oulab,12,base_rf_entropy,cutoff_valid_to_activity,cutoff_valid,0.01,28431,25729,258,25102,101,157,0.9961240310077519,0.3875968992248062,0.9900990099009901,0.6085271317829457,0.019658838828119023,0.009666505558240696,0.9756306113723814
oulab,12,base_rf_entropy,static_full,cutoff_valid,0.01,32593,25729,258,25729,22,236,0.9961240310077519,0.08139534883720931,0.9545454545454546,0.9147286821705426,0.0149349139934914,0.002029966167230546,1.0
oulab,12,base_rf_entropy,activity_conditioned,cutoff_valid,0.05,28431,25729,1287,25102,448,839,0.9922299922299922,0.34032634032634035,0.9776785714285714,0.6519036519036518,0.09768224585022565,0.04233929434509425,0.9756306113723814
oulab,12,base_rf_entropy,activity_to_cutoff_valid,cutoff_valid,0.05,25729,25729,1287,25729,1287,0,0.9891219891219891,0.9891219891219891,0.9891219891219891,0.0,0.12305461575640406,0.12305461575640406,1.0
oulab,12,base_rf_entropy,cutoff_valid,cutoff_valid,0.05,25729,25729,1287,25729,1287,0,0.9867909867909868,0.9867909867909868,0.9867909867909868,0.0,0.12276462058965684,0.12276462058965684,1.0
oulab,12,base_rf_entropy,cutoff_valid_to_activity,cutoff_valid,0.05,28431,25729,1287,25102,509,778,0.993006993006993,0.3885003885003885,0.9823182711198428,0.6045066045066045,0.09775873938652184,0.04833252779120348,0.9756306113723814
oulab,12,base_rf_entropy,static_full,cutoff_valid,0.05,32593,25729,1287,25729,177,1110,0.9976689976689976,0.1351981351981352,0.9830508474576272,0.8624708624708625,0.07461645746164575,0.01681971967133881,1.0
oulab,12,base_rf_entropy,activity_conditioned,cutoff_valid,0.1,28431,25729,2572,25102,1024,1548,0.9856143079315708,0.38374805598755835,0.9638671875,0.6018662519440124,0.19391111451082382,0.09540840985983567,0.9756306113723814
oulab,12,base_rf_entropy,activity_to_cutoff_valid,cutoff_valid,0.1,25729,25729,2572,25729,2572,0,0.9626749611197511,0.9626749611197511,0.9626749611197511,0.0,0.23934267762203965,0.23934267762203965,1.0
oulab,12,base_rf_entropy,cutoff_valid,cutoff_valid,0.1,25729,25729,2572,25729,2572,0,0.9618973561430794,0.9618973561430794,0.9618973561430794,0.0,0.23914934751087483,0.23914934751087483,1.0
oulab,12,base_rf_entropy,cutoff_valid_to_activity,cutoff_valid,0.1,28431,25729,2572,25102,1068,1504,0.9840590979782271,0.39930015552099535,0.9616104868913857,0.5847589424572317,0.1936051403656391,0.09927501208313194,0.9756306113723814
oulab,12,base_rf_entropy,static_full,cutoff_valid,0.1,32593,25729,2572,25729,454,2118,0.9961119751166407,0.17262830482115085,0.9779735682819384,0.8234836702954899,0.148884239888424,0.04291928467858869,1.0
oulab,12,base_rf_entropy,activity_conditioned,cutoff_valid,0.2,28431,25729,5147,25102,2623,2524,0.9487079852341169,0.45832523800272,0.8993518871521159,0.4903827472313969,0.37351793773426145,0.22803286611889803,0.9756306113723814
oulab,12,base_rf_entropy,activity_to_cutoff_valid,cutoff_valid,0.2,25729,25729,5147,25729,5147,0,0.8748785700408005,0.8748785700408005,0.8748785700408005,0.0,0.43528274528757854,0.43528274528757854,1.0
oulab,12,base_rf_entropy,cutoff_valid,cutoff_valid,0.2,25729,25729,5147,25729,5147,0,0.875267145910239,0.875267145910239,0.875267145910239,0.0,0.43547607539874333,0.43547607539874333,1.0
oulab,12,base_rf_entropy,cutoff_valid_to_activity,cutoff_valid,0.2,28431,25729,5147,25102,2642,2505,0.9434622109966971,0.456770934524966,0.8898561695685087,0.4866912764717311,0.3714526122542645,0.22725954567423876,0.9756306113723814
oulab,12,base_rf_entropy,static_full,cutoff_valid,0.2,32593,25729,5147,25729,1227,3920,0.9858169807654945,0.22420827666601903,0.9405052974735126,0.7616087040994755,0.29486285448628546,0.11155147414209764,1.0
oulab,12,base_rf_gini,activity_conditioned,cutoff_valid,0.01,28431,25729,258,25102,88,170,1.0,0.34108527131782945,1.0,0.6589147286821705,0.019735332364415208,0.008506524891251812,0.9756306113723814
oulab,12,base_rf_gini,activity_to_cutoff_valid,cutoff_valid,0.01,25729,25729,258,25729,258,0,0.9844961240310077,0.9844961240310077,0.9844961240310077,0.0,0.024552924117931366,0.024552924117931366,1.0
oulab,12,base_rf_gini,cutoff_valid,cutoff_valid,0.01,25729,25729,258,25729,258,0,0.9883720930232558,0.9883720930232558,0.9883720930232558,0.0,0.024649589173513776,0.024649589173513776,1.0
oulab,12,base_rf_gini,cutoff_valid_to_activity,cutoff_valid,0.01,28431,25729,258,25102,111,147,0.9922480620155039,0.42248062015503873,0.9819819819819819,0.5697674418604651,0.01958234529182284,0.010536491058482358,0.9756306113723814
oulab,12,base_rf_gini,static_full,cutoff_valid,0.01,32593,25729,258,25729,28,230,0.9961240310077519,0.10465116279069768,0.9642857142857143,0.8914728682170543,0.0149349139934914,0.002609956500724988,1.0
oulab,12,base_rf_gini,activity_conditioned,cutoff_valid,0.05,28431,25729,1287,25102,467,820,0.993006993006993,0.35586635586635584,0.9807280513918629,0.6371406371406372,0.09775873938652184,0.044272595456742385,0.9756306113723814
oulab,12,base_rf_gini,activity_to_cutoff_valid,cutoff_valid,0.05,25729,25729,1287,25729,1287,0,0.9906759906759907,0.9906759906759907,0.9906759906759907,0.0,0.12324794586756888,0.12324794586756888,1.0
oulab,12,base_rf_gini,cutoff_valid,cutoff_valid,0.05,25729,25729,1287,25729,1287,0,0.9852369852369852,0.9852369852369852,0.9852369852369852,0.0,0.12257129047849202,0.12257129047849202,1.0
oulab,12,base_rf_gini,cutoff_valid_to_activity,cutoff_valid,0.05,28431,25729,1287,25102,515,772,0.993006993006993,0.39316239316239315,0.9825242718446602,0.5998445998445998,0.09775873938652184,0.04891251812469792,0.9756306113723814
oulab,12,base_rf_gini,static_full,cutoff_valid,0.05,32593,25729,1287,25729,200,1087,0.9968919968919969,0.1522921522921523,0.98,0.8445998445998446,0.0745583449558345,0.018946350894151764,1.0
oulab,12,base_rf_gini,activity_conditioned,cutoff_valid,0.1,28431,25729,2572,25102,1047,1525,0.9860031104199067,0.3930793157076205,0.9656160458452722,0.5929237947122862,0.19398760804712,0.09772837119381343,0.9756306113723814
oulab,12,base_rf_gini,activity_to_cutoff_valid,cutoff_valid,0.1,25729,25729,2572,25729,2572,0,0.9622861586314152,0.9622861586314152,0.9622861586314152,0.0,0.23924601256645722,0.23924601256645722,1.0
oulab,12,base_rf_gini,cutoff_valid,cutoff_valid,0.1,25729,25729,2572,25729,2572,0,0.9595645412130638,0.9595645412130638,0.9595645412130638,0.0,0.23856935717738037,0.23856935717738037,1.0
oulab,12,base_rf_gini,cutoff_valid_to_activity,cutoff_valid,0.1,28431,25729,2572,25102,1082,1490,0.9825038880248833,0.4031881804043546,0.9584103512014788,0.5793157076205288,0.19329916622045437,0.10024166263895602,0.9756306113723814
oulab,12,base_rf_gini,static_full,cutoff_valid,0.1,32593,25729,2572,25729,485,2087,0.9957231726283048,0.18429237947122862,0.977319587628866,0.8114307931570762,0.14882612738261275,0.0458192363460609,1.0
oulab,12,base_rf_gini,activity_conditioned,cutoff_valid,0.2,28431,25729,5147,25102,2636,2511,0.9473479696910821,0.45949096561103553,0.8971927162367223,0.4878570040800466,0.37298248298018816,0.22861285645239246,0.9756306113723814
oulab,12,base_rf_gini,activity_to_cutoff_valid,cutoff_valid,0.2,25729,25729,5147,25729,5147,0,0.8750728579755197,0.8750728579755197,0.8750728579755197,0.0,0.43537941034316097,0.43537941034316097,1.0
oulab,12,base_rf_gini,cutoff_valid,cutoff_valid,0.2,25729,25729,5147,25729,5147,0,0.8758500097143967,0.8758500097143967,0.8758500097143967,0.0,0.43576607056549055,0.43576607056549055,1.0
oulab,12,base_rf_gini,cutoff_valid_to_activity,cutoff_valid,0.2,28431,25729,5147,25102,2650,2497,0.9452108024091704,0.4600738294151933,0.8935849056603774,0.48513697299397707,0.3721410540809302,0.22890285161913967,0.9756306113723814
oulab,12,base_rf_gini,static_full,cutoff_valid,0.2,32593,25729,5147,25729,1253,3894,0.9858169807654945,0.22925976296871964,0.9417398244213887,0.7565572177967749,0.29486285448628546,0.11406476558724021,1.0
oulab,12,base_svm,activity_conditioned,cutoff_valid,0.01,28431,25729,258,25102,130,128,0.9883720930232558,0.49224806201550386,0.9769230769230769,0.49612403100775193,0.01950585175552666,0.012276462058965683,0.9756306113723814
oulab,12,base_svm,activity_to_cutoff_valid,cutoff_valid,0.01,25729,25729,258,25729,258,0,0.9573643410852714,0.9573643410852714,0.9573643410852714,0.0,0.023876268728854518,0.023876268728854518,1.0
oulab,12,base_svm,cutoff_valid,cutoff_valid,0.01,25729,25729,258,25729,258,0,0.937984496124031,0.937984496124031,0.937984496124031,0.0,0.023392943450942484,0.023392943450942484,1.0
oulab,12,base_svm,cutoff_valid_to_activity,cutoff_valid,0.01,28431,25729,258,25102,147,111,0.9767441860465116,0.5465116279069767,0.9591836734693877,0.43023255813953487,0.01927637114663811,0.01362977283711938,0.9756306113723814
oulab,12,base_svm,static_full,cutoff_valid,0.01,32593,25729,258,25729,76,182,0.9961240310077519,0.29069767441860467,0.9868421052631579,0.7054263565891473,0.0149349139934914,0.007249879168680522,1.0
oulab,12,base_svm,activity_conditioned,cutoff_valid,0.05,28431,25729,1287,25102,634,653,0.972027972027972,0.46464646464646464,0.943217665615142,0.5073815073815073,0.0956934139065249,0.05780570323827936,0.9756306113723814
oulab,12,base_svm,activity_to_cutoff_valid,cutoff_valid,0.05,25729,25729,1287,25729,1287,0,0.9370629370629371,0.9370629370629371,0.9370629370629371,0.0,0.11657805703238279,0.11657805703238279,1.0
oulab,12,base_svm,cutoff_valid,cutoff_valid,0.05,25729,25729,1287,25729,1287,0,0.9463869463869464,0.9463869463869464,0.9463869463869464,0.0,0.11773803769937168,0.11773803769937168,1.0
oulab,12,base_svm,cutoff_valid_to_activity,cutoff_valid,0.05,28431,25729,1287,25102,665,622,0.9658119658119658,0.4825174825174825,0.9338345864661655,0.48329448329448327,0.09508146561615544,0.06002899951667472,0.9756306113723814
oulab,12,base_svm,static_full,cutoff_valid,0.05,32593,25729,1287,25729,293,994,0.9844599844599845,0.2128982128982129,0.9351535836177475,0.7723387723387724,0.07362854486285449,0.026486225229579507,1.0
oulab,12,base_svm,activity_conditioned,cutoff_valid,0.1,28431,25729,2572,25102,1315,1257,0.9545101088646968,0.46578538102643857,0.9110266159695818,0.48872472783825816,0.1877916316071292,0.11580473658772354,0.9756306113723814
oulab,12,base_svm,activity_to_cutoff_valid,cutoff_valid,0.1,25729,25729,2572,25729,2572,0,0.9191290824261276,0.9191290824261276,0.9191290824261276,0.0,0.22851619139681006,0.22851619139681006,1.0
oulab,12,base_svm,cutoff_valid,cutoff_valid,0.1,25729,25729,2572,25729,2572,0,0.9148522550544324,0.9148522550544324,0.9148522550544324,0.0,0.22745287578540357,0.22745287578540357,1.0
oulab,12,base_svm,cutoff_valid_to_activity,cutoff_valid,0.1,28431,25729,2572,25102,1368,1204,0.9486780715396579,0.48055987558320373,0.9035087719298246,0.4681181959564541,0.18664422856268645,0.119478008699855,0.9756306113723814
oulab,12,base_svm,static_full,cutoff_valid,0.1,32593,25729,2572,25729,537,2035,0.9875583203732504,0.19673405909797823,0.9422718808193669,0.7912130637636081,0.14760576476057646,0.04891251812469792,1.0
oulab,12,base_svm,activity_conditioned,cutoff_valid,0.2,28431,25729,5147,25102,3016,2131,0.9121818535068972,0.4981542646201671,0.850132625994695,0.41402758888673014,0.35913715291057907,0.24784920251329146,0.9756306113723814
oulab,12,base_svm,activity_to_cutoff_valid,cutoff_valid,0.2,25729,25729,5147,25729,5147,0,0.8531183213522441,0.8531183213522441,0.8531183213522441,0.0,0.42445625906234896,0.42445625906234896,1.0
oulab,12,base_svm,cutoff_valid,cutoff_valid,0.2,25729,25729,5147,25729,5147,0,0.8480668350495434,0.8480668350495434,0.8480668350495434,0.0,0.4219429676172064,0.4219429676172064,1.0
oulab,12,base_svm,cutoff_valid_to_activity,cutoff_valid,0.2,28431,25729,5147,25102,3076,2071,0.9051874878570041,0.5028171750534292,0.8413524057217165,0.4023703128035749,0.35638338560391647,0.2501691638472692,0.9756306113723814
oulab,12,base_svm,static_full,cutoff_valid,0.2,32593,25729,5147,25729,1357,3790,0.9776568875072857,0.24149990285603265,0.9159911569638909,0.7363512725859724,0.29242212924221295,0.12015466408893186,1.0
oulab,12,flat_hgb,activity_conditioned,cutoff_valid,0.01,28431,25729,258,25102,121,137,0.9573643410852714,0.4263565891472868,0.9090909090909091,0.5310077519379846,0.018893903465157194,0.010633156114064766,0.9756306113723814
oulab,12,flat_hgb,activity_to_cutoff_valid,cutoff_valid,0.01,25729,25729,258,25729,258,0,0.937984496124031,0.937984496124031,0.937984496124031,0.0,0.023392943450942484,0.023392943450942484,1.0
oulab,12,flat_hgb,cutoff_valid,cutoff_valid,0.01,25729,25729,258,25729,258,0,0.937984496124031,0.937984496124031,0.937984496124031,0.0,0.023392943450942484,0.023392943450942484,1.0
oulab,12,flat_hgb,cutoff_valid_to_activity,cutoff_valid,0.01,28431,25729,258,25102,137,121,0.9689922480620154,0.5,0.9416058394160584,0.4689922480620155,0.019123384074045742,0.012469792170130499,0.9756306113723814
oulab,12,flat_hgb,static_full,cutoff_valid,0.01,32593,25729,258,25729,48,210,0.9922480620155039,0.17829457364341086,0.9583333333333334,0.813953488372093,0.014876801487680148,0.00444659255679072,1.0
oulab,12,flat_hgb,activity_conditioned,cutoff_valid,0.05,28431,25729,1287,25102,625,662,0.9627039627039627,0.4483294483294483,0.9232,0.5143745143745144,0.0947754914709707,0.05577573707104882,0.9756306113723814
oulab,12,flat_hgb,activity_to_cutoff_valid,cutoff_valid,0.05,25729,25729,1287,25729,1287,0,0.9300699300699301,0.9300699300699301,0.9300699300699301,0.0,0.11570807153214113,0.11570807153214113,1.0
oulab,12,flat_hgb,cutoff_valid,cutoff_valid,0.05,25729,25729,1287,25729,1287,0,0.9448329448329449,0.9448329448329449,0.9448329448329449,0.0,0.11754470758820686,0.11754470758820686,1.0
oulab,12,flat_hgb,cutoff_valid_to_activity,cutoff_valid,0.05,28431,25729,1287,25102,655,632,0.9494949494949495,0.45843045843045843,0.9007633587786259,0.49106449106449107,0.0934751013539356,0.05703238279362011,0.9756306113723814
oulab,12,flat_hgb,static_full,cutoff_valid,0.05,32593,25729,1287,25729,242,1045,0.9867909867909868,0.17560217560217561,0.9338842975206612,0.811965811965812,0.07380288238028823,0.021846302561623974,1.0
oulab,12,flat_hgb,activity_conditioned,cutoff_valid,0.1,28431,25729,2572,25102,1302,1270,0.9576205287713841,0.46384136858475894,0.9162826420890937,0.4937791601866252,0.18840357989749867,0.11532141130981151,0.9756306113723814
oulab,12,flat_hgb,activity_to_cutoff_valid,cutoff_valid,0.1,25729,25729,2572,25729,2572,0,0.9241835147744946,0.9241835147744946,0.9241835147744946,0.0,0.22977283711938135,0.22977283711938135,1.0
oulab,12,flat_hgb,cutoff_valid,cutoff_valid,0.1,25729,25729,2572,25729,2572,0,0.921850699844479,0.921850699844479,0.921850699844479,0.0,0.2291928467858869,0.2291928467858869,1.0
oulab,12,flat_hgb,cutoff_valid_to_activity,cutoff_valid,0.1,28431,25729,2572,25102,1371,1201,0.9494556765163297,0.48250388802488337,0.9051787016776076,0.46695178849144636,0.18679721563527882,0.11996133397776704,0.9756306113723814
oulab,12,flat_hgb,static_full,cutoff_valid,0.1,32593,25729,2572,25729,481,2091,0.9879471228615864,0.17534992223950233,0.9376299376299376,0.8129860031104199,0.14766387726638772,0.04359594006766554,1.0
oulab,12,flat_hgb,activity_conditioned,cutoff_valid,0.2,28431,25729,5147,25102,2920,2227,0.9197590829609481,0.48707985234116963,0.8585616438356164,0.43267923061977853,0.3621204008261302,0.24233929434509424,0.9756306113723814
oulab,12,flat_hgb,activity_to_cutoff_valid,cutoff_valid,0.2,25729,25729,5147,25729,5147,0,0.8566155041771906,0.8566155041771906,0.8566155041771906,0.0,0.4261962300628323,0.4261962300628323,1.0
oulab,12,flat_hgb,cutoff_valid,cutoff_valid,0.2,25729,25729,5147,25729,5147,0,0.8566155041771906,0.8566155041771906,0.8566155041771906,0.0,0.4261962300628323,0.4261962300628323,1.0
oulab,12,flat_hgb,cutoff_valid_to_activity,cutoff_valid,0.2,28431,25729,5147,25102,2960,2187,0.9187876432873519,0.4938799300563435,0.8587837837837838,0.42490771323100834,0.3617379331446493,0.2457225712904785,0.9756306113723814
oulab,12,flat_hgb,static_full,cutoff_valid,0.2,32593,25729,5147,25729,1313,3834,0.9815426462016709,0.23683699242277054,0.9284082254379284,0.7448999417136196,0.29358437935843795,0.11783470275495408,1.0
oulab,12,stack_7_full,activity_conditioned,cutoff_valid,0.01,28431,25729,258,25102,74,184,0.9961240310077519,0.28294573643410853,0.9864864864864865,0.7131782945736435,0.019658838828119023,0.007056549057515708,0.9756306113723814
oulab,12,stack_7_full,activity_to_cutoff_valid,cutoff_valid,0.01,25729,25729,258,25729,258,0,0.9922480620155039,0.9922480620155039,0.9922480620155039,0.0,0.024746254229096182,0.024746254229096182,1.0
oulab,12,stack_7_full,cutoff_valid,cutoff_valid,0.01,25729,25729,258,25729,258,0,0.9961240310077519,0.9961240310077519,0.9961240310077519,0.0,0.024842919284678588,0.024842919284678588,1.0
oulab,12,stack_7_full,cutoff_valid_to_activity,cutoff_valid,0.01,28431,25729,258,25102,108,150,1.0,0.4186046511627907,1.0,0.5813953488372093,0.019735332364415208,0.010439826002899952,0.9756306113723814
oulab,12,stack_7_full,static_full,cutoff_valid,0.01,32593,25729,258,25729,44,214,0.9961240310077519,0.16666666666666666,0.9772727272727273,0.8294573643410853,0.0149349139934914,0.004156597390043499,1.0
oulab,12,stack_7_full,activity_conditioned,cutoff_valid,0.05,28431,25729,1287,25102,454,833,0.9953379953379954,0.3480963480963481,0.986784140969163,0.6472416472416472,0.0979882199954104,0.04330594490091832,0.9756306113723814
oulab,12,stack_7_full,activity_to_cutoff_valid,cutoff_valid,0.05,25729,25729,1287,25729,1287,0,0.98989898989899,0.98989898989899,0.98989898989899,0.0,0.12315128081198647,0.12315128081198647,1.0
oulab,12,stack_7_full,cutoff_valid,cutoff_valid,0.05,25729,25729,1287,25729,1287,0,0.9914529914529915,0.9914529914529915,0.9914529914529915,0.0,0.12334461092315128,0.12334461092315128,1.0
oulab,12,stack_7_full,cutoff_valid_to_activity,cutoff_valid,0.05,28431,25729,1287,25102,522,765,0.9953379953379954,0.40093240093240096,0.9885057471264368,0.5944055944055944,0.0979882199954104,0.049879168680521994,0.9756306113723814
oulab,12,stack_7_full,static_full,cutoff_valid,0.05,32593,25729,1287,25729,216,1071,0.9945609945609946,0.1623931623931624,0.9675925925925926,0.8321678321678322,0.07438400743840075,0.020202996616723055,1.0
oulab,12,stack_7_full,activity_conditioned,cutoff_valid,0.1,28431,25729,2572,25102,1044,1528,0.98950233281493,0.3954121306376361,0.9741379310344828,0.5940902021772939,0.19467604987378567,0.09830836152730787,0.9756306113723814
oulab,12,stack_7_full,activity_to_cutoff_valid,cutoff_valid,0.1,25729,25729,2572,25729,2572,0,0.96850699844479,0.96850699844479,0.96850699844479,0.0,0.24079265345577575,0.24079265345577575,1.0
oulab,12,stack_7_full,cutoff_valid,cutoff_valid,0.1,25729,25729,2572,25729,2572,0,0.9731726283048211,0.9731726283048211,0.9731726283048211,0.0,0.24195263412276463,0.24195263412276463,1.0
oulab,12,stack_7_full,cutoff_valid_to_activity,cutoff_valid,0.1,28431,25729,2572,25102,1114,1458,0.9883359253499222,0.4214618973561431,0.9730700179533214,0.5668740279937792,0.19444656926489712,0.10478492025132914,0.9756306113723814
oulab,12,stack_7_full,static_full,cutoff_valid,0.1,32593,25729,2572,25729,477,2095,0.9941679626749611,0.1796267496111975,0.9685534591194969,0.8145412130637636,0.14859367735936774,0.044659255679072016,1.0
oulab,12,stack_7_full,activity_conditioned,cutoff_valid,0.2,28431,25729,5147,25102,2624,2523,0.9553137750145716,0.4651253157178939,0.9123475609756098,0.4901884592966777,0.3761187179683317,0.23141614306428226,0.9756306113723814
oulab,12,stack_7_full,activity_to_cutoff_valid,cutoff_valid,0.2,25729,25729,5147,25729,5147,0,0.891393044491937,0.891393044491937,0.891393044491937,0.0,0.44349927501208314,0.44349927501208314,1.0
oulab,12,stack_7_full,cutoff_valid,cutoff_valid,0.2,25729,25729,5147,25729,5147,0,0.8910044686224985,0.8910044686224985,0.8910044686224985,0.0,0.4433059449009183,0.4433059449009183,1.0
oulab,12,stack_7_full,cutoff_valid_to_activity,cutoff_valid,0.2,28431,25729,5147,25102,2646,2501,0.9535651836020983,0.46765105886924424,0.9096749811035525,0.4859141247328541,0.375430276141666,0.23267278878685355,0.9756306113723814
oulab,12,stack_7_full,static_full,cutoff_valid,0.2,32593,25729,5147,25729,1249,3898,0.9873712842432485,0.23003691470759666,0.9479583666933546,0.7573343695356518,0.29532775453277543,0.11445142580956984,1.0
oulab,12,temporal_hgb,activity_conditioned,cutoff_valid,0.01,28431,25729,258,25102,103,155,0.9961240310077519,0.3953488372093023,0.9902912621359223,0.6007751937984496,0.019658838828119023,0.00985983566940551,0.9756306113723814
oulab,12,temporal_hgb,activity_to_cutoff_valid,cutoff_valid,0.01,25729,25729,258,25729,258,0,0.9806201550387597,0.9806201550387597,0.9806201550387597,0.0,0.02445625906234896,0.02445625906234896,1.0
oulab,12,temporal_hgb,cutoff_valid,cutoff_valid,0.01,25729,25729,258,25729,258,0,0.9767441860465116,0.9767441860465116,0.9767441860465116,0.0,0.024359594006766554,0.024359594006766554,1.0
oulab,12,temporal_hgb,cutoff_valid_to_activity,cutoff_valid,0.01,28431,25729,258,25102,107,151,0.9844961240310077,0.3992248062015504,0.9626168224299065,0.5852713178294574,0.019429358219230475,0.009956500724987917,0.9756306113723814
oulab,12,temporal_hgb,static_full,cutoff_valid,0.01,32593,25729,258,25729,48,210,0.9922480620155039,0.17829457364341086,0.9583333333333334,0.813953488372093,0.014876801487680148,0.00444659255679072,1.0
oulab,12,temporal_hgb,activity_conditioned,cutoff_valid,0.05,28431,25729,1287,25102,505,782,0.9906759906759907,0.38306138306138304,0.9762376237623762,0.6076146076146076,0.09752925877763328,0.04765587240212663,0.9756306113723814
oulab,12,temporal_hgb,activity_to_cutoff_valid,cutoff_valid,0.05,25729,25729,1287,25729,1287,0,0.9797979797979798,0.9797979797979798,0.9797979797979798,0.0,0.12189463508941517,0.12189463508941517,1.0
oulab,12,temporal_hgb,cutoff_valid,cutoff_valid,0.05,25729,25729,1287,25729,1287,0,0.9673659673659674,0.9673659673659674,0.9673659673659674,0.0,0.12034799420009666,0.12034799420009666,1.0
oulab,12,temporal_hgb,cutoff_valid_to_activity,cutoff_valid,0.05,28431,25729,1287,25102,568,719,0.9891219891219891,0.43045843045843046,0.9753521126760564,0.5586635586635587,0.09737627170504093,0.053552440792653457,0.9756306113723814
oulab,12,temporal_hgb,static_full,cutoff_valid,0.05,32593,25729,1287,25729,239,1048,0.9867909867909868,0.17327117327117328,0.9330543933054394,0.8142968142968143,0.07380288238028823,0.021556307394876753,1.0
oulab,12,temporal_hgb,activity_conditioned,cutoff_valid,0.1,28431,25729,2572,25102,1106,1466,0.9817262830482115,0.41174183514774493,0.9575045207956601,0.5699844479004665,0.193146179147862,0.10236829386176897,0.9756306113723814
oulab,12,temporal_hgb,activity_to_cutoff_valid,cutoff_valid,0.1,25729,25729,2572,25729,2572,0,0.9576205287713841,0.9576205287713841,0.9576205287713841,0.0,0.23808603189946834,0.23808603189946834,1.0
oulab,12,temporal_hgb,cutoff_valid,cutoff_valid,0.1,25729,25729,2572,25729,2572,0,0.9533437013996889,0.9533437013996889,0.9533437013996889,0.0,0.23702271628806187,0.23702271628806187,1.0
oulab,12,temporal_hgb,cutoff_valid_to_activity,cutoff_valid,0.1,28431,25729,2572,25102,1161,1411,0.9797822706065319,0.4311819595645412,0.9552110249784669,0.5486003110419907,0.1927637114663811,0.10720154664088932,0.9756306113723814
oulab,12,temporal_hgb,static_full,cutoff_valid,0.1,32593,25729,2572,25729,471,2101,0.9898911353032659,0.1734059097978227,0.9469214437367304,0.8168740279937792,0.14795443979544398,0.043112614789753506,1.0
oulab,12,temporal_hgb,activity_conditioned,cutoff_valid,0.2,28431,25729,5147,25102,2657,2490,0.9473479696910821,0.4635710122401399,0.8980052691004893,0.4837769574509423,0.37298248298018816,0.23064282261962302,0.9756306113723814
oulab,12,temporal_hgb,activity_to_cutoff_valid,cutoff_valid,0.2,25729,25729,5147,25729,5147,0,0.875267145910239,0.875267145910239,0.875267145910239,0.0,0.43547607539874333,0.43547607539874333,1.0
oulab,12,temporal_hgb,cutoff_valid,cutoff_valid,0.2,25729,25729,5147,25729,5147,0,0.8742957062366427,0.8742957062366427,0.8742957062366427,0.0,0.43499275012083133,0.43499275012083133,1.0
oulab,12,temporal_hgb,cutoff_valid_to_activity,cutoff_valid,0.2,28431,25729,5147,25102,2691,2456,0.9455993782786088,0.46842821060812123,0.8959494611668525,0.4771711676704877,0.37229404115352255,0.23305944900918318,0.9756306113723814
oulab,12,temporal_hgb,static_full,cutoff_valid,0.2,32593,25729,5147,25729,1236,3911,0.9834855255488634,0.22381970079658053,0.9320388349514563,0.7598601126870022,0.2941655044165504,0.11135814403093282,1.0
oulab,14,base_dffnn,activity_conditioned,cutoff_valid,0.01,28454,25354,255,24755,94,161,1.0,0.3686274509803922,1.0,0.6313725490196078,0.01948349633251834,0.009428284854563691,0.9763745365622781
oulab,14,base_dffnn,activity_to_cutoff_valid,cutoff_valid,0.01,25354,25354,255,25354,255,0,1.0,1.0,1.0,0.0,0.025576730190571714,0.025576730190571714,1.0
oulab,14,base_dffnn,cutoff_valid,cutoff_valid,0.01,25354,25354,255,25354,255,0,0.996078431372549,0.996078431372549,0.996078431372549,0.0,0.025476429287863592,0.025476429287863592,1.0
oulab,14,base_dffnn,cutoff_valid_to_activity,cutoff_valid,0.01,28454,25354,255,24755,118,137,1.0,0.4627450980392157,1.0,0.5372549019607843,0.01948349633251834,0.011835506519558676,0.9763745365622781
oulab,14,base_dffnn,static_full,cutoff_valid,0.01,32593,25354,255,25354,36,219,0.9921568627450981,0.13333333333333333,0.9444444444444444,0.8588235294117647,0.014702463970246398,0.0034102306920762286,1.0
oulab,14,base_dffnn,activity_conditioned,cutoff_valid,0.05,28454,25354,1269,24755,491,778,0.9968479117415288,0.3837667454688731,0.9918533604887984,0.6130811662726556,0.09665342298288508,0.04884653961885657,0.9763745365622781
oulab,14,base_dffnn,activity_to_cutoff_valid,cutoff_valid,0.05,25354,25354,1269,25354,1269,0,0.9881796690307328,0.9881796690307328,0.9881796690307328,0.0,0.12577733199598795,0.12577733199598795,1.0
oulab,14,base_dffnn,cutoff_valid,cutoff_valid,0.05,25354,25354,1269,25354,1269,0,0.9889676910953507,0.9889676910953507,0.9889676910953507,0.0,0.12587763289869608,0.12587763289869608,1.0
oulab,14,base_dffnn,cutoff_valid_to_activity,cutoff_valid,0.05,28454,25354,1269,24755,536,733,0.9944838455476753,0.4168636721828211,0.9869402985074627,0.5776201733648542,0.0964242053789731,0.05305917753259779,0.9763745365622781
oulab,14,base_dffnn,static_full,cutoff_valid,0.05,32593,25354,1269,25354,198,1071,0.9968479117415288,0.152876280535855,0.9797979797979798,0.8439716312056738,0.07351231985123198,0.01945837512537613,1.0
oulab,14,base_dffnn,activity_conditioned,cutoff_valid,0.1,28454,25354,2536,24755,1060,1476,0.987776025236593,0.4057570977917981,0.970754716981132,0.582018927444795,0.19139669926650366,0.10320962888665998,0.9763745365622781
oulab,14,base_dffnn,activity_to_cutoff_valid,cutoff_valid,0.1,25354,25354,2536,25354,2536,0,0.9660883280757098,0.9660883280757098,0.9660883280757098,0.0,0.24573721163490472,0.24573721163490472,1.0
oulab,14,base_dffnn,cutoff_valid,cutoff_valid,0.1,25354,25354,2536,25354,2536,0,0.9672712933753943,0.9672712933753943,0.9672712933753943,0.0,0.24603811434302908,0.24603811434302908,1.0
oulab,14,base_dffnn,cutoff_valid_to_activity,cutoff_valid,0.1,28454,25354,2536,24755,1123,1413,0.9865930599369085,0.42941640378548895,0.9697239536954586,0.5571766561514195,0.19116748166259168,0.10922768304914744,0.9763745365622781
oulab,14,base_dffnn,static_full,cutoff_valid,0.1,32593,25354,2536,25354,458,2078,0.9968454258675079,0.1774447949526814,0.982532751091703,0.8194006309148265,0.14690841469084148,0.04513540621865597,1.0
oulab,14,base_dffnn,activity_conditioned,cutoff_valid,0.2,28454,25354,5070,24755,2498,2572,0.9587771203155818,0.4514792899408284,0.9163330664531625,0.5072978303747534,0.37140892420537897,0.22958876629889668,0.9763745365622781
oulab,14,base_dffnn,activity_to_cutoff_valid,cutoff_valid,0.2,25354,25354,5070,25354,5070,0,0.8940828402366864,0.8940828402366864,0.8940828402366864,0.0,0.4546639919759278,0.4546639919759278,1.0
oulab,14,base_dffnn,cutoff_valid,cutoff_valid,0.2,25354,25354,5070,25354,5070,0,0.8925049309664694,0.8925049309664694,0.8925049309664694,0.0,0.4538615847542628,0.4538615847542628,1.0
oulab,14,base_dffnn,cutoff_valid_to_activity,cutoff_valid,0.2,28454,25354,5070,24755,2549,2521,0.9556213017751479,0.4583826429980276,0.9117300902314633,0.4972386587771203,0.3701864303178484,0.23309929789368106,0.9763745365622781
oulab,14,base_dffnn,static_full,cutoff_valid,0.2,32593,25354,5070,25354,1226,3844,0.9863905325443787,0.2282051282051282,0.9437194127243067,0.7581854043392505,0.29062064156206413,0.1160481444332999,1.0
oulab,14,base_knn,activity_conditioned,cutoff_valid,0.01,28454,25354,255,24755,126,129,0.9450980392156862,0.4392156862745098,0.8888888888888888,0.5058823529411764,0.018413814180929095,0.01123370110330993,0.9763745365622781
oulab,14,base_knn,activity_to_cutoff_valid,cutoff_valid,0.01,25354,25354,255,25354,255,0,0.9372549019607843,0.9372549019607843,0.9372549019607843,0.0,0.023971915747241727,0.023971915747241727,1.0
oulab,14,base_knn,cutoff_valid,cutoff_valid,0.01,25354,25354,255,25354,255,0,0.9450980392156862,0.9450980392156862,0.9450980392156862,0.0,0.024172517552657972,0.024172517552657972,1.0
oulab,14,base_knn,cutoff_valid_to_activity,cutoff_valid,0.01,28454,25354,255,24755,140,115,0.9686274509803922,0.5176470588235295,0.9428571428571428,0.45098039215686275,0.018872249388753055,0.013239719157472418,0.9763745365622781
oulab,14,base_knn,static_full,cutoff_valid,0.01,32593,25354,255,25354,53,202,0.9921568627450981,0.2,0.9622641509433962,0.792156862745098,0.014702463970246398,0.005115346038114343,1.0
oulab,14,base_knn,activity_conditioned,cutoff_valid,0.05,28454,25354,1269,24755,613,656,0.9716312056737588,0.45468873128447596,0.9412724306688418,0.5169424743892829,0.09420843520782396,0.057873620862587766,0.9763745365622781
oulab,14,base_knn,activity_to_cutoff_valid,cutoff_valid,0.05,25354,25354,1269,25354,1269,0,0.9416863672182821,0.9416863672182821,0.9416863672182821,0.0,0.11985957873620863,0.11985957873620863,1.0
oulab,14,base_knn,cutoff_valid,cutoff_valid,0.05,25354,25354,1269,25354,1269,0,0.9542947202521671,0.9542947202521671,0.9542947202521671,0.0,0.12146439317953861,0.12146439317953861,1.0
oulab,14,base_knn,cutoff_valid_to_activity,cutoff_valid,0.05,28454,25354,1269,24755,629,640,0.9637509850275807,0.4594168636721828,0.9268680445151033,0.5043341213553979,0.09344437652811736,0.058475426278836506,0.9763745365622781
oulab,14,base_knn,static_full,cutoff_valid,0.05,32593,25354,1269,25354,306,963,0.983451536643026,0.22537431048069345,0.934640522875817,0.7588652482269503,0.07252440725244072,0.02868605817452357,1.0
oulab,14,base_knn,activity_conditioned,cutoff_valid,0.1,28454,25354,2536,24755,1257,1279,0.9680599369085173,0.4637223974763407,0.9355608591885441,0.5043375394321766,0.18757640586797067,0.11795386158475427,0.9763745365622781
oulab,14,base_knn,activity_to_cutoff_valid,cutoff_valid,0.1,25354,25354,2536,25354,2536,0,0.9298107255520505,0.9298107255520505,0.9298107255520505,0.0,0.23650952858575727,0.23650952858575727,1.0
oulab,14,base_knn,cutoff_valid,cutoff_valid,0.1,25354,25354,2536,25354,2536,0,0.9321766561514195,0.9321766561514195,0.9321766561514195,0.0,0.237111334002006,0.237111334002006,1.0
oulab,14,base_knn,cutoff_valid_to_activity,cutoff_valid,0.1,28454,25354,2536,24755,1275,1261,0.9617507886435331,0.4645110410094637,0.923921568627451,0.4972397476340694,0.1863539119804401,0.11815446339017051,0.9763745365622781
oulab,14,base_knn,static_full,cutoff_valid,0.1,32593,25354,2536,25354,606,1930,0.987776025236593,0.22712933753943218,0.9504950495049505,0.7610410094637224,0.14557182705718272,0.05777331995987964,1.0
oulab,14,base_knn,activity_conditioned,cutoff_valid,0.2,28454,25354,5070,24755,2796,2274,0.9220907297830375,0.47357001972386586,0.8587267525035766,0.4485207100591716,0.35719743276283616,0.2408224674022066,0.9763745365622781
oulab,14,base_knn,activity_to_cutoff_valid,cutoff_valid,0.2,25354,25354,5070,25354,5070,0,0.8518737672583826,0.8518737672583826,0.8518737672583826,0.0,0.43319959879638914,0.43319959879638914,1.0
oulab,14,base_knn,cutoff_valid,cutoff_valid,0.2,25354,25354,5070,25354,5070,0,0.8473372781065088,0.8473372781065088,0.8473372781065088,0.0,0.4308926780341023,0.4308926780341023,1.0
oulab,14,base_knn,cutoff_valid_to_activity,cutoff_valid,0.2,28454,25354,5070,24755,2833,2237,0.9211045364891519,0.4798816568047337,0.8588069184609954,0.44122287968441815,0.3568154034229829,0.2440320962888666,0.9763745365622781
oulab,14,base_knn,static_full,cutoff_valid,0.2,32593,25354,5070,25354,1305,3765,0.9798816568047337,0.23747534516765287,0.9226053639846743,0.742603550295858,0.28870292887029286,0.12076228686058174,1.0
oulab,14,base_lr_clickstream,activity_conditioned,cutoff_valid,0.01,28454,25354,255,24755,133,122,0.9725490196078431,0.49411764705882355,0.9473684210526315,0.47843137254901963,0.018948655256723717,0.012637913741223672,0.9763745365622781
oulab,14,base_lr_clickstream,activity_to_cutoff_valid,cutoff_valid,0.01,25354,25354,255,25354,255,0,0.9490196078431372,0.9490196078431372,0.9490196078431372,0.0,0.024272818455366097,0.024272818455366097,1.0
oulab,14,base_lr_clickstream,cutoff_valid,cutoff_valid,0.01,25354,25354,255,25354,255,0,0.9568627450980393,0.9568627450980393,0.9568627450980393,0.0,0.024473420260782346,0.024473420260782346,1.0
oulab,14,base_lr_clickstream,cutoff_valid_to_activity,cutoff_valid,0.01,28454,25354,255,24755,149,106,0.9725490196078431,0.5568627450980392,0.9530201342281879,0.41568627450980394,0.018948655256723717,0.01424272818455366,0.9763745365622781
oulab,14,base_lr_clickstream,static_full,cutoff_valid,0.01,32593,25354,255,25354,45,210,0.9921568627450981,0.16862745098039217,0.9555555555555556,0.8235294117647058,0.014702463970246398,0.004312938816449348,1.0
oulab,14,base_lr_clickstream,activity_conditioned,cutoff_valid,0.05,28454,25354,1269,24755,628,641,0.970843183609141,0.4657210401891253,0.9410828025477707,0.5051221434200157,0.0941320293398533,0.0592778335005015,0.9763745365622781
oulab,14,base_lr_clickstream,activity_to_cutoff_valid,cutoff_valid,0.05,25354,25354,1269,25354,1269,0,0.9408983451536643,0.9408983451536643,0.9408983451536643,0.0,0.1197592778335005,0.1197592778335005,1.0
oulab,14,base_lr_clickstream,cutoff_valid,cutoff_valid,0.05,25354,25354,1269,25354,1269,0,0.9527186761229315,0.9527186761229315,0.9527186761229315,0.0,0.12126379137412237,0.12126379137412237,1.0
oulab,14,base_lr_clickstream,cutoff_valid_to_activity,cutoff_valid,0.05,28454,25354,1269,24755,673,596,0.9676910953506698,0.4980299448384555,0.9390787518573551,0.46966115051221435,0.09382640586797066,0.0633901705115346,0.9763745365622781
oulab,14,base_lr_clickstream,static_full,cutoff_valid,0.05,32593,25354,1269,25354,231,1038,0.9897557131599685,0.17257683215130024,0.948051948051948,0.817966903073286,0.07298930729893073,0.021965897693079238,1.0
oulab,14,base_lr_clickstream,activity_conditioned,cutoff_valid,0.1,28454,25354,2536,24755,1268,1268,0.955441640378549,0.4554416403785489,0.9108832807570978,0.5,0.18513141809290953,0.11584754262788365,0.9763745365622781
oulab,14,base_lr_clickstream,activity_to_cutoff_valid,cutoff_valid,0.1,25354,25354,2536,25354,2536,0,0.9246845425867508,0.9246845425867508,0.9246845425867508,0.0,0.23520561685055166,0.23520561685055166,1.0
oulab,14,base_lr_clickstream,cutoff_valid,cutoff_valid,0.1,25354,25354,2536,25354,2536,0,0.9191640378548895,0.9191640378548895,0.9191640378548895,0.0,0.23380140421263793,0.23380140421263793,1.0
oulab,14,base_lr_clickstream,cutoff_valid_to_activity,cutoff_valid,0.1,28454,25354,2536,24755,1352,1184,0.944794952681388,0.47791798107255523,0.8964497041420119,0.4668769716088328,0.18306845965770172,0.12156469408224674,0.9763745365622781
oulab,14,base_lr_clickstream,static_full,cutoff_valid,0.1,32593,25354,2536,25354,469,2067,0.9917192429022083,0.17705047318611988,0.9573560767590619,0.8150630914826499,0.14615295211529522,0.04503510531594784,1.0
oulab,14,base_lr_clickstream,activity_conditioned,cutoff_valid,0.2,28454,25354,5070,24755,2838,2232,0.9228796844181459,0.4826429980276134,0.8622269203664552,0.44023668639053254,0.35750305623471884,0.24543630892678034,0.9763745365622781
oulab,14,base_lr_clickstream,activity_to_cutoff_valid,cutoff_valid,0.2,25354,25354,5070,25354,5070,0,0.8579881656804734,0.8579881656804734,0.8579881656804734,0.0,0.436308926780341,0.436308926780341,1.0
oulab,14,base_lr_clickstream,cutoff_valid,cutoff_valid,0.2,25354,25354,5070,25354,5070,0,0.8530571992110454,0.8530571992110454,0.8530571992110454,0.0,0.4338014042126379,0.4338014042126379,1.0
oulab,14,base_lr_clickstream,cutoff_valid_to_activity,cutoff_valid,0.2,28454,25354,5070,24755,2925,2145,0.9128205128205128,0.4897435897435897,0.8488888888888889,0.4230769230769231,0.3536063569682152,0.2490471414242728,0.9763745365622781
oulab,14,base_lr_clickstream,static_full,cutoff_valid,0.2,32593,25354,5070,25354,1259,3811,0.980276134122288,0.22879684418145957,0.9213661636219221,0.7516765285996055,0.28881915388191537,0.11634904714142427,1.0
oulab,14,base_lr_profile,activity_conditioned,cutoff_valid,0.01,28454,25354,255,24755,199,56,0.7764705882352941,0.5568627450980392,0.7135678391959799,0.2196078431372549,0.01512836185819071,0.01424272818455366,0.9763745365622781
oulab,14,base_lr_profile,activity_to_cutoff_valid,cutoff_valid,0.01,25354,25354,255,25354,255,0,0.6941176470588235,0.6941176470588235,0.6941176470588235,0.0,0.017753259779338015,0.017753259779338015,1.0
oulab,14,base_lr_profile,cutoff_valid,cutoff_valid,0.01,25354,25354,255,25354,255,0,0.9529411764705882,0.9529411764705882,0.9529411764705882,0.0,0.02437311935807422,0.02437311935807422,1.0
oulab,14,base_lr_profile,cutoff_valid_to_activity,cutoff_valid,0.01,28454,25354,255,24755,215,40,0.7803921568627451,0.6235294117647059,0.7395348837209302,0.1568627450980392,0.01520476772616137,0.015947843530591775,0.9763745365622781
oulab,14,base_lr_profile,static_full,cutoff_valid,0.01,32593,25354,255,25354,51,204,0.9921568627450981,0.19607843137254902,0.9803921568627451,0.8,0.014702463970246398,0.0050150451354062184,1.0
oulab,14,base_lr_profile,activity_conditioned,cutoff_valid,0.05,28454,25354,1269,24755,999,270,0.7037037037037037,0.4909377462568952,0.6236236236236237,0.2127659574468085,0.06823044009779951,0.062487462387161484,0.9763745365622781
oulab,14,base_lr_profile,activity_to_cutoff_valid,cutoff_valid,0.05,25354,25354,1269,25354,1269,0,0.6288416075650118,0.6288416075650118,0.6288416075650118,0.0,0.08004012036108325,0.08004012036108325,1.0
oulab,14,base_lr_profile,cutoff_valid,cutoff_valid,0.05,25354,25354,1269,25354,1269,0,0.7927501970055162,0.7927501970055162,0.7927501970055162,0.0,0.10090270812437312,0.10090270812437312,1.0
oulab,14,base_lr_profile,cutoff_valid_to_activity,cutoff_valid,0.05,28454,25354,1269,24755,1046,223,0.6895193065405831,0.5137903861308116,0.6233269598470363,0.17572892040977148,0.06685513447432763,0.0653961885656971,0.9763745365622781
oulab,14,base_lr_profile,static_full,cutoff_valid,0.05,32593,25354,1269,25354,256,1013,0.9866036249014972,0.18912529550827423,0.9375,0.7982663514578409,0.07275685727568573,0.024072216649949848,1.0
oulab,14,base_lr_profile,activity_conditioned,cutoff_valid,0.1,28454,25354,2536,24755,2029,507,0.6656151419558359,0.46569400630914826,0.5820601281419419,0.1999211356466877,0.12897310513447433,0.11845536609829488,0.9763745365622781
oulab,14,base_lr_profile,activity_to_cutoff_valid,cutoff_valid,0.1,25354,25354,2536,25354,2536,0,0.5958201892744479,0.5958201892744479,0.5958201892744479,0.0,0.15155466399197592,0.15155466399197592,1.0
oulab,14,base_lr_profile,cutoff_valid,cutoff_valid,0.1,25354,25354,2536,25354,2536,0,0.6873028391167192,0.6873028391167192,0.6873028391167192,0.0,0.17482447342026078,0.17482447342026078,1.0
oulab,14,base_lr_profile,cutoff_valid_to_activity,cutoff_valid,0.1,28454,25354,2536,24755,2116,420,0.6557570977917981,0.49014195583596215,0.5874291115311909,0.16561514195583596,0.12706295843520782,0.1246740220661986,0.9763745365622781
oulab,14,base_lr_profile,static_full,cutoff_valid,0.1,32593,25354,2536,25354,500,2036,0.9755520504731862,0.17310725552050474,0.878,0.8028391167192429,0.14377033937703393,0.0440320962888666,1.0
oulab,14,base_lr_profile,activity_conditioned,cutoff_valid,0.2,28454,25354,5070,24755,4128,942,0.6270216962524655,0.44122287968441815,0.5419089147286822,0.18579881656804734,0.2428942542787286,0.22437311935807422,0.9763745365622781
oulab,14,base_lr_profile,activity_to_cutoff_valid,cutoff_valid,0.2,25354,25354,5070,25354,5070,0,0.5550295857988166,0.5550295857988166,0.5550295857988166,0.0,0.282246740220662,0.282246740220662,1.0
oulab,14,base_lr_profile,cutoff_valid,cutoff_valid,0.2,25354,25354,5070,25354,5070,0,0.6003944773175542,0.6003944773175542,0.6003944773175542,0.0,0.3053159478435306,0.3053159478435306,1.0
oulab,14,base_lr_profile,cutoff_valid_to_activity,cutoff_valid,0.2,28454,25354,5070,24755,4237,833,0.6242603550295858,0.45996055226824456,0.5503894264810008,0.16429980276134123,0.24182457212713937,0.23390170511534603,0.9763745365622781
oulab,14,base_lr_profile,static_full,cutoff_valid,0.2,32593,25354,5070,25354,1596,3474,0.9096646942800789,0.22465483234714004,0.7136591478696742,0.685207100591716,0.26801487680148767,0.11424272818455367,1.0
oulab,14,base_lr_weekly,activity_conditioned,cutoff_valid,0.01,28454,25354,255,24755,116,139,0.996078431372549,0.45098039215686275,0.9913793103448276,0.5450980392156862,0.019407090464547676,0.011534603811434303,0.9763745365622781
oulab,14,base_lr_weekly,activity_to_cutoff_valid,cutoff_valid,0.01,25354,25354,255,25354,255,0,0.9725490196078431,0.9725490196078431,0.9725490196078431,0.0,0.024874623871614845,0.024874623871614845,1.0
oulab,14,base_lr_weekly,cutoff_valid,cutoff_valid,0.01,25354,25354,255,25354,255,0,0.9568627450980393,0.9568627450980393,0.9568627450980393,0.0,0.024473420260782346,0.024473420260782346,1.0
oulab,14,base_lr_weekly,cutoff_valid_to_activity,cutoff_valid,0.01,28454,25354,255,24755,140,115,0.9686274509803922,0.5176470588235295,0.9428571428571428,0.45098039215686275,0.018872249388753055,0.013239719157472418,0.9763745365622781
oulab,14,base_lr_weekly,static_full,cutoff_valid,0.01,32593,25354,255,25354,45,210,0.996078431372549,0.17254901960784313,0.9777777777777777,0.8235294117647058,0.014760576476057647,0.0044132397191574725,1.0
oulab,14,base_lr_weekly,activity_conditioned,cutoff_valid,0.05,28454,25354,1269,24755,645,624,0.9795114263199369,0.48778565799842394,0.9596899224806201,0.491725768321513,0.09497249388753057,0.062086258776328986,0.9763745365622781
oulab,14,base_lr_weekly,activity_to_cutoff_valid,cutoff_valid,0.05,25354,25354,1269,25354,1269,0,0.9582348305752562,0.9582348305752562,0.9582348305752562,0.0,0.12196589769307924,0.12196589769307924,1.0
oulab,14,base_lr_weekly,cutoff_valid,cutoff_valid,0.05,25354,25354,1269,25354,1269,0,0.9621749408983451,0.9621749408983451,0.9621749408983451,0.0,0.12246740220661986,0.12246740220661986,1.0
oulab,14,base_lr_weekly,cutoff_valid_to_activity,cutoff_valid,0.05,28454,25354,1269,24755,703,566,0.9716312056737588,0.5256107171000788,0.9487908961593172,0.44602048857368004,0.09420843520782396,0.06690070210631896,0.9763745365622781
oulab,14,base_lr_weekly,static_full,cutoff_valid,0.05,32593,25354,1269,25354,229,1040,0.9905437352245863,0.17178881008668243,0.9519650655021834,0.8195429472025216,0.07304741980474198,0.021865596790371113,1.0
oulab,14,base_lr_weekly,activity_conditioned,cutoff_valid,0.1,28454,25354,2536,24755,1305,1231,0.972397476340694,0.48698738170347006,0.946360153256705,0.48541009463722395,0.18841687041564792,0.1238716148445336,0.9763745365622781
oulab,14,base_lr_weekly,activity_to_cutoff_valid,cutoff_valid,0.1,25354,25354,2536,25354,2536,0,0.945583596214511,0.945583596214511,0.945583596214511,0.0,0.24052156469408226,0.24052156469408226,1.0
oulab,14,base_lr_weekly,cutoff_valid,cutoff_valid,0.1,25354,25354,2536,25354,2536,0,0.9451892744479495,0.9451892744479495,0.9451892744479495,0.0,0.24042126379137413,0.24042126379137413,1.0
oulab,14,base_lr_weekly,cutoff_valid_to_activity,cutoff_valid,0.1,28454,25354,2536,24755,1412,1124,0.9645110410094637,0.5212933753943217,0.9362606232294618,0.443217665615142,0.18688875305623473,0.1325977933801404,0.9763745365622781
oulab,14,base_lr_weekly,static_full,cutoff_valid,0.1,32593,25354,2536,25354,454,2082,0.9921135646687698,0.17152996845425866,0.9581497797356828,0.8209779179810726,0.14621106462110647,0.043630892678034106,1.0
oulab,14,base_lr_weekly,activity_conditioned,cutoff_valid,0.2,28454,25354,5070,24755,2710,2360,0.9493096646942801,0.48382642998027614,0.9051660516605166,0.46548323471400394,0.3677414425427873,0.24603811434302908,0.9763745365622781
oulab,14,base_lr_weekly,activity_to_cutoff_valid,cutoff_valid,0.2,25354,25354,5070,25354,5070,0,0.8783037475345168,0.8783037475345168,0.8783037475345168,0.0,0.44663991975927786,0.44663991975927786,1.0
oulab,14,base_lr_weekly,cutoff_valid,cutoff_valid,0.2,25354,25354,5070,25354,5070,0,0.8723865877712031,0.8723865877712031,0.8723865877712031,0.0,0.4436308926780341,0.4436308926780341,1.0
oulab,14,base_lr_weekly,cutoff_valid_to_activity,cutoff_valid,0.2,28454,25354,5070,24755,2811,2259,0.9424063116370809,0.49684418145956605,0.896122376378513,0.4455621301775148,0.3650672371638142,0.2526579739217653,0.9763745365622781
oulab,14,base_lr_weekly,static_full,cutoff_valid,0.2,32593,25354,5070,25354,1267,3803,0.9840236686390532,0.2341222879684418,0.9368587213891081,0.7500986193293886,0.28992329149232915,0.11905717151454363,1.0
oulab,14,base_rf_entropy,activity_conditioned,cutoff_valid,0.01,28454,25354,255,24755,69,186,1.0,0.27058823529411763,1.0,0.7294117647058823,0.01948349633251834,0.006920762286860582,0.9763745365622781
oulab,14,base_rf_entropy,activity_to_cutoff_valid,cutoff_valid,0.01,25354,25354,255,25354,255,0,0.996078431372549,0.996078431372549,0.996078431372549,0.0,0.025476429287863592,0.025476429287863592,1.0
oulab,14,base_rf_entropy,cutoff_valid,cutoff_valid,0.01,25354,25354,255,25354,255,0,0.996078431372549,0.996078431372549,0.996078431372549,0.0,0.025476429287863592,0.025476429287863592,1.0
oulab,14,base_rf_entropy,cutoff_valid_to_activity,cutoff_valid,0.01,28454,25354,255,24755,96,159,1.0,0.3764705882352941,1.0,0.6235294117647059,0.01948349633251834,0.00962888665997994,0.9763745365622781
oulab,14,base_rf_entropy,static_full,cutoff_valid,0.01,32593,25354,255,25354,24,231,0.996078431372549,0.09019607843137255,0.9583333333333334,0.9058823529411765,0.014760576476057647,0.0023069207622868604,1.0
oulab,14,base_rf_entropy,activity_conditioned,cutoff_valid,0.05,28454,25354,1269,24755,439,830,0.9976359338061466,0.34357762017336485,0.9931662870159453,0.6540583136327817,0.09672982885085575,0.04373119358074223,0.9763745365622781
oulab,14,base_rf_entropy,activity_to_cutoff_valid,cutoff_valid,0.05,25354,25354,1269,25354,1269,0,0.9921197793538219,0.9921197793538219,0.9921197793538219,0.0,0.1262788365095286,0.1262788365095286,1.0
oulab,14,base_rf_entropy,cutoff_valid,cutoff_valid,0.05,25354,25354,1269,25354,1269,0,0.9897557131599685,0.9897557131599685,0.9897557131599685,0.0,0.1259779338014042,0.1259779338014042,1.0
oulab,14,base_rf_entropy,cutoff_valid_to_activity,cutoff_valid,0.05,28454,25354,1269,24755,481,788,0.9976359338061466,0.37667454688731283,0.9937629937629938,0.6209613869188337,0.09672982885085575,0.04794383149448345,0.9763745365622781
oulab,14,base_rf_entropy,static_full,cutoff_valid,0.05,32593,25354,1269,25354,194,1075,0.9976359338061466,0.15051221434200157,0.9845360824742269,0.847123719464145,0.07357043235704323,0.019157472417251756,1.0
oulab,14,base_rf_entropy,activity_conditioned,cutoff_valid,0.1,28454,25354,2536,24755,992,1544,0.9901419558359621,0.38130914826498424,0.9747983870967742,0.6088328075709779,0.19185513447432762,0.09699097291875627,0.9763745365622781
oulab,14,base_rf_entropy,activity_to_cutoff_valid,cutoff_valid,0.1,25354,25354,2536,25354,2536,0,0.9700315457413249,0.9700315457413249,0.9700315457413249,0.0,0.24674022066198595,0.24674022066198595,1.0
oulab,14,base_rf_entropy,cutoff_valid,cutoff_valid,0.1,25354,25354,2536,25354,2536,0,0.9700315457413249,0.9700315457413249,0.9700315457413249,0.0,0.24674022066198595,0.24674022066198595,1.0
oulab,14,base_rf_entropy,cutoff_valid_to_activity,cutoff_valid,0.1,28454,25354,2536,24755,1025,1511,0.9905362776025236,0.3947160883280757,0.9765853658536585,0.5958201892744479,0.19193154034229828,0.1004012036108325,0.9763745365622781
oulab,14,base_rf_entropy,static_full,cutoff_valid,0.1,32593,25354,2536,25354,477,2059,0.9980283911671924,0.1861198738170347,0.989517819706499,0.8119085173501577,0.1470827522082752,0.047342026078234706,1.0
oulab,14,base_rf_entropy,activity_conditioned,cutoff_valid,0.2,28454,25354,5070,24755,2406,2664,0.9591715976331361,0.43372781065088756,0.9139650872817955,0.5254437869822485,0.3715617359413203,0.2205616850551655,0.9763745365622781
oulab,14,base_rf_entropy,activity_to_cutoff_valid,cutoff_valid,0.2,25354,25354,5070,25354,5070,0,0.8881656804733727,0.8881656804733727,0.8881656804733727,0.0,0.45165496489468404,0.45165496489468404,1.0
oulab,14,base_rf_entropy,cutoff_valid,cutoff_valid,0.2,25354,25354,5070,25354,5070,0,0.8869822485207101,0.8869822485207101,0.8869822485207101,0.0,0.45105315947843533,0.45105315947843533,1.0
oulab,14,base_rf_entropy,cutoff_valid_to_activity,cutoff_valid,0.2,28454,25354,5070,24755,2433,2637,0.958974358974359,0.4388560157790927,0.9145088368269626,0.5201183431952663,0.3714853300733496,0.22316950852557674,0.9763745365622781
oulab,14,base_rf_entropy,static_full,cutoff_valid,0.2,32593,25354,5070,25354,1243,3827,0.9875739644970414,0.23274161735700197,0.9493161705551086,0.7548323471400394,0.29096931659693165,0.11835506519558676,1.0
oulab,14,base_rf_gini,activity_conditioned,cutoff_valid,0.01,28454,25354,255,24755,82,173,1.0,0.3215686274509804,1.0,0.6784313725490196,0.01948349633251834,0.008224674022066199,0.9763745365622781
oulab,14,base_rf_gini,activity_to_cutoff_valid,cutoff_valid,0.01,25354,25354,255,25354,255,0,0.996078431372549,0.996078431372549,0.996078431372549,0.0,0.025476429287863592,0.025476429287863592,1.0
oulab,14,base_rf_gini,cutoff_valid,cutoff_valid,0.01,25354,25354,255,25354,255,0,0.9921568627450981,0.9921568627450981,0.9921568627450981,0.0,0.025376128385155468,0.025376128385155468,1.0
oulab,14,base_rf_gini,cutoff_valid_to_activity,cutoff_valid,0.01,28454,25354,255,24755,99,156,1.0,0.38823529411764707,1.0,0.611764705882353,0.01948349633251834,0.009929789368104312,0.9763745365622781
oulab,14,base_rf_gini,static_full,cutoff_valid,0.01,32593,25354,255,25354,23,232,0.996078431372549,0.08627450980392157,0.9565217391304348,0.9098039215686274,0.014760576476057647,0.0022066198595787363,1.0
oulab,14,base_rf_gini,activity_conditioned,cutoff_valid,0.05,28454,25354,1269,24755,469,800,0.9984239558707644,0.3680063041765169,0.9957356076759062,0.6304176516942475,0.0968062347188264,0.04684052156469408,0.9763745365622781
oulab,14,base_rf_gini,activity_to_cutoff_valid,cutoff_valid,0.05,25354,25354,1269,25354,1269,0,0.9921197793538219,0.9921197793538219,0.9921197793538219,0.0,0.1262788365095286,0.1262788365095286,1.0
oulab,14,base_rf_gini,cutoff_valid,cutoff_valid,0.05,25354,25354,1269,25354,1269,0,0.9905437352245863,0.9905437352245863,0.9905437352245863,0.0,0.12607823470411234,0.12607823470411234,1.0
oulab,14,base_rf_gini,cutoff_valid_to_activity,cutoff_valid,0.05,28454,25354,1269,24755,500,769,0.9976359338061466,0.39164696611505123,0.994,0.6059889676910953,0.09672982885085575,0.04984954864593781,0.9763745365622781
oulab,14,base_rf_gini,static_full,cutoff_valid,0.05,32593,25354,1269,25354,200,1069,0.9976359338061466,0.15524034672970843,0.985,0.8423955870764381,0.07357043235704323,0.0197592778335005,1.0
oulab,14,base_rf_gini,activity_conditioned,cutoff_valid,0.1,28454,25354,2536,24755,1000,1536,0.9909305993690851,0.38525236593059936,0.977,0.6056782334384858,0.19200794621026895,0.09799398194583751,0.9763745365622781
oulab,14,base_rf_gini,activity_to_cutoff_valid,cutoff_valid,0.1,25354,25354,2536,25354,2536,0,0.9688485804416404,0.9688485804416404,0.9688485804416404,0.0,0.2464393179538616,0.2464393179538616,1.0
oulab,14,base_rf_gini,cutoff_valid,cutoff_valid,0.1,25354,25354,2536,25354,2536,0,0.9688485804416404,0.9688485804416404,0.9688485804416404,0.0,0.2464393179538616,0.2464393179538616,1.0
oulab,14,base_rf_gini,cutoff_valid_to_activity,cutoff_valid,0.1,28454,25354,2536,24755,1034,1502,0.9901419558359621,0.39787066246056785,0.9758220502901354,0.5922712933753943,0.19185513447432762,0.10120361083249749,0.9763745365622781
oulab,14,base_rf_gini,static_full,cutoff_valid,0.1,32593,25354,2536,25354,509,2027,0.9980283911671924,0.19873817034700317,0.9901768172888016,0.7992902208201893,0.1470827522082752,0.050551654964894686,1.0
oulab,14,base_rf_gini,activity_conditioned,cutoff_valid,0.2,28454,25354,5070,24755,2418,2652,0.9603550295857988,0.4372781065088757,0.9168734491315137,0.5230769230769231,0.37202017114914426,0.22236710130391174,0.9763745365622781
oulab,14,base_rf_gini,activity_to_cutoff_valid,cutoff_valid,0.2,25354,25354,5070,25354,5070,0,0.8891518737672583,0.8891518737672583,0.8891518737672583,0.0,0.4521564694082247,0.4521564694082247,1.0
oulab,14,base_rf_gini,cutoff_valid,cutoff_valid,0.2,25354,25354,5070,25354,5070,0,0.8877712031558186,0.8877712031558186,0.8877712031558186,0.0,0.4514543630892678,0.4514543630892678,1.0
oulab,14,base_rf_gini,cutoff_valid_to_activity,cutoff_valid,0.2,28454,25354,5070,24755,2443,2627,0.9587771203155818,0.4406311637080868,0.9144494474007367,0.5181459566074951,0.37140892420537897,0.22407221664994986,0.9763745365622781
oulab,14,base_rf_gini,static_full,cutoff_valid,0.2,32593,25354,5070,25354,1256,3814,0.9871794871794872,0.23491124260355029,0.9482484076433121,0.7522682445759369,0.29085309158530914,0.11945837512537613,1.0
oulab,14,base_svm,activity_conditioned,cutoff_valid,0.01,28454,25354,255,24755,130,125,0.984313725490196,0.49411764705882355,0.9692307692307692,0.49019607843137253,0.019177872860635697,0.012637913741223672,0.9763745365622781
oulab,14,base_svm,activity_to_cutoff_valid,cutoff_valid,0.01,25354,25354,255,25354,255,0,0.9647058823529412,0.9647058823529412,0.9647058823529412,0.0,0.024674022066198596,0.024674022066198596,1.0
oulab,14,base_svm,cutoff_valid,cutoff_valid,0.01,25354,25354,255,25354,255,0,0.9568627450980393,0.9568627450980393,0.9568627450980393,0.0,0.024473420260782346,0.024473420260782346,1.0
oulab,14,base_svm,cutoff_valid_to_activity,cutoff_valid,0.01,28454,25354,255,24755,137,118,0.9882352941176471,0.5254901960784314,0.9781021897810219,0.4627450980392157,0.019254278728606355,0.013440320962888667,0.9763745365622781
oulab,14,base_svm,static_full,cutoff_valid,0.01,32593,25354,255,25354,76,179,0.996078431372549,0.29411764705882354,0.9868421052631579,0.7019607843137254,0.014760576476057647,0.007522567703109328,1.0
oulab,14,base_svm,activity_conditioned,cutoff_valid,0.05,28454,25354,1269,24755,603,666,0.9771473601260835,0.4523246650906225,0.9519071310116086,0.524822695035461,0.09474327628361859,0.05757271815446339,0.9763745365622781
oulab,14,base_svm,activity_to_cutoff_valid,cutoff_valid,0.05,25354,25354,1269,25354,1269,0,0.9487785657998424,0.9487785657998424,0.9487785657998424,0.0,0.12076228686058174,0.12076228686058174,1.0
oulab,14,base_svm,cutoff_valid,cutoff_valid,0.05,25354,25354,1269,25354,1269,0,0.9574468085106383,0.9574468085106383,0.9574468085106383,0.0,0.12186559679037111,0.12186559679037111,1.0
oulab,14,base_svm,cutoff_valid_to_activity,cutoff_valid,0.05,28454,25354,1269,24755,640,629,0.9763593380614657,0.4806934594168637,0.953125,0.49566587864460204,0.09466687041564792,0.06118355065195587,0.9763745365622781
oulab,14,base_svm,static_full,cutoff_valid,0.05,32593,25354,1269,25354,283,986,0.9881796690307328,0.2119779353821907,0.950530035335689,0.77698975571316,0.07287308228730822,0.026980942828485455,1.0
oulab,14,base_svm,activity_conditioned,cutoff_valid,0.1,28454,25354,2536,24755,1245,1291,0.9613564668769716,0.4522870662460568,0.921285140562249,0.5090694006309149,0.18627750611246943,0.11504513540621866,0.9763745365622781
oulab,14,base_svm,activity_to_cutoff_valid,cutoff_valid,0.1,25354,25354,2536,25354,2536,0,0.9290220820189274,0.9290220820189274,0.9290220820189274,0.0,0.23630892678034102,0.23630892678034102,1.0
oulab,14,base_svm,cutoff_valid,cutoff_valid,0.1,25354,25354,2536,25354,2536,0,0.9242902208201893,0.9242902208201893,0.9242902208201893,0.0,0.23510531594784354,0.23510531594784354,1.0
oulab,14,base_svm,cutoff_valid_to_activity,cutoff_valid,0.1,28454,25354,2536,24755,1300,1236,0.9518927444794952,0.4645110410094637,0.9061538461538462,0.48738170347003157,0.1844437652811736,0.11815446339017051,0.9763745365622781
oulab,14,base_svm,static_full,cutoff_valid,0.1,32593,25354,2536,25354,524,2012,0.9905362776025236,0.1975552050473186,0.9561068702290076,0.7933753943217665,0.14597861459786146,0.05025075225677031,1.0
oulab,14,base_svm,activity_conditioned,cutoff_valid,0.2,28454,25354,5070,24755,2824,2246,0.9258382642998028,0.48284023668639053,0.8668555240793201,0.4429980276134122,0.35864914425427874,0.24553660982948847,0.9763745365622781
oulab,14,base_svm,activity_to_cutoff_valid,cutoff_valid,0.2,25354,25354,5070,25354,5070,0,0.8627218934911243,0.8627218934911243,0.8627218934911243,0.0,0.438716148445336,0.438716148445336,1.0
oulab,14,base_svm,cutoff_valid,cutoff_valid,0.2,25354,25354,5070,25354,5070,0,0.8607495069033531,0.8607495069033531,0.8607495069033531,0.0,0.43771313941825474,0.43771313941825474,1.0
oulab,14,base_svm,cutoff_valid_to_activity,cutoff_valid,0.2,28454,25354,5070,24755,2857,2213,0.9220907297830375,0.4856015779092702,0.8617430871543578,0.43648915187376724,0.35719743276283616,0.2469408224674022,0.9763745365622781
oulab,14,base_svm,static_full,cutoff_valid,0.2,32593,25354,5070,25354,1285,3785,0.9800788954635109,0.23372781065088757,0.9221789883268483,0.7465483234714004,0.28876104137610414,0.11885656970912738,1.0
oulab,14,flat_hgb,activity_conditioned,cutoff_valid,0.01,28454,25354,255,24755,120,135,0.9647058823529412,0.43529411764705883,0.925,0.5294117647058824,0.018795843520782396,0.011133400200601806,0.9763745365622781
oulab,14,flat_hgb,activity_to_cutoff_valid,cutoff_valid,0.01,25354,25354,255,25354,255,0,0.9411764705882353,0.9411764705882353,0.9411764705882353,0.0,0.024072216649949848,0.024072216649949848,1.0
oulab,14,flat_hgb,cutoff_valid,cutoff_valid,0.01,25354,25354,255,25354,255,0,0.9450980392156862,0.9450980392156862,0.9450980392156862,0.0,0.024172517552657972,0.024172517552657972,1.0
oulab,14,flat_hgb,cutoff_valid_to_activity,cutoff_valid,0.01,28454,25354,255,24755,135,120,0.9764705882352941,0.5058823529411764,0.9555555555555556,0.47058823529411764,0.019025061124694376,0.012938816449348044,0.9763745365622781
oulab,14,flat_hgb,static_full,cutoff_valid,0.01,32593,25354,255,25354,45,210,0.996078431372549,0.17254901960784313,0.9777777777777777,0.8235294117647058,0.014760576476057647,0.0044132397191574725,1.0
oulab,14,flat_hgb,activity_conditioned,cutoff_valid,0.05,28454,25354,1269,24755,607,662,0.9629629629629629,0.44129235618597323,0.9225700164744646,0.5216706067769897,0.0933679706601467,0.05616850551654965,0.9763745365622781
oulab,14,flat_hgb,activity_to_cutoff_valid,cutoff_valid,0.05,25354,25354,1269,25354,1269,0,0.9353821907013397,0.9353821907013397,0.9353821907013397,0.0,0.11905717151454363,0.11905717151454363,1.0
oulab,14,flat_hgb,cutoff_valid,cutoff_valid,0.05,25354,25354,1269,25354,1269,0,0.9550827423167849,0.9550827423167849,0.9550827423167849,0.0,0.12156469408224674,0.12156469408224674,1.0
oulab,14,flat_hgb,cutoff_valid_to_activity,cutoff_valid,0.05,28454,25354,1269,24755,670,599,0.9613869188337274,0.48936170212765956,0.926865671641791,0.4720252167060678,0.09321515892420539,0.062286860581745235,0.9763745365622781
oulab,14,flat_hgb,static_full,cutoff_valid,0.05,32593,25354,1269,25354,230,1039,0.9905437352245863,0.17257683215130024,0.9521739130434783,0.8187549251379038,0.07304741980474198,0.021965897693079238,1.0
oulab,14,flat_hgb,activity_conditioned,cutoff_valid,0.1,28454,25354,2536,24755,1257,1279,0.9589905362776026,0.45465299684542587,0.9172633253778838,0.5043375394321766,0.18581907090464547,0.1156469408224674,0.9763745365622781
oulab,14,flat_hgb,activity_to_cutoff_valid,cutoff_valid,0.1,25354,25354,2536,25354,2536,0,0.9270504731861199,0.9270504731861199,0.9270504731861199,0.0,0.2358074222668004,0.2358074222668004,1.0
oulab,14,flat_hgb,cutoff_valid,cutoff_valid,0.1,25354,25354,2536,25354,2536,0,0.930205047318612,0.930205047318612,0.930205047318612,0.0,0.2366098294884654,0.2366098294884654,1.0
oulab,14,flat_hgb,cutoff_valid_to_activity,cutoff_valid,0.1,28454,25354,2536,24755,1296,1240,0.9609621451104101,0.4720031545741325,0.9236111111111112,0.4889589905362776,0.1862011002444988,0.12006018054162487,0.9763745365622781
oulab,14,flat_hgb,static_full,cutoff_valid,0.1,32593,25354,2536,25354,460,2076,0.9901419558359621,0.1719242902208202,0.9478260869565217,0.8186119873817035,0.1459205020920502,0.04373119358074223,1.0
oulab,14,flat_hgb,activity_conditioned,cutoff_valid,0.2,28454,25354,5070,24755,2739,2331,0.9287968441814596,0.4690335305719921,0.8682000730193501,0.4597633136094675,0.35979523227383864,0.23851554663991975,0.9763745365622781
oulab,14,flat_hgb,activity_to_cutoff_valid,cutoff_valid,0.2,25354,25354,5070,25354,5070,0,0.8702169625246549,0.8702169625246549,0.8702169625246549,0.0,0.4425275827482447,0.4425275827482447,1.0
oulab,14,flat_hgb,cutoff_valid,cutoff_valid,0.2,25354,25354,5070,25354,5070,0,0.8700197238658777,0.8700197238658777,0.8700197238658777,0.0,0.4424272818455366,0.4424272818455366,1.0
oulab,14,flat_hgb,cutoff_valid_to_activity,cutoff_valid,0.2,28454,25354,5070,24755,2783,2287,0.9268244575936884,0.4757396449704142,0.8666906216313331,0.45108481262327416,0.359031173594132,0.241925777331996,0.9763745365622781
oulab,14,flat_hgb,static_full,cutoff_valid,0.2,32593,25354,5070,25354,1243,3827,0.9826429980276135,0.2280078895463511,0.9300080450522928,0.7548323471400394,0.2895165039516504,0.11594784353059177,1.0
oulab,14,stack_7_full,activity_conditioned,cutoff_valid,0.01,28454,25354,255,24755,79,176,1.0,0.30980392156862746,1.0,0.6901960784313725,0.01948349633251834,0.007923771313941825,0.9763745365622781
oulab,14,stack_7_full,activity_to_cutoff_valid,cutoff_valid,0.01,25354,25354,255,25354,255,0,1.0,1.0,1.0,0.0,0.025576730190571714,0.025576730190571714,1.0
oulab,14,stack_7_full,cutoff_valid,cutoff_valid,0.01,25354,25354,255,25354,255,0,1.0,1.0,1.0,0.0,0.025576730190571714,0.025576730190571714,1.0
oulab,14,stack_7_full,cutoff_valid_to_activity,cutoff_valid,0.01,28454,25354,255,24755,91,164,1.0,0.3568627450980392,1.0,0.6431372549019608,0.01948349633251834,0.009127382146439317,0.9763745365622781
oulab,14,stack_7_full,static_full,cutoff_valid,0.01,32593,25354,255,25354,39,216,0.996078431372549,0.14901960784313725,0.9743589743589743,0.8470588235294118,0.014760576476057647,0.003811434302908726,1.0
oulab,14,stack_7_full,activity_conditioned,cutoff_valid,0.05,28454,25354,1269,24755,451,818,0.9992119779353822,0.3546099290780142,0.9977827050997783,0.644602048857368,0.09688264058679706,0.04513540621865597,0.9763745365622781
oulab,14,stack_7_full,activity_to_cutoff_valid,cutoff_valid,0.05,25354,25354,1269,25354,1269,0,0.9936958234830575,0.9936958234830575,0.9936958234830575,0.0,0.12647943831494485,0.12647943831494485,1.0
oulab,14,stack_7_full,cutoff_valid,cutoff_valid,0.05,25354,25354,1269,25354,1269,0,0.9936958234830575,0.9936958234830575,0.9936958234830575,0.0,0.12647943831494485,0.12647943831494485,1.0
oulab,14,stack_7_full,cutoff_valid_to_activity,cutoff_valid,0.05,28454,25354,1269,24755,519,750,0.9984239558707644,0.4074074074074074,0.9961464354527938,0.5910165484633569,0.0968062347188264,0.0518555667001003,0.9763745365622781
oulab,14,stack_7_full,static_full,cutoff_valid,0.05,32593,25354,1269,25354,210,1059,0.9968479117415288,0.16233254531126873,0.9809523809523809,0.83451536643026,0.07351231985123198,0.02066198595787362,1.0
oulab,14,stack_7_full,activity_conditioned,cutoff_valid,0.1,28454,25354,2536,24755,992,1544,0.9929022082018928,0.3840694006309148,0.9818548387096774,0.6088328075709779,0.19238997555012224,0.09769307923771314,0.9763745365622781
oulab,14,stack_7_full,activity_to_cutoff_valid,cutoff_valid,0.1,25354,25354,2536,25354,2536,0,0.9739747634069401,0.9739747634069401,0.9739747634069401,0.0,0.2477432296890672,0.2477432296890672,1.0
oulab,14,stack_7_full,cutoff_valid,cutoff_valid,0.1,25354,25354,2536,25354,2536,0,0.9771293375394322,0.9771293375394322,0.9771293375394322,0.0,0.2485456369107322,0.2485456369107322,1.0
oulab,14,stack_7_full,cutoff_valid_to_activity,cutoff_valid,0.1,28454,25354,2536,24755,1050,1486,0.9940851735015773,0.4081230283911672,0.9857142857142858,0.5859621451104101,0.19261919315403422,0.10381143430290872,0.9763745365622781
oulab,14,stack_7_full,static_full,cutoff_valid,0.1,32593,25354,2536,25354,496,2040,0.9976340694006309,0.19321766561514195,0.9879032258064516,0.804416403785489,0.14702463970246396,0.04914744232698094,1.0
oulab,14,stack_7_full,activity_conditioned,cutoff_valid,0.2,28454,25354,5070,24755,2410,2660,0.9668639053254438,0.44220907297830375,0.9302904564315353,0.52465483234714,0.37454156479217604,0.22487462387161483,0.9763745365622781
oulab,14,stack_7_full,activity_to_cutoff_valid,cutoff_valid,0.2,25354,25354,5070,25354,5070,0,0.9078895463510848,0.9078895463510848,0.9078895463510848,0.0,0.4616850551654965,0.4616850551654965,1.0
oulab,14,stack_7_full,cutoff_valid,cutoff_valid,0.2,25354,25354,5070,25354,5070,0,0.9092702169625246,0.9092702169625246,0.9092702169625246,0.0,0.46238716148445336,0.46238716148445336,1.0
oulab,14,stack_7_full,cutoff_valid_to_activity,cutoff_valid,0.2,28454,25354,5070,24755,2460,2610,0.9656804733727811,0.450887573964497,0.9292682926829269,0.514792899408284,0.3740831295843521,0.22928786359077233,0.9763745365622781
oulab,14,stack_7_full,static_full,cutoff_valid,0.2,32593,25354,5070,25354,1216,3854,0.9897435897435898,0.22958579881656804,0.9572368421052632,0.7601577909270217,0.2916085541608554,0.11675025075225677,1.0
oulab,14,temporal_hgb,activity_conditioned,cutoff_valid,0.01,28454,25354,255,24755,89,166,0.996078431372549,0.34509803921568627,0.9887640449438202,0.6509803921568628,0.019407090464547676,0.008826479438314945,0.9763745365622781
oulab,14,temporal_hgb,activity_to_cutoff_valid,cutoff_valid,0.01,25354,25354,255,25354,255,0,0.9921568627450981,0.9921568627450981,0.9921568627450981,0.0,0.025376128385155468,0.025376128385155468,1.0
oulab,14,temporal_hgb,cutoff_valid,cutoff_valid,0.01,25354,25354,255,25354,255,0,0.984313725490196,0.984313725490196,0.984313725490196,0.0,0.02517552657973922,0.02517552657973922,1.0
oulab,14,temporal_hgb,cutoff_valid_to_activity,cutoff_valid,0.01,28454,25354,255,24755,94,161,0.9921568627450981,0.3607843137254902,0.9787234042553191,0.6313725490196078,0.019330684596577018,0.009227683049147442,0.9763745365622781
oulab,14,temporal_hgb,static_full,cutoff_valid,0.01,32593,25354,255,25354,46,209,0.996078431372549,0.17647058823529413,0.9782608695652174,0.8196078431372549,0.014760576476057647,0.004513540621865597,1.0
oulab,14,temporal_hgb,activity_conditioned,cutoff_valid,0.05,28454,25354,1269,24755,502,767,0.9944838455476753,0.3900709219858156,0.9860557768924303,0.6044129235618597,0.0964242053789731,0.04964894684052156,0.9763745365622781
oulab,14,temporal_hgb,activity_to_cutoff_valid,cutoff_valid,0.05,25354,25354,1269,25354,1269,0,0.9842395587076438,0.9842395587076438,0.9842395587076438,0.0,0.12527582748244734,0.12527582748244734,1.0
oulab,14,temporal_hgb,cutoff_valid,cutoff_valid,0.05,25354,25354,1269,25354,1269,0,0.9802994483845547,0.9802994483845547,0.9802994483845547,0.0,0.12477432296890673,0.12477432296890673,1.0
oulab,14,temporal_hgb,cutoff_valid_to_activity,cutoff_valid,0.05,28454,25354,1269,24755,528,741,0.9929078014184397,0.408983451536643,0.9829545454545454,0.5839243498817966,0.09627139364303179,0.05205616850551655,0.9763745365622781
oulab,14,temporal_hgb,static_full,cutoff_valid,0.05,32593,25354,1269,25354,227,1042,0.9905437352245863,0.1702127659574468,0.9515418502202643,0.8211189913317573,0.07304741980474198,0.021664994984954864,1.0
oulab,14,temporal_hgb,activity_conditioned,cutoff_valid,0.1,28454,25354,2536,24755,1093,1443,0.9893533123028391,0.42034700315457413,0.9752973467520586,0.569006309148265,0.1917023227383863,0.10692076228686058,0.9763745365622781
oulab,14,temporal_hgb,activity_to_cutoff_valid,cutoff_valid,0.1,25354,25354,2536,25354,2536,0,0.9688485804416404,0.9688485804416404,0.9688485804416404,0.0,0.2464393179538616,0.2464393179538616,1.0
oulab,14,temporal_hgb,cutoff_valid,cutoff_valid,0.1,25354,25354,2536,25354,2536,0,0.9712145110410094,0.9712145110410094,0.9712145110410094,0.0,0.24704112337011033,0.24704112337011033,1.0
oulab,14,temporal_hgb,cutoff_valid_to_activity,cutoff_valid,0.1,28454,25354,2536,24755,1108,1428,0.9893533123028391,0.42626182965299686,0.9756317689530686,0.5630914826498423,0.1917023227383863,0.10842527582748245,0.9763745365622781
oulab,14,temporal_hgb,static_full,cutoff_valid,0.1,32593,25354,2536,25354,455,2081,0.9936908517350158,0.17350157728706625,0.967032967032967,0.820583596214511,0.14644351464435146,0.044132397191574725,1.0
oulab,14,temporal_hgb,activity_conditioned,cutoff_valid,0.2,28454,25354,5070,24755,2453,2617,0.9601577909270217,0.44398422090729783,0.9176518548715858,0.5161735700197239,0.3719437652811736,0.22577733199598796,0.9763745365622781
oulab,14,temporal_hgb,activity_to_cutoff_valid,cutoff_valid,0.2,25354,25354,5070,25354,5070,0,0.8887573964497042,0.8887573964497042,0.8887573964497042,0.0,0.4519558676028084,0.4519558676028084,1.0
oulab,14,temporal_hgb,cutoff_valid,cutoff_valid,0.2,25354,25354,5070,25354,5070,0,0.8897435897435897,0.8897435897435897,0.8897435897435897,0.0,0.45245737211634907,0.45245737211634907,1.0
oulab,14,temporal_hgb,cutoff_valid_to_activity,cutoff_valid,0.2,28454,25354,5070,24755,2486,2584,0.9579881656804734,0.44832347140039447,0.914320193081255,0.5096646942800789,0.37110330073349634,0.2279839518555667,0.9763745365622781
oulab,14,temporal_hgb,static_full,cutoff_valid,0.2,32593,25354,5070,25354,1199,3871,0.9857988165680474,0.22248520710059172,0.9407839866555463,0.7635108481262327,0.2904463040446304,0.1131394182547643,1.0
oulab,16,base_dffnn,activity_conditioned,cutoff_valid,0.01,28477,24939,251,24367,83,168,0.9960159362549801,0.32669322709163345,0.9879518072289156,0.6693227091633466,0.01907668828691339,0.008582792547624032,0.9770640362484462
oulab,16,base_dffnn,activity_to_cutoff_valid,cutoff_valid,0.01,24939,24939,251,24939,251,0,0.9920318725099602,0.9920318725099602,0.9920318725099602,0.0,0.026062382248272974,0.026062382248272974,1.0
oulab,16,base_dffnn,cutoff_valid,cutoff_valid,0.01,24939,24939,251,24939,251,0,0.9880478087649402,0.9880478087649402,0.9880478087649402,0.0,0.025957714046472683,0.025957714046472683,1.0
oulab,16,base_dffnn,cutoff_valid_to_activity,cutoff_valid,0.01,28477,24939,251,24367,107,144,0.9920318725099602,0.41832669322709165,0.9813084112149533,0.5737051792828686,0.019000381533765737,0.010990161189030772,0.9770640362484462
oulab,16,base_dffnn,static_full,cutoff_valid,0.01,32593,24939,251,24939,30,221,1.0,0.11952191235059761,1.0,0.8804780876494024,0.014586238958623895,0.0031400460540087923,1.0
oulab,16,base_dffnn,activity_conditioned,cutoff_valid,0.05,28477,24939,1249,24367,485,764,0.9959967974379503,0.3843074459567654,0.9896907216494846,0.611689351481185,0.09492560091568104,0.05024073686414068,0.9770640362484462
oulab,16,base_dffnn,activity_to_cutoff_valid,cutoff_valid,0.05,24939,24939,1249,24939,1249,0,0.9871897518014412,0.9871897518014412,0.9871897518014412,0.0,0.12905589281976135,0.12905589281976135,1.0
oulab,16,base_dffnn,cutoff_valid,cutoff_valid,0.05,24939,24939,1249,24939,1249,0,0.9871897518014412,0.9871897518014412,0.9871897518014412,0.0,0.12905589281976135,0.12905589281976135,1.0
oulab,16,base_dffnn,cutoff_valid_to_activity,cutoff_valid,0.05,28477,24939,1249,24367,564,685,0.9943955164131305,0.44595676541232987,0.9875886524822695,0.5484387510008006,0.09477298740938574,0.05830018840276324,0.9770640362484462
oulab,16,base_dffnn,static_full,cutoff_valid,0.05,32593,24939,1249,24939,202,1047,0.9975980784627703,0.15932746196957567,0.9851485148514851,0.8382706164931946,0.07240818224081823,0.02082897215825832,1.0
oulab,16,base_dffnn,activity_conditioned,cutoff_valid,0.1,28477,24939,2493,24367,1044,1449,0.9923786602486964,0.4111512234255917,0.9818007662835249,0.5812274368231047,0.18878290728729494,0.1072849068453004,0.9770640362484462
oulab,16,base_dffnn,activity_to_cutoff_valid,cutoff_valid,0.1,24939,24939,2493,24939,2493,0,0.972723626153229,0.972723626153229,0.972723626153229,0.0,0.2538203893657107,0.2538203893657107,1.0
oulab,16,base_dffnn,cutoff_valid,cutoff_valid,0.1,24939,24939,2493,24939,2493,0,0.9747292418772563,0.9747292418772563,0.9747292418772563,0.0,0.25434373037471214,0.25434373037471214,1.0
oulab,16,base_dffnn,cutoff_valid_to_activity,cutoff_valid,0.1,28477,24939,2493,24367,1130,1363,0.99117529081428,0.4444444444444444,0.9805309734513274,0.5467308463698355,0.18855398702785198,0.11597236759472472,0.9770640362484462
oulab,16,base_dffnn,static_full,cutoff_valid,0.1,32593,24939,2493,24939,454,2039,0.9971921379863619,0.1793020457280385,0.9845814977973568,0.8178900922583233,0.14446768944676894,0.046786686204731004,1.0
oulab,16,base_dffnn,activity_conditioned,cutoff_valid,0.2,28477,24939,4987,24367,2313,2674,0.9665129336274313,0.4303188289552837,0.9277993947254648,0.5361941046721476,0.3677985501716902,0.22461796106342893,0.9770640362484462
oulab,16,base_dffnn,activity_to_cutoff_valid,cutoff_valid,0.2,24939,24939,4987,24939,4987,0,0.9095648686585122,0.9095648686585122,0.9095648686585122,0.0,0.47477496336612934,0.47477496336612934,1.0
oulab,16,base_dffnn,cutoff_valid,cutoff_valid,0.2,24939,24939,4987,24939,4987,0,0.906757569681171,0.906757569681171,0.906757569681171,0.0,0.47330960854092524,0.47330960854092524,1.0
oulab,16,base_dffnn,cutoff_valid_to_activity,cutoff_valid,0.2,28477,24939,4987,24367,2392,2595,0.9665129336274313,0.44616001604170846,0.9301839464882943,0.5203529175857229,0.3677985501716902,0.2328867490056521,0.9770640362484462
oulab,16,base_dffnn,static_full,cutoff_valid,0.2,32593,24939,4987,24939,1227,3760,0.9879687186685382,0.23400842189693202,0.9511002444987775,0.7539602967716061,0.2863203161320316,0.12214779150094202,1.0
oulab,16,base_knn,activity_conditioned,cutoff_valid,0.01,28477,24939,251,24367,127,124,0.952191235059761,0.4581673306772908,0.905511811023622,0.4940239043824701,0.0182373140022892,0.012036843207033703,0.9770640362484462
oulab,16,base_knn,activity_to_cutoff_valid,cutoff_valid,0.01,24939,24939,251,24939,251,0,0.9442231075697212,0.9442231075697212,0.9442231075697212,0.0,0.024806363826669457,0.024806363826669457,1.0
oulab,16,base_knn,cutoff_valid,cutoff_valid,0.01,24939,24939,251,24939,251,0,0.9601593625498008,0.9601593625498008,0.9601593625498008,0.0,0.02522503663387063,0.02522503663387063,1.0
oulab,16,base_knn,cutoff_valid_to_activity,cutoff_valid,0.01,28477,24939,251,24367,132,119,0.9721115537848606,0.49800796812749004,0.946969696969697,0.47410358565737054,0.01861884776802747,0.013083525225036634,0.9770640362484462
oulab,16,base_knn,static_full,cutoff_valid,0.01,32593,24939,251,24939,54,197,0.9800796812749004,0.1952191235059761,0.9074074074074074,0.7848605577689243,0.014295676429567642,0.005128741888214361,1.0
oulab,16,base_knn,activity_conditioned,cutoff_valid,0.05,28477,24939,1249,24367,578,671,0.9751801441152922,0.4379503602882306,0.9463667820069204,0.5372297838270617,0.09294162533384205,0.05725350638476031,0.9770640362484462
oulab,16,base_knn,activity_to_cutoff_valid,cutoff_valid,0.05,24939,24939,1249,24939,1249,0,0.944755804643715,0.944755804643715,0.944755804643715,0.0,0.12350847812434583,0.12350847812434583,1.0
oulab,16,base_knn,cutoff_valid,cutoff_valid,0.05,24939,24939,1249,24939,1249,0,0.9655724579663731,0.9655724579663731,0.9655724579663731,0.0,0.12622985137115345,0.12622985137115345,1.0
oulab,16,base_knn,cutoff_valid_to_activity,cutoff_valid,0.05,28477,24939,1249,24367,638,611,0.9711769415532426,0.4819855884707766,0.9435736677115988,0.489191353082466,0.09256009156810378,0.06301025748377644,0.9770640362484462
oulab,16,base_knn,static_full,cutoff_valid,0.05,32593,24939,1249,24939,299,950,0.9847878302642114,0.22417934347477983,0.9364548494983278,0.7606084867894315,0.07147838214783822,0.02930709650408206,1.0
oulab,16,base_knn,activity_conditioned,cutoff_valid,0.1,28477,24939,2493,24367,1192,1301,0.9747292418772563,0.452868030485359,0.9471476510067114,0.5218612113918973,0.18542541014879818,0.11817039983253087,0.9770640362484462
oulab,16,base_knn,activity_to_cutoff_valid,cutoff_valid,0.1,24939,24939,2493,24939,2493,0,0.9402326514239872,0.9402326514239872,0.9402326514239872,0.0,0.24534226501988696,0.24534226501988696,1.0
oulab,16,base_knn,cutoff_valid,cutoff_valid,0.1,24939,24939,2493,24939,2493,0,0.9422382671480144,0.9422382671480144,0.9422382671480144,0.0,0.24586560602888843,0.24586560602888843,1.0
oulab,16,base_knn,cutoff_valid_to_activity,cutoff_valid,0.1,28477,24939,2493,24367,1233,1260,0.972723626153229,0.4673084636983554,0.9448499594484996,0.5054151624548736,0.1850438763830599,0.12193845509734143,0.9770640362484462
oulab,16,base_knn,static_full,cutoff_valid,0.1,32593,24939,2493,24939,605,1888,0.9875651825110309,0.23024468511833132,0.9487603305785124,0.7573204973926996,0.14307298930729892,0.060079547833368226,1.0
oulab,16,base_knn,activity_conditioned,cutoff_valid,0.2,28477,24939,4987,24367,2611,2376,0.9358331662322037,0.45939442550631643,0.8774415932592876,0.4764387407258873,0.3561236169400992,0.23979485032447143,0.9770640362484462
oulab,16,base_knn,activity_to_cutoff_valid,cutoff_valid,0.2,24939,24939,4987,24939,4987,0,0.8590334870663726,0.8590334870663726,0.8590334870663726,0.0,0.4483985765124555,0.4483985765124555,1.0
oulab,16,base_knn,cutoff_valid,cutoff_valid,0.2,24939,24939,4987,24939,4987,0,0.8562261880890315,0.8562261880890315,0.8562261880890315,0.0,0.4469332216872514,0.4469332216872514,1.0
oulab,16,base_knn,cutoff_valid_to_activity,cutoff_valid,0.2,28477,24939,4987,24367,2654,2333,0.9352316021656306,0.46741527972729097,0.8782969103240392,0.4678163224383397,0.35589469668065626,0.24398157839648316,0.9770640362484462
oulab,16,base_knn,static_full,cutoff_valid,0.2,32593,24939,4987,24939,1275,3712,0.9817525566472829,0.2374172849408462,0.9286274509803921,0.7443352717064368,0.28451882845188287,0.12392715093154699,1.0
oulab,16,base_lr_clickstream,activity_conditioned,cutoff_valid,0.01,28477,24939,251,24367,123,128,0.9721115537848606,0.46215139442231074,0.943089430894309,0.5099601593625498,0.01861884776802747,0.012141511408833997,0.9770640362484462
oulab,16,base_lr_clickstream,activity_to_cutoff_valid,cutoff_valid,0.01,24939,24939,251,24939,251,0,0.9362549800796812,0.9362549800796812,0.9362549800796812,0.0,0.024597027423068872,0.024597027423068872,1.0
oulab,16,base_lr_clickstream,cutoff_valid,cutoff_valid,0.01,24939,24939,251,24939,251,0,0.9641434262948207,0.9641434262948207,0.9641434262948207,0.0,0.025329704835670923,0.025329704835670923,1.0
oulab,16,base_lr_clickstream,cutoff_valid_to_activity,cutoff_valid,0.01,28477,24939,251,24367,130,121,0.9760956175298805,0.4940239043824701,0.9538461538461539,0.4820717131474104,0.018695154521175122,0.012978857023236342,0.9770640362484462
oulab,16,base_lr_clickstream,static_full,cutoff_valid,0.01,32593,24939,251,24939,42,209,0.9920318725099602,0.1593625498007968,0.9523809523809523,0.8326693227091634,0.014470013947001394,0.004186728072011723,1.0
oulab,16,base_lr_clickstream,activity_conditioned,cutoff_valid,0.05,28477,24939,1249,24367,587,662,0.9791833466773419,0.44915932746196957,0.9557069846678024,0.5300240192153723,0.09332315909958032,0.05871886120996441,0.9770640362484462
oulab,16,base_lr_clickstream,activity_to_cutoff_valid,cutoff_valid,0.05,24939,24939,1249,24939,1249,0,0.9583666933546837,0.9583666933546837,0.9583666933546837,0.0,0.1252878375549508,0.1252878375549508,1.0
oulab,16,base_lr_clickstream,cutoff_valid,cutoff_valid,0.05,24939,24939,1249,24939,1249,0,0.9551641313050441,0.9551641313050441,0.9551641313050441,0.0,0.12486916474774963,0.12486916474774963,1.0
oulab,16,base_lr_clickstream,cutoff_valid_to_activity,cutoff_valid,0.05,28477,24939,1249,24367,621,628,0.9791833466773419,0.4763811048839071,0.9581320450885669,0.5028022417934348,0.09332315909958032,0.06227758007117438,0.9770640362484462
oulab,16,base_lr_clickstream,static_full,cutoff_valid,0.05,32593,24939,1249,24939,217,1032,0.9935948759007206,0.16733386709367493,0.9631336405529954,0.8262610088070457,0.07211761971176198,0.021875654176261253,1.0
oulab,16,base_lr_clickstream,activity_conditioned,cutoff_valid,0.1,28477,24939,2493,24367,1175,1318,0.9679101484155636,0.43922984356197353,0.9319148936170213,0.5286803048535901,0.18412819534528807,0.1146116809713209,0.9770640362484462
oulab,16,base_lr_clickstream,activity_to_cutoff_valid,cutoff_valid,0.1,24939,24939,2493,24939,2493,0,0.9402326514239872,0.9402326514239872,0.9402326514239872,0.0,0.24534226501988696,0.24534226501988696,1.0
oulab,16,base_lr_clickstream,cutoff_valid,cutoff_valid,0.1,24939,24939,2493,24939,2493,0,0.9306056959486563,0.9306056959486563,0.9306056959486563,0.0,0.24283022817667993,0.24283022817667993,1.0
oulab,16,base_lr_clickstream,cutoff_valid_to_activity,cutoff_valid,0.1,28477,24939,2493,24367,1251,1242,0.9570798235058163,0.45888487765744085,0.9144684252597922,0.4981949458483754,0.18206791301030142,0.11974042285953528,0.9770640362484462
oulab,16,base_lr_clickstream,static_full,cutoff_valid,0.1,32593,24939,2493,24939,446,2047,0.9943842759727236,0.17328519855595667,0.968609865470852,0.8210990774167669,0.1440609019060902,0.04521666317772661,1.0
oulab,16,base_lr_clickstream,activity_conditioned,cutoff_valid,0.2,28477,24939,4987,24367,2651,2336,0.9358331662322037,0.46741527972729097,0.8792908336476801,0.4684178865049128,0.3561236169400992,0.24398157839648316,0.9770640362484462
oulab,16,base_lr_clickstream,activity_to_cutoff_valid,cutoff_valid,0.2,24939,24939,4987,24939,4987,0,0.8652496490876278,0.8652496490876278,0.8652496490876278,0.0,0.4516432907682646,0.4516432907682646,1.0
oulab,16,base_lr_clickstream,cutoff_valid,cutoff_valid,0.2,24939,24939,4987,24939,4987,0,0.8612392219771405,0.8612392219771405,0.8612392219771405,0.0,0.44954992673225874,0.44954992673225874,1.0
oulab,16,base_lr_clickstream,cutoff_valid_to_activity,cutoff_valid,0.2,28477,24939,4987,24367,2718,2269,0.9302185682775216,0.4752356125927411,0.8719646799116998,0.4549829556847804,0.3539870278519649,0.24806363826669459,0.9770640362484462
oulab,16,base_lr_clickstream,static_full,cutoff_valid,0.2,32593,24939,4987,24939,1183,3804,0.982354120713856,0.21957088429917787,0.9256128486897718,0.7627832364146782,0.2846931659693166,0.1146116809713209,1.0
oulab,16,base_lr_profile,activity_conditioned,cutoff_valid,0.01,28477,24939,251,24367,187,64,0.7689243027888446,0.5139442231075697,0.6898395721925134,0.2549800796812749,0.014727203357497139,0.013502198032237806,0.9770640362484462
oulab,16,base_lr_profile,activity_to_cutoff_valid,cutoff_valid,0.01,24939,24939,251,24939,251,0,0.6852589641434262,0.6852589641434262,0.6852589641434262,0.0,0.018002930709650408,0.018002930709650408,1.0
oulab,16,base_lr_profile,cutoff_valid,cutoff_valid,0.01,24939,24939,251,24939,251,0,0.9601593625498008,0.9601593625498008,0.9601593625498008,0.0,0.02522503663387063,0.02522503663387063,1.0
oulab,16,base_lr_profile,cutoff_valid_to_activity,cutoff_valid,0.01,28477,24939,251,24367,208,43,0.7768924302788844,0.6055776892430279,0.7307692307692307,0.17131474103585656,0.014879816863792446,0.015909566673644546,0.9770640362484462
oulab,16,base_lr_profile,static_full,cutoff_valid,0.01,32593,24939,251,24939,48,203,1.0,0.19123505976095617,1.0,0.8087649402390438,0.014586238958623895,0.0050240736864140675,1.0
oulab,16,base_lr_profile,activity_conditioned,cutoff_valid,0.05,28477,24939,1249,24367,961,288,0.7037630104083267,0.4731785428342674,0.6149843912591051,0.23058446757405926,0.06707363601678748,0.0618589072639732,0.9770640362484462
oulab,16,base_lr_profile,activity_to_cutoff_valid,cutoff_valid,0.05,24939,24939,1249,24939,1249,0,0.6204963971176941,0.6204963971176941,0.6204963971176941,0.0,0.08111785639522713,0.08111785639522713,1.0
oulab,16,base_lr_profile,cutoff_valid,cutoff_valid,0.05,24939,24939,1249,24939,1249,0,0.7854283426741393,0.7854283426741393,0.7854283426741393,0.0,0.1026795059660875,0.1026795059660875,1.0
oulab,16,base_lr_profile,cutoff_valid_to_activity,cutoff_valid,0.05,28477,24939,1249,24367,1014,235,0.6861489191353083,0.49799839871897517,0.6134122287968442,0.18815052041633307,0.0653948874475391,0.06510362151978229,0.9770640362484462
oulab,16,base_lr_profile,static_full,cutoff_valid,0.05,32593,24939,1249,24939,245,1004,0.988791032826261,0.18494795836669337,0.9428571428571428,0.8038430744595677,0.07176894467689447,0.0241783546158677,1.0
oulab,16,base_lr_profile,activity_conditioned,cutoff_valid,0.1,28477,24939,2493,24367,1959,534,0.6690734055354994,0.4548736462093863,0.5788667687595712,0.21419975932611313,0.12727966425028614,0.11869374084153234,0.9770640362484462
oulab,16,base_lr_profile,activity_to_cutoff_valid,cutoff_valid,0.1,24939,24939,2493,24939,2493,0,0.5856397914159647,0.5856397914159647,0.5856397914159647,0.0,0.15281557462842787,0.15281557462842787,1.0
oulab,16,base_lr_profile,cutoff_valid,cutoff_valid,0.1,24939,24939,2493,24939,2493,0,0.6795026073004412,0.6795026073004412,0.6795026073004412,0.0,0.17730793384969645,0.17730793384969645,1.0
oulab,16,base_lr_profile,cutoff_valid_to_activity,cutoff_valid,0.1,28477,24939,2493,24367,2050,443,0.6550340954673085,0.47733654231849176,0.5804878048780487,0.1776975531488167,0.12460892789011828,0.12455516014234876,0.9770640362484462
oulab,16,base_lr_profile,static_full,cutoff_valid,0.1,32593,24939,2493,24939,477,2016,0.9771359807460891,0.1684717208182912,0.8805031446540881,0.8086642599277978,0.14156206415620642,0.04396064475612309,1.0
oulab,16,base_lr_profile,activity_conditioned,cutoff_valid,0.2,28477,24939,4987,24367,3985,1002,0.6282334068578304,0.4273110086224183,0.5347553324968632,0.20092239823541208,0.23906905761159863,0.22304793803642453,0.9770640362484462
oulab,16,base_lr_profile,activity_to_cutoff_valid,cutoff_valid,0.2,24939,24939,4987,24939,4987,0,0.5456186083817927,0.5456186083817927,0.5456186083817927,0.0,0.28480217709859745,0.28480217709859745,1.0
oulab,16,base_lr_profile,cutoff_valid,cutoff_valid,0.2,24939,24939,4987,24939,4987,0,0.5909364347302988,0.5909364347302988,0.5909364347302988,0.0,0.3084571907054637,0.3084571907054637,1.0
oulab,16,base_lr_profile,cutoff_valid_to_activity,cutoff_valid,0.2,28477,24939,4987,24367,4114,873,0.6222177661920995,0.4471626228193303,0.5420515313563442,0.1750551433727692,0.23677985501716903,0.23341009001465354,0.9770640362484462
oulab,16,base_lr_profile,static_full,cutoff_valid,0.2,32593,24939,4987,24939,1517,3470,0.9115700822137558,0.21576097854421497,0.7092946605141727,0.6958091036695409,0.26417945141794513,0.11262298513711534,1.0
oulab,16,base_lr_weekly,activity_conditioned,cutoff_valid,0.01,28477,24939,251,24367,99,152,0.9880478087649402,0.38247011952191234,0.9696969696969697,0.6055776892430279,0.018924074780618083,0.010048147372828135,0.9770640362484462
oulab,16,base_lr_weekly,activity_to_cutoff_valid,cutoff_valid,0.01,24939,24939,251,24939,251,0,0.9681274900398407,0.9681274900398407,0.9681274900398407,0.0,0.025434373037471217,0.025434373037471217,1.0
oulab,16,base_lr_weekly,cutoff_valid,cutoff_valid,0.01,24939,24939,251,24939,251,0,0.9681274900398407,0.9681274900398407,0.9681274900398407,0.0,0.025434373037471217,0.025434373037471217,1.0
oulab,16,base_lr_weekly,cutoff_valid_to_activity,cutoff_valid,0.01,28477,24939,251,24367,123,128,0.9760956175298805,0.46613545816733065,0.9512195121951219,0.5099601593625498,0.018695154521175122,0.012246179610634289,0.9770640362484462
oulab,16,base_lr_weekly,static_full,cutoff_valid,0.01,32593,24939,251,24939,41,210,0.9960159362549801,0.1593625498007968,0.975609756097561,0.8366533864541833,0.014528126452812646,0.004186728072011723,1.0
oulab,16,base_lr_weekly,activity_conditioned,cutoff_valid,0.05,28477,24939,1249,24367,585,664,0.9879903923138511,0.45636509207365894,0.9743589743589743,0.5316253002401922,0.09416253338420451,0.05966087502616705,0.9770640362484462
oulab,16,base_lr_weekly,activity_to_cutoff_valid,cutoff_valid,0.05,24939,24939,1249,24939,1249,0,0.9695756605284227,0.9695756605284227,0.9695756605284227,0.0,0.12675319238015492,0.12675319238015492,1.0
oulab,16,base_lr_weekly,cutoff_valid,cutoff_valid,0.05,24939,24939,1249,24939,1249,0,0.967173738991193,0.967173738991193,0.967173738991193,0.0,0.12643918777475402,0.12643918777475402,1.0
oulab,16,base_lr_weekly,cutoff_valid_to_activity,cutoff_valid,0.05,28477,24939,1249,24367,624,625,0.9847878302642114,0.4843875100080064,0.969551282051282,0.500400320256205,0.0938573063716139,0.06332426208917731,0.9770640362484462
oulab,16,base_lr_weekly,static_full,cutoff_valid,0.05,32593,24939,1249,24939,211,1038,0.9943955164131305,0.1633306645316253,0.966824644549763,0.8310648518815053,0.07217573221757322,0.021352313167259787,1.0
oulab,16,base_lr_weekly,activity_conditioned,cutoff_valid,0.1,28477,24939,2493,24367,1231,1262,0.9827517047733654,0.47653429602888087,0.9650690495532088,0.5062174087444845,0.18695154521175125,0.12434582373874817,0.9770640362484462
oulab,16,base_lr_weekly,activity_to_cutoff_valid,cutoff_valid,0.1,24939,24939,2493,24939,2493,0,0.9582831929402327,0.9582831929402327,0.9582831929402327,0.0,0.25005233410090016,0.25005233410090016,1.0
oulab,16,base_lr_weekly,cutoff_valid,cutoff_valid,0.1,24939,24939,2493,24939,2493,0,0.9578820697954272,0.9578820697954272,0.9578820697954272,0.0,0.24994766589909986,0.24994766589909986,1.0
oulab,16,base_lr_weekly,cutoff_valid_to_activity,cutoff_valid,0.1,28477,24939,2493,24367,1303,1190,0.9779382270357,0.5006016847172082,0.9577897160399079,0.47733654231849176,0.1860358641739794,0.13062591584676575,0.9770640362484462
oulab,16,base_lr_weekly,static_full,cutoff_valid,0.1,32593,24939,2493,24939,429,2064,0.9935820296831127,0.16566385880465304,0.9627039627039627,0.8279181708784596,0.1439446768944677,0.04322796734352104,1.0
oulab,16,base_lr_weekly,activity_conditioned,cutoff_valid,0.2,28477,24939,4987,24367,2541,2446,0.9590936434730298,0.4686184078604371,0.9197166469893743,0.49047523561259276,0.364975200305227,0.2446095876072849,0.9770640362484462
oulab,16,base_lr_weekly,activity_to_cutoff_valid,cutoff_valid,0.2,24939,24939,4987,24939,4987,0,0.8963304591939042,0.8963304591939042,0.8963304591939042,0.0,0.46786686204731004,0.46786686204731004,1.0
oulab,16,base_lr_weekly,cutoff_valid,cutoff_valid,0.2,24939,24939,4987,24939,4987,0,0.8943252456386606,0.8943252456386606,0.8943252456386606,0.0,0.4668201800293071,0.4668201800293071,1.0
oulab,16,base_lr_weekly,cutoff_valid_to_activity,cutoff_valid,0.2,28477,24939,4987,24367,2613,2374,0.9538800882293964,0.4778423902145579,0.9119785686949866,0.4760376980148386,0.362991224723388,0.2494243248900984,0.9770640362484462
oulab,16,base_lr_weekly,static_full,cutoff_valid,0.2,32593,24939,4987,24939,1180,3807,0.9865650691798676,0.2231802686986164,0.9432203389830508,0.7633848004812512,0.2859135285913529,0.11649570860372618,1.0
oulab,16,base_rf_entropy,activity_conditioned,cutoff_valid,0.01,28477,24939,251,24367,86,165,1.0,0.3426294820717131,1.0,0.6573705179282868,0.019152995040061044,0.009001465354825204,0.9770640362484462
oulab,16,base_rf_entropy,activity_to_cutoff_valid,cutoff_valid,0.01,24939,24939,251,24939,251,0,1.0,1.0,1.0,0.0,0.02627171865187356,0.02627171865187356,1.0
oulab,16,base_rf_entropy,cutoff_valid,cutoff_valid,0.01,24939,24939,251,24939,251,0,1.0,1.0,1.0,0.0,0.02627171865187356,0.02627171865187356,1.0
oulab,16,base_rf_entropy,cutoff_valid_to_activity,cutoff_valid,0.01,28477,24939,251,24367,92,159,1.0,0.3665338645418327,1.0,0.6334661354581673,0.019152995040061044,0.009629474565626963,0.9770640362484462
oulab,16,base_rf_entropy,static_full,cutoff_valid,0.01,32593,24939,251,24939,27,224,1.0,0.10756972111553785,1.0,0.8924302788844621,0.014586238958623895,0.002826041448607913,1.0
oulab,16,base_rf_entropy,activity_conditioned,cutoff_valid,0.05,28477,24939,1249,24367,418,831,0.9991993594875901,0.33386709367493994,0.9976076555023924,0.6653322658126501,0.09523082792827166,0.04364664015072221,0.9770640362484462
oulab,16,base_rf_entropy,activity_to_cutoff_valid,cutoff_valid,0.05,24939,24939,1249,24939,1249,0,0.9935948759007206,0.9935948759007206,0.9935948759007206,0.0,0.1298932384341637,0.1298932384341637,1.0
oulab,16,base_rf_entropy,cutoff_valid,cutoff_valid,0.05,24939,24939,1249,24939,1249,0,0.9919935948759008,0.9919935948759008,0.9919935948759008,0.0,0.12968390203056313,0.12968390203056313,1.0
oulab,16,base_rf_entropy,cutoff_valid_to_activity,cutoff_valid,0.05,28477,24939,1249,24367,470,779,0.9991993594875901,0.3755004003202562,0.997872340425532,0.6236989591673339,0.09523082792827166,0.04908938664433745,0.9770640362484462
oulab,16,base_rf_entropy,static_full,cutoff_valid,0.05,32593,24939,1249,24939,189,1060,1.0,0.1513210568454764,1.0,0.8486789431545236,0.07258251975825197,0.01978229014025539,1.0
oulab,16,base_rf_entropy,activity_conditioned,cutoff_valid,0.1,28477,24939,2493,24367,925,1568,0.9951865222623345,0.36622543120738066,0.987027027027027,0.6289610910549539,0.1893170545593285,0.09556206824366757,0.9770640362484462
oulab,16,base_rf_entropy,activity_to_cutoff_valid,cutoff_valid,0.1,24939,24939,2493,24939,2493,0,0.9751303650220617,0.9751303650220617,0.9751303650220617,0.0,0.25444839857651247,0.25444839857651247,1.0
oulab,16,base_rf_entropy,cutoff_valid,cutoff_valid,0.1,24939,24939,2493,24939,2493,0,0.9755314881668672,0.9755314881668672,0.9755314881668672,0.0,0.25455306677831274,0.25455306677831274,1.0
oulab,16,base_rf_entropy,cutoff_valid_to_activity,cutoff_valid,0.1,28477,24939,2493,24367,971,1522,0.9947853991175291,0.3842759727236262,0.9866117404737385,0.6105094263939029,0.18924074780618086,0.10027213732468077,0.9770640362484462
oulab,16,base_rf_entropy,static_full,cutoff_valid,0.1,32593,24939,2493,24939,467,2026,0.9983955074207782,0.1857200160449258,0.9914346895074947,0.8126754913758524,0.1446420269642027,0.04846137743353569,1.0
oulab,16,base_rf_entropy,activity_conditioned,cutoff_valid,0.2,28477,24939,4987,24367,2200,2787,0.9685181471826749,0.4096651293362743,0.9286363636363636,0.5588530178464006,0.36856161770316676,0.21383713627799875,0.9770640362484462
oulab,16,base_rf_entropy,activity_to_cutoff_valid,cutoff_valid,0.2,24939,24939,4987,24939,4987,0,0.9009424503709645,0.9009424503709645,0.9009424503709645,0.0,0.47027423068871677,0.47027423068871677,1.0
oulab,16,base_rf_entropy,cutoff_valid,cutoff_valid,0.2,24939,24939,4987,24939,4987,0,0.9031481852817325,0.9031481852817325,0.9031481852817325,0.0,0.47142558090852,0.47142558090852,1.0
oulab,16,base_rf_entropy,cutoff_valid_to_activity,cutoff_valid,0.2,28477,24939,4987,24367,2232,2755,0.9679165831161018,0.41548024864648087,0.9283154121863799,0.552436334469621,0.36833269744372377,0.21687251413020725,0.9770640362484462
oulab,16,base_rf_entropy,static_full,cutoff_valid,0.2,32593,24939,4987,24939,1201,3786,0.9887708040906357,0.22959695207539602,0.9533721898417985,0.7591738520152396,0.28655276615527664,0.11984509106133556,1.0
oulab,16,base_rf_gini,activity_conditioned,cutoff_valid,0.01,28477,24939,251,24367,80,171,1.0,0.3187250996015936,1.0,0.6812749003984063,0.019152995040061044,0.008373456144023446,0.9770640362484462
oulab,16,base_rf_gini,activity_to_cutoff_valid,cutoff_valid,0.01,24939,24939,251,24939,251,0,1.0,1.0,1.0,0.0,0.02627171865187356,0.02627171865187356,1.0
oulab,16,base_rf_gini,cutoff_valid,cutoff_valid,0.01,24939,24939,251,24939,251,0,1.0,1.0,1.0,0.0,0.02627171865187356,0.02627171865187356,1.0
oulab,16,base_rf_gini,cutoff_valid_to_activity,cutoff_valid,0.01,28477,24939,251,24367,108,143,1.0,0.4302788844621514,1.0,0.5697211155378487,0.019152995040061044,0.011304165794431652,0.9770640362484462
oulab,16,base_rf_gini,static_full,cutoff_valid,0.01,32593,24939,251,24939,32,219,1.0,0.12749003984063745,1.0,0.8725099601593626,0.014586238958623895,0.0033493824576093785,1.0
oulab,16,base_rf_gini,activity_conditioned,cutoff_valid,0.05,28477,24939,1249,24367,456,793,0.9991993594875901,0.36429143314651724,0.9978070175438597,0.6349079263410728,0.09523082792827166,0.04762403181913335,0.9770640362484462
oulab,16,base_rf_gini,activity_to_cutoff_valid,cutoff_valid,0.05,24939,24939,1249,24939,1249,0,0.9935948759007206,0.9935948759007206,0.9935948759007206,0.0,0.1298932384341637,0.1298932384341637,1.0
oulab,16,base_rf_gini,cutoff_valid,cutoff_valid,0.05,24939,24939,1249,24939,1249,0,0.9911929543634908,0.9911929543634908,0.9911929543634908,0.0,0.12957923382876282,0.12957923382876282,1.0
oulab,16,base_rf_gini,cutoff_valid_to_activity,cutoff_valid,0.05,28477,24939,1249,24367,498,751,0.9991993594875901,0.3979183346677342,0.9979919678714859,0.6012810248198559,0.09523082792827166,0.05202009629474565,0.9770640362484462
oulab,16,base_rf_gini,static_full,cutoff_valid,0.05,32593,24939,1249,24939,219,1030,1.0,0.1753402722177742,1.0,0.8246597277822257,0.07258251975825197,0.022922336194264183,1.0
oulab,16,base_rf_gini,activity_conditioned,cutoff_valid,0.1,28477,24939,2493,24367,940,1553,0.99558764540714,0.37264340152426795,0.9882978723404255,0.6229442438828721,0.18939336131247617,0.09723675947247226,0.9770640362484462
oulab,16,base_rf_gini,activity_to_cutoff_valid,cutoff_valid,0.1,24939,24939,2493,24939,2493,0,0.9755314881668672,0.9755314881668672,0.9755314881668672,0.0,0.25455306677831274,0.25455306677831274,1.0
oulab,16,base_rf_gini,cutoff_valid,cutoff_valid,0.1,24939,24939,2493,24939,2493,0,0.9767348576012836,0.9767348576012836,0.9767348576012836,0.0,0.2548670713837136,0.2548670713837136,1.0
oulab,16,base_rf_gini,cutoff_valid_to_activity,cutoff_valid,0.1,28477,24939,2493,24367,992,1501,0.9947853991175291,0.3926995587645407,0.9868951612903226,0.6020858403529884,0.18924074780618086,0.10247016956248692,0.9770640362484462
oulab,16,base_rf_gini,static_full,cutoff_valid,0.1,32593,24939,2493,24939,485,2008,0.9991977537103891,0.19374247894103488,0.9958762886597938,0.8054552747693542,0.1447582519758252,0.05055474146954155,1.0
oulab,16,base_rf_gini,activity_conditioned,cutoff_valid,0.2,28477,24939,4987,24367,2217,2770,0.9681171044716262,0.41267294966913975,0.9282814614343707,0.5554441548024864,0.36840900419687145,0.21540715930500315,0.9770640362484462
oulab,16,base_rf_gini,activity_to_cutoff_valid,cutoff_valid,0.2,24939,24939,4987,24939,4987,0,0.9029476639262082,0.9029476639262082,0.9029476639262082,0.0,0.4713209127067197,0.4713209127067197,1.0
oulab,16,base_rf_gini,cutoff_valid,cutoff_valid,0.2,24939,24939,4987,24939,4987,0,0.9039502707038299,0.9039502707038299,0.9039502707038299,0.0,0.47184425371572114,0.47184425371572114,1.0
oulab,16,base_rf_gini,cutoff_valid_to_activity,cutoff_valid,0.2,28477,24939,4987,24367,2253,2734,0.9677160617605775,0.41949067575696813,0.9285397248113626,0.5482253860036094,0.36825639069057614,0.2189658781662131,0.9770640362484462
oulab,16,base_rf_gini,static_full,cutoff_valid,0.2,32593,24939,4987,24939,1247,3740,0.9891718468016844,0.23922197714056548,0.9566960705693665,0.7499498696611189,0.2866689911668991,0.12486916474774963,1.0
oulab,16,base_svm,activity_conditioned,cutoff_valid,0.01,28477,24939,251,24367,121,130,0.9880478087649402,0.4701195219123506,0.9752066115702479,0.5179282868525896,0.018924074780618083,0.012350847812434583,0.9770640362484462
oulab,16,base_svm,activity_to_cutoff_valid,cutoff_valid,0.01,24939,24939,251,24939,251,0,0.9601593625498008,0.9601593625498008,0.9601593625498008,0.0,0.02522503663387063,0.02522503663387063,1.0
oulab,16,base_svm,cutoff_valid,cutoff_valid,0.01,24939,24939,251,24939,251,0,0.9601593625498008,0.9601593625498008,0.9601593625498008,0.0,0.02522503663387063,0.02522503663387063,1.0
oulab,16,base_svm,cutoff_valid_to_activity,cutoff_valid,0.01,28477,24939,251,24367,127,124,0.9840637450199203,0.4900398406374502,0.968503937007874,0.4940239043824701,0.01884776802747043,0.012874188821436048,0.9770640362484462
oulab,16,base_svm,static_full,cutoff_valid,0.01,32593,24939,251,24939,82,169,0.9920318725099602,0.3187250996015936,0.975609756097561,0.6733067729083665,0.014470013947001394,0.008373456144023446,1.0
oulab,16,base_svm,activity_conditioned,cutoff_valid,0.05,28477,24939,1249,24367,568,681,0.9839871897518014,0.4387510008006405,0.9647887323943662,0.5452361889511609,0.09378099961846624,0.057358174586560604,0.9770640362484462
oulab,16,base_svm,activity_to_cutoff_valid,cutoff_valid,0.05,24939,24939,1249,24939,1249,0,0.9615692554043235,0.9615692554043235,0.9615692554043235,0.0,0.12570651036215197,0.12570651036215197,1.0
oulab,16,base_svm,cutoff_valid,cutoff_valid,0.05,24939,24939,1249,24939,1249,0,0.9631705364291433,0.9631705364291433,0.9631705364291433,0.0,0.12591584676575257,0.12591584676575257,1.0
oulab,16,base_svm,cutoff_valid_to_activity,cutoff_valid,0.05,28477,24939,1249,24367,584,665,0.9863891112890312,0.45396317053642915,0.9708904109589042,0.5324259407526021,0.0940099198779092,0.05934687042076617,0.9770640362484462
oulab,16,base_svm,static_full,cutoff_valid,0.05,32593,24939,1249,24939,280,969,0.9927942353883107,0.21697357886309046,0.9678571428571429,0.7758206565252201,0.07205950720595072,0.028365082687879423,1.0
oulab,16,base_svm,activity_conditioned,cutoff_valid,0.1,28477,24939,2493,24367,1152,1341,0.9715202567188127,0.43361411953469714,0.9383680555555556,0.5379061371841155,0.18481495612361695,0.1131463261461168,0.9770640362484462
oulab,16,base_svm,activity_to_cutoff_valid,cutoff_valid,0.1,24939,24939,2493,24939,2493,0,0.9426393902928198,0.9426393902928198,0.9426393902928198,0.0,0.2459702742306887,0.2459702742306887,1.0
oulab,16,base_svm,cutoff_valid,cutoff_valid,0.1,24939,24939,2493,24939,2493,0,0.9390292819895708,0.9390292819895708,0.9390292819895708,0.0,0.24502826041448608,0.24502826041448608,1.0
oulab,16,base_svm,cutoff_valid_to_activity,cutoff_valid,0.1,28477,24939,2493,24367,1195,1298,0.9663056558363418,0.4456478138788608,0.9297071129707113,0.520657841957481,0.18382296833269746,0.1162863722001256,0.9770640362484462
oulab,16,base_svm,static_full,cutoff_valid,0.1,32593,24939,2493,24939,514,1979,0.9943842759727236,0.20056157240272765,0.9727626459143969,0.793822703569996,0.1440609019060902,0.052334100900146535,1.0
oulab,16,base_svm,activity_conditioned,cutoff_valid,0.2,28477,24939,4987,24367,2649,2338,0.9360336875877281,0.46721475837176657,0.8795771989429974,0.4688189292159615,0.3561999236932469,0.24387691019468286,0.9770640362484462
oulab,16,base_svm,activity_to_cutoff_valid,cutoff_valid,0.2,24939,24939,4987,24939,4987,0,0.870262682975737,0.870262682975737,0.870262682975737,0.0,0.4542599958132719,0.4542599958132719,1.0
oulab,16,base_svm,cutoff_valid,cutoff_valid,0.2,24939,24939,4987,24939,4987,0,0.8672548626428714,0.8672548626428714,0.8672548626428714,0.0,0.45268997278626755,0.45268997278626755,1.0
oulab,16,base_svm,cutoff_valid_to_activity,cutoff_valid,0.2,28477,24939,4987,24367,2678,2309,0.9350310808101063,0.4720272709043513,0.8790141896938013,0.46300380990575496,0.3558183899275086,0.24638894703788988,0.9770640362484462
oulab,16,base_svm,static_full,cutoff_valid,0.2,32593,24939,4987,24939,1224,3763,0.9821535993583317,0.2275917385201524,0.9272875816993464,0.7545618608381792,0.28463505346350537,0.11879840904333264,1.0
oulab,16,flat_hgb,activity_conditioned,cutoff_valid,0.01,28477,24939,251,24367,111,140,0.9721115537848606,0.41434262948207173,0.9369369369369369,0.5577689243027888,0.01861884776802747,0.01088549298723048,0.9770640362484462
oulab,16,flat_hgb,activity_to_cutoff_valid,cutoff_valid,0.01,24939,24939,251,24939,251,0,0.9641434262948207,0.9641434262948207,0.9641434262948207,0.0,0.025329704835670923,0.025329704835670923,1.0
oulab,16,flat_hgb,cutoff_valid,cutoff_valid,0.01,24939,24939,251,24939,251,0,0.9681274900398407,0.9681274900398407,0.9681274900398407,0.0,0.025434373037471217,0.025434373037471217,1.0
oulab,16,flat_hgb,cutoff_valid_to_activity,cutoff_valid,0.01,28477,24939,251,24367,117,134,0.9840637450199203,0.450199203187251,0.9658119658119658,0.5338645418326693,0.01884776802747043,0.011827506803433117,0.9770640362484462
oulab,16,flat_hgb,static_full,cutoff_valid,0.01,32593,24939,251,24939,41,210,0.9960159362549801,0.1593625498007968,0.975609756097561,0.8366533864541833,0.014528126452812646,0.004186728072011723,1.0
oulab,16,flat_hgb,activity_conditioned,cutoff_valid,0.05,28477,24939,1249,24367,566,683,0.9831865492393915,0.4363490792634107,0.9628975265017667,0.5468374699759808,0.09370469286531859,0.05704416998115972,0.9770640362484462
oulab,16,flat_hgb,activity_to_cutoff_valid,cutoff_valid,0.05,24939,24939,1249,24939,1249,0,0.9615692554043235,0.9615692554043235,0.9615692554043235,0.0,0.12570651036215197,0.12570651036215197,1.0
oulab,16,flat_hgb,cutoff_valid,cutoff_valid,0.05,24939,24939,1249,24939,1249,0,0.967173738991193,0.967173738991193,0.967173738991193,0.0,0.12643918777475402,0.12643918777475402,1.0
oulab,16,flat_hgb,cutoff_valid_to_activity,cutoff_valid,0.05,28477,24939,1249,24367,608,641,0.978382706164932,0.46517213771016813,0.9555921052631579,0.5132105684547638,0.09324685234643267,0.060812225245970276,0.9770640362484462
oulab,16,flat_hgb,static_full,cutoff_valid,0.05,32593,24939,1249,24939,217,1032,0.9943955164131305,0.16813450760608487,0.967741935483871,0.8262610088070457,0.07217573221757322,0.021980322378061544,1.0
oulab,16,flat_hgb,activity_conditioned,cutoff_valid,0.1,28477,24939,2493,24367,1153,1340,0.9795427196149218,0.44203770557561173,0.955767562879445,0.5375050140393101,0.18634109118657002,0.11534435838392297,0.9770640362484462
oulab,16,flat_hgb,activity_to_cutoff_valid,cutoff_valid,0.1,24939,24939,2493,24939,2493,0,0.9478539911752908,0.9478539911752908,0.9478539911752908,0.0,0.24733096085409254,0.24733096085409254,1.0
oulab,16,flat_hgb,cutoff_valid,cutoff_valid,0.1,24939,24939,2493,24939,2493,0,0.9526674689129563,0.9526674689129563,0.9526674689129563,0.0,0.24858697927569604,0.24858697927569604,1.0
oulab,16,flat_hgb,cutoff_valid_to_activity,cutoff_valid,0.1,28477,24939,2493,24367,1208,1285,0.9779382270357,0.46249498596068994,0.9544701986754967,0.51544324107501,0.1860358641739794,0.12068243667573791,0.9770640362484462
oulab,16,flat_hgb,static_full,cutoff_valid,0.1,32593,24939,2493,24939,440,2053,0.9939831528279182,0.1704773365423185,0.9659090909090909,0.8235058162855997,0.14400278940027894,0.04448398576512456,1.0
oulab,16,flat_hgb,activity_conditioned,cutoff_valid,0.2,28477,24939,4987,24367,2556,2431,0.9446561058752757,0.45718869059554845,0.892018779342723,0.4874674152797273,0.35948111407859595,0.2386435001046682,0.9770640362484462
oulab,16,flat_hgb,activity_to_cutoff_valid,cutoff_valid,0.2,24939,24939,4987,24939,4987,0,0.8782835371967115,0.8782835371967115,0.8782835371967115,0.0,0.4584467238852836,0.4584467238852836,1.0
oulab,16,flat_hgb,cutoff_valid,cutoff_valid,0.2,24939,24939,4987,24939,4987,0,0.8762783236414678,0.8762783236414678,0.8762783236414678,0.0,0.4574000418672807,0.4574000418672807,1.0
oulab,16,flat_hgb,cutoff_valid_to_activity,cutoff_valid,0.2,28477,24939,4987,24367,2600,2387,0.9428514136755565,0.4642069380389011,0.8903846153846153,0.4786444756366553,0.3587943533002671,0.24230688716767845,0.9770640362484462
oulab,16,flat_hgb,static_full,cutoff_valid,0.2,32593,24939,4987,24939,1180,3807,0.9865650691798676,0.2231802686986164,0.9432203389830508,0.7633848004812512,0.2859135285913529,0.11649570860372618,1.0
oulab,16,stack_7_full,activity_conditioned,cutoff_valid,0.01,28477,24939,251,24367,79,172,1.0,0.3147410358565737,1.0,0.6852589641434262,0.019152995040061044,0.008268787942223153,0.9770640362484462
oulab,16,stack_7_full,activity_to_cutoff_valid,cutoff_valid,0.01,24939,24939,251,24939,251,0,1.0,1.0,1.0,0.0,0.02627171865187356,0.02627171865187356,1.0
oulab,16,stack_7_full,cutoff_valid,cutoff_valid,0.01,24939,24939,251,24939,251,0,1.0,1.0,1.0,0.0,0.02627171865187356,0.02627171865187356,1.0
oulab,16,stack_7_full,cutoff_valid_to_activity,cutoff_valid,0.01,28477,24939,251,24367,102,149,1.0,0.4063745019920319,1.0,0.5936254980079682,0.019152995040061044,0.010676156583629894,0.9770640362484462
oulab,16,stack_7_full,static_full,cutoff_valid,0.01,32593,24939,251,24939,38,213,0.9960159362549801,0.14741035856573706,0.9736842105263158,0.848605577689243,0.014528126452812646,0.0038727234666108435,1.0
oulab,16,stack_7_full,activity_conditioned,cutoff_valid,0.05,28477,24939,1249,24367,437,812,1.0,0.3498799039231385,1.0,0.6501200960768615,0.09530713468141931,0.04574000418672807,0.9770640362484462
oulab,16,stack_7_full,activity_to_cutoff_valid,cutoff_valid,0.05,24939,24939,1249,24939,1249,0,0.9911929543634908,0.9911929543634908,0.9911929543634908,0.0,0.12957923382876282,0.12957923382876282,1.0
oulab,16,stack_7_full,cutoff_valid,cutoff_valid,0.05,24939,24939,1249,24939,1249,0,0.9943955164131305,0.9943955164131305,0.9943955164131305,0.0,0.129997906635964,0.129997906635964,1.0
oulab,16,stack_7_full,cutoff_valid_to_activity,cutoff_valid,0.05,28477,24939,1249,24367,500,749,0.9991993594875901,0.39951961569255406,0.998,0.5996797437950361,0.09523082792827166,0.05222943269834624,0.9770640362484462
oulab,16,stack_7_full,static_full,cutoff_valid,0.05,32593,24939,1249,24939,185,1064,0.9991993594875901,0.14731785428342675,0.9945945945945946,0.8518815052041633,0.07252440725244072,0.019258949131253925,1.0
oulab,16,stack_7_full,activity_conditioned,cutoff_valid,0.1,28477,24939,2493,24367,988,1505,0.9951865222623345,0.39149618933012437,0.9878542510121457,0.6036903329322102,0.1893170545593285,0.10215616495708604,0.9770640362484462
oulab,16,stack_7_full,activity_to_cutoff_valid,cutoff_valid,0.1,24939,24939,2493,24939,2493,0,0.9775371038908945,0.9775371038908945,0.9775371038908945,0.0,0.2550764077873142,0.2550764077873142,1.0
oulab,16,stack_7_full,cutoff_valid,cutoff_valid,0.1,24939,24939,2493,24939,2493,0,0.9795427196149218,0.9795427196149218,0.9795427196149218,0.0,0.2555997487963157,0.2555997487963157,1.0
oulab,16,stack_7_full,cutoff_valid_to_activity,cutoff_valid,0.1,28477,24939,2493,24367,1041,1452,0.99558764540714,0.4131568391496189,0.989433237271854,0.5824308062575211,0.18939336131247617,0.10780824785430186,0.9770640362484462
oulab,16,stack_7_full,static_full,cutoff_valid,0.1,32593,24939,2493,24939,452,2041,0.9979943842759728,0.1793020457280385,0.9889380530973452,0.8186923385479342,0.14458391445839144,0.046786686204731004,1.0
oulab,16,stack_7_full,activity_conditioned,cutoff_valid,0.2,28477,24939,4987,24367,2236,2751,0.9711249248044916,0.41949067575696813,0.9355992844364938,0.5516342490475236,0.3695536054940862,0.2189658781662131,0.9770640362484462
oulab,16,stack_7_full,activity_to_cutoff_valid,cutoff_valid,0.2,24939,24939,4987,24939,4987,0,0.9207940645678765,0.9207940645678765,0.9207940645678765,0.0,0.4806363826669458,0.4806363826669458,1.0
oulab,16,stack_7_full,cutoff_valid,cutoff_valid,0.2,24939,24939,4987,24939,4987,0,0.9197914577902546,0.9197914577902546,0.9197914577902546,0.0,0.48011304165794433,0.48011304165794433,1.0
oulab,16,stack_7_full,cutoff_valid_to_activity,cutoff_valid,0.2,28477,24939,4987,24367,2296,2691,0.9709244034489674,0.43132143573290554,0.9368466898954704,0.5396029677160618,0.3694772987409386,0.22514130207243038,0.9770640362484462
oulab,16,stack_7_full,static_full,cutoff_valid,0.2,32593,24939,4987,24939,1131,3856,0.9905754962903549,0.21736514938840987,0.9584438549955792,0.773210346901945,0.2870757787075779,0.1134603307515177,1.0
oulab,16,temporal_hgb,activity_conditioned,cutoff_valid,0.01,28477,24939,251,24367,76,175,0.9960159362549801,0.29880478087649404,0.9868421052631579,0.6972111553784861,0.01907668828691339,0.007850115135021981,0.9770640362484462
oulab,16,temporal_hgb,activity_to_cutoff_valid,cutoff_valid,0.01,24939,24939,251,24939,251,0,0.9960159362549801,0.9960159362549801,0.9960159362549801,0.0,0.026167050450073268,0.026167050450073268,1.0
oulab,16,temporal_hgb,cutoff_valid,cutoff_valid,0.01,24939,24939,251,24939,251,0,0.9840637450199203,0.9840637450199203,0.9840637450199203,0.0,0.02585304584467239,0.02585304584467239,1.0
oulab,16,temporal_hgb,cutoff_valid_to_activity,cutoff_valid,0.01,28477,24939,251,24367,83,168,0.9960159362549801,0.32669322709163345,0.9879518072289156,0.6693227091633466,0.01907668828691339,0.008582792547624032,0.9770640362484462
oulab,16,temporal_hgb,static_full,cutoff_valid,0.01,32593,24939,251,24939,43,208,0.9960159362549801,0.16733067729083664,0.9767441860465116,0.8286852589641435,0.014528126452812646,0.004396064475612309,1.0
oulab,16,temporal_hgb,activity_conditioned,cutoff_valid,0.05,28477,24939,1249,24367,463,786,0.9983987189751802,0.36909527622097676,0.9956803455723542,0.6293034427542034,0.095154521175124,0.048252041029935105,0.9770640362484462
oulab,16,temporal_hgb,activity_to_cutoff_valid,cutoff_valid,0.05,24939,24939,1249,24939,1249,0,0.9895916733386709,0.9895916733386709,0.9895916733386709,0.0,0.12936989742516222,0.12936989742516222,1.0
oulab,16,temporal_hgb,cutoff_valid,cutoff_valid,0.05,24939,24939,1249,24939,1249,0,0.9847878302642114,0.9847878302642114,0.9847878302642114,0.0,0.12874188821436047,0.12874188821436047,1.0
oulab,16,temporal_hgb,cutoff_valid_to_activity,cutoff_valid,0.05,28477,24939,1249,24367,496,753,0.9967974379503602,0.3939151321056846,0.9919354838709677,0.6028823058446757,0.0950019076688287,0.05149675528574419,0.9770640362484462
oulab,16,temporal_hgb,static_full,cutoff_valid,0.05,32593,24939,1249,24939,210,1039,0.9943955164131305,0.16253002401921537,0.9666666666666667,0.8318654923939152,0.07217573221757322,0.021247644965459493,1.0
oulab,16,temporal_hgb,activity_conditioned,cutoff_valid,0.1,28477,24939,2493,24367,1018,1475,0.9935820296831127,0.4019253910950662,0.9842829076620825,0.5916566385880465,0.1890118275467379,0.10487753820389366,0.9770640362484462
oulab,16,temporal_hgb,activity_to_cutoff_valid,cutoff_valid,0.1,24939,24939,2493,24939,2493,0,0.9759326113116726,0.9759326113116726,0.9759326113116726,0.0,0.254657734980113,0.254657734980113,1.0
oulab,16,temporal_hgb,cutoff_valid,cutoff_valid,0.1,24939,24939,2493,24939,2493,0,0.9751303650220617,0.9751303650220617,0.9751303650220617,0.0,0.25444839857651247,0.25444839857651247,1.0
oulab,16,temporal_hgb,cutoff_valid_to_activity,cutoff_valid,0.1,28477,24939,2493,24367,1052,1441,0.9923786602486964,0.41436020858403527,0.9819391634980988,0.578018451664661,0.18878290728729494,0.10812225245970274,0.9770640362484462
oulab,16,temporal_hgb,static_full,cutoff_valid,0.1,32593,24939,2493,24939,423,2070,0.99558764540714,0.16526273565984756,0.9739952718676123,0.8303249097472925,0.14423523942352395,0.04312329914172074,1.0
oulab,16,temporal_hgb,activity_conditioned,cutoff_valid,0.2,28477,24939,4987,24367,2281,2706,0.9657108482053338,0.42310006015640667,0.925032880315651,0.5426107880489273,0.3674933231590996,0.22084990579861838,0.9770640362484462
oulab,16,temporal_hgb,activity_to_cutoff_valid,cutoff_valid,0.2,24939,24939,4987,24939,4987,0,0.9033487066372569,0.9033487066372569,0.9033487066372569,0.0,0.47153024911032027,0.47153024911032027,1.0
oulab,16,temporal_hgb,cutoff_valid,cutoff_valid,0.2,24939,24939,4987,24939,4987,0,0.9073591337477441,0.9073591337477441,0.9073591337477441,0.0,0.4736236131463262,0.4736236131463262,1.0
oulab,16,temporal_hgb,cutoff_valid_to_activity,cutoff_valid,0.2,28477,24939,4987,24367,2304,2683,0.9661118909163826,0.42811309404451575,0.9266493055555556,0.5379987968718668,0.3676459366653949,0.2234666108436257,0.9770640362484462
oulab,16,temporal_hgb,static_full,cutoff_valid,0.2,32593,24939,4987,24939,1132,3855,0.9875676759574895,0.21455785041106878,0.9452296819787986,0.7730098255464207,0.2862040911204091,0.11199497592631359,1.0
