dataset,week,protocol,model,n,n_clusters,cluster_unit,auc_mean,auc_ci_low,auc_ci_high,pr_auc_risk_mean,pr_auc_risk_ci_low,pr_auc_risk_ci_high,brier_mean,brier_ci_low,brier_ci_high,ece_mean,ece_ci_low,ece_ci_high
oulab,2,activity_conditioned,base_dffnn,26490,22,presentation,0.7059248340729941,0.6921177483584726,0.7191513648005762,0.6606406215444907,0.6286159297748123,0.6872469371616833,0.2152856045115353,0.21053959836568606,0.21971866123765738,0.016588900485811568,0.010465798395236871,0.04213497094292469
oulab,2,activity_conditioned,base_knn,26490,22,presentation,0.6517398290702157,0.6323718639357797,0.6699436955534444,0.5815007968174426,0.5394566573963671,0.6178322311434773,0.23060711030577577,0.22562162396259708,0.23551230065803808,0.012164137410343534,0.008884013690472089,0.03764656021195296
oulab,2,activity_conditioned,base_lr_clickstream,26490,22,presentation,0.6501568935669373,0.6241203160414249,0.6764382998393664,0.5647668635610603,0.5154751518909598,0.6170129665740255,0.23098532395698712,0.2251919643045927,0.23676659689354856,0.014131914334454699,0.01178608167954738,0.04842076007413032
oulab,2,activity_conditioned,base_lr_profile,26490,22,presentation,0.6296912554010283,0.6148590276626579,0.6453072237035655,0.5748886148301385,0.5494929462317311,0.5971500230730591,0.23441633586800373,0.22916460305754827,0.24016605373090608,0.00881420882194856,0.006969667346348773,0.03997709220172223
oulab,2,activity_conditioned,base_lr_weekly,26490,22,presentation,0.652376443840263,0.6266238566555268,0.6775052263814269,0.5746360019709433,0.5242919559060573,0.629052406894335,0.23016987587122878,0.2245315706954336,0.236188968037559,0.0072896598055191796,0.007749228883125502,0.05002785926895878
oulab,2,activity_conditioned,base_rf_entropy,26490,22,presentation,0.7066562850325591,0.6936738577935821,0.7196852770540576,0.6577201769573693,0.6246069374737278,0.6873704123403604,0.2166579897450293,0.2123971882094734,0.22097819002108313,0.038091206617573196,0.013889746868416751,0.07119568709813774
oulab,2,activity_conditioned,base_rf_gini,26490,22,presentation,0.7067393211149571,0.6937647562194333,0.7197872259666466,0.6576914863317099,0.6244703359040836,0.6874772638050828,0.21671308839621456,0.21242715599027115,0.22105199964149563,0.03858743881747033,0.015266919184096851,0.07201229560751003
oulab,2,activity_conditioned,base_svm,26490,22,presentation,0.6452141334273775,0.6199765730540067,0.6709783480131107,0.5603838394081083,0.5114415172215966,0.6116805065098581,0.2333834818035207,0.2293521821830331,0.23727659014631647,0.03679268043047015,0.024635956991893464,0.05647900514710993
oulab,2,activity_conditioned,flat_hgb,26490,22,presentation,0.6677296978493921,0.6480279920005959,0.6854061116742207,0.5991402032400458,0.5555908740607886,0.6358985213759565,0.2263780458101401,0.22155258651156728,0.23134772963627948,0.009173712853553038,0.006687649371585331,0.03915056831869557
oulab,2,activity_conditioned,stack_7_full,26490,22,presentation,0.7075088103382247,0.6927459786661652,0.7220878309121829,0.6620901635406657,0.6299924696683789,0.6882269051155574,0.2146657108513084,0.20964895152689492,0.2201570012818221,0.007386596912727829,0.007169934233562078,0.039985550637470724
oulab,2,activity_conditioned,temporal_hgb,26490,22,presentation,0.6546450742561742,0.6291176561698355,0.6782831832271683,0.5725083772345321,0.5212398271829009,0.6256533398839439,0.22945412262502834,0.22421952577857224,0.2352296136005663,0.005189682042810514,0.00673591626795912,0.04644688354911053
oulab,2,activity_to_cutoff_valid,base_dffnn,28069,22,presentation,0.7129766313182457,0.6983732407432273,0.7266080500260438,0.6743332644953276,0.6402357674503245,0.7026385417054644,0.21416405043741227,0.20944294402630845,0.21902890899318256,0.027311090515960854,0.013768539680328432,0.056791037308540994
oulab,2,activity_to_cutoff_valid,base_knn,28069,22,presentation,0.6561301858819135,0.6362499413797423,0.6752900057598348,0.578466278068086,0.5384153761168845,0.6153175548756072,0.23043778460223022,0.22516320617912136,0.23542612711632271,0.02799159214792122,0.02281707821087378,0.04148919495782656
oulab,2,activity_to_cutoff_valid,base_lr_clickstream,28069,22,presentation,0.664943175774499,0.6392680204487807,0.6909579016017131,0.5901176372507734,0.5383226564815318,0.647573249893205,0.22869059907777214,0.22256327336494663,0.23498289073143336,0.02986828797698084,0.017810351657812484,0.05708882310755076
oulab,2,activity_to_cutoff_valid,base_lr_profile,28069,22,presentation,0.6249133537780305,0.609137788784584,0.6410530247922289,0.5764105679157117,0.5460933732142811,0.6031860542666645,0.23596346218371553,0.23109071731667694,0.24140847719203898,0.007940119113357878,0.0074141755070355215,0.0426993329200266
oulab,2,activity_to_cutoff_valid,base_lr_weekly,28069,22,presentation,0.6653425839163588,0.6414232228787484,0.6909091038244954,0.5956985533725212,0.5463037954943418,0.655153240346584,0.22785137127207625,0.22097147507876067,0.235699909446618,0.019754256959571993,0.008221139986308428,0.0682546600656945
oulab,2,activity_to_cutoff_valid,base_rf_entropy,28069,22,presentation,0.7122118301057028,0.6980372291949997,0.725627490276573,0.6687315319342833,0.6326814571692608,0.6998567346038712,0.21619893951400873,0.21143733206015333,0.22146793671353532,0.04657966308577778,0.017511267274839124,0.08082934390154851
oulab,2,activity_to_cutoff_valid,base_rf_gini,28069,22,presentation,0.7121207629490305,0.6977621294467938,0.7256719221194132,0.6682895889203102,0.6318000777093059,0.6996036194829528,0.21629035563384885,0.21154507317683366,0.2216552246913562,0.04660655667607118,0.01818521545302397,0.08104891080690463
oulab,2,activity_to_cutoff_valid,base_svm,28069,22,presentation,0.660245412693691,0.6351673016217216,0.6867576540180139,0.5895572247806405,0.5367372463004976,0.643718184071719,0.2314642913891753,0.22735877118493844,0.235421225848237,0.045702490789187256,0.029534486101508193,0.06431380850756598
oulab,2,activity_to_cutoff_valid,flat_hgb,28069,22,presentation,0.6789957596320487,0.6577672360131788,0.6985136011440016,0.6083536727143655,0.5632321074412616,0.654415477195265,0.22421901196615798,0.21881549949669507,0.2302331511327107,0.020532472741009923,0.012435782781354073,0.05376602043038967
oulab,2,activity_to_cutoff_valid,stack_7_full,28069,22,presentation,0.7057755613475435,0.6899730590390992,0.7200050062709926,0.6546624228061175,0.6170347279462929,0.6848242915517859,0.2162970539595419,0.21177034442495324,0.2214400446691767,0.007636532855544554,0.007642883383025729,0.04014317097860892
oulab,2,activity_to_cutoff_valid,temporal_hgb,28069,22,presentation,0.6655236450132256,0.6402647544634107,0.6906380771266954,0.5854232513578914,0.5366656150779954,0.6436237820887267,0.22737756218359903,0.22123735947026135,0.23420524860297445,0.016252836090303268,0.010553566993291118,0.06068157460722425
oulab,2,cutoff_valid,base_dffnn,28069,22,presentation,0.7130034950280724,0.6979482342696667,0.7269035327849146,0.6729250204644384,0.6356444887088353,0.7043525483063209,0.21371338238881873,0.20864044043781316,0.21868370969621354,0.017882742098921135,0.010318209419111284,0.04685605340283088
oulab,2,cutoff_valid,base_knn,28069,22,presentation,0.6651545072110621,0.6458885502436259,0.6839041737434236,0.6003172501301302,0.5587830418208602,0.6414714170682445,0.22790958395382807,0.22222480174879522,0.23365570481543005,0.011196408849620556,0.008657918139862266,0.03948868262844312
oulab,2,cutoff_valid,base_lr_clickstream,28069,22,presentation,0.6656280466925293,0.6404299991425636,0.6910778588836667,0.5939349761503048,0.5448145542995563,0.6489652435262173,0.2274599215168401,0.22107956646753735,0.23391879800861012,0.014817793211191484,0.01231225295823476,0.049917649941036986
oulab,2,cutoff_valid,base_lr_profile,28069,22,presentation,0.6543080948267237,0.6389849518301088,0.6714100896675138,0.6214355223281925,0.5908874259960712,0.650024296664984,0.22844064625470864,0.22352539111876085,0.23362241542967407,0.011258448913744258,0.009555836025717442,0.04124447144685355
oulab,2,cutoff_valid,base_lr_weekly,28069,22,presentation,0.6651149339543092,0.6412839732073833,0.6905100870087836,0.5961782573665269,0.5468657176078218,0.6539483950484257,0.22742947389016144,0.2211270731584499,0.23426477817071914,0.006183994676375012,0.007125140540490522,0.05344047417983025
oulab,2,cutoff_valid,base_rf_entropy,28069,22,presentation,0.7122347800332434,0.69839803984351,0.7262186948265017,0.6676806071513105,0.6295707019693141,0.7002836805498112,0.21522251984064,0.21048730105597757,0.22024238723465484,0.035292123695361034,0.010741756613270015,0.07141408672291907
oulab,2,cutoff_valid,base_rf_gini,28069,22,presentation,0.7119824742673425,0.6980752097338533,0.725957692560196,0.6670396707159576,0.628997253617557,0.6995793566429367,0.2153786529344583,0.21063432507071786,0.22044649908894456,0.03604045759364238,0.012660421472048556,0.07232533549675241
oulab,2,cutoff_valid,base_svm,28069,22,presentation,0.6628483135604339,0.6384965015027274,0.6878675921939365,0.5988819524721591,0.5472827534053443,0.6522253438031524,0.22941413271358707,0.22478751036143715,0.23388265449466122,0.0352073680078633,0.02046635926714184,0.054824816530501454
oulab,2,cutoff_valid,flat_hgb,28069,22,presentation,0.6813213633888042,0.6608086727691924,0.7005819358591819,0.6104331479574324,0.5643457016178528,0.6607109964882802,0.2234510527317923,0.21782233643219012,0.2293585762998338,0.010013099934282297,0.007998786355671993,0.04303481733956329
oulab,2,cutoff_valid,stack_7_full,28069,22,presentation,0.7133295146293186,0.6975460279124194,0.728418122665119,0.6722615088420961,0.6349717747972221,0.7040863870159484,0.21348168615480922,0.2084142100351869,0.21883409413221425,0.01002289812865636,0.006879433121476233,0.04529465584188632
oulab,2,cutoff_valid,temporal_hgb,28069,22,presentation,0.6672287708406089,0.6437609483982781,0.6916034465000532,0.5983500465360139,0.5507839822508852,0.6535127276087471,0.22682725699280948,0.22085214415118967,0.23340917877577091,0.0065359858264609685,0.0070718498128847845,0.051461840146247065
oulab,2,cutoff_valid_to_activity,base_dffnn,26490,22,presentation,0.7054158582334382,0.6921568822132472,0.7188200782124579,0.6586269101241116,0.6250295470803354,0.6862979193050214,0.21540431374918328,0.21025080969428617,0.22035122136969568,0.009875790601372418,0.007408735288416506,0.041862379634637605
oulab,2,cutoff_valid_to_activity,base_knn,26490,22,presentation,0.6493389036835011,0.630195656722471,0.6675912763707254,0.5775689758832373,0.5361914222727121,0.6134669250381309,0.23138515847489616,0.22619508499125074,0.23622872764232158,0.021655417138542833,0.009292124566359885,0.04773988114803951
oulab,2,cutoff_valid_to_activity,base_lr_clickstream,26490,22,presentation,0.6499117580897432,0.623941432671881,0.675899138292981,0.5641841961167131,0.515511816663402,0.6159133598803962,0.231296963746157,0.22569459084756227,0.23661505699908175,0.02097920383364749,0.014570187331266297,0.051258179360706806
oulab,2,cutoff_valid_to_activity,base_lr_profile,26490,22,presentation,0.6282255512087199,0.6136936840610595,0.6433464135853131,0.5738183965839143,0.5481722203266893,0.5970052734956672,0.234941256939004,0.2287108656095608,0.2417031752645722,0.01895463890394006,0.007775506556820203,0.05562935550790306
oulab,2,cutoff_valid_to_activity,base_lr_weekly,26490,22,presentation,0.6517936084980698,0.6259351465805703,0.6771251094284823,0.5728668251899739,0.521563474991734,0.6277322092558523,0.2305677072617158,0.22531487654323865,0.23554940689815032,0.01801154392946393,0.007476078001593628,0.05497825524440453
oulab,2,cutoff_valid_to_activity,base_rf_entropy,26490,22,presentation,0.7051484660186524,0.6921827438439881,0.7181395533718339,0.6556090001432484,0.6226306255600471,0.6849272235160422,0.21620635131198887,0.21216546291686303,0.21997806649092078,0.025099224979679438,0.01291157720795474,0.05241627148070399
oulab,2,cutoff_valid_to_activity,base_rf_gini,26490,22,presentation,0.7049156640030406,0.6919836262297718,0.7177795339744492,0.6549905790747567,0.6222257407862916,0.6842011209034621,0.21635701429588974,0.21239336043258467,0.22014387348981262,0.026642640677448585,0.014390197243479229,0.05367642751163374
oulab,2,cutoff_valid_to_activity,base_svm,26490,22,presentation,0.6460095292625618,0.6211268269646937,0.6715047667507315,0.5615733077299866,0.513735492648319,0.6129508750667395,0.23347258247976266,0.2291297749652176,0.23770657450210522,0.0321776265995958,0.02299250326151724,0.055588692956653446
oulab,2,cutoff_valid_to_activity,flat_hgb,26490,22,presentation,0.6681376246406856,0.648688457014291,0.6859127440997018,0.5992993088787211,0.5559436780084523,0.6359194851732812,0.2264845533659091,0.22153366772428723,0.23128715597641847,0.010873174716014062,0.006707875842977177,0.03928876209021687
oulab,2,cutoff_valid_to_activity,stack_7_full,26490,22,presentation,0.7062138257020334,0.6918919921690645,0.7207861727520833,0.6601707644021932,0.6292386100789977,0.6859564462541514,0.21517313106942956,0.20968032713474968,0.22119413104398195,0.008940412741219084,0.0072712785681112255,0.045564399727680206
oulab,2,cutoff_valid_to_activity,temporal_hgb,26490,22,presentation,0.6536177528364957,0.6281061101022104,0.677459227121113,0.5725656330827357,0.5212271549115347,0.6256453929567288,0.22997002733195637,0.2249586843638048,0.23495012111725905,0.015407299257729644,0.006508304141362205,0.05150986815001871
oulab,2,static_full,base_dffnn,32593,22,presentation,0.7733455084415545,0.75917445903739,0.7858452112928571,0.8068685633781694,0.781965657590226,0.8260388447977806,0.19242848685246994,0.1871949620511774,0.1984206424263119,0.012185174106465184,0.007910460877762135,0.03573830920599014
oulab,2,static_full,base_knn,32593,22,presentation,0.7305066821260664,0.707770511617439,0.7493753162095467,0.7511366907199062,0.7055842542950361,0.7845156086612773,0.20912459681526707,0.20327585493188152,0.21599807325800488,0.023505415273218193,0.01872121481021628,0.047363772176316044
oulab,2,static_full,base_lr_clickstream,32593,22,presentation,0.7282934190882792,0.7008493842400452,0.7516123596002667,0.7345395488557744,0.6864921665629002,0.7791637966950049,0.20760759059601022,0.2000961627693182,0.217366943941918,0.017440348808612078,0.014388477082340008,0.049418389523328395
oulab,2,static_full,base_lr_profile,32593,22,presentation,0.7195277963239204,0.7058772848798658,0.7351947955548832,0.7655699659942925,0.7415173717686381,0.782403616383139,0.20960075786328927,0.20494005604853832,0.21468423451508076,0.012212718748168566,0.0096674505216295,0.0390293268368202
oulab,2,static_full,base_lr_weekly,32593,22,presentation,0.7298302484034831,0.7020225629698084,0.7533231276364135,0.7373618405760252,0.686760302416113,0.7837509738018186,0.20693012120523827,0.1991070722284663,0.2177184755738914,0.012028341444176912,0.009973261463284042,0.05182945219106292
oulab,2,static_full,base_rf_entropy,32593,22,presentation,0.7722880459194936,0.7576466291623466,0.7846775433519605,0.8049173258277671,0.7797576702352755,0.8242950180640245,0.19281620611725026,0.18792317261489064,0.19853842009069333,0.007904585505781972,0.007121082972381616,0.035693989502443575
oulab,2,static_full,base_rf_gini,32593,22,presentation,0.7722872791441489,0.7575898221102837,0.7848318375761844,0.8049508054880941,0.7797482240519512,0.8245692343164857,0.19282381085460945,0.18794184872283504,0.1985636258907735,0.00817856131250513,0.006846850098653289,0.035612915618963244
oulab,2,static_full,base_svm,32593,22,presentation,0.7278316805736296,0.7027784598328949,0.75002192830565,0.7535429274008363,0.704673719102874,0.7902288924636689,0.2108594581283066,0.20490478300228013,0.21854573431390462,0.03909354427485588,0.03001837833986508,0.07079438738232476
oulab,2,static_full,flat_hgb,32593,22,presentation,0.7405068150841556,0.7169859972550056,0.7602912599501692,0.7441446135469573,0.6967352474630107,0.7852245757180731,0.2036784752188128,0.19676868546443677,0.21308840042419558,0.006915481978211648,0.006234995779379034,0.04138696348065953
oulab,2,static_full,stack_7_full,32593,22,presentation,0.7738329471505193,0.759265665660708,0.7871097443675896,0.8074984713451554,0.7831524339384442,0.8244952133446991,0.1920138084633006,0.1870447349939088,0.19795471765373185,0.008757363302815421,0.007394607226460235,0.038117535956887945
oulab,2,static_full,temporal_hgb,32593,22,presentation,0.7315002907702761,0.7034167387391131,0.7544719879270521,0.7381739994609728,0.6871367192239561,0.7837632684381182,0.20636330851441853,0.19873029171581075,0.2174256249644738,0.007391848153427919,0.00833973298531861,0.049369737612534305
oulab,4,activity_conditioned,base_dffnn,27977,22,presentation,0.7537618339965304,0.715679226224156,0.7847157243453786,0.7321098828159551,0.6642338102507269,0.7893237762912002,0.20093374853408397,0.1876446982168833,0.22132176279405913,0.03888404504637131,0.016564464343099886,0.0839495797995299
oulab,4,activity_conditioned,base_knn,27977,22,presentation,0.7093366698788759,0.6607580403812874,0.7469298415369848,0.6545167571209751,0.562488454817147,0.7426284590692502,0.21675835665010545,0.20228193112877316,0.24053318472465887,0.021121921578439447,0.009918447514015116,0.07438201859965002
oulab,4,activity_conditioned,base_lr_clickstream,27977,22,presentation,0.6958358757445,0.6470138727369403,0.7418474711502808,0.6083030936151983,0.5300791553962639,0.7174965796513966,0.2217444714968818,0.20791017827398117,0.24073207088031393,0.021627351431895155,0.015216325539242457,0.07582639760625426
oulab,4,activity_conditioned,base_lr_profile,27977,22,presentation,0.6299754115076097,0.6143876795845855,0.6462415860292027,0.5845414463644822,0.5589712876090027,0.6070388988087407,0.23529297107753913,0.23030902304016443,0.2407674820853598,0.009032535842294609,0.0074744016761654365,0.04082602002300513
oulab,4,activity_conditioned,base_lr_weekly,27977,22,presentation,0.6850174560449792,0.6405752265673212,0.7302704907715266,0.6052554912289737,0.5290499519193911,0.7038483181436248,0.2247464724110916,0.2111215890965409,0.2428133773728767,0.028339217743648348,0.016412123343145936,0.08936477351763847
oulab,4,activity_conditioned,base_rf_entropy,27977,22,presentation,0.760133146501447,0.73147433669655,0.7861394266538158,0.7427701095319654,0.6914403128980076,0.7858993188332486,0.19807761649776195,0.18897727441746434,0.20864356802440734,0.04011484768147327,0.019517098803711084,0.07811227764237566
oulab,4,activity_conditioned,base_rf_gini,27977,22,presentation,0.7598537760491527,0.7310130429370995,0.7856891294393125,0.742172654079688,0.690056604788471,0.7851303274680124,0.19828825202228723,0.18927598373789367,0.20888859121530456,0.03999018306121523,0.02089294014711312,0.078027646162583
oulab,4,activity_conditioned,base_svm,27977,22,presentation,0.6912706779213549,0.6417868771850775,0.7396884490134781,0.6033987901462275,0.5222805112998067,0.7239015680468829,0.22524887199921273,0.21791277944439666,0.23472540393036337,0.05736492944102307,0.0409029354902582,0.0916619859601408
oulab,4,activity_conditioned,flat_hgb,27977,22,presentation,0.7366927282669196,0.693904006548612,0.7720311306408308,0.7077535232445079,0.6409068536373329,0.7638012427112552,0.20676708263342103,0.19367095065945678,0.22438372759308603,0.03228624849040379,0.011869499101812593,0.07995221211499985
oulab,4,activity_conditioned,stack_7_full,27977,22,presentation,0.7881171447913444,0.7603869440135402,0.8089001191146005,0.7783180293309022,0.7324443368388349,0.8136346359419792,0.18455526711192524,0.17739263304177416,0.1934719052147152,0.012912311787481593,0.009850977824069787,0.03148070200173964
oulab,4,activity_conditioned,temporal_hgb,27977,22,presentation,0.7200700447599268,0.6758129606572194,0.7609486002380508,0.6535632192281555,0.5695295120503596,0.7444313336252365,0.21276669541039106,0.19922200749729038,0.2301589894102925,0.019646112814118422,0.013080807998371566,0.07129703187350996
oulab,4,activity_to_cutoff_valid,base_dffnn,27535,22,presentation,0.7423004431991156,0.7059807646848626,0.771984421591662,0.703241099629714,0.6339724228929516,0.7618932662563122,0.2052397774051119,0.19221640670851814,0.22631896529540485,0.04510728614593724,0.020985086136673412,0.09345290174050155
oulab,4,activity_to_cutoff_valid,base_knn,27535,22,presentation,0.7038599775410292,0.6601726438366042,0.740538397614345,0.6302303582227688,0.5437621240346756,0.7183031155341608,0.21836280283275833,0.20274238423042476,0.24222690962577412,0.036241873978572765,0.01167106456931657,0.09610973033879362
oulab,4,activity_to_cutoff_valid,base_lr_clickstream,27535,22,presentation,0.6898446803599931,0.6445413704933394,0.7337351068158918,0.5888296588626246,0.513788890054561,0.6943645134495517,0.22305154381761155,0.20811106685576347,0.24253360503582735,0.03261642383777047,0.015898392937728382,0.09074220973370031
oulab,4,activity_to_cutoff_valid,base_lr_profile,27535,22,presentation,0.6249146790832685,0.6099181865255547,0.6403408266501917,0.5658042993392666,0.537549396837822,0.5908002002756921,0.23508094236629476,0.23099882393905186,0.23951668471552837,0.02121478266310064,0.00970561447229968,0.04889823567879299
oulab,4,activity_to_cutoff_valid,base_lr_weekly,27535,22,presentation,0.6782027762031793,0.6388823576258935,0.721409867516345,0.5874472685690135,0.5187093107021781,0.6810418393145783,0.2266682574171471,0.21214309829220837,0.24563173503111646,0.044222962489529796,0.017289889564385187,0.10531952798433407
oulab,4,activity_to_cutoff_valid,base_rf_entropy,27535,22,presentation,0.7493358977803799,0.723447302291227,0.7734516160416735,0.7151581076697462,0.6674783052503149,0.7569519714164742,0.20204257154228067,0.1937226295235641,0.21263875756301975,0.049122092933666865,0.02034587951581211,0.0903455413350168
oulab,4,activity_to_cutoff_valid,base_rf_gini,27535,22,presentation,0.7490724917490573,0.7232321904499456,0.7730751467575697,0.7143809475491043,0.666928695145199,0.7565662185801832,0.20223994430677833,0.19387839640302504,0.21290427524307753,0.049679385101540206,0.021979435587181476,0.09046826303543148
oulab,4,activity_to_cutoff_valid,base_svm,27535,22,presentation,0.6852193350671711,0.6381375345996262,0.7317960761031377,0.5841576029394226,0.5073140504227096,0.701326627013579,0.22494230085120975,0.21707813990611236,0.235336394150547,0.0542553935136168,0.03777310837417196,0.08375151962568811
oulab,4,activity_to_cutoff_valid,flat_hgb,27535,22,presentation,0.729066011200044,0.691853327767818,0.761937597406901,0.679845394155161,0.6160989208845981,0.734815024193639,0.20977049039195786,0.19615592835554793,0.2274364227237404,0.04507417006900696,0.013159039306925382,0.09837236888863429
oulab,4,activity_to_cutoff_valid,stack_7_full,27535,22,presentation,0.7740126989062426,0.7477709466816193,0.7938818960264852,0.7431907712410456,0.6966851988044107,0.7781940693059257,0.18998922070980517,0.18375847407144003,0.19766802651642945,0.01439465669436623,0.010396884536244768,0.0320370811721911
oulab,4,activity_to_cutoff_valid,temporal_hgb,27535,22,presentation,0.7122385578929794,0.6730508511964887,0.750324661227561,0.6276862959022473,0.5548908071482082,0.7133655682715505,0.21536775024487959,0.2013645189332112,0.23289504426320265,0.03446698982713774,0.01360104689381211,0.09060647704935275
oulab,4,cutoff_valid,base_dffnn,27535,22,presentation,0.7441715230665971,0.7078460067428132,0.772739696329021,0.7080712965375489,0.6424891893409217,0.7624113979543188,0.2038326553790282,0.1917224477316305,0.22317060160427152,0.03962219762168865,0.01915839846010783,0.08704267903768967
oulab,4,cutoff_valid,base_knn,27535,22,presentation,0.7040812700600839,0.6609370313478047,0.7389546647915249,0.6392580888048297,0.5610571648672945,0.7155605758365448,0.21802995983293985,0.20388466776244676,0.24026203439963614,0.02524844743054296,0.011967882293723855,0.08149960659151685
oulab,4,cutoff_valid,base_lr_clickstream,27535,22,presentation,0.6960176557730837,0.6551415663413157,0.7357966805602677,0.6079488491370479,0.5363563155701044,0.7004146290668636,0.2203880458321782,0.2082938617025397,0.23638946846964862,0.024443380667407075,0.013495042298770257,0.06998001533617106
oulab,4,cutoff_valid,base_lr_profile,27535,22,presentation,0.6472221578546455,0.6312287985543831,0.6640383691869972,0.6093202764051004,0.5838123227579196,0.6313422624205636,0.22827849932092617,0.2227168976171636,0.2343775357491006,0.009130532491956897,0.007464844143501387,0.03878703412715512
oulab,4,cutoff_valid,base_lr_weekly,27535,22,presentation,0.6823900698253053,0.6461604281960303,0.7214629794336758,0.6017599792924334,0.5375682046382998,0.6820280379212088,0.22366338460295565,0.21252094813296565,0.23805453396020726,0.022673418516795045,0.01380881337110969,0.07853294552256641
oulab,4,cutoff_valid,base_rf_entropy,27535,22,presentation,0.7503502594669497,0.7256067864104984,0.7727999111535504,0.7165026639087801,0.6724572212184354,0.7554775842767025,0.20151771747508954,0.19409646010220324,0.21069575318689154,0.04569183773314808,0.021758863423890863,0.08545261325975073
oulab,4,cutoff_valid,base_rf_gini,27535,22,presentation,0.7498143860185835,0.7252938348542779,0.7724445543619222,0.715645657951175,0.671354466342234,0.7551238219572158,0.20187798644180796,0.19454558575610637,0.21123734340717218,0.04645850308928242,0.02360872271005454,0.08685170729175119
oulab,4,cutoff_valid,base_svm,27535,22,presentation,0.6926646756010004,0.6510928138544994,0.7338678451917591,0.6092698635350248,0.5356913802991142,0.7042164178130588,0.22265715403300604,0.21580522626780227,0.2317146380048619,0.043801082836246674,0.035438874430872826,0.07946334016495116
oulab,4,cutoff_valid,flat_hgb,27535,22,presentation,0.7303315481868552,0.6928063739297865,0.7624187910778016,0.6781014965989403,0.6118622540558913,0.7361170523997999,0.2079850592075818,0.1962555313273341,0.22434357338104505,0.030269068311892185,0.010715746758622993,0.08160513264358094
oulab,4,cutoff_valid,stack_7_full,27535,22,presentation,0.7772939127964332,0.753299158237452,0.795731108506693,0.7501840913053669,0.7081710997510837,0.782778255346794,0.1885328629721957,0.1828519190308767,0.1958584868193863,0.01412994547591611,0.009789564906152284,0.035602951038989326
oulab,4,cutoff_valid,temporal_hgb,27535,22,presentation,0.7137286557026681,0.6758264732729707,0.7501005933965603,0.6426161330737326,0.5737564747749323,0.7153476377090175,0.21369978236625167,0.20219422247942004,0.22838910708561752,0.02138545897443901,0.010206254760400822,0.07176280420310374
oulab,4,cutoff_valid_to_activity,base_dffnn,27977,22,presentation,0.7535891235560184,0.7149762319876866,0.7846381760752646,0.7303578240793167,0.6592616447600946,0.7884829906550173,0.20042380690554434,0.18794321798711386,0.2192709217252318,0.031386600149645,0.017924878867409285,0.07341068769793949
oulab,4,cutoff_valid_to_activity,base_knn,27977,22,presentation,0.7070285297175595,0.6583630083980616,0.7437745607521459,0.6453990970549132,0.5547216187330382,0.7364080796765355,0.21761454337491512,0.20473991817096368,0.2393568716042909,0.02552182149622907,0.010513576762334708,0.06281075818735171
oulab,4,cutoff_valid_to_activity,base_lr_clickstream,27977,22,presentation,0.6990118365684193,0.6523878748929843,0.7422149089615085,0.6106756217681226,0.5316589176519223,0.7174336082119321,0.2216019906736771,0.21102172546601347,0.23634873061416972,0.03693051507666544,0.01636707044677382,0.0741101353799405
oulab,4,cutoff_valid_to_activity,base_lr_profile,27977,22,presentation,0.628623272523585,0.6131465124299824,0.64465771751486,0.5833701568701829,0.5575134205374865,0.6066756425188793,0.23622385399774526,0.22968500555420268,0.24346447646720445,0.02807767536538235,0.008293671429729962,0.06606034165583882
oulab,4,cutoff_valid_to_activity,base_lr_weekly,27977,22,presentation,0.6854005567698955,0.6422271448753973,0.7277595828582563,0.6017568146977329,0.5270712245097885,0.6933235897312153,0.2243753598702317,0.2143133838652904,0.23765861788721107,0.031398427987040956,0.019511423712396704,0.07084580876185544
oulab,4,cutoff_valid_to_activity,base_rf_entropy,27977,22,presentation,0.7595664196119067,0.7319635499221656,0.7840480840389423,0.7397038171559402,0.68997139155651,0.7811770498809111,0.19859486299024315,0.19073925479442033,0.20771920444695982,0.04185124889976502,0.024158073420588445,0.07178039019631391
oulab,4,cutoff_valid_to_activity,base_rf_gini,27977,22,presentation,0.7590622315832452,0.7316143079160706,0.7837600403792011,0.7388487418109844,0.6889833001166411,0.7803912952637468,0.1989455352751816,0.19113355551223105,0.20809558422529606,0.042866530304792934,0.026591154644724262,0.07228512158303234
oulab,4,cutoff_valid_to_activity,base_svm,27977,22,presentation,0.6959389057631223,0.6491792055913395,0.7406451710567847,0.6092534511683587,0.5282112362375462,0.7231631071292919,0.22519768316848907,0.21903990311306606,0.23291254979264023,0.06394451014166468,0.04627324107021168,0.09489471699046302
oulab,4,cutoff_valid_to_activity,flat_hgb,27977,22,presentation,0.7358650151670383,0.6924608905504348,0.770729905060535,0.7010050159764796,0.6274732359098091,0.7608672401889623,0.206367183908085,0.19489985257989373,0.22248488965022994,0.015155317052138042,0.009625488419088456,0.06032829646616004
oulab,4,cutoff_valid_to_activity,stack_7_full,27977,22,presentation,0.7874846352172503,0.7599922044427486,0.8084476170391933,0.7765429264548471,0.7308488561390346,0.811794667684294,0.18521931084188256,0.17850785683607237,0.19367522237863913,0.016054753675824367,0.014165252402695986,0.03399932800202853
oulab,4,cutoff_valid_to_activity,temporal_hgb,27977,22,presentation,0.717643546225893,0.6736272377411456,0.7568559070448977,0.6512694325727566,0.5647406894391013,0.7366037285098633,0.21341282985280466,0.20226077075750265,0.22721291641239827,0.015588710048136436,0.01335478624177861,0.056506614596120816
oulab,4,static_full,base_dffnn,32593,22,presentation,0.8135947266706525,0.7895665576330448,0.8333783029941408,0.851929534490552,0.8208440169307953,0.8767044303386475,0.17512448420755553,0.16439949121293557,0.19166704527879136,0.0246430725115809,0.009404349338293148,0.06483085300818885
oulab,4,static_full,base_knn,32593,22,presentation,0.776054068691286,0.7445843555016846,0.8034406801288693,0.8095463220539032,0.7628169759193597,0.848248220763625,0.1913764359218237,0.17786172513083837,0.2104919932187202,0.02075181787500385,0.011941318274749743,0.06747613759448294
oulab,4,static_full,base_lr_clickstream,32593,22,presentation,0.7651920556937262,0.7267274425507401,0.8018852122593334,0.782492043011291,0.7234779901221168,0.8412775680170165,0.1959188453029308,0.18213226926032544,0.21473929658716695,0.01861782312887766,0.01423358041778131,0.0698055206860367
oulab,4,static_full,base_lr_profile,32593,22,presentation,0.7180934051730063,0.7014305490372594,0.7376142994645148,0.7744082594402049,0.750834521426197,0.7928773296674659,0.20751743498826042,0.2013997129616808,0.21369358295350743,0.007637700433573344,0.008152531028452984,0.03772480243752184
oulab,4,static_full,base_lr_weekly,32593,22,presentation,0.7573396038181333,0.7201243793168624,0.7924517966060267,0.7798389483292609,0.7224295110422241,0.8354073914195423,0.19850637441142077,0.18478400001029263,0.2170191221767967,0.02400026362866488,0.014490067207406452,0.07932380594894789
oulab,4,static_full,base_rf_entropy,32593,22,presentation,0.8149051570665637,0.7936714320681686,0.8327034195362957,0.8528187210659146,0.8227224825077888,0.874835507055452,0.17360074931520808,0.16640413885225605,0.18313886400258975,0.01563853425545338,0.009748069931861314,0.0440359433216663
oulab,4,static_full,base_rf_gini,32593,22,presentation,0.8148666747650231,0.7934935077399325,0.8326572227848551,0.8528174727704081,0.8223995481519565,0.8750050939887652,0.17368179295007175,0.16648654911122893,0.1831931306145671,0.016342446064192055,0.010172643370693154,0.044269015134631426
oulab,4,static_full,base_svm,32593,22,presentation,0.7620364635293695,0.7213501819504673,0.8012399650970713,0.7854552612946353,0.7240290215334371,0.8439442193220339,0.20138540284146492,0.1909618916920007,0.21548193035288263,0.05385178947702238,0.0347348019238185,0.08834876795171812
oulab,4,static_full,flat_hgb,32593,22,presentation,0.7936041644286647,0.7615960640171618,0.8210927853209935,0.8153227083096358,0.7625464148271287,0.858705645869833,0.18420807829412778,0.17067496466868773,0.20211423968859957,0.029873250037889425,0.01121118305949517,0.07721498499307364
oulab,4,static_full,stack_7_full,32593,22,presentation,0.8371532589009776,0.81897189204464,0.8509058069680614,0.8712615887856585,0.8442892404539516,0.8891998846521194,0.16283668079636324,0.15619166070309576,0.17144506396335346,0.010736114320575172,0.007981172514299188,0.027523425226333154
oulab,4,static_full,temporal_hgb,32593,22,presentation,0.7832439945626184,0.7471065833788496,0.8144237752015893,0.8013262592154993,0.7423116403063289,0.8527400263838294,0.18815613436395956,0.17478923816584865,0.20737764010592932,0.01871790293230766,0.010370146999738539,0.06719504544961888
oulab,6,activity_conditioned,base_dffnn,28214,22,presentation,0.7850580284260127,0.7502154947146016,0.8129302845976273,0.778290538349912,0.7184330874254538,0.8261515434718814,0.18703880937511203,0.17416582531732366,0.20637912665923416,0.030684501236093287,0.015055389500316756,0.07205768288458932
oulab,6,activity_conditioned,base_knn,28214,22,presentation,0.7388182877840925,0.6941896360380813,0.7737226642554437,0.69343223775345,0.6049700067382109,0.7712947005282855,0.20666498220741475,0.1926984022431317,0.22762278758206655,0.019220954136244438,0.009343437502888812,0.058427692175897286
oulab,6,activity_conditioned,base_lr_clickstream,28214,22,presentation,0.727704739627459,0.6746172978422882,0.7772257912234776,0.6416035655599923,0.5551607019008827,0.7609802009918373,0.21130323322779765,0.19473561800725808,0.2332454301188578,0.02823278654337065,0.018968991569655255,0.07669002342284069
oulab,6,activity_conditioned,base_lr_profile,28214,22,presentation,0.6295547801135837,0.6140844733473647,0.6457779299602445,0.5863061115897796,0.5610711221282423,0.6087321592995881,0.23555002884348206,0.23072989552932635,0.2408608064778931,0.008779875129205693,0.00731184448972924,0.04053548511055877
oulab,6,activity_conditioned,base_lr_weekly,28214,22,presentation,0.73802912769962,0.6887730541824554,0.7859995801882674,0.6773456266704043,0.5881150805707096,0.772715265519832,0.20711259168875612,0.18956504198796958,0.22971459895292448,0.027824115418231467,0.02100765558268044,0.08491139279011253
oulab,6,activity_conditioned,base_rf_entropy,28214,22,presentation,0.7961270014995208,0.7640211627388269,0.8239275117143678,0.7867977842860787,0.7336357162761961,0.8299820603414094,0.1834918380997165,0.17224712461703293,0.19741840601221067,0.03981884724389969,0.023825889674329737,0.07370225917190894
oulab,6,activity_conditioned,base_rf_gini,28214,22,presentation,0.7955538947333434,0.7635729180191207,0.8234936154567406,0.7861448499242316,0.7333441834259059,0.829481144616543,0.1839719866125141,0.17289420488159415,0.19760466512743544,0.04084317649046508,0.026426631480701557,0.07494965988572873
oulab,6,activity_conditioned,base_svm,28214,22,presentation,0.7210345345089736,0.6678658003557676,0.7729122726932546,0.6335592995608978,0.5464835188408446,0.7617688672034797,0.21540740088639493,0.20485383799150378,0.2288673909629939,0.06775525339312675,0.04431375725914861,0.09649123863003038
oulab,6,activity_conditioned,flat_hgb,28214,22,presentation,0.7710711504785447,0.7333966221107585,0.8013620253446289,0.7481361432886967,0.6803792516013715,0.799213153606667,0.1932259414214667,0.18071774475918037,0.20942020845640863,0.019676178456089193,0.008214156524302279,0.05769441473164336
oulab,6,activity_conditioned,stack_7_full,28214,22,presentation,0.8154594138707936,0.7915072717195498,0.8346088325870554,0.814859362961478,0.7742063903106572,0.8457354713138149,0.171782989735403,0.16388294353604144,0.18043802158802233,0.01110139967634046,0.00780818157342791,0.03143244243194107
oulab,6,activity_conditioned,temporal_hgb,28214,22,presentation,0.7697226998294628,0.7277315595942314,0.8079909157108585,0.7353191356753438,0.6543209481989058,0.8061724502646548,0.19408400284397231,0.17885054313230914,0.2130804087561339,0.015385788697542412,0.010122478736390196,0.06562809228317029
oulab,6,activity_to_cutoff_valid,base_dffnn,27022,22,presentation,0.7641286179875608,0.7299428850620484,0.7903057016485566,0.7292376854088896,0.6682429495733159,0.7794492717262916,0.19480104667990739,0.1821024126351937,0.2142531061814422,0.038987599997453964,0.018491031980028525,0.08393664122806824
oulab,6,activity_to_cutoff_valid,base_knn,27022,22,presentation,0.7263538767866402,0.6889762530051236,0.7579859427768353,0.6565504925115069,0.5793967018942204,0.7279455517917235,0.21027035156539117,0.19545171402334818,0.23033972762656027,0.02861727481311524,0.01252440118172949,0.07289074144398276
oulab,6,activity_to_cutoff_valid,base_lr_clickstream,27022,22,presentation,0.7134861245179944,0.666120249373114,0.7593910832274663,0.6015580087794347,0.5241901305346544,0.7174571396709661,0.21511248015191264,0.19745521443721073,0.2368790870555461,0.036986986386139946,0.019752132833226205,0.09128360799662356
oulab,6,activity_to_cutoff_valid,base_lr_profile,27022,22,presentation,0.6255101311358877,0.6106498914457994,0.6402363902091954,0.5561049519636054,0.5274726902139548,0.5810100047478235,0.234239043388724,0.23056951493865147,0.23814428336385646,0.03129639152190422,0.012454071322891455,0.05852242816860634
oulab,6,activity_to_cutoff_valid,base_lr_weekly,27022,22,presentation,0.7183299017793295,0.6753411917104102,0.7617861053214039,0.6286550862560343,0.553501855403348,0.7218534724180673,0.21350298616559596,0.19599078274980652,0.2349059662315614,0.04333956215090365,0.02090630261219885,0.10181877099634291
oulab,6,activity_to_cutoff_valid,base_rf_entropy,27022,22,presentation,0.7758125539362548,0.7477729056009186,0.8014668773373802,0.7373048949655134,0.6885639489218016,0.7796142244644944,0.19110182801793427,0.18053285510673653,0.20364724973439974,0.047316690960528734,0.02367557534568962,0.08848433332759266
oulab,6,activity_to_cutoff_valid,base_rf_gini,27022,22,presentation,0.7752849978855536,0.7472034289837871,0.8009543818375133,0.7366618962376276,0.6882627397861112,0.7792384698029095,0.19154288122364524,0.18102139956345276,0.20400800330287808,0.04893534749404676,0.026364139582536122,0.0895130780848449
oulab,6,activity_to_cutoff_valid,base_svm,27022,22,presentation,0.7070903207055571,0.65886184755898,0.7539488139652811,0.5952550448940223,0.5192328862480554,0.7149864018815923,0.2170656123500631,0.20586407233653636,0.23097343403549486,0.0607528825403918,0.039971489379684914,0.09332353992069208
oulab,6,activity_to_cutoff_valid,flat_hgb,27022,22,presentation,0.7555266021483134,0.7225299253839571,0.7833712223335866,0.6999850236725741,0.636991407898836,0.7518722684786432,0.1985757643827241,0.1863448320711585,0.21312526100192655,0.036669744789105126,0.01143516919561415,0.07434059979925665
oulab,6,activity_to_cutoff_valid,stack_7_full,27022,22,presentation,0.7937878754538576,0.7721568730694391,0.811002613284505,0.7635716855500481,0.7271179564507344,0.7914160274516265,0.18048643316161136,0.17389874307395545,0.1876484725855598,0.01245623399074724,0.008344432397159495,0.03260993629764665
oulab,6,activity_to_cutoff_valid,temporal_hgb,27022,22,presentation,0.7498128357507424,0.7132855790189044,0.7851913310779359,0.6772755414147827,0.6070982336766431,0.7510618889870992,0.2009950638437036,0.18625552315045885,0.2193958774010119,0.03119710588173652,0.010241048337554029,0.08458430719391144
oulab,6,cutoff_valid,base_dffnn,27022,22,presentation,0.7689670756234601,0.7384170553690623,0.793376070699677,0.7370546589273117,0.6849417204090651,0.7795682444313212,0.19139657047505898,0.1806916293788437,0.20632753996072628,0.026686550125943554,0.011949998108021824,0.06537231039553049
oulab,6,cutoff_valid,base_knn,27022,22,presentation,0.725636143428495,0.6898226715426526,0.7561051576851939,0.6561436555994153,0.5885553823679224,0.7248948197807361,0.2099244733920509,0.19664088857965334,0.22757043365489302,0.02075508844645101,0.011627938710642487,0.058109584864704314
oulab,6,cutoff_valid,base_lr_clickstream,27022,22,presentation,0.7183901769053307,0.6757033446190648,0.7607432170078782,0.6248706677594711,0.5546448190300641,0.7177161575574125,0.21249359965176404,0.1984635270013774,0.22957216475596348,0.03165468174311844,0.01833136258159978,0.07104072825775448
oulab,6,cutoff_valid,base_lr_profile,27022,22,presentation,0.6455641947265507,0.6294215398137124,0.6614259919109031,0.5978498556366025,0.5717842129911357,0.6204249694151165,0.22729698032498521,0.221730837019772,0.23308772792558505,0.008807598004429498,0.007871659715700327,0.03590571182502683
oulab,6,cutoff_valid,base_lr_weekly,27022,22,presentation,0.7213658189966867,0.6800892842496565,0.7623325015220881,0.6427381445675457,0.5735587485709706,0.7233860737528551,0.21055219900600275,0.1963977168815671,0.22735614724955655,0.022310658676404676,0.015303184401578648,0.07645074193876716
oulab,6,cutoff_valid,base_rf_entropy,27022,22,presentation,0.776377679667068,0.7496414120637582,0.8010385722384902,0.7382296357298003,0.6929415010140679,0.7781966611820931,0.1913032287149762,0.18129400114146077,0.20288146287339218,0.04906613603559888,0.029130155465345527,0.0887762256057495
oulab,6,cutoff_valid,base_rf_gini,27022,22,presentation,0.7759988106378658,0.7486062448435467,0.8011879186600925,0.7370412636914192,0.6909297376004574,0.7775083696925372,0.1917813850355571,0.18181425065801204,0.20350028014767454,0.05089065769147904,0.03196517269257105,0.09016388563503222
oulab,6,cutoff_valid,base_svm,27022,22,presentation,0.7129002061724856,0.6696596089089448,0.7556050040353868,0.6209394284506189,0.5489073262729403,0.718629765393254,0.215173506287455,0.20596210896613557,0.2261550909109458,0.04872172130964734,0.03272901344994173,0.08316819196716607
oulab,6,cutoff_valid,flat_hgb,27022,22,presentation,0.7569433314962707,0.7256131726689231,0.7834673135219015,0.7008440468654672,0.6437745923583302,0.7500652867317268,0.19662635291798425,0.18645766478922268,0.20864129034502843,0.017826795499820268,0.008982256931871688,0.05408699745194848
oulab,6,cutoff_valid,stack_7_full,27022,22,presentation,0.7965656581959986,0.7770263349974295,0.8124621461852191,0.7698158071527677,0.7366636846481833,0.7969276621240056,0.17898947665713863,0.17289921048675985,0.1855163670596708,0.012037094454237415,0.007399929904954236,0.03408498336488952
oulab,6,cutoff_valid,temporal_hgb,27022,22,presentation,0.751036606506776,0.7161533910815,0.7845103543773831,0.6866169987394565,0.6210510643898252,0.7507147942122538,0.19942535770523687,0.18739869540926685,0.2142727100961786,0.014678276188143276,0.00959817898037806,0.06431265469635998
oulab,6,cutoff_valid_to_activity,base_dffnn,28214,22,presentation,0.7883185659926113,0.755079882674883,0.8147289795911834,0.7818398168405764,0.7267152256323649,0.8251463411145705,0.1846910734505799,0.1740775662971208,0.20010692081607295,0.01869048575152634,0.012760457958063796,0.05431683375746198
oulab,6,cutoff_valid_to_activity,base_knn,28214,22,presentation,0.7356585386743737,0.6921263340537087,0.7695370903581299,0.6812491471683944,0.5960018370553503,0.763129842789548,0.20852295342737648,0.19635224893204314,0.22693845562564724,0.03484326929892962,0.011521337152218064,0.06584682614527385
oulab,6,cutoff_valid_to_activity,base_lr_clickstream,28214,22,presentation,0.7287821301623287,0.6771068196891725,0.776181152790262,0.6410498463062921,0.5573717585304704,0.7530931337286564,0.21226629090111226,0.1998042014601844,0.22842334053789737,0.049964492642168956,0.025494418240201076,0.08314073192367893
oulab,6,cutoff_valid_to_activity,base_lr_profile,28214,22,presentation,0.6280086151175299,0.6123522223566762,0.6438643105548311,0.5848851148084293,0.5589498212171545,0.6083515391450155,0.23717013165811657,0.23026123043147434,0.24496206279119367,0.03809050520059923,0.012725361405730337,0.07600244968379859
oulab,6,cutoff_valid_to_activity,base_lr_weekly,28214,22,presentation,0.7367728044539266,0.687809231166955,0.7841052651086249,0.6703824764711367,0.5793843803400865,0.7628373143991856,0.2074678436855426,0.19363637075597143,0.22404558156499346,0.025141512126337737,0.020552794932276176,0.06474822825635676
oulab,6,cutoff_valid_to_activity,base_rf_entropy,28214,22,presentation,0.7959634077572635,0.7649502567102677,0.8230963079005927,0.7854138523455857,0.7338577860210804,0.8278168791947333,0.18438810646999143,0.17384499377650584,0.19698266084450528,0.048627715830583826,0.03377835310443883,0.07571114650623076
oulab,6,cutoff_valid_to_activity,base_rf_gini,28214,22,presentation,0.7955421072014307,0.7639544789012673,0.8230605951382317,0.7840997844419522,0.7317198661383634,0.8272253343329597,0.1848778118720928,0.1742960398065425,0.19749510115120944,0.050178704770890446,0.03553057052963638,0.07634579690497326
oulab,6,cutoff_valid_to_activity,base_svm,28214,22,presentation,0.7235593277231596,0.6721601426221233,0.7727896808556983,0.6370610338339255,0.550852770877718,0.7578608559576329,0.2168332352742139,0.20864165641228036,0.22697412926363328,0.07386794909071764,0.0454909875355309,0.10616986724784863
oulab,6,cutoff_valid_to_activity,flat_hgb,28214,22,presentation,0.7707287707372346,0.7346520163509014,0.800049251819207,0.7447692737124612,0.6808211490318362,0.7918778064256793,0.19316043111377532,0.18288147468210203,0.2062397503031444,0.008408124729700404,0.008072584764638836,0.04061808558514142
oulab,6,cutoff_valid_to_activity,stack_7_full,28214,22,presentation,0.8148883256562184,0.7909261713906608,0.8342619013577772,0.8134076904036498,0.7725584801468648,0.844489943295079,0.17240046370271986,0.1645593259141521,0.18094048008411975,0.01443367254114572,0.011671535947782596,0.032289356158282996
oulab,6,cutoff_valid_to_activity,temporal_hgb,28214,22,presentation,0.7683128553634169,0.727379169750249,0.8054775666238067,0.7306531053782241,0.6495905961126717,0.7970211168946137,0.19511064547292378,0.18279346686341844,0.21035109015971665,0.01750395782114868,0.014405489765589962,0.05332506023396894
oulab,6,static_full,base_dffnn,32593,22,presentation,0.8352044238178099,0.8117785077713255,0.8546952239627416,0.8718542556433703,0.8428399383120776,0.8948652667867586,0.1645531304224305,0.1536650803973371,0.18006233742270406,0.02838347728244931,0.013077698983221512,0.05839596709278128
oulab,6,static_full,base_knn,32593,22,presentation,0.797217466704197,0.7672889576860682,0.8222604568817747,0.8283071280996714,0.7844366207669945,0.8632293887571947,0.18268802307243887,0.17014190078869051,0.1998278286437356,0.01923615500260791,0.011059646624237383,0.056016845774225624
oulab,6,static_full,base_lr_clickstream,32593,22,presentation,0.7892691376927572,0.7479516003823549,0.8273363626327077,0.8065292555302952,0.7469335627394782,0.8624404924633529,0.18652063448552292,0.17147528607188992,0.20689500590020704,0.02398769971061338,0.017935535977181633,0.06790947320036719
oulab,6,static_full,base_lr_profile,32593,22,presentation,0.7164722702306685,0.69954347413322,0.7360946284186171,0.7735952491378542,0.7508008588111528,0.792348764368116,0.2075478516504204,0.201401508201825,0.21351450239339964,0.007759576537134495,0.007402328164629249,0.03717668476879546
oulab,6,static_full,base_lr_weekly,32593,22,presentation,0.7969202638251105,0.7560727969964771,0.8325172400755206,0.8177996327715512,0.7576060012241626,0.8693561631599857,0.18294554680309824,0.16657880843126371,0.20516364949384322,0.024175034934190327,0.018743699512120595,0.07747390221966967
oulab,6,static_full,base_rf_entropy,32593,22,presentation,0.8421092169116042,0.8192472178006633,0.8613287000113533,0.875015896758081,0.8456334960037988,0.8977722719563622,0.16108818652645115,0.15210624286295918,0.1722557778454677,0.022028006751656216,0.01268273296600775,0.04415249089329124
oulab,6,static_full,base_rf_gini,32593,22,presentation,0.8415720209040335,0.8184009465301939,0.8610901992284469,0.8745976231570936,0.8449331352171796,0.8977314819096863,0.16147180125564714,0.15239933464504749,0.17275931139396816,0.024107818502427564,0.013764686890304351,0.04619207013821619
oulab,6,static_full,base_svm,32593,22,presentation,0.7817190521538683,0.7386126489630332,0.8218057849692153,0.8005953801229199,0.7379278208347136,0.8624360036250734,0.19340363695969107,0.1810236281679892,0.2102521373720967,0.054072174519498396,0.03467648976497578,0.09258894715216527
oulab,6,static_full,flat_hgb,32593,22,presentation,0.8216776625272885,0.7938935452142242,0.8446598009584518,0.8432617214566211,0.7962007205879821,0.8788778373929063,0.17089825455698338,0.159104641700964,0.18585706466184296,0.01753163613325031,0.008858051772968313,0.05376972890000871
oulab,6,static_full,stack_7_full,32593,22,presentation,0.8572864319140511,0.8381086285858228,0.8716999241192334,0.8895667037258722,0.8653371065544109,0.9066417660956022,0.1518004609163611,0.14412212408270408,0.16150362034120636,0.007441642184227357,0.005991447389332214,0.025720965090396782
oulab,6,static_full,temporal_hgb,32593,22,presentation,0.8206730206279942,0.7846341343619619,0.8500246888783038,0.8399891445792835,0.7826114197607352,0.8838484612392246,0.17164871896155678,0.15727800527855562,0.1916313396077809,0.013223410697042502,0.009658023173951895,0.06091002348379229
oulab,8,activity_conditioned,base_dffnn,28330,22,presentation,0.8182285659369499,0.7884519321372654,0.8430821977144539,0.827030033694043,0.784455786610515,0.8605753109684979,0.16966509352281708,0.15731455105640849,0.1866927628651182,0.03336893455226414,0.0134834294253177,0.07378597051539985
oulab,8,activity_conditioned,base_knn,28330,22,presentation,0.7686676920436036,0.714680147963733,0.806662396474523,0.7541230005374775,0.6820232208549796,0.8108099570007062,0.1923595114719379,0.1765895972615593,0.21646958789972137,0.01641680197670312,0.012970913535965082,0.07491334854707773
oulab,8,activity_conditioned,base_lr_clickstream,28330,22,presentation,0.7655373914577683,0.7161190596371548,0.8103070606134667,0.7051504626330756,0.6209140611966626,0.8025278514419236,0.19607160950713567,0.1782950785180516,0.21928206381531368,0.023192142659088155,0.019301280315937815,0.07599208093354659
oulab,8,activity_conditioned,base_lr_profile,28330,22,presentation,0.6295051442698507,0.6140394516707268,0.6454807263068462,0.5866700067537391,0.5611834765385139,0.609189355693517,0.2356061035963104,0.2309279236402464,0.24079560265181524,0.008757430137336871,0.007326586478905482,0.04049188589835713
oulab,8,activity_conditioned,base_lr_weekly,28330,22,presentation,0.7810431966314815,0.7438254842609137,0.8149578665799863,0.7552881761492023,0.6829538280052574,0.8196184181779773,0.19028941882095535,0.17407101096350303,0.21126458246561927,0.045231765881379574,0.03163188608505124,0.09192110261596875
oulab,8,activity_conditioned,base_rf_entropy,28330,22,presentation,0.8274764138353865,0.8052779216927581,0.847086137117105,0.8324932058440514,0.7967782955272166,0.8608129798673051,0.16671012141192917,0.1578910463752271,0.1761848299066152,0.04404888897917615,0.022333279381030992,0.0723334203508198
oulab,8,activity_conditioned,base_rf_gini,28330,22,presentation,0.8274568831168623,0.8048092157548921,0.8472717680965893,0.8322299537618769,0.7960867734484817,0.8608456140593188,0.16699360696806323,0.15809322020563427,0.17651006404438854,0.045501440260566274,0.024832695244014987,0.07326000890060984
oulab,8,activity_conditioned,base_svm,28330,22,presentation,0.7595004528839,0.7076085168768712,0.8058186855265849,0.6965881397547733,0.6021660800795932,0.8035290952939508,0.20055953637211243,0.18803946076102543,0.21753321465790076,0.05173821055355656,0.03163264191372183,0.09028912994736828
oulab,8,activity_conditioned,flat_hgb,28330,22,presentation,0.7891753955048264,0.7264990036262923,0.8328144770883907,0.7736546432976261,0.6926648772804832,0.8356187317182996,0.18702547377221398,0.16448742521232548,0.22295023162994465,0.029099357707968492,0.011884995622274934,0.09364487904218874
oulab,8,activity_conditioned,stack_7_full,28330,22,presentation,0.8448024990329459,0.8268516972032222,0.8595562306532434,0.8497316553219221,0.819208622320176,0.8727559732238858,0.1562446134885801,0.1491605111261462,0.16422518052372853,0.015330087920709333,0.009570690385542676,0.03530048828497474
oulab,8,activity_conditioned,temporal_hgb,28330,22,presentation,0.8095982133360904,0.7814212960053514,0.8349894808925346,0.8016634281772956,0.7457670334182483,0.8441794204520736,0.1751323001065247,0.163105721610546,0.1901135204241159,0.022767761174259313,0.013624931343720212,0.06528652950205466
oulab,8,activity_to_cutoff_valid,base_dffnn,26523,22,presentation,0.7892449417684553,0.7595285067344519,0.8141499368313607,0.7669417281885521,0.7216712695552576,0.8045023487219798,0.181062825310725,0.16851461309036345,0.19768598062181195,0.0403905486596515,0.017598593889870243,0.0825138094194751
oulab,8,activity_to_cutoff_valid,base_knn,26523,22,presentation,0.7467899647957656,0.7029221335014426,0.7824089867173851,0.6983327662347552,0.6330809603390354,0.7565188304140517,0.19872865181163515,0.1823806247702141,0.2209934105653871,0.03438675866229312,0.013730911879672417,0.09089628148234552
oulab,8,activity_to_cutoff_valid,base_lr_clickstream,26523,22,presentation,0.743988222455227,0.7012832302218254,0.785595484278781,0.6480685721503444,0.5769057310462281,0.7446160001853704,0.20316241528339676,0.18466994842283868,0.22677328542565559,0.04258767176805528,0.021143986732699467,0.09527563972677627
oulab,8,activity_to_cutoff_valid,base_lr_profile,26523,22,presentation,0.6257096495202317,0.611434653348052,0.6397139096507442,0.5449895971120925,0.516618012886504,0.5696447330059996,0.2334680303495642,0.22994986435315412,0.23702647511595845,0.03984928061122087,0.01615908550006656,0.06791993242851524
oulab,8,activity_to_cutoff_valid,base_lr_weekly,26523,22,presentation,0.7514517578840212,0.7199456071889412,0.7826970930001718,0.6837408014871469,0.618308093317982,0.7514141374723822,0.20100641136276426,0.18438629970116932,0.2211397825384315,0.05951735828682374,0.031996205720509305,0.11205416790794065
oulab,8,activity_to_cutoff_valid,base_rf_entropy,26523,22,presentation,0.8000035560304295,0.7806119199387497,0.8187100135092313,0.7730564768395419,0.7397336765212686,0.8022726051178785,0.1776892099270779,0.16903970009861857,0.18716248671446775,0.047592725281997025,0.021483388029517853,0.08248787167049655
oulab,8,activity_to_cutoff_valid,base_rf_gini,26523,22,presentation,0.8000066779147087,0.7804809435002007,0.8189717856274717,0.7728368423677373,0.7388257507850278,0.8022653580109224,0.17795319762325418,0.16930937164521748,0.18746639079667382,0.048927248122978294,0.02396064796684629,0.08328953382365392
oulab,8,activity_to_cutoff_valid,base_svm,26523,22,presentation,0.7374344595407356,0.6928581337902714,0.7796460931472052,0.6416973307875319,0.5668767330532912,0.7458386352767705,0.20527147188265604,0.1920226770750815,0.22242041547974412,0.043771956983422095,0.030807609777776874,0.09048719975474567
oulab,8,activity_to_cutoff_valid,flat_hgb,26523,22,presentation,0.7672165265761457,0.712564647451685,0.8090368898788363,0.7132041716608553,0.6369458647018348,0.780389291161004,0.19539672545119394,0.1725480550060145,0.22986117094897993,0.04672241790329922,0.012702652488049634,0.10967575178012155
oulab,8,activity_to_cutoff_valid,stack_7_full,26523,22,presentation,0.8188491489294136,0.8009002151993826,0.8332015481068534,0.792976569017994,0.7612244402074763,0.818272390562499,0.16723344020301098,0.16016154657266043,0.1748682314854199,0.016827733650853084,0.010554647376354946,0.040075461702582395
oulab,8,activity_to_cutoff_valid,temporal_hgb,26523,22,presentation,0.7812610057362028,0.7553753233704457,0.8060377712048525,0.7305030106227394,0.6782851404946862,0.7798013161583509,0.18598253281871907,0.17418375100871453,0.20059562628763733,0.03231360208493088,0.014600465055010961,0.08009385463968079
oulab,8,cutoff_valid,base_dffnn,26523,22,presentation,0.7900415357658643,0.7617915218937111,0.8136051469453504,0.7679749045452073,0.7251958489251427,0.8047117697782247,0.17991891188609774,0.16863404535589036,0.19493075625177508,0.03441227292916636,0.013273291557021113,0.07640346928412853
oulab,8,cutoff_valid,base_knn,26523,22,presentation,0.7460869748090547,0.699224726090798,0.7824746592157905,0.6928656960926578,0.6240918150081414,0.7560464513964473,0.1983460109339064,0.18339194781497173,0.21908833015161275,0.019749349621083594,0.01359013949584607,0.07406252424959826
oulab,8,cutoff_valid,base_lr_clickstream,26523,22,presentation,0.7459634065445735,0.7056922901002486,0.7850447615036258,0.6613472901738022,0.5961655361246998,0.7456334226843845,0.20057489528295974,0.18616435574251164,0.21835989476254483,0.025225726728351258,0.018365829172997433,0.06643496226245423
oulab,8,cutoff_valid,base_lr_profile,26523,22,presentation,0.646477357393464,0.6311569196772849,0.6617542109266826,0.5916230044071992,0.5663655095802139,0.6136221174170116,0.22514250032109417,0.219336770579653,0.23095417937451848,0.00879005329175907,0.007161619143123653,0.03416590809961028
oulab,8,cutoff_valid,base_lr_weekly,26523,22,presentation,0.7532823082841236,0.7226854094566947,0.7830849253835211,0.6916001716976649,0.6344702924654068,0.7515210636910975,0.19768160158210443,0.18465753026525764,0.21313561715078155,0.036925007593151114,0.02263778702965746,0.08634302100388182
oulab,8,cutoff_valid,base_rf_entropy,26523,22,presentation,0.8005589188201667,0.7811396033573131,0.8191775288730908,0.7733900674032639,0.7400661581650962,0.8023259371030619,0.17847002254924862,0.169863865517575,0.18785202251052377,0.055135573064690926,0.029979520061312298,0.08811987591651141
oulab,8,cutoff_valid,base_rf_gini,26523,22,presentation,0.8005197347959888,0.780999799340594,0.8194021293882022,0.7730840239799468,0.7393232925386981,0.8020800367022056,0.178832210781744,0.17032750573789923,0.18813857980116364,0.05707674848722627,0.0321667269268554,0.08950647658758233
oulab,8,cutoff_valid,base_svm,26523,22,presentation,0.741584108971804,0.700385473912334,0.7809536553727325,0.6602496911670573,0.5894892925686233,0.7490147676660106,0.20302852003917174,0.1931051581418174,0.21560519763640473,0.03719916049091337,0.023745584756647658,0.07427990155093536
oulab,8,cutoff_valid,flat_hgb,26523,22,presentation,0.7676422932388588,0.7090938593163466,0.8099324675439916,0.7099437664183438,0.6239660961488367,0.782111071711676,0.1925830612918361,0.1723307428638066,0.22337304885552897,0.027539429996472443,0.013961916150216757,0.08932245749479793
oulab,8,cutoff_valid,stack_7_full,26523,22,presentation,0.8203504018086809,0.8036032458706066,0.8337901172092982,0.7967815636624616,0.7675709645124692,0.820494200908922,0.16613177778459096,0.1598472540925319,0.17300671517002428,0.01521588657157914,0.008222957563279393,0.03749936202916582
oulab,8,cutoff_valid,temporal_hgb,26523,22,presentation,0.7821992107386377,0.7569553914580439,0.8057125260534235,0.7312169217558957,0.680907180610093,0.7800755743590557,0.18465993930212,0.17455420813094696,0.19695425891962026,0.026171380035910276,0.015672292760484426,0.06451075591599863
oulab,8,cutoff_valid_to_activity,base_dffnn,28330,22,presentation,0.8179856033971591,0.7892620620404837,0.8419666634451418,0.8256733200630008,0.7831178926147745,0.8592359994547637,0.1692327448886669,0.15766088132594028,0.1845538070337675,0.028149483999407306,0.013766284467569148,0.06408371232050744
oulab,8,cutoff_valid_to_activity,base_knn,28330,22,presentation,0.7654317158721038,0.7082190708621631,0.8047743697856033,0.7419908546723957,0.6581691578699472,0.807102143410612,0.19473936152488527,0.1803267983804085,0.21682202760506697,0.026700458877515005,0.015646074468572708,0.06365121274425263
oulab,8,cutoff_valid_to_activity,base_lr_clickstream,28330,22,presentation,0.7642079731246075,0.7145551361071175,0.8093271755938031,0.697863131035625,0.6155387208459506,0.7961819789010318,0.19730783449233635,0.1839838434661953,0.21485395593232287,0.032917616919190325,0.020243401709778956,0.07348505265939763
oulab,8,cutoff_valid_to_activity,base_lr_profile,28330,22,presentation,0.6276001241056004,0.6122795394215682,0.6432014745808503,0.5847299434100335,0.5580600976113022,0.608391310192574,0.23819658073211733,0.23081392659558064,0.24658451953448954,0.04858317319702902,0.017299800627803254,0.08592455592114587
oulab,8,cutoff_valid_to_activity,base_lr_weekly,28330,22,presentation,0.7789659920874552,0.7421139826521632,0.8129566530437338,0.7444714418186826,0.6701042498245099,0.8091150919747664,0.19035779247332207,0.17769062115505047,0.20618608690888288,0.03788159610827166,0.027280856692572422,0.06712881004341278
oulab,8,cutoff_valid_to_activity,base_rf_entropy,28330,22,presentation,0.8275773986371262,0.8048748107632889,0.8475433259036268,0.8319889388061732,0.7956056952047179,0.8609360754410652,0.16784522453068276,0.15899477989166577,0.1773707336574319,0.055774514615969814,0.03290744301050569,0.08309962790161793
oulab,8,cutoff_valid_to_activity,base_rf_gini,28330,22,presentation,0.82745324587799,0.8047466356198675,0.8474586393067246,0.8314911469065535,0.7946571994772639,0.8606176216074123,0.16824148437573994,0.15947872104302746,0.17778059910173852,0.05688961796263237,0.03535007161160578,0.0836537103813297
oulab,8,cutoff_valid_to_activity,base_svm,28330,22,presentation,0.7611972373600481,0.711898287662017,0.8064812903609829,0.7015377997992548,0.6128539547214421,0.8036450365575606,0.20210925557009626,0.19278795705278098,0.21381984190724773,0.06118743222189267,0.033125207060151804,0.09648421070262335
oulab,8,cutoff_valid_to_activity,flat_hgb,28330,22,presentation,0.7876472108468342,0.7204185945616599,0.8326562816873951,0.7664526407438659,0.6716960809274388,0.8350504473084317,0.18631581418780654,0.16638165044234374,0.21839654746054973,0.016220706248463813,0.014581491532611995,0.07052460791007528
oulab,8,cutoff_valid_to_activity,stack_7_full,28330,22,presentation,0.8447627001143607,0.8271013669808029,0.8593654045317182,0.8494718693420575,0.8185247270901329,0.8724962968928495,0.1563056585358859,0.1495102093823335,0.1642042737803524,0.01633768257669721,0.012039141818616466,0.033674131130464476
oulab,8,cutoff_valid_to_activity,temporal_hgb,28330,22,presentation,0.8091709280724524,0.7808466476612801,0.834312919298701,0.7979102698913173,0.7409401799001453,0.8403234607938529,0.17573640600128204,0.16525698374294087,0.1882384388312222,0.02986233103341282,0.021289424504399482,0.05754980360766507
oulab,8,static_full,base_dffnn,32593,22,presentation,0.8632983283390951,0.8444231348072643,0.8800506865150259,0.8989924270089004,0.876800598733605,0.9160289163095497,0.14716638131917426,0.13707417842120648,0.15889403437877994,0.025735259108988478,0.011249499755432067,0.057702025888824386
oulab,8,static_full,base_knn,32593,22,presentation,0.8213061334322057,0.7859242947029826,0.8497091784387215,0.855996277540754,0.8159246078868917,0.8875605731274417,0.1692798129659743,0.1552652260897274,0.18905639361312387,0.01552173779645934,0.011229871397529451,0.06401779157445117
oulab,8,static_full,base_lr_clickstream,32593,22,presentation,0.8190299079401212,0.7782511856770001,0.8539003744387157,0.8387761034311887,0.7799523027133952,0.8879623713708323,0.17259601149820833,0.15617865629807637,0.19573620207363887,0.020386300939442204,0.016544590651400137,0.06748797104523876
oulab,8,static_full,base_lr_profile,32593,22,presentation,0.716969939535798,0.6997305758887082,0.7366868712928166,0.7756234542933584,0.7547080665530511,0.7928958079189856,0.20695616998488178,0.20086352234241023,0.21262673723672107,0.007843358195068852,0.006918292018001539,0.03640915617660398
oulab,8,static_full,base_lr_weekly,32593,22,presentation,0.8307396892890322,0.7995949043589885,0.8569178549418381,0.8567085835034214,0.8095407895664133,0.8936608998311603,0.16758083431343013,0.15275945021234896,0.18830848309836962,0.039558588650344034,0.028050340732609518,0.08362992958228603
oulab,8,static_full,base_rf_entropy,32593,22,presentation,0.8669508570282023,0.8480714734124105,0.8823099830897319,0.8992479406464933,0.8747343003561378,0.9157235551848492,0.14586597666280124,0.13757151599433196,0.15588320903883768,0.02481823204139958,0.013047333662028374,0.049777442027466194
oulab,8,static_full,base_rf_gini,32593,22,presentation,0.8668468362093831,0.8479793556884381,0.8823638611908825,0.8991597298385632,0.874332443536514,0.9157639697356436,0.14603775126050003,0.13776744997453594,0.15603441095807682,0.02708897504699677,0.015023398116117873,0.04990585709206213
oulab,8,static_full,base_svm,32593,22,presentation,0.8099732070563879,0.7654108185029083,0.8478712613746808,0.8316652344730537,0.7624690264522804,0.8859247947877112,0.18105524572045487,0.1667371541828414,0.2007798802191938,0.062461346332432874,0.03395360594279332,0.10117394891226207
oulab,8,static_full,flat_hgb,32593,22,presentation,0.8365163575466634,0.7946032957667258,0.8688476684038812,0.8620211252548436,0.8170107001747947,0.899109085192585,0.1647910610551513,0.1448401648147593,0.19470553049695127,0.024171903089577253,0.01008726386447254,0.08291855236910418
oulab,8,static_full,stack_7_full,32593,22,presentation,0.8800669799038381,0.8640519079391121,0.8920346594108701,0.9093513581219304,0.8887732149634342,0.9231759283011828,0.13793482608668775,0.13041925735307844,0.1470656879844253,0.01161335611998326,0.006885511760811247,0.03185952804769263
oulab,8,static_full,temporal_hgb,32593,22,presentation,0.8524048435574326,0.82694297831514,0.8732977041438138,0.876105577649807,0.835409510897493,0.9060376931779411,0.1541951812126638,0.14234774362638483,0.17000346214907006,0.02005022351685335,0.011407274325126976,0.057022114943938156
oulab,10,activity_conditioned,base_dffnn,28422,22,presentation,0.8427548035926664,0.8181355135788858,0.8654862662691181,0.8555869821024117,0.8220484147924958,0.8846011276266732,0.155003126879496,0.1442128756489971,0.16812764216765552,0.021843335795019254,0.008742103966301824,0.05466585847963294
oulab,10,activity_conditioned,base_knn,28422,22,presentation,0.8094014195304058,0.7614484064243232,0.8416448579734858,0.8082742852869105,0.7454377816855442,0.8536222623546451,0.17368072056857364,0.15732837816660145,0.20001946682257116,0.017056927732038582,0.012202769710823479,0.067310395755696
oulab,10,activity_conditioned,base_lr_clickstream,28422,22,presentation,0.7998655762371465,0.7610820496855092,0.8338547031233099,0.7812292347882919,0.7174728103483821,0.8432430189399929,0.18139560808967437,0.16454633020134726,0.2031960670896029,0.034512431595103796,0.022035077815313338,0.07770316058367094
oulab,10,activity_conditioned,base_lr_profile,28422,22,presentation,0.6295286383677623,0.6143501240955865,0.6451138953194724,0.5871736262753802,0.5620490334770368,0.6097834084276131,0.23561498956439603,0.23098728840800975,0.2407527109304477,0.008741310399285766,0.007328723327370579,0.04026090696304908
oulab,10,activity_conditioned,base_lr_weekly,28422,22,presentation,0.8279767520193468,0.7999547022076645,0.8533171395045223,0.8372281365265618,0.7947498109231693,0.8734025898561736,0.16575562233231012,0.15224808151975916,0.18233811084897836,0.05748863365968747,0.04286952419672432,0.08797363126088553
oulab,10,activity_conditioned,base_rf_entropy,28422,22,presentation,0.8536382760585515,0.8298744889764624,0.8736631185446059,0.8624262531503173,0.8284098992630894,0.8903259194478164,0.15133810229783887,0.1415609354140409,0.16187675552625005,0.03468219654024537,0.022002997341891522,0.05902835414517055
oulab,10,activity_conditioned,base_rf_gini,28422,22,presentation,0.8534159442702671,0.8297493452607042,0.8736699595222117,0.8621475740410319,0.82812691779684,0.8903357100156688,0.15179257124266235,0.14205671080839788,0.16219887850851814,0.03702012798433608,0.024788279694388283,0.06118610441431005
oulab,10,activity_conditioned,base_svm,28422,22,presentation,0.7935072210135268,0.7521535205134852,0.8295399635686729,0.7765418937964318,0.7068065100093542,0.8411451095984783,0.1874154856300191,0.1754410285194385,0.20342798550163735,0.061355459366871395,0.04198843137666553,0.09786821805175563
oulab,10,activity_conditioned,flat_hgb,28422,22,presentation,0.8237951027518744,0.7667545329474111,0.8625236737338097,0.8151550662797125,0.7423933419833655,0.8716440292939032,0.17243271884313224,0.1471214916123146,0.21700519072589255,0.034467504198054104,0.010516495480797894,0.10687260066397786
oulab,10,activity_conditioned,stack_7_full,28422,22,presentation,0.8670071497836249,0.849857551994548,0.8822392276010043,0.8741843919766263,0.8453841704553903,0.8970466773430207,0.14321027301958125,0.1352852767360181,0.15152891834394383,0.010881102422581007,0.008237518446580413,0.031332224148616444
oulab,10,activity_conditioned,temporal_hgb,28422,22,presentation,0.8489994611008382,0.8238198231271536,0.8709930426903871,0.8571486069761122,0.8205534869379281,0.8875873332936265,0.1522524466956526,0.14173950239670305,0.1635759315926825,0.012667546150963544,0.00911986585789436,0.04261705996816482
oulab,10,activity_to_cutoff_valid,base_dffnn,26075,22,presentation,0.8104660089571283,0.787176052630562,0.8317884819599731,0.7911877236525051,0.7585715875810358,0.820752480852803,0.16777702559107205,0.15822490984288504,0.18004731558360937,0.028377602539363056,0.011418839669871908,0.06276452087106849
oulab,10,activity_to_cutoff_valid,base_knn,26075,22,presentation,0.7808706787575957,0.7365522725727522,0.8107406490870899,0.7392013848044656,0.677270577890614,0.7874482387045615,0.18328792544582934,0.16739472795343133,0.20809476869773053,0.022411198465963587,0.011676094255952287,0.07747042278235357
oulab,10,activity_to_cutoff_valid,base_lr_clickstream,26075,22,presentation,0.7713577062235755,0.7382504274602852,0.8033481553738342,0.7118303287872343,0.6519645521134094,0.7754253193966814,0.19094391270673028,0.17437573165799974,0.2114405809229447,0.045317335563259946,0.025475098313423084,0.09294794060432818
oulab,10,activity_to_cutoff_valid,base_lr_profile,26075,22,presentation,0.6254539625089366,0.6109831758391332,0.6392107420648374,0.5340796157302735,0.5062034425846598,0.5579110715412751,0.232872599425838,0.2292922526587207,0.2360731267150135,0.049422526829735455,0.02296204100560324,0.07665243319714196
oulab,10,activity_to_cutoff_valid,base_lr_weekly,26075,22,presentation,0.7941234011950604,0.7708550825172078,0.8168292794145271,0.7671877935788111,0.7278498276470623,0.8035357198420852,0.17868612736506348,0.1659270438374919,0.19426271684080793,0.05986648959247478,0.03953087235275887,0.09829153253146064
oulab,10,activity_to_cutoff_valid,base_rf_entropy,26075,22,presentation,0.823260990196713,0.8029936604527104,0.8412222359436514,0.7995949535942115,0.7705407455471825,0.8257710084298803,0.1637617582562769,0.1559000780119346,0.17226359086300894,0.03834766377123632,0.021848700455207003,0.06662007598636654
oulab,10,activity_to_cutoff_valid,base_rf_gini,26075,22,presentation,0.8230359347664165,0.8028469832838439,0.8411220674490634,0.7992973540014692,0.770277835943418,0.825547076796237,0.16422714032768151,0.1565026566146232,0.17261789058187527,0.04120255298971905,0.024475658429342056,0.06875148381854018
oulab,10,activity_to_cutoff_valid,base_svm,26075,22,presentation,0.7641825930349697,0.7296575046466883,0.7976548854024689,0.7056512536820864,0.6469407752323647,0.7714793564133239,0.19420620003189942,0.182144471887101,0.20898172535248838,0.05908662620600054,0.04102478637720996,0.09773641420477372
oulab,10,activity_to_cutoff_valid,flat_hgb,26075,22,presentation,0.7957310555019425,0.7405107004191647,0.8333958110864842,0.7442601717468206,0.6691233811047049,0.8095122414810078,0.1840094702511916,0.15857610737059905,0.2285676107620992,0.044718484647601794,0.01032857777408581,0.12028471049508384
oulab,10,activity_to_cutoff_valid,stack_7_full,26075,22,presentation,0.8389776488633813,0.8245599280096354,0.8517097910952274,0.8154490004558097,0.7910755759327356,0.8363008432058093,0.15532700414331801,0.1494998283915599,0.1613110230896902,0.012718584980637519,0.00836537332132547,0.035720056506250125
oulab,10,activity_to_cutoff_valid,temporal_hgb,26075,22,presentation,0.8179804167971121,0.7963801548420726,0.8379416463758834,0.7914535769607957,0.7591452462260246,0.821340977980347,0.164643165399014,0.15623893208385292,0.17372612136304358,0.014907025871254679,0.007108176350000911,0.05098729193341233
oulab,10,cutoff_valid,base_dffnn,26075,22,presentation,0.8125969524031599,0.7906904903492296,0.8327738104410192,0.7926565891133018,0.7606521689818231,0.8209879235743323,0.16645086347746738,0.157733193266063,0.17731329488464054,0.020484428426092327,0.009103064499507879,0.05508283273222588
oulab,10,cutoff_valid,base_knn,26075,22,presentation,0.7813703199311048,0.7373874882706184,0.8111700766578059,0.7378189139609508,0.674565001246401,0.786997593888914,0.18245812832214767,0.1675027951198649,0.2048598431604912,0.017173691275167803,0.012362542632197878,0.06565332992775207
oulab,10,cutoff_valid,base_lr_clickstream,26075,22,presentation,0.7740108748175012,0.7392258411364233,0.8055639105268168,0.7120087020313098,0.6485047773208893,0.7746751433761128,0.18761227881921141,0.1740628222164839,0.20473699914981822,0.022762739313558232,0.01809049796065932,0.0662889472924579
oulab,10,cutoff_valid,base_lr_profile,26075,22,presentation,0.6463451389668642,0.6312633946085175,0.6608648699978635,0.5842427771647427,0.5599022577755854,0.6057329915701031,0.22311402589191334,0.2175246233408849,0.22906375902700105,0.009123195779252434,0.006752503123831607,0.033040228751136075
oulab,10,cutoff_valid,base_lr_weekly,26075,22,presentation,0.7958531682583124,0.771994121646234,0.8186155677599058,0.7647540353660777,0.7259374176571796,0.8011973796906117,0.17610200416099733,0.16499210612878254,0.1892955071452773,0.05009204188849628,0.03397690769305023,0.07746903313266403
oulab,10,cutoff_valid,base_rf_entropy,26075,22,presentation,0.8231604521430231,0.8026838196983642,0.8414429755327456,0.7988401198878647,0.7695032094349615,0.8252941213370212,0.16484728737616633,0.1569190968639548,0.1740350850986283,0.0486536726533266,0.02903116625594424,0.07713326721500531
oulab,10,cutoff_valid,base_rf_gini,26075,22,presentation,0.8226507273723898,0.8018259367636513,0.8410151607605528,0.7981838711129462,0.7688460236422661,0.8247918407733168,0.16557690799402144,0.15759691711560142,0.17468960600487324,0.052176173562880596,0.033801686059730954,0.08000666273394964
oulab,10,cutoff_valid,base_svm,26075,22,presentation,0.7695562869492243,0.735745457805469,0.8022082337988083,0.7104133224044173,0.6493019729686519,0.7744522085489057,0.19153807303771023,0.18222631528650993,0.202736909400803,0.04181956070230652,0.03157759765626116,0.07633511635259593
oulab,10,cutoff_valid,flat_hgb,26075,22,presentation,0.79640688146741,0.7422678729648906,0.8336810974032133,0.7447230238793499,0.6710290141066135,0.8081120532875476,0.18069440187293898,0.15858312773377678,0.21798102922141502,0.03164681095354973,0.010495000629013625,0.10050795765684946
oulab,10,cutoff_valid,stack_7_full,26075,22,presentation,0.8391645161275417,0.8250731955202381,0.8517477489563973,0.8158429914209275,0.7917132531649514,0.836663894486483,0.15510353071427968,0.14935350275529927,0.16121316400193256,0.011384443417793,0.009538617850468705,0.030666644001906038
oulab,10,cutoff_valid,temporal_hgb,26075,22,presentation,0.8175628245492526,0.795776557213394,0.8380340749720299,0.7894373203041378,0.7567402203616159,0.820011956387161,0.1645658896418074,0.15626017728918457,0.173039855192833,0.01384140318206502,0.010322101559556006,0.044333392901282964
oulab,10,cutoff_valid_to_activity,base_dffnn,28422,22,presentation,0.8442938718481366,0.8199390200383305,0.8658929006349844,0.856045395471412,0.8223188776431312,0.8848916417593382,0.1540899780597577,0.14392328981627805,0.1660724705337654,0.019593938967828364,0.010623547265069453,0.04883262484305765
oulab,10,cutoff_valid_to_activity,base_knn,28422,22,presentation,0.8087785566018956,0.7604773615016824,0.8409912972575867,0.8040431020550007,0.7360341621068357,0.8522847982983361,0.17424269650270918,0.15904421981291925,0.1978353888372411,0.018038420941524143,0.011517103817385176,0.05429769710848651
oulab,10,cutoff_valid_to_activity,base_lr_clickstream,28422,22,presentation,0.8000110363486208,0.7591842084257158,0.8356536947340926,0.767565559407174,0.6919670389546303,0.841562643226134,0.18160018154343435,0.16794022102559186,0.19895382268805123,0.030503732020992876,0.023086191432690705,0.06515592285365086
oulab,10,cutoff_valid_to_activity,base_lr_profile,28422,22,presentation,0.6268476987678084,0.6118644045463482,0.641909833273517,0.5845797848124871,0.5579595473419714,0.608453003077244,0.23935970961674416,0.2314870169745768,0.24826971743106205,0.05809021075684484,0.02519689144789869,0.09491939749064808
oulab,10,cutoff_valid_to_activity,base_lr_weekly,28422,22,presentation,0.8285650216965125,0.8002169952760988,0.8538414451062584,0.8327759927792538,0.7858524926687122,0.8709261201060763,0.16505549382841764,0.1526651892026902,0.17945562344222982,0.05463707559067303,0.0449813932946456,0.07787712013185757
oulab,10,cutoff_valid_to_activity,base_rf_entropy,28422,22,presentation,0.8533058299790688,0.8293610981518224,0.8738717674547501,0.8617219415654842,0.8277141970734534,0.8900165524687653,0.15249956755736246,0.14240685740268164,0.16339417596099756,0.04650495057839491,0.029876189501510903,0.07155069457430074
oulab,10,cutoff_valid_to_activity,base_rf_gini,28422,22,presentation,0.8528684528646042,0.8289102057710667,0.8732298023733509,0.8612392046586802,0.8270204603147815,0.8898997352737646,0.1531964097634008,0.14325150521202235,0.16406872203195666,0.04975277020808756,0.034339052208832765,0.07446381104797262
oulab,10,cutoff_valid_to_activity,base_svm,28422,22,presentation,0.7969467750158599,0.7566589897203783,0.832982127525769,0.7750654983859934,0.7019410366358976,0.8418550108811395,0.18888637811145148,0.1800019058849115,0.20010551214317837,0.06579032133891324,0.03987827686412704,0.09884562862629451
oulab,10,cutoff_valid_to_activity,flat_hgb,28422,22,presentation,0.8236303898338962,0.7666414721967969,0.862372119531505,0.8124989186439415,0.7343975919125476,0.8705342027798901,0.17047070583356896,0.1485178401820825,0.20795920356312056,0.027336706651906358,0.018656649200304652,0.08803792821413436
oulab,10,cutoff_valid_to_activity,stack_7_full,28422,22,presentation,0.866853675560616,0.8497275135337767,0.8820993864436659,0.8738668656005538,0.8450039406887536,0.8966507625061424,0.1434298818456378,0.13565761490401776,0.15164441170646525,0.013694983753866944,0.012714859332278148,0.03163395926322256
oulab,10,cutoff_valid_to_activity,temporal_hgb,28422,22,presentation,0.848437683345229,0.8230697035696257,0.8705670963736591,0.8560106051099443,0.8186742415771775,0.8867896181891973,0.15276850897411234,0.14257541377792535,0.16352768207461424,0.018160512477233003,0.015252423026237725,0.04414893961014586
oulab,10,static_full,base_dffnn,32593,22,presentation,0.8804717995137057,0.8635147753446027,0.8958907919509734,0.9129689613681276,0.8951997213912505,0.92844947412808,0.13607645972897772,0.1274287016195157,0.14612325511071092,0.02479734658806932,0.012437267497686798,0.05017322517977437
oulab,10,static_full,base_knn,32593,22,presentation,0.8524797609081158,0.818759185017963,0.8761928410377898,0.8858038071085524,0.854599352290696,0.9100938890697214,0.15273624937870095,0.13884031108972397,0.1739725683275287,0.014146104991869442,0.011274219058116725,0.05788220641988894
oulab,10,static_full,base_lr_clickstream,32593,22,presentation,0.846414299748271,0.8193905565469138,0.871641263898926,0.8760159793851916,0.8435865705202921,0.9055744728123691,0.15912928257919742,0.14435411561482733,0.17842645701416215,0.030214024857404327,0.01910521160505967,0.06835320027554986
oulab,10,static_full,base_lr_profile,32593,22,presentation,0.7173569023454562,0.7004512699984707,0.7369610316262769,0.7772966621275367,0.7581182306507421,0.7935855146059241,0.2064134284155714,0.20033246863726914,0.21188321426323278,0.007666411907334178,0.006583459435112619,0.03537276254893523
oulab,10,static_full,base_lr_weekly,32593,22,presentation,0.8677133338984053,0.847809094189976,0.8852000183954039,0.8999237875181345,0.8766787848966353,0.9191271691748314,0.1455111548754108,0.13356121894384515,0.15971268991769838,0.05016633208650975,0.0377239062654385,0.07895434627650255
oulab,10,static_full,base_rf_entropy,32593,22,presentation,0.8876396003279833,0.8705371245592051,0.9020465233315088,0.9168279099579775,0.8971632915732393,0.9319117407676942,0.13243068667194097,0.12442437668997385,0.14162866367181992,0.022021743989676528,0.014310402907780661,0.03924620620806578
oulab,10,static_full,base_rf_gini,32593,22,presentation,0.8873275567576175,0.8702272779143625,0.9017009339167761,0.9165685694192738,0.8967511143278117,0.9316835646789505,0.13278189420482234,0.12480417024023471,0.1418767066441763,0.025543142338599573,0.01736111567584323,0.040457621280147675
oulab,10,static_full,base_svm,32593,22,presentation,0.8382788076741596,0.8075216994889743,0.8667666404128042,0.8683357110600436,0.8273293970561953,0.9030933185169058,0.16921027362001623,0.15621104206159228,0.18654707240273152,0.08028871317865162,0.057598935394426024,0.11527348366890221
oulab,10,static_full,flat_hgb,32593,22,presentation,0.8643548881059472,0.8248525606319365,0.892473551587757,0.8899444887297774,0.8543974422578826,0.9199399521071819,0.15148173489270753,0.1294459104742492,0.1893621540240138,0.028834266735103902,0.007860410388971253,0.09357731963162401
oulab,10,static_full,stack_7_full,32593,22,presentation,0.8974272250876201,0.8840219267473736,0.9084974944085983,0.9236268156989098,0.9069820029069614,0.9359430956176344,0.12592896425176245,0.11891487289030626,0.13416193746331742,0.008379729850219508,0.0066927847028875505,0.028453464033360635
oulab,10,static_full,temporal_hgb,32593,22,presentation,0.8833057218664837,0.8642972218765839,0.8990238610342227,0.9100012584766108,0.8880534272060178,0.927203186988187,0.13385985440926568,0.12485137965102092,0.1444315208033786,0.01108728240044307,0.008292341007083317,0.03717246748985557
oulab,12,activity_conditioned,base_dffnn,28431,22,presentation,0.8437951484569797,0.8182068113855049,0.8672847860836956,0.8569911480073802,0.8211142385130561,0.8867593146712693,0.15553137493669594,0.14241287912300166,0.1719851023212821,0.03257363821491797,0.014200287275405482,0.07241934773203394
oulab,12,activity_conditioned,base_knn,28431,22,presentation,0.8121276138707496,0.7700658458296175,0.8424561855067967,0.8127897925403074,0.756530644450694,0.8552885775765046,0.17210810397101753,0.1566345874289906,0.1954268445503439,0.018332383665716996,0.009775754920257677,0.06409562675762921
oulab,12,activity_conditioned,base_lr_clickstream,28431,22,presentation,0.8105275153246816,0.772359728769862,0.8437722055301116,0.7909850298423364,0.7261762959393466,0.8522706545789099,0.1766948898395241,0.15993127278464808,0.19857624472173582,0.032573871905102914,0.02113702509407113,0.07319260148753214
oulab,12,activity_conditioned,base_lr_profile,28431,22,presentation,0.6294494989603643,0.6142307578361357,0.6449953384042983,0.5871122240824551,0.561900460253491,0.6096855539269502,0.235633704483529,0.23101486748426395,0.24076774907049428,0.008603646243906816,0.007331914043247129,0.04022044125966782
oulab,12,activity_conditioned,base_lr_weekly,28431,22,presentation,0.830617846829578,0.8015508850639993,0.8570733151822086,0.839504284266825,0.7960648881801912,0.8751479166821465,0.1667557140848041,0.15075140209790278,0.18652893604721482,0.06871044912082233,0.05170843009381509,0.10653268672061507
oulab,12,activity_conditioned,base_rf_entropy,28431,22,presentation,0.8528898155286501,0.8279192018900731,0.8750501950876274,0.8636760302900863,0.8289080936165386,0.8920542421591114,0.1517938160868079,0.14094501204760645,0.164050193148739,0.042306772811744366,0.021936242015442663,0.07200068087891769
oulab,12,activity_conditioned,base_rf_gini,28431,22,presentation,0.8522702666954763,0.8270774888642958,0.8745609228095751,0.8630454842433055,0.8277770655735904,0.891610213744997,0.15235779808438468,0.14171982948941844,0.16446839778535166,0.04439993645793693,0.026413650404295396,0.07355353352147304
oulab,12,activity_conditioned,base_svm,28431,22,presentation,0.8036581636648291,0.7627496497956343,0.8395753984987239,0.7863443466723788,0.7157237026332246,0.8505742079901412,0.18256913900124613,0.16989292484530472,0.1992547609048366,0.056935391079283394,0.03762423340898358,0.09331944770782473
oulab,12,activity_conditioned,flat_hgb,28431,22,presentation,0.8282885494176784,0.777167661534891,0.864830459336176,0.8214703005544667,0.7545604280777691,0.8737741017784845,0.16946417861791868,0.14545984955476746,0.20788223270635364,0.03454788423498728,0.010719087926751372,0.10195225985622373
oulab,12,activity_conditioned,stack_7_full,28431,22,presentation,0.8698927527549304,0.8527454479159616,0.8849593344089793,0.8787993683395159,0.8525567060063229,0.9003823013106499,0.14145922688865525,0.1330738154336788,0.15019943126315097,0.02104904437257289,0.009513911050710738,0.04833911840844904
oulab,12,activity_conditioned,temporal_hgb,28431,22,presentation,0.850427897112,0.8246997471193056,0.8729055168269239,0.8603348153724305,0.823342361335579,0.8904851624788217,0.15150211562222923,0.14011251650001777,0.1640969344796009,0.02150573995702765,0.012651056056237068,0.05595844636456538
oulab,12,activity_to_cutoff_valid,base_dffnn,25729,22,presentation,0.8089872613754236,0.7834982519984177,0.831570389075874,0.7850485758883354,0.7478819934900167,0.8185777424322435,0.16909193769957145,0.15724336902213024,0.18561700398593797,0.040011281271945906,0.018300605129537004,0.08216530485889406
oulab,12,activity_to_cutoff_valid,base_knn,25729,22,presentation,0.7814318297719826,0.7419908604322984,0.8099975651522765,0.7363578935615576,0.6787063869801009,0.7827525601674274,0.18177677857670332,0.1662574788934699,0.20378041160697435,0.029933382564421476,0.013577076190681011,0.07484872234049407
oulab,12,activity_to_cutoff_valid,base_lr_clickstream,25729,22,presentation,0.7811824133187657,0.7475407615237629,0.8123183382464539,0.7147669255037762,0.6536636516409051,0.7795065440201085,0.18678947706323962,0.16940674157194224,0.2088389700895244,0.04827353297031779,0.025391373282597503,0.09473916448242567
oulab,12,activity_to_cutoff_valid,base_lr_profile,25729,22,presentation,0.6263973862482775,0.6114093357750685,0.6407974097686508,0.5270897767915138,0.4986595956380323,0.5512589720277071,0.2321152488672922,0.22843549620171294,0.23530362575211852,0.05690387744676748,0.02945383150138826,0.08388172664736367
oulab,12,activity_to_cutoff_valid,base_lr_weekly,25729,22,presentation,0.7947636242810756,0.7692981213581244,0.8191712141362867,0.7625031019341387,0.721577954601115,0.8008602653742621,0.1805988361113703,0.16521993177399677,0.20059418635237974,0.07595177133204314,0.04928652744551311,0.11975393726020028
oulab,12,activity_to_cutoff_valid,base_rf_entropy,25729,22,presentation,0.8198472071313978,0.7972634546253125,0.8407125546132983,0.7941196416369133,0.7626003469334754,0.8232279772121649,0.1649707471206247,0.15597367957145883,0.17608669561652615,0.04826426516213927,0.023878336075408024,0.08434187902083867
oulab,12,activity_to_cutoff_valid,base_rf_gini,25729,22,presentation,0.8190360852713472,0.7963965437940501,0.8401751194621773,0.7932469298274327,0.761656564486789,0.8222938286941017,0.16558331840056528,0.15668976332842308,0.1764568403961472,0.05076869451012782,0.027532709359695044,0.08636696329679046
oulab,12,activity_to_cutoff_valid,base_svm,25729,22,presentation,0.7737067247310481,0.7388179861833419,0.8069285681717927,0.7089160953154737,0.6477477847575043,0.7770038600962427,0.19001499595856827,0.17688757806285896,0.2064113695196556,0.057188812672238395,0.04053532074957864,0.10084842927775632
oulab,12,activity_to_cutoff_valid,flat_hgb,25729,22,presentation,0.7984912170773926,0.7497835793344152,0.8344582055348507,0.7447500261746809,0.674471130292914,0.8058466118611161,0.18168287567043387,0.15656868358240084,0.21952718564451168,0.05081614491183009,0.011771902243901202,0.11859059306235362
oulab,12,activity_to_cutoff_valid,stack_7_full,25729,22,presentation,0.8389837401132586,0.8246461869764727,0.8525299941524898,0.8146623621138596,0.7912056350862994,0.8359986857533724,0.15462324148638576,0.14760956874122186,0.16125148125667638,0.026952861480973547,0.010400189367838137,0.059681604904585704
oulab,12,activity_to_cutoff_valid,temporal_hgb,25729,22,presentation,0.8167545945433757,0.793571346770359,0.8378929752685905,0.7881806169087171,0.7541284801489689,0.8203347555596423,0.16466473436501472,0.15483513177917754,0.17596865178085666,0.02672592332564191,0.00993894522225823,0.06888856952052912
oulab,12,cutoff_valid,base_dffnn,25729,22,presentation,0.8111328058728923,0.7887594550096534,0.8324893382844594,0.7885845619760667,0.7569715879286955,0.818980178266507,0.16650770028334144,0.15693476116412905,0.17804280823072755,0.03366148055923338,0.017590506367074484,0.06707198676657312
oulab,12,cutoff_valid,base_knn,25729,22,presentation,0.7815481809702548,0.7424379981425419,0.8096110393678757,0.7359417942495692,0.6788812304373653,0.7821765999639785,0.18086677725523728,0.16672712313637916,0.20051825500902906,0.019090364957829686,0.01109905477326031,0.060557264539065396
oulab,12,cutoff_valid,base_lr_clickstream,25729,22,presentation,0.7830669357755461,0.7481630193049179,0.8137466513499877,0.7144438322140686,0.6511512192683507,0.7777382221588126,0.18330638497503637,0.16930432239791815,0.20123625808504197,0.01969888881327362,0.015872209016030436,0.06623597693977755
oulab,12,cutoff_valid,base_lr_profile,25729,22,presentation,0.6477845046619651,0.6322986005390813,0.6624847742076164,0.5792013710864369,0.5547845229085904,0.6009726064157669,0.22129367711919712,0.21550655337722122,0.22749147748142734,0.007960037233443486,0.005638909258098281,0.03249646946951254
oulab,12,cutoff_valid,base_lr_weekly,25729,22,presentation,0.7968302074277268,0.7715274385575711,0.8209217007060755,0.7599710768675483,0.7201182040582472,0.7980703078211144,0.17636600479324505,0.16338998739487012,0.19230036347638318,0.058329398030867674,0.03907323423650557,0.09239878841299752
oulab,12,cutoff_valid,base_rf_entropy,25729,22,presentation,0.8207755096090745,0.7978577472296284,0.8414923844138054,0.7942039800800689,0.7623607657369726,0.8230661964285566,0.16581724385313779,0.15647458165454292,0.17741423534941836,0.05810697176484382,0.03316271369665485,0.09260263522231918
oulab,12,cutoff_valid,base_rf_gini,25729,22,presentation,0.8200943740987919,0.7972517715407762,0.8406100944394159,0.7931792071905912,0.761382498485629,0.8227208692255044,0.16659936074903234,0.15730892521027365,0.17800373789513366,0.06100893394885059,0.03737058535942649,0.09553884910621104
oulab,12,cutoff_valid,base_svm,25729,22,presentation,0.7785408948982415,0.7439654444420243,0.8108231532618055,0.7149320583922767,0.6536252231949539,0.7797290294006446,0.18630095059036578,0.1760164228858121,0.19938761788064005,0.036450589896979003,0.026443241527250326,0.0711335602351023
oulab,12,cutoff_valid,flat_hgb,25729,22,presentation,0.802149952358655,0.7587572331011615,0.8345245849490961,0.7488413984523584,0.683468296480877,0.8048143840345908,0.17601830247862885,0.1565881471360537,0.20439262130504357,0.02981159446727441,0.00942048099356682,0.08834000985773173
oulab,12,cutoff_valid,stack_7_full,25729,22,presentation,0.8400096627354702,0.8265355866929867,0.8530283377205439,0.8159601623841715,0.792499106565646,0.8367988513366003,0.1535595147648866,0.14723226123194144,0.15952695056319602,0.021430039832312946,0.009377845484347832,0.05166434391750617
oulab,12,cutoff_valid,temporal_hgb,25729,22,presentation,0.8163522633220459,0.79210325053239,0.8381097102432841,0.7858834956648504,0.7518236853389086,0.8184714754729713,0.16415844682494635,0.15473537562706285,0.17511569245862926,0.020989394459626203,0.01169924040325644,0.05971306523289594
oulab,12,cutoff_valid_to_activity,base_dffnn,28431,22,presentation,0.8449846782321162,0.8205532929186378,0.8674401246435722,0.8584655164603141,0.8245218905731548,0.8869265661898577,0.15386030346171392,0.1427663374179339,0.1662945422453693,0.03019057803594425,0.015818603816865076,0.06066725697191509
oulab,12,cutoff_valid_to_activity,base_knn,28431,22,presentation,0.8111485558764464,0.7695286081346723,0.8412657836326037,0.8093924343153679,0.749923897431385,0.8530639187444945,0.17287210270479408,0.15879209147745588,0.19380890616577268,0.020983855650522302,0.013530394263809658,0.05630589513467595
oulab,12,cutoff_valid_to_activity,base_lr_clickstream,28431,22,presentation,0.8099388119447103,0.7709012913177251,0.8448562775035825,0.776725270809858,0.7016952842467483,0.8493793311659518,0.17711735241568022,0.1632092266239103,0.1943955570984245,0.027297324659222907,0.02002043515367833,0.06405911711726804
oulab,12,cutoff_valid_to_activity,base_lr_profile,28431,22,presentation,0.6264082707572741,0.6113786391347085,0.6415433541505212,0.5842112645864987,0.5575562743931423,0.6082171881233853,0.240459420064246,0.2320269018606903,0.24992578971482318,0.06620896549591544,0.03330586963776548,0.10290228741905935
oulab,12,cutoff_valid_to_activity,base_lr_weekly,28431,22,presentation,0.8310539914768529,0.8016882189768951,0.8572473969564949,0.8332249753260241,0.7866665107128628,0.8708123364087328,0.16480080207549405,0.15107106657491715,0.18135867554038218,0.061717792261619324,0.049574571881697595,0.08699925224838412
oulab,12,cutoff_valid_to_activity,base_rf_entropy,28431,22,presentation,0.8531403246380103,0.8273686103204916,0.8753436428372662,0.8633727010945141,0.8281322888011019,0.8920844530332459,0.1528111523563088,0.14183070382252835,0.16550529045916343,0.05241735886079349,0.030451108770924332,0.08239745070808652
oulab,12,cutoff_valid_to_activity,base_rf_gini,28431,22,presentation,0.8525680177107988,0.8269746812880371,0.8750246431504548,0.8626030028252984,0.8270385992096526,0.8915593387325342,0.15352977865200068,0.14263205152198605,0.16605458962450678,0.054932561218399026,0.03484256550838432,0.08401028734835218
oulab,12,cutoff_valid_to_activity,base_svm,28431,22,presentation,0.8069149265267082,0.7668397579832656,0.8423407372227665,0.7866472292985223,0.7139577143126515,0.8511129749678504,0.1832345893190047,0.17347771092275888,0.19578709538102212,0.0594358638631315,0.03401846387044656,0.0903847372678633
oulab,12,cutoff_valid_to_activity,flat_hgb,28431,22,presentation,0.8308286099811544,0.7840339845629103,0.8648888245311498,0.8220018105278077,0.75489382957034,0.8731218347634631,0.165528728815166,0.14658879946781406,0.19473571428426945,0.018937748875289154,0.013616552459592689,0.06857015282370654
oulab,12,cutoff_valid_to_activity,stack_7_full,28431,22,presentation,0.8703435057849344,0.8537120314189983,0.8850575383895806,0.8791642001044419,0.8527575222751885,0.9005312388813013,0.14095909114962593,0.13305564109819162,0.1491449956650857,0.01811535033965875,0.011303478722258148,0.04373678379915225
oulab,12,cutoff_valid_to_activity,temporal_hgb,28431,22,presentation,0.8496673522329712,0.8229442840604873,0.8728588252681876,0.8589883486579477,0.8209537446624734,0.8898643708462007,0.1518143363809267,0.14066583489387524,0.16423226817904163,0.024015306812623427,0.01737321448829574,0.05393743412304747
oulab,12,static_full,base_dffnn,32593,22,presentation,0.8814169237819265,0.864134636576626,0.897091985538469,0.9142005859803256,0.8955257690910884,0.9299089620503525,0.13614687069180065,0.12579623413984006,0.1487346598469826,0.031896893015767244,0.01620583642637847,0.06211147175305741
oulab,12,static_full,base_knn,32593,22,presentation,0.8548535255121643,0.8253810691288486,0.8763891629200343,0.8882709340280954,0.8590695582589524,0.9104615420044886,0.15123490565458841,0.13841731884599906,0.17035365653657616,0.013805295615622968,0.008507095392240859,0.054798854931633514
oulab,12,static_full,base_lr_clickstream,32593,22,presentation,0.8546473819267955,0.8280200718710038,0.8787243729152566,0.8818687537099965,0.8493052623379173,0.9106303638815156,0.15496236959681453,0.14014058479351868,0.1748918973871141,0.028279805772490813,0.01901497302931503,0.06560624791408262
oulab,12,static_full,base_lr_profile,32593,22,presentation,0.717355195042718,0.7004042559034097,0.7369654748106123,0.7774817255219155,0.7583717185072961,0.793863724111157,0.20637038290542795,0.20025520930687735,0.21186375670040544,0.007619676316364454,0.006831002104718002,0.03530332414416609
oulab,12,static_full,base_lr_weekly,32593,22,presentation,0.8698906038216083,0.8497445183142698,0.8884686120033001,0.9018669650896723,0.8790307283408056,0.9212261534228179,0.14628945814452404,0.13243585901488106,0.1632805174533452,0.060013874658838555,0.045256752846021604,0.09377877434599909
oulab,12,static_full,base_rf_entropy,32593,22,presentation,0.8873456798517276,0.8694710486751975,0.9031720336109146,0.9173518260824751,0.8980276788951483,0.9331551552522859,0.1322954372871752,0.12344548332394124,0.14219054503977188,0.025704548108855464,0.015150474428533322,0.04975749056055668
oulab,12,static_full,base_rf_gini,32593,22,presentation,0.8865977263864544,0.8682873204373789,0.9023024889197875,0.9170074148277436,0.897616619040044,0.9327480081719512,0.13277351688366912,0.12417274932246192,0.14256668298028768,0.02747463646303179,0.016534735783947745,0.05076190181575329
oulab,12,static_full,base_svm,32593,22,presentation,0.8454813116829216,0.8146217238310638,0.873935235310352,0.8727575209918734,0.8309526841599182,0.9080455086313777,0.16497507454785068,0.15158826496260083,0.18334710748582653,0.07439518696670991,0.0521270925473931,0.11108933258987723
oulab,12,static_full,flat_hgb,32593,22,presentation,0.8683703281662496,0.8335655112592699,0.8945598267318975,0.8943153306106681,0.8629961815846734,0.9209854116274833,0.14821563369929247,0.1282397123253288,0.17924463301628754,0.030015539206669866,0.009903706190640803,0.09022812627728931
oulab,12,static_full,stack_7_full,32593,22,presentation,0.8999507110764817,0.8871152478398292,0.9110366530041878,0.9256916661908658,0.9096683287677311,0.9377135375400023,0.12435739947847707,0.11724573980759591,0.1324045794595173,0.017275214823465977,0.009453605792126047,0.043229384252736675
oulab,12,static_full,temporal_hgb,32593,22,presentation,0.8845429308827949,0.8653475433003159,0.9007145209876245,0.9119590499722607,0.8912118199846897,0.9293595008027075,0.13320112378108612,0.12331393474288552,0.1444807411582217,0.019220698489757593,0.010369244574264755,0.05042193762978954
oulab,14,activity_conditioned,base_dffnn,28454,22,presentation,0.8707651130269827,0.8483708932782125,0.8897426090215279,0.881601435968115,0.8504959842670412,0.9059709995021659,0.14073299855886554,0.12896177698365005,0.15520989625212306,0.027957838606438613,0.011910094258016134,0.06174140338156939
oulab,14,activity_conditioned,base_knn,28454,22,presentation,0.8319577119625873,0.79125561792294,0.8634772969091619,0.8337138794229236,0.7781318749594286,0.8756018251122141,0.1620076789203627,0.14591710364947288,0.1849260542272626,0.012451254656638787,0.010359960312341253,0.05458873421735598
oulab,14,activity_conditioned,base_lr_clickstream,28454,22,presentation,0.8311687838341852,0.7981794062754685,0.8586201030266382,0.8171963174999197,0.7604219164287066,0.8662661879966269,0.16606011391959039,0.15116576344229532,0.18601914276678225,0.03619021344635851,0.024848898665428436,0.07173129122178501
oulab,14,activity_conditioned,base_lr_profile,28454,22,presentation,0.6293752627415113,0.6143205426456644,0.6449967999922076,0.5870711080592689,0.5616794997172595,0.6094267037151109,0.2356643442551073,0.23106763616132844,0.24075316113455664,0.008446560037513406,0.00742410421625298,0.04017806530517318
oulab,14,activity_conditioned,base_lr_weekly,28454,22,presentation,0.8521021767328687,0.8254369426648811,0.8747790662491242,0.8593623951338476,0.8210034978192708,0.8898849759715137,0.1568682027545482,0.1403625635234731,0.178800676140147,0.07454370286234342,0.04778252942691512,0.11230189774772477
oulab,14,activity_conditioned,base_rf_entropy,28454,22,presentation,0.8735949494915742,0.8515282190079623,0.8924942421313959,0.8832444041512814,0.8537516988941991,0.9075753872786151,0.14118561540317479,0.13054379522436363,0.15410296123579112,0.044351499303180546,0.029568973458186824,0.07502032537619503
oulab,14,activity_conditioned,base_rf_gini,28454,22,presentation,0.8731773973402683,0.851359020573545,0.8918921068869125,0.8827762787216933,0.8533532344300607,0.9070349256272687,0.1418547645572366,0.1313667827881888,0.15451865183240296,0.04752354305541643,0.03457226021383074,0.07667257405266568
oulab,14,activity_conditioned,base_svm,28454,22,presentation,0.8240172174651621,0.7894887265482096,0.8543965547402959,0.8143887469141056,0.7551349370004098,0.8662472325322835,0.17424641707800312,0.1625081736979719,0.18958427673654565,0.07293141782578126,0.04851079336058253,0.10490415153993678
oulab,14,activity_conditioned,flat_hgb,28454,22,presentation,0.8521307406732929,0.8047876597105142,0.8857828491235914,0.8463732395771725,0.7784030871571702,0.8943910525043378,0.15484341929185538,0.1323472040277901,0.1900784414214323,0.022127533104502654,0.010612125966008572,0.08002854316810923
oulab,14,activity_conditioned,stack_7_full,28454,22,presentation,0.893911113651675,0.8797965955072327,0.90684068018607,0.9021292957147825,0.8808262434366382,0.9190752560370348,0.1261917110612853,0.11823942634278416,0.13394700135103055,0.012560540365968688,0.006203026199255597,0.033366739859802715
oulab,14,activity_conditioned,temporal_hgb,28454,22,presentation,0.8728891051616834,0.849460650532932,0.8926289290152443,0.8821160259519027,0.850797221152808,0.9075413012623565,0.13957012547543027,0.12789928236374004,0.15416852694385696,0.023983286708750884,0.011172899251693676,0.06183937104308571
oulab,14,activity_to_cutoff_valid,base_dffnn,25354,22,presentation,0.8357808605222845,0.8142213652655765,0.8549554965644642,0.8097750507883532,0.7763178131074471,0.8391531892223373,0.15537665664456493,0.14447294570648309,0.16978036004198827,0.03720650774866917,0.017404545881583203,0.07278358883033859
oulab,14,activity_to_cutoff_valid,base_knn,25354,22,presentation,0.7988712888535603,0.7591177659119027,0.8296413718795348,0.7535935879620446,0.6938015317285484,0.8030821866049491,0.17201042896584365,0.15551075757595337,0.19522569001208004,0.02634534984617816,0.010534102742616912,0.07156180086672859
oulab,14,activity_to_cutoff_valid,base_lr_clickstream,25354,22,presentation,0.800496529891286,0.771588525812948,0.8263451397504631,0.7382470041233149,0.6828436534022694,0.7917158824296374,0.17700564974882516,0.16176156840842057,0.19679953959407398,0.055444394509267275,0.032640758818639884,0.09888345372565502
oulab,14,activity_to_cutoff_valid,base_lr_profile,25354,22,presentation,0.625149166949627,0.6100868503873542,0.639753568480415,0.5170898191958695,0.4888691695950012,0.5415857345886144,0.2317015530796098,0.22793103670547835,0.23500668255356522,0.06511654429729839,0.03644450554968066,0.09226483749720343
oulab,14,activity_to_cutoff_valid,base_lr_weekly,25354,22,presentation,0.8144388084951684,0.7914669500651593,0.8372985405741544,0.778832081986358,0.7385676385719031,0.8150821861655118,0.17258132930259956,0.1559199050348312,0.1942035302741443,0.08213772241102636,0.05025625948336506,0.12463846833619759
oulab,14,activity_to_cutoff_valid,base_rf_entropy,25354,22,presentation,0.8382770842428481,0.8182508024334506,0.857642251023923,0.8105838251480484,0.7812791231024765,0.8382933534366225,0.15596801795244086,0.14617172255468344,0.16764139346825083,0.05038250618806622,0.031258250609380506,0.08860688929789573
oulab,14,activity_to_cutoff_valid,base_rf_gini,25354,22,presentation,0.8377386514718361,0.8179246581110228,0.8569588471279416,0.8098424432152094,0.7804249001430718,0.8375400338610478,0.1566803458055112,0.1468594537616306,0.1680842685808185,0.05352871806253862,0.036575565380583125,0.09133223595345083
oulab,14,activity_to_cutoff_valid,base_svm,25354,22,presentation,0.7921414920789409,0.7624976672425068,0.8216359998362049,0.734015822741303,0.680613495879212,0.7911184068875817,0.1824894735007865,0.1696731761425032,0.198592040836469,0.06939966396444686,0.0485654955670145,0.1123483881931651
oulab,14,activity_to_cutoff_valid,flat_hgb,25354,22,presentation,0.8205782388767968,0.7751781618282345,0.8551214543361979,0.7675874779085493,0.6935073893011862,0.8283764528070816,0.1678205442475332,0.14460304116088255,0.2048384221871915,0.04224632358869691,0.008590275230194476,0.10709403614733984
oulab,14,activity_to_cutoff_valid,stack_7_full,25354,22,presentation,0.8632424933406563,0.849107664697145,0.8762659108673531,0.8395834036440023,0.8178020764829077,0.8589779252829598,0.14012861309347663,0.1325425678280467,0.14741842700143323,0.01819066249195238,0.007081306829446709,0.04327300722154819
oulab,14,activity_to_cutoff_valid,temporal_hgb,25354,22,presentation,0.8380794945940264,0.8161997335428304,0.8586247675477705,0.8095263917542264,0.7769113826045833,0.8392646654495892,0.15406894756319722,0.14306701883653386,0.16775566616079404,0.031212629145356153,0.009532220999657297,0.07429500533779164
oulab,14,cutoff_valid,base_dffnn,25354,22,presentation,0.8320897494876727,0.8106212227373898,0.8516750400454978,0.8061622787250219,0.772289895268521,0.8360908013933299,0.15661290843946107,0.14565627579763557,0.1708848449633782,0.03792525393637205,0.020199449412568245,0.07279757080813902
oulab,14,cutoff_valid,base_knn,25354,22,presentation,0.7990142815341501,0.7604354965166034,0.8288052531148277,0.7555114277684382,0.6994608662128561,0.8027508605575471,0.17105381651810364,0.15676062939981522,0.1907417182024188,0.013447976650627124,0.011280586606088312,0.05604582166293048
oulab,14,cutoff_valid,base_lr_clickstream,25354,22,presentation,0.8018323431031524,0.7709954928701344,0.8275459893592458,0.7353678435089295,0.6759619416884698,0.7907467552060413,0.17371249337045838,0.16102526919019275,0.1902879104636768,0.024561581804637037,0.018214745769579065,0.06624314912773276
oulab,14,cutoff_valid,base_lr_profile,25354,22,presentation,0.6475636445217086,0.6319991729564479,0.6625917095091358,0.5728600576665241,0.547922787563317,0.5953786908368117,0.21943076107230505,0.21327692811265092,0.22618368779516704,0.0066633330317047304,0.005201722811492125,0.03274061732020355
oulab,14,cutoff_valid,base_lr_weekly,25354,22,presentation,0.8155367460937154,0.7922270924661111,0.8384798121710199,0.7773443477675186,0.7395149763087548,0.812336273806664,0.16818148675504274,0.1539299427484674,0.18617607456000293,0.06304648771500902,0.04072086676194731,0.09982923365614942
oulab,14,cutoff_valid,base_rf_entropy,25354,22,presentation,0.837689068244776,0.8177243112584962,0.8574489767353557,0.8100670094448803,0.7809437324588583,0.8380592005133563,0.15768944830743992,0.14756401961063068,0.17008450775947423,0.062088992834038306,0.03990970899932593,0.09978615356967224
oulab,14,cutoff_valid,base_rf_gini,25354,22,presentation,0.8374058212077733,0.8175417768223721,0.8569270619327697,0.8093518323094439,0.780188869279074,0.8374828878937036,0.15857716330488777,0.14844173247488257,0.17083645639005496,0.06635511581498858,0.04555057581923898,0.10335436895063628
oulab,14,cutoff_valid,base_svm,25354,22,presentation,0.796854760850414,0.7672132905095461,0.8250235412580809,0.7389927805805744,0.6829339368934574,0.792273397907385,0.17812548398862457,0.16889089198886936,0.19006184898464823,0.052803571433446675,0.03405394688722163,0.08204104924688974
oulab,14,cutoff_valid,flat_hgb,25354,22,presentation,0.8236177819730643,0.7816706951707749,0.8551369649778647,0.7743082332709676,0.7084757362861382,0.8279937479941326,0.16348036507954836,0.14485816640472546,0.1921414794134159,0.022312198384515675,0.011572071365069549,0.07748291235964845
oulab,14,cutoff_valid,stack_7_full,25354,22,presentation,0.8641573772278874,0.8506634856899026,0.876809945888776,0.8405415374291788,0.8195073899896742,0.8592822488757084,0.1394362311274364,0.132395839553699,0.14618497955492712,0.012296732098779973,0.007233491904214919,0.03446019634442857
oulab,14,cutoff_valid,temporal_hgb,25354,22,presentation,0.8366833926115318,0.8143691785354806,0.8575455093734385,0.8068667139068776,0.7746142831307168,0.8365610631658298,0.15374101671614832,0.14355883710681605,0.16601134502524867,0.02325296150447975,0.013215568574570655,0.06433888953407761
oulab,14,cutoff_valid_to_activity,base_dffnn,28454,22,presentation,0.8669840617936211,0.8446585376190076,0.8873514353325676,0.8782433867102375,0.8465061886531416,0.904039250905148,0.1425036924025979,0.13052484962889732,0.1571596820606136,0.03039680596178785,0.017053844879911517,0.06038334930513168
oulab,14,cutoff_valid_to_activity,base_knn,28454,22,presentation,0.830764870970647,0.7903678126490725,0.861939280957739,0.8315322058474008,0.7746987580102159,0.8735992029621055,0.16328968299711816,0.14917818845746839,0.1830111922337289,0.02336093343642372,0.0133418501951924,0.055557102453712634
oulab,14,cutoff_valid_to_activity,base_lr_clickstream,28454,22,presentation,0.8300599788549768,0.7950152443512354,0.8591062324772047,0.8031797356634852,0.7373756704253414,0.8643281426601107,0.1669597815419418,0.154559478388804,0.1833674521919948,0.031778040042599064,0.022635507819449403,0.06456710440157347
oulab,14,cutoff_valid_to_activity,base_lr_profile,28454,22,presentation,0.625300661018659,0.6100189843182975,0.6406410864296459,0.5829050567772103,0.5562746038814416,0.60698335706351,0.2419250159780577,0.23299923439192513,0.2519864710728817,0.07490575572461332,0.041819948932269785,0.11195134640441307
oulab,14,cutoff_valid_to_activity,base_lr_weekly,28454,22,presentation,0.8516443133508171,0.8246093945114601,0.8747419170830486,0.8537676139496421,0.8136026255248539,0.8860036636237665,0.15471531153107848,0.14049372532333032,0.17318691907815018,0.06450113079359382,0.04612726364290695,0.0900104084268858
oulab,14,cutoff_valid_to_activity,base_rf_entropy,28454,22,presentation,0.8725920814521757,0.8499214902913382,0.8919536861526559,0.8822672694611196,0.8524534153893677,0.9069633417127556,0.14307201036076272,0.1320655286575357,0.15660698814995544,0.05465006035131318,0.03742006362297563,0.08622825420005743
oulab,14,cutoff_valid_to_activity,base_rf_gini,28454,22,presentation,0.8723141393200686,0.8500882227152877,0.8915431031525719,0.8817143601071608,0.8517145650153544,0.9064863779513203,0.14390635215584896,0.1330689914764904,0.15722982012745776,0.057449668971734195,0.04254669646822376,0.08864785908305943
oulab,14,cutoff_valid_to_activity,base_svm,28454,22,presentation,0.8271179750358569,0.792843466155123,0.8568340401249903,0.815562471233735,0.7541326160667772,0.866329258176234,0.1750170256698025,0.16641507985289264,0.18619249200238794,0.0710245508966116,0.04585037582865612,0.09980202813538001
oulab,14,cutoff_valid_to_activity,flat_hgb,28454,22,presentation,0.8540280909062558,0.810010753339804,0.8855234633476382,0.848651693147761,0.7820775661816686,0.8940311527635098,0.15254522690814046,0.13379225566061706,0.18050006196275742,0.010823027842280702,0.011792321164781648,0.051881881943555884
oulab,14,cutoff_valid_to_activity,stack_7_full,28454,22,presentation,0.894344065319648,0.8801232489406509,0.9067219123340553,0.902358918195374,0.8811359034070345,0.9189659866458749,0.12596361409027107,0.11838552555147076,0.133583652361759,0.011333855865639033,0.009520840730244754,0.029513428191273523
oulab,14,cutoff_valid_to_activity,temporal_hgb,28454,22,presentation,0.8713818843049479,0.8477042008107805,0.8917176873067605,0.8805818349689121,0.8485884807247118,0.906437677627207,0.1400858472670106,0.12917593940777067,0.15330411653779624,0.019670766180524508,0.01750032299466534,0.05733942354552923
oulab,14,static_full,base_dffnn,32593,22,presentation,0.8989025933928592,0.8848979985035363,0.9120796417561591,0.9273376389547752,0.911005192498717,0.9405877681934727,0.12445943059610899,0.11478895777445733,0.13577974143785718,0.029365714455333647,0.013320198176616246,0.05787901681859164
oulab,14,static_full,base_knn,32593,22,presentation,0.8699673285713184,0.8423721945858349,0.8922452669027057,0.900732290827519,0.8738853141277197,0.9219956358750083,0.14247698389224678,0.1291222085859743,0.16124086986672007,0.010358175068266194,0.009052426147600863,0.04816836199045703
oulab,14,static_full,base_lr_clickstream,32593,22,presentation,0.8705336771508653,0.8484149791466424,0.8908407238786537,0.8960413805720937,0.8681998855603474,0.920075063596086,0.14559065442432936,0.13231546769166025,0.16296668267224665,0.03187697386087575,0.02195942080595333,0.06443816459316047
oulab,14,static_full,base_lr_profile,32593,22,presentation,0.7173248583127588,0.7003394476465591,0.7369234609707359,0.7782583027169961,0.7589727854597209,0.7949097963104294,0.20631685472947056,0.20013145670486152,0.21183930537817056,0.0075713861267139625,0.0065871929804977485,0.03519562626443143
oulab,14,static_full,base_lr_weekly,32593,22,presentation,0.8864799300519578,0.8697219913180887,0.9026562351196242,0.9144526867393654,0.8951380265228595,0.931503416812447,0.1375178525148567,0.12297665820618703,0.1553958492387825,0.06479668260499542,0.04123172214228145,0.09681775292638715
oulab,14,static_full,base_rf_entropy,32593,22,presentation,0.9031104071886812,0.888290189599398,0.9165915779091852,0.9290761744064071,0.912562291313156,0.9423677648038473,0.12288855537112656,0.11464838776106401,0.13239881968109485,0.030712826691231807,0.02070473965160054,0.051436866680767454
oulab,14,static_full,base_rf_gini,32593,22,presentation,0.9026356334931702,0.8880321692109273,0.9157148249174263,0.9287362595180078,0.9120837463775098,0.9419340489035536,0.12349171275577654,0.11544336292469755,0.1328080902351633,0.03332969151644004,0.024186754035425317,0.05130466540485671
oulab,14,static_full,base_svm,32593,22,presentation,0.8612511023812037,0.835769112518473,0.885779383816214,0.8876679387194452,0.8532123364067299,0.9175417718690249,0.15795360386459525,0.14470816679417686,0.17518873415406114,0.0888287909054089,0.06431872751804452,0.12263067477887073
oulab,14,static_full,flat_hgb,32593,22,presentation,0.8868131033823178,0.8542624673443111,0.9113756039053977,0.909932949585811,0.8794703565125748,0.9343063718184539,0.1356291301807108,0.1166174809157741,0.16494149647003759,0.019078644987056425,0.009609121191930796,0.07193761907145207
oulab,14,static_full,stack_7_full,32593,22,presentation,0.9181851311457798,0.9074727075886947,0.9273194701019375,0.9394440495139051,0.926072117743319,0.9493100133855433,0.11095378821632343,0.10407934699861011,0.11837497655809408,0.010905476478393867,0.005979209589986149,0.029058037012014648
oulab,14,static_full,temporal_hgb,32593,22,presentation,0.9024064639841465,0.8865505193072253,0.9165358877422013,0.9262001819478901,0.9080504378474066,0.9404872592453385,0.1223164373750883,0.11249594237873138,0.13417756219667837,0.020318412763760986,0.010590016184855399,0.05431358095281131
oulab,16,activity_conditioned,base_dffnn,28477,22,presentation,0.8873002768030945,0.8714284676212004,0.9019095706338014,0.898352799965944,0.8737844128136755,0.9174072939775166,0.1293258961510817,0.12124633522507185,0.13811281748203041,0.02314487884721082,0.017429545376023686,0.04369253214462317
oulab,16,activity_conditioned,base_knn,28477,22,presentation,0.8536521632209989,0.8132945234661715,0.8783985417225392,0.8556172033404537,0.8075532390685677,0.8889818216721803,0.1508023131650104,0.13719663633487492,0.17215404172665907,0.008812726059627077,0.00934077131309065,0.04953922291665512
oulab,16,activity_conditioned,base_lr_clickstream,28477,22,presentation,0.8502921319556818,0.8264178052772044,0.8707019659324047,0.845151006892009,0.8048724422309086,0.8782785139950361,0.15590236963514123,0.14380080401191112,0.1713909636411054,0.03926618598540491,0.027627346143535972,0.07463369674825558
oulab,16,activity_conditioned,base_lr_profile,28477,22,presentation,0.6295542925129931,0.6145341717339012,0.6451144413994306,0.5875320719959481,0.5623617959646033,0.6098432809629358,0.23564341798891808,0.23105924623732885,0.24069779583339443,0.008565824848720769,0.007245580147463088,0.04019729098598216
oulab,16,activity_conditioned,base_lr_weekly,28477,22,presentation,0.8777403143985164,0.8595526730376669,0.8943688213471221,0.8865331593963001,0.8586589680790118,0.9088049189121434,0.13994380095850575,0.12901995782996986,0.1531685174696858,0.06501925867413944,0.049577852847288106,0.09260011541270159
oulab,16,activity_conditioned,base_rf_entropy,28477,22,presentation,0.8918261180959688,0.8762090739478798,0.9061899024404123,0.9008402626840888,0.8779889195379822,0.9198155215461359,0.12974248144350722,0.12165735247433238,0.13861679414417188,0.04440368537027136,0.032302983946006635,0.06662621614998118
oulab,16,activity_conditioned,base_rf_gini,28477,22,presentation,0.8913105560752874,0.8763521870073984,0.9054442386367295,0.9005352026194361,0.8779078317530443,0.9192276222694999,0.13046994506748494,0.12265623735160411,0.13908247652647118,0.048133487494594174,0.036265048747755074,0.06916020877951387
oulab,16,activity_conditioned,base_svm,28477,22,presentation,0.8428452193064624,0.8167720656118722,0.8673434577309004,0.8373727884061134,0.7913868108811921,0.8764241499001738,0.16451753752412865,0.15441207374290858,0.17789906340270514,0.08033046096361074,0.056281386679005875,0.10757600080827051
oulab,16,activity_conditioned,flat_hgb,28477,22,presentation,0.8708042777450649,0.8314349127947257,0.8970247062845832,0.8721576908480055,0.8260493508433132,0.9054875991939995,0.14334359490942686,0.12493576199533293,0.17282273305635446,0.02076398961667694,0.008222454054999223,0.07096050571058966
oulab,16,activity_conditioned,stack_7_full,28477,22,presentation,0.9088736632791273,0.8943404343991095,0.9211223853663985,0.9159110562485464,0.8953692759118872,0.9322943827754646,0.11631108600956884,0.10811524309864178,0.12507066358449742,0.012249301431378024,0.01025988098153247,0.03092834312974992
oulab,16,activity_conditioned,temporal_hgb,28477,22,presentation,0.8928263957826569,0.8761929709410964,0.9078432285962056,0.9013274159483757,0.8767705804114602,0.9212838304166426,0.12671138457045117,0.11811215959697462,0.13647291801361797,0.0137831715114,0.008396750526151131,0.04492127185359274
oulab,16,activity_to_cutoff_valid,base_dffnn,24939,22,presentation,0.8502875501170877,0.8350327180954146,0.8652147695484925,0.8250721243950008,0.8007225848877623,0.8473958152282685,0.1447892576530965,0.13842746222529723,0.15212530062938998,0.0319621423115298,0.023782486877528146,0.054400585349685636
oulab,16,activity_to_cutoff_valid,base_knn,24939,22,presentation,0.8191079711179714,0.7831807193277543,0.8446470640932281,0.7725673634164627,0.7214748804991897,0.8137971798680719,0.16115429231324432,0.14720787279221267,0.18116803653183766,0.02311544167769353,0.011790871052553198,0.06445100683586193
oulab,16,activity_to_cutoff_valid,base_lr_clickstream,24939,22,presentation,0.817888754947758,0.798102251173138,0.8362650520037996,0.7638577599976538,0.7276719307515696,0.7990112923837354,0.16763512188856663,0.15567173219505465,0.181993113212994,0.06008326587155592,0.03445911557844635,0.0979607378017841
oulab,16,activity_to_cutoff_valid,base_lr_profile,24939,22,presentation,0.62666050472456,0.6130470807591447,0.6411549604599004,0.508273387926069,0.4807744526256819,0.5338408555239796,0.23075900792575163,0.22718145089697883,0.2340036891065496,0.0751056571557082,0.046594188708899364,0.10196304172821403
oulab,16,activity_to_cutoff_valid,base_lr_weekly,24939,22,presentation,0.8396101349297961,0.8229864397901909,0.8559406191178006,0.8077142419213221,0.7793455866202658,0.8345050184624069,0.15634614716092385,0.14621756690065285,0.16806398829950986,0.07304987819175217,0.054581949803222965,0.10303749001407672
oulab,16,activity_to_cutoff_valid,base_rf_entropy,24939,22,presentation,0.855265416040965,0.8421833896777539,0.868849938553054,0.8264550915035227,0.8044718490632332,0.8475673945042189,0.14562238643259443,0.13902921051749298,0.15298853206036855,0.04884252500440267,0.03401857631621203,0.07950554618012591
oulab,16,activity_to_cutoff_valid,base_rf_gini,24939,22,presentation,0.8545620402822564,0.8416375685863308,0.8674684905357829,0.826099261148639,0.8043645252919165,0.8469221962877261,0.14638608898660543,0.14002451844181477,0.15337878421044082,0.05312050810032067,0.03885499218083797,0.08158401908947135
oulab,16,activity_to_cutoff_valid,base_svm,24939,22,presentation,0.809653561518404,0.788193826251377,0.8318236087812432,0.7539193113398233,0.7137357332336483,0.7959858295589967,0.17326097393495474,0.16241108372246688,0.18610106865853537,0.0772951591036945,0.05563126361790208,0.11568105392056917
oulab,16,activity_to_cutoff_valid,flat_hgb,24939,22,presentation,0.8369939095148329,0.7975442357758347,0.8650650391704872,0.7932409759663717,0.7416720306231038,0.8365493194615896,0.15658448603996786,0.13749358669980175,0.18755784204441786,0.03492758332696022,0.006785413060954671,0.09456205165755756
oulab,16,activity_to_cutoff_valid,stack_7_full,24939,22,presentation,0.8771893597782517,0.8638700412858,0.8891772390466527,0.8512390313429515,0.8292951706291267,0.8705061628351931,0.1313373995863057,0.12424814359998836,0.13870880972607594,0.014633897879509741,0.011321026727687753,0.0391570336733774
oulab,16,activity_to_cutoff_valid,temporal_hgb,24939,22,presentation,0.8569479242189973,0.8413888597463252,0.8717521409931308,0.8278895018048699,0.8032422458155214,0.8517340765204898,0.14225152908768665,0.13516049765432572,0.1504674669894022,0.019862226557547196,0.00828899396302495,0.05506378100856723
oulab,16,cutoff_valid,base_dffnn,24939,22,presentation,0.845991609263568,0.8296665271854786,0.8617499726116844,0.8216203813797012,0.7972039043141894,0.8444473928776355,0.14537283907956297,0.13846478659745495,0.1525979715288015,0.02817954058611094,0.02013903072688112,0.05117232368497619
oulab,16,cutoff_valid,base_knn,24939,22,presentation,0.818323806610717,0.7826565573467062,0.8432207157330426,0.7732845805805456,0.7222669460910042,0.8139158556947174,0.16093837603753158,0.14853917839955877,0.17804580228088637,0.010594971731023733,0.009057411072077243,0.0481860325490413
oulab,16,cutoff_valid,base_lr_clickstream,24939,22,presentation,0.8197047499498088,0.7979691285270654,0.8386490427005251,0.7616136800236295,0.7196654130435896,0.8006708613768669,0.16366552025302758,0.15350880389469138,0.17606571858054182,0.029585962880650532,0.018124974519167253,0.059784735319051895
oulab,16,cutoff_valid,base_lr_profile,24939,22,presentation,0.6500686177109755,0.6357347692490399,0.6645735289356292,0.5666771683916315,0.5416113046750968,0.5891527771697271,0.21669798237529841,0.21052161488008014,0.22330973450563762,0.007439011021484964,0.005636461723588376,0.03130273704805901
oulab,16,cutoff_valid,base_lr_weekly,24939,22,presentation,0.8406075205038442,0.8243513789426518,0.856989938147829,0.8064218899517362,0.7788964246197687,0.832357293565353,0.15268630646113482,0.14398475072166803,0.16285199788187324,0.05547134077239811,0.041048775610934646,0.07906378570625792
oulab,16,cutoff_valid,base_rf_entropy,24939,22,presentation,0.8558580754970344,0.8424702208746968,0.8694515898386539,0.8268219025308929,0.8050355350238165,0.8483153340415787,0.14714028072042934,0.14011181280207047,0.15501281789063612,0.06264718922996894,0.043719070893658556,0.09285371701590021
oulab,16,cutoff_valid,base_rf_gini,24939,22,presentation,0.8549795429282157,0.8417858556531655,0.868350885125401,0.8262168444019228,0.8042749570329846,0.8478650863357837,0.14829314749536546,0.14143146789836145,0.15607144839136775,0.06666379267714279,0.05013476425937039,0.09632756177544027
oulab,16,cutoff_valid,base_svm,24939,22,presentation,0.8138808370381069,0.7921553978081886,0.8354025198449229,0.7587142846881477,0.7172483962585495,0.7991451258455995,0.16873034735494458,0.16092678966235038,0.17761302914490645,0.0550984708759763,0.036457981375215165,0.08272392363755304
oulab,16,cutoff_valid,flat_hgb,24939,22,presentation,0.8368913775376255,0.7962414223906954,0.865066767255967,0.7914566534519325,0.7377331448188482,0.8358963314727974,0.15528825052179682,0.13801701169939362,0.18285564540042473,0.025155143948781485,0.009491006758943757,0.07751592599865446
oulab,16,cutoff_valid,stack_7_full,24939,22,presentation,0.8768234258661013,0.8639674094488805,0.8885087030559844,0.8513830856973229,0.829949774747922,0.8701416410786945,0.1310550685314625,0.12435699104625347,0.13803966126714415,0.01332950602303401,0.010986341319037298,0.03363621984773137
oulab,16,cutoff_valid,temporal_hgb,24939,22,presentation,0.8566488765873799,0.841360783686086,0.8712060615038054,0.826524881245565,0.8022652039962456,0.8503472874722112,0.14169112601926395,0.13527995397870116,0.14884629845958086,0.013963556070313285,0.010485482398777968,0.04720551005327394
oulab,16,cutoff_valid_to_activity,base_dffnn,28477,22,presentation,0.8833779845982671,0.8663753172905864,0.8994509731211064,0.8954440250321619,0.8700625429919348,0.9160044527744305,0.1307206750919887,0.12224222582174558,0.13960569459299335,0.024444770893189024,0.01777326914860625,0.046369789512671226
oulab,16,cutoff_valid_to_activity,base_knn,28477,22,presentation,0.851717455432875,0.8118821877947433,0.8765484292634808,0.852974868324686,0.8037804035673971,0.8869757081863111,0.15314096625346774,0.1408861807274736,0.17170907782898584,0.029133967763458262,0.020147278419832694,0.055951223228492504
oulab,16,cutoff_valid_to_activity,base_lr_clickstream,28477,22,presentation,0.8499608091454527,0.8236925141608381,0.8722762096095695,0.8374571852082531,0.7908543245452898,0.877441614406261,0.15643130655385445,0.1463171123123919,0.16960764524786126,0.030409481798589304,0.0222413570261903,0.063974641930544
oulab,16,cutoff_valid_to_activity,base_lr_profile,28477,22,presentation,0.624786381299663,0.6097028604706393,0.6399835769022734,0.5828389042888311,0.555940397203474,0.6071610583394946,0.24369812710302338,0.23406650415649072,0.2544400709451445,0.08534395944866019,0.05204936467628508,0.12223970034069111
oulab,16,cutoff_valid_to_activity,base_lr_weekly,28477,22,presentation,0.877512332336858,0.8584565613131862,0.8941803560265892,0.8834664816340269,0.8543822181895233,0.9064063196877385,0.1384531199569072,0.12865034393029987,0.15007974862152654,0.05740358719978992,0.04677995167260279,0.07763111593512272
oulab,16,cutoff_valid_to_activity,base_rf_entropy,28477,22,presentation,0.8917802159006556,0.8758556343627698,0.9064058850112989,0.9006167857533293,0.8774582826635028,0.9198090502563927,0.13135421653966448,0.12287271844237938,0.1412362547511447,0.05537124925108116,0.04174527423434385,0.08059895476202025
oulab,16,cutoff_valid_to_activity,base_rf_gini,28477,22,presentation,0.8911589601909278,0.8753874453331861,0.9055267679459457,0.9001604184774328,0.8772529081888412,0.9194999641556709,0.13239634177582854,0.12409006747039407,0.1421167687969703,0.06009118152790172,0.04680640114119929,0.08302215966872588
oulab,16,cutoff_valid_to_activity,base_svm,28477,22,presentation,0.8453730120507286,0.8191417942648721,0.8690829589968061,0.8386160848627842,0.792579212957878,0.8768780491158292,0.16587317127827936,0.15882405452506032,0.17460551580248676,0.06985002344672643,0.051247964275405726,0.0966954646942148
oulab,16,cutoff_valid_to_activity,flat_hgb,28477,22,presentation,0.8695961073429317,0.8290831633693929,0.8965353337097977,0.8695199744410891,0.8204335616212481,0.9040005918291276,0.1440965451903701,0.12729849430900111,0.17042774265422683,0.02720325054290848,0.021347961439753763,0.06766020376146234
oulab,16,cutoff_valid_to_activity,stack_7_full,28477,22,presentation,0.9083757780960702,0.8940505360521092,0.9204533205044073,0.9156471990458386,0.8946902512708909,0.9320744565162472,0.11641747527158959,0.10850247619209069,0.12476915739672184,0.013894078830675151,0.012505031373553929,0.03011118320670787
oulab,16,cutoff_valid_to_activity,temporal_hgb,28477,22,presentation,0.8920842192849185,0.8755895831036886,0.9073133866217649,0.9005072339804497,0.8756825816228577,0.9206561506147517,0.1270838998164047,0.11875274434150943,0.13616252584930483,0.014934503923457564,0.014153038400103247,0.04217594876028984
oulab,16,static_full,base_dffnn,32593,22,presentation,0.9109381296151,0.899019125978567,0.9219395278126877,0.9365236820711738,0.9225235812033145,0.9475224587167844,0.11480681433871796,0.10736580556413754,0.12331055260742198,0.022878530060973783,0.014771406426750771,0.04579233460318931
oulab,16,static_full,base_knn,32593,22,presentation,0.887000323103266,0.8594242772941945,0.9054097907764839,0.9134321217846282,0.8884141323069842,0.9313427581583128,0.13245511662013315,0.1206457208284552,0.15001922708081994,0.005675451784125445,0.006792799627739975,0.040715871955870224
oulab,16,static_full,base_lr_clickstream,32593,22,presentation,0.8852223486079516,0.8685143721142877,0.9010972662440885,0.9102619629483835,0.8887854994559418,0.9280451292620616,0.13664252104435964,0.12557116829997805,0.15071767339444567,0.034372882952681025,0.02459368194657066,0.06570571008988965
oulab,16,static_full,base_lr_profile,32593,22,presentation,0.7173543017305555,0.7003516852613961,0.7369130750549477,0.7787030612087302,0.7590373298867586,0.7952464234681306,0.2062823163276293,0.20014524118215418,0.21177353027803936,0.0075017896855770734,0.006634499486426883,0.03513299228702504
oulab,16,static_full,base_lr_weekly,32593,22,presentation,0.906150984939928,0.8927114016122821,0.9183141329504622,0.9306318612725596,0.9150157119364664,0.9433002029444455,0.12269660154310459,0.11260674487673135,0.1344058309676254,0.05700474071436436,0.04339029025662193,0.08110767452263594
oulab,16,static_full,base_rf_entropy,32593,22,presentation,0.9173579429691385,0.9052539888745368,0.92787774600709,0.9397152793793173,0.9255702449302281,0.9501533457350336,0.11292345042260167,0.10618347206578509,0.1207942599116628,0.031875401081739675,0.023791079457022295,0.045894113662896675
oulab,16,static_full,base_rf_gini,32593,22,presentation,0.9164133815064665,0.904493730942449,0.9267254138063891,0.9392703815820161,0.9252382725188866,0.9497170791620001,0.11374858777832134,0.10701896341248884,0.12140089459476883,0.035016498889435754,0.027831784047104836,0.047667830774977625
oulab,16,static_full,base_svm,32593,22,presentation,0.876493582052592,0.855961571642867,0.896794915851525,0.9016502008302332,0.8738329788571912,0.9247280381921684,0.14897219999748817,0.13699203383693684,0.16407080015228473,0.09172920863333076,0.0678147708128304,0.12240421783301746
oulab,16,static_full,flat_hgb,32593,22,presentation,0.9003606431515176,0.8727581087811613,0.9201555690578257,0.9229393274650795,0.8986025492606341,0.9417569712156303,0.12596407914095514,0.10987510962286025,0.1510289938324196,0.018758245212930003,0.008308895337164654,0.0641687771791824
oulab,16,static_full,stack_7_full,32593,22,presentation,0.9301453213030437,0.9198196882050298,0.9392209581433054,0.9483365719738017,0.9358844508386324,0.9575083863586966,0.10184607885852419,0.09455959894545016,0.10956164220466849,0.011128623882746921,0.009190882323532231,0.028897176925822197
oulab,16,static_full,temporal_hgb,32593,22,presentation,0.918184430471758,0.9059468048718564,0.92880076771755,0.9389049086525021,0.9238414448310701,0.9500202744101285,0.11080586462499636,0.10320054033752173,0.11993686823297377,0.012795833261158079,0.006693058929213068,0.039332601121850344
