comparison_type,dataset,week_from,week_to,model,budget,protocol,reference_protocol,jaccard,intersection,union
protocol,oulab,2,2,base_dffnn,0.01,activity_conditioned,cutoff_valid,0.1217564870259481,61,501
protocol,oulab,2,2,base_dffnn,0.01,activity_to_cutoff_valid,cutoff_valid,0.5230352303523035,193,369
protocol,oulab,2,2,base_dffnn,0.01,cutoff_valid_to_activity,cutoff_valid,0.1285140562248996,64,498
protocol,oulab,2,2,base_dffnn,0.01,static_full,cutoff_valid,0.07251908396946564,38,524
evaluation_population,oulab,2,2,base_dffnn,0.01,activity_conditioned,activity_to_cutoff_valid,0.22975929978118162,105,457
evaluation_population,oulab,2,2,base_dffnn,0.01,cutoff_valid,cutoff_valid_to_activity,0.1285140562248996,64,498
protocol,oulab,2,2,base_dffnn,0.05,activity_conditioned,cutoff_valid,0.19235668789808918,453,2355
protocol,oulab,2,2,base_dffnn,0.05,activity_to_cutoff_valid,cutoff_valid,0.6373177842565597,1093,1715
protocol,oulab,2,2,base_dffnn,0.05,cutoff_valid_to_activity,cutoff_valid,0.19846350832266324,465,2343
protocol,oulab,2,2,base_dffnn,0.05,static_full,cutoff_valid,0.13822456424807458,341,2467
evaluation_population,oulab,2,2,base_dffnn,0.05,activity_conditioned,activity_to_cutoff_valid,0.29879740980573544,646,2162
evaluation_population,oulab,2,2,base_dffnn,0.05,cutoff_valid,cutoff_valid_to_activity,0.19846350832266324,465,2343
protocol,oulab,2,2,base_dffnn,0.1,activity_conditioned,cutoff_valid,0.28689275893675525,1252,4364
protocol,oulab,2,2,base_dffnn,0.1,activity_to_cutoff_valid,cutoff_valid,0.7269372693726938,2364,3252
protocol,oulab,2,2,base_dffnn,0.1,cutoff_valid_to_activity,cutoff_valid,0.2960996999769213,1283,4333
protocol,oulab,2,2,base_dffnn,0.1,static_full,cutoff_valid,0.18631178707224336,882,4734
evaluation_population,oulab,2,2,base_dffnn,0.1,activity_conditioned,activity_to_cutoff_valid,0.3677545056015587,1510,4106
evaluation_population,oulab,2,2,base_dffnn,0.1,cutoff_valid,cutoff_valid_to_activity,0.2960996999769213,1283,4333
protocol,oulab,2,2,base_dffnn,0.2,activity_conditioned,cutoff_valid,0.4254508509017018,3350,7874
protocol,oulab,2,2,base_dffnn,0.2,activity_to_cutoff_valid,cutoff_valid,0.8170632993362473,5047,6177
protocol,oulab,2,2,base_dffnn,0.2,cutoff_valid_to_activity,cutoff_valid,0.44119157678479715,3436,7788
protocol,oulab,2,2,base_dffnn,0.2,static_full,cutoff_valid,0.2806937471474213,2460,8764
evaluation_population,oulab,2,2,base_dffnn,0.2,activity_conditioned,activity_to_cutoff_valid,0.4824990093778893,3653,7571
evaluation_population,oulab,2,2,base_dffnn,0.2,cutoff_valid,cutoff_valid_to_activity,0.44119157678479715,3436,7788
protocol,oulab,2,2,base_knn,0.01,activity_conditioned,cutoff_valid,0.31002331002331,133,429
protocol,oulab,2,2,base_knn,0.01,activity_to_cutoff_valid,cutoff_valid,0.3542168674698795,147,415
protocol,oulab,2,2,base_knn,0.01,cutoff_valid_to_activity,cutoff_valid,0.44473007712082263,173,389
protocol,oulab,2,2,base_knn,0.01,static_full,cutoff_valid,0.3380952380952381,142,420
evaluation_population,oulab,2,2,base_knn,0.01,activity_conditioned,activity_to_cutoff_valid,0.8012820512820513,250,312
evaluation_population,oulab,2,2,base_knn,0.01,cutoff_valid,cutoff_valid_to_activity,0.44473007712082263,173,389
protocol,oulab,2,2,base_knn,0.05,activity_conditioned,cutoff_valid,0.22996057818659657,525,2283
protocol,oulab,2,2,base_knn,0.05,activity_to_cutoff_valid,cutoff_valid,0.23864137626819584,541,2267
protocol,oulab,2,2,base_knn,0.05,cutoff_valid_to_activity,cutoff_valid,0.24744557974233675,557,2251
protocol,oulab,2,2,base_knn,0.05,static_full,cutoff_valid,0.32079021636876764,682,2126
evaluation_population,oulab,2,2,base_knn,0.05,activity_conditioned,activity_to_cutoff_valid,0.8269355888093689,1271,1537
evaluation_population,oulab,2,2,base_knn,0.05,cutoff_valid,cutoff_valid_to_activity,0.24744557974233675,557,2251
protocol,oulab,2,2,base_knn,0.1,activity_conditioned,cutoff_valid,0.248,1116,4500
protocol,oulab,2,2,base_knn,0.1,activity_to_cutoff_valid,cutoff_valid,0.26258992805755393,1168,4448
protocol,oulab,2,2,base_knn,0.1,cutoff_valid_to_activity,cutoff_valid,0.25357142857142856,1136,4480
protocol,oulab,2,2,base_knn,0.1,static_full,cutoff_valid,0.3066542577943229,1318,4298
evaluation_population,oulab,2,2,base_knn,0.1,activity_conditioned,activity_to_cutoff_valid,0.8174757281553398,2526,3090
evaluation_population,oulab,2,2,base_knn,0.1,cutoff_valid,cutoff_valid_to_activity,0.25357142857142856,1136,4480
protocol,oulab,2,2,base_knn,0.2,activity_conditioned,cutoff_valid,0.40142339867648896,3215,8009
protocol,oulab,2,2,base_knn,0.2,activity_to_cutoff_valid,cutoff_valid,0.46450939457202506,3560,7664
protocol,oulab,2,2,base_knn,0.2,cutoff_valid_to_activity,cutoff_valid,0.40510766149223837,3236,7988
protocol,oulab,2,2,base_knn,0.2,static_full,cutoff_valid,0.31459358163504336,2686,8538
evaluation_population,oulab,2,2,base_knn,0.2,activity_conditioned,activity_to_cutoff_valid,0.7941176470588235,4968,6256
evaluation_population,oulab,2,2,base_knn,0.2,cutoff_valid,cutoff_valid_to_activity,0.40510766149223837,3236,7988
protocol,oulab,2,2,base_lr_clickstream,0.01,activity_conditioned,cutoff_valid,0.06641366223908918,35,527
protocol,oulab,2,2,base_lr_clickstream,0.01,activity_to_cutoff_valid,cutoff_valid,0.7345679012345679,238,324
protocol,oulab,2,2,base_lr_clickstream,0.01,cutoff_valid_to_activity,cutoff_valid,0.06641366223908918,35,527
protocol,oulab,2,2,base_lr_clickstream,0.01,static_full,cutoff_valid,0.28018223234624146,123,439
evaluation_population,oulab,2,2,base_lr_clickstream,0.01,activity_conditioned,activity_to_cutoff_valid,0.15163934426229508,74,488
evaluation_population,oulab,2,2,base_lr_clickstream,0.01,cutoff_valid,cutoff_valid_to_activity,0.06641366223908918,35,527
protocol,oulab,2,2,base_lr_clickstream,0.05,activity_conditioned,cutoff_valid,0.023696682464454975,65,2743
protocol,oulab,2,2,base_lr_clickstream,0.05,activity_to_cutoff_valid,cutoff_valid,0.7419354838709677,1196,1612
protocol,oulab,2,2,base_lr_clickstream,0.05,cutoff_valid_to_activity,cutoff_valid,0.023696682464454975,65,2743
protocol,oulab,2,2,base_lr_clickstream,0.05,static_full,cutoff_valid,0.29400921658986173,638,2170
evaluation_population,oulab,2,2,base_lr_clickstream,0.05,activity_conditioned,activity_to_cutoff_valid,0.1050767414403778,267,2541
evaluation_population,oulab,2,2,base_lr_clickstream,0.05,cutoff_valid,cutoff_valid_to_activity,0.023696682464454975,65,2743
protocol,oulab,2,2,base_lr_clickstream,0.1,activity_conditioned,cutoff_valid,0.14215985356924954,699,4917
protocol,oulab,2,2,base_lr_clickstream,0.1,activity_to_cutoff_valid,cutoff_valid,0.8571428571428571,2592,3024
protocol,oulab,2,2,base_lr_clickstream,0.1,cutoff_valid_to_activity,cutoff_valid,0.14285714285714285,702,4914
protocol,oulab,2,2,base_lr_clickstream,0.1,static_full,cutoff_valid,0.30301624129930393,1306,4310
evaluation_population,oulab,2,2,base_lr_clickstream,0.1,activity_conditioned,activity_to_cutoff_valid,0.18681318681318682,884,4732
evaluation_population,oulab,2,2,base_lr_clickstream,0.1,cutoff_valid,cutoff_valid_to_activity,0.14285714285714285,702,4914
protocol,oulab,2,2,base_lr_clickstream,0.2,activity_conditioned,cutoff_valid,0.3702844585520693,3033,8191
protocol,oulab,2,2,base_lr_clickstream,0.2,activity_to_cutoff_valid,cutoff_valid,0.9694683277768029,5525,5699
protocol,oulab,2,2,base_lr_clickstream,0.2,cutoff_valid_to_activity,cutoff_valid,0.373134328358209,3050,8174
protocol,oulab,2,2,base_lr_clickstream,0.2,static_full,cutoff_valid,0.3063314711359404,2632,8592
evaluation_population,oulab,2,2,base_lr_clickstream,0.2,activity_conditioned,activity_to_cutoff_valid,0.373134328358209,3050,8174
evaluation_population,oulab,2,2,base_lr_clickstream,0.2,cutoff_valid,cutoff_valid_to_activity,0.373134328358209,3050,8174
protocol,oulab,2,2,base_lr_profile,0.01,activity_conditioned,cutoff_valid,0.0,0,562
protocol,oulab,2,2,base_lr_profile,0.01,activity_to_cutoff_valid,cutoff_valid,0.07251908396946564,38,524
protocol,oulab,2,2,base_lr_profile,0.01,cutoff_valid_to_activity,cutoff_valid,0.0,0,562
protocol,oulab,2,2,base_lr_profile,0.01,static_full,cutoff_valid,0.21382289416846653,99,463
evaluation_population,oulab,2,2,base_lr_profile,0.01,activity_conditioned,activity_to_cutoff_valid,0.7186544342507645,235,327
evaluation_population,oulab,2,2,base_lr_profile,0.01,cutoff_valid,cutoff_valid_to_activity,0.0,0,562
protocol,oulab,2,2,base_lr_profile,0.05,activity_conditioned,cutoff_valid,0.045420699925539834,122,2686
protocol,oulab,2,2,base_lr_profile,0.05,activity_to_cutoff_valid,cutoff_valid,0.12680577849117175,316,2492
protocol,oulab,2,2,base_lr_profile,0.05,cutoff_valid_to_activity,cutoff_valid,0.045420699925539834,122,2686
protocol,oulab,2,2,base_lr_profile,0.05,static_full,cutoff_valid,0.25301204819277107,567,2241
evaluation_population,oulab,2,2,base_lr_profile,0.05,activity_conditioned,activity_to_cutoff_valid,0.7163814180929096,1172,1636
evaluation_population,oulab,2,2,base_lr_profile,0.05,cutoff_valid,cutoff_valid_to_activity,0.045420699925539834,122,2686
protocol,oulab,2,2,base_lr_profile,0.1,activity_conditioned,cutoff_valid,0.17785234899328858,848,4768
protocol,oulab,2,2,base_lr_profile,0.1,activity_to_cutoff_valid,cutoff_valid,0.2807297605473204,1231,4385
protocol,oulab,2,2,base_lr_profile,0.1,cutoff_valid_to_activity,cutoff_valid,0.17809943360604152,849,4767
protocol,oulab,2,2,base_lr_profile,0.1,static_full,cutoff_valid,0.25693822739480754,1148,4468
evaluation_population,oulab,2,2,base_lr_profile,0.1,activity_conditioned,activity_to_cutoff_valid,0.7386996904024767,2386,3230
evaluation_population,oulab,2,2,base_lr_profile,0.1,cutoff_valid,cutoff_valid_to_activity,0.17809943360604152,849,4767
protocol,oulab,2,2,base_lr_profile,0.2,activity_conditioned,cutoff_valid,0.3810754275870555,3097,8127
protocol,oulab,2,2,base_lr_profile,0.2,activity_to_cutoff_valid,cutoff_valid,0.5165518173219835,3823,7401
protocol,oulab,2,2,base_lr_profile,0.2,cutoff_valid_to_activity,cutoff_valid,0.3843117908238777,3116,8108
protocol,oulab,2,2,base_lr_profile,0.2,static_full,cutoff_valid,0.30420636765047643,2618,8606
evaluation_population,oulab,2,2,base_lr_profile,0.2,activity_conditioned,activity_to_cutoff_valid,0.7584208052639825,4841,6383
evaluation_population,oulab,2,2,base_lr_profile,0.2,cutoff_valid,cutoff_valid_to_activity,0.3843117908238777,3116,8108
protocol,oulab,2,2,base_lr_weekly,0.01,activity_conditioned,cutoff_valid,0.027422303473491772,15,547
protocol,oulab,2,2,base_lr_weekly,0.01,activity_to_cutoff_valid,cutoff_valid,0.9929078014184397,280,282
protocol,oulab,2,2,base_lr_weekly,0.01,cutoff_valid_to_activity,cutoff_valid,0.029304029304029304,16,546
protocol,oulab,2,2,base_lr_weekly,0.01,static_full,cutoff_valid,0.2831050228310502,124,438
evaluation_population,oulab,2,2,base_lr_weekly,0.01,activity_conditioned,activity_to_cutoff_valid,0.027422303473491772,15,547
evaluation_population,oulab,2,2,base_lr_weekly,0.01,cutoff_valid,cutoff_valid_to_activity,0.029304029304029304,16,546
protocol,oulab,2,2,base_lr_weekly,0.05,activity_conditioned,cutoff_valid,0.014450867052023121,40,2768
protocol,oulab,2,2,base_lr_weekly,0.05,activity_to_cutoff_valid,cutoff_valid,0.9746835443037974,1386,1422
protocol,oulab,2,2,base_lr_weekly,0.05,cutoff_valid_to_activity,cutoff_valid,0.014450867052023121,40,2768
protocol,oulab,2,2,base_lr_weekly,0.05,static_full,cutoff_valid,0.29162833486660533,634,2174
evaluation_population,oulab,2,2,base_lr_weekly,0.05,activity_conditioned,activity_to_cutoff_valid,0.020719738276990186,57,2751
evaluation_population,oulab,2,2,base_lr_weekly,0.05,cutoff_valid,cutoff_valid_to_activity,0.014450867052023121,40,2768
protocol,oulab,2,2,base_lr_weekly,0.1,activity_conditioned,cutoff_valid,0.1444874668840432,709,4907
protocol,oulab,2,2,base_lr_weekly,0.1,activity_to_cutoff_valid,cutoff_valid,0.9712179712179713,2767,2849
protocol,oulab,2,2,base_lr_weekly,0.1,cutoff_valid_to_activity,cutoff_valid,0.144720750101916,710,4906
protocol,oulab,2,2,base_lr_weekly,0.1,static_full,cutoff_valid,0.3021099003014143,1303,4313
evaluation_population,oulab,2,2,base_lr_weekly,0.1,activity_conditioned,activity_to_cutoff_valid,0.14870116588259358,727,4889
evaluation_population,oulab,2,2,base_lr_weekly,0.1,cutoff_valid,cutoff_valid_to_activity,0.144720750101916,710,4906
protocol,oulab,2,2,base_lr_weekly,0.2,activity_conditioned,cutoff_valid,0.3729663608562691,3049,8175
protocol,oulab,2,2,base_lr_weekly,0.2,activity_to_cutoff_valid,cutoff_valid,0.9653300647872527,5513,5711
protocol,oulab,2,2,base_lr_weekly,0.2,cutoff_valid_to_activity,cutoff_valid,0.373134328358209,3050,8174
protocol,oulab,2,2,base_lr_weekly,0.2,static_full,cutoff_valid,0.3037518875595307,2615,8609
evaluation_population,oulab,2,2,base_lr_weekly,0.2,activity_conditioned,activity_to_cutoff_valid,0.373134328358209,3050,8174
evaluation_population,oulab,2,2,base_lr_weekly,0.2,cutoff_valid,cutoff_valid_to_activity,0.373134328358209,3050,8174
protocol,oulab,2,2,base_rf_entropy,0.01,activity_conditioned,cutoff_valid,0.04267161410018553,23,539
protocol,oulab,2,2,base_rf_entropy,0.01,activity_to_cutoff_valid,cutoff_valid,0.19574468085106383,92,470
protocol,oulab,2,2,base_rf_entropy,0.01,cutoff_valid_to_activity,cutoff_valid,0.04267161410018553,23,539
protocol,oulab,2,2,base_rf_entropy,0.01,static_full,cutoff_valid,0.08494208494208494,44,518
evaluation_population,oulab,2,2,base_rf_entropy,0.01,activity_conditioned,activity_to_cutoff_valid,0.3412887828162291,143,419
evaluation_population,oulab,2,2,base_rf_entropy,0.01,cutoff_valid,cutoff_valid_to_activity,0.04267161410018553,23,539
protocol,oulab,2,2,base_rf_entropy,0.05,activity_conditioned,cutoff_valid,0.14285714285714285,351,2457
protocol,oulab,2,2,base_rf_entropy,0.05,activity_to_cutoff_valid,cutoff_valid,0.4647887323943662,891,1917
protocol,oulab,2,2,base_rf_entropy,0.05,cutoff_valid_to_activity,cutoff_valid,0.14285714285714285,351,2457
protocol,oulab,2,2,base_rf_entropy,0.05,static_full,cutoff_valid,0.1272581292653553,317,2491
evaluation_population,oulab,2,2,base_rf_entropy,0.05,activity_conditioned,activity_to_cutoff_valid,0.37109375,760,2048
evaluation_population,oulab,2,2,base_rf_entropy,0.05,cutoff_valid,cutoff_valid_to_activity,0.14285714285714285,351,2457
protocol,oulab,2,2,base_rf_entropy,0.1,activity_conditioned,cutoff_valid,0.24357838795394154,1100,4516
protocol,oulab,2,2,base_rf_entropy,0.1,activity_to_cutoff_valid,cutoff_valid,0.6119402985074627,2132,3484
protocol,oulab,2,2,base_rf_entropy,0.1,cutoff_valid_to_activity,cutoff_valid,0.24385382059800664,1101,4515
protocol,oulab,2,2,base_rf_entropy,0.1,static_full,cutoff_valid,0.17538719129342822,838,4778
evaluation_population,oulab,2,2,base_rf_entropy,0.1,activity_conditioned,activity_to_cutoff_valid,0.4214123006833713,1665,3951
evaluation_population,oulab,2,2,base_rf_entropy,0.1,cutoff_valid,cutoff_valid_to_activity,0.24385382059800664,1101,4515
protocol,oulab,2,2,base_rf_entropy,0.2,activity_conditioned,cutoff_valid,0.4084577738737608,3255,7969
protocol,oulab,2,2,base_rf_entropy,0.2,activity_to_cutoff_valid,cutoff_valid,0.7734239216305894,4895,6329
protocol,oulab,2,2,base_rf_entropy,0.2,cutoff_valid_to_activity,cutoff_valid,0.4155631227140875,3295,7929
protocol,oulab,2,2,base_rf_entropy,0.2,static_full,cutoff_valid,0.27996350781160906,2455,8769
evaluation_population,oulab,2,2,base_rf_entropy,0.2,activity_conditioned,activity_to_cutoff_valid,0.5186037072114734,3833,7391
evaluation_population,oulab,2,2,base_rf_entropy,0.2,cutoff_valid,cutoff_valid_to_activity,0.4155631227140875,3295,7929
protocol,oulab,2,2,base_rf_gini,0.01,activity_conditioned,cutoff_valid,0.04460966542750929,24,538
protocol,oulab,2,2,base_rf_gini,0.01,activity_to_cutoff_valid,cutoff_valid,0.18067226890756302,86,476
protocol,oulab,2,2,base_rf_gini,0.01,cutoff_valid_to_activity,cutoff_valid,0.04460966542750929,24,538
protocol,oulab,2,2,base_rf_gini,0.01,static_full,cutoff_valid,0.08285163776493257,43,519
evaluation_population,oulab,2,2,base_rf_gini,0.01,activity_conditioned,activity_to_cutoff_valid,0.37073170731707317,152,410
evaluation_population,oulab,2,2,base_rf_gini,0.01,cutoff_valid,cutoff_valid_to_activity,0.04460966542750929,24,538
protocol,oulab,2,2,base_rf_gini,0.05,activity_conditioned,cutoff_valid,0.14425427872860636,354,2454
protocol,oulab,2,2,base_rf_gini,0.05,activity_to_cutoff_valid,cutoff_valid,0.45794392523364486,882,1926
protocol,oulab,2,2,base_rf_gini,0.05,cutoff_valid_to_activity,cutoff_valid,0.144720750101916,355,2453
protocol,oulab,2,2,base_rf_gini,0.05,static_full,cutoff_valid,0.1272581292653553,317,2491
evaluation_population,oulab,2,2,base_rf_gini,0.05,activity_conditioned,activity_to_cutoff_valid,0.39285714285714285,792,2016
evaluation_population,oulab,2,2,base_rf_gini,0.05,cutoff_valid,cutoff_valid_to_activity,0.144720750101916,355,2453
protocol,oulab,2,2,base_rf_gini,0.1,activity_conditioned,cutoff_valid,0.24165376962193236,1093,4523
protocol,oulab,2,2,base_rf_gini,0.1,activity_to_cutoff_valid,cutoff_valid,0.6041131105398457,2115,3501
protocol,oulab,2,2,base_rf_gini,0.1,cutoff_valid_to_activity,cutoff_valid,0.24302788844621515,1098,4518
protocol,oulab,2,2,base_rf_gini,0.1,static_full,cutoff_valid,0.17661847894406035,843,4773
evaluation_population,oulab,2,2,base_rf_gini,0.1,activity_conditioned,activity_to_cutoff_valid,0.42973523421588594,1688,3928
evaluation_population,oulab,2,2,base_rf_gini,0.1,cutoff_valid,cutoff_valid_to_activity,0.24302788844621515,1098,4518
protocol,oulab,2,2,base_rf_gini,0.2,activity_conditioned,cutoff_valid,0.41058187759205733,3267,7957
protocol,oulab,2,2,base_rf_gini,0.2,activity_to_cutoff_valid,cutoff_valid,0.7683945170946904,4877,6347
protocol,oulab,2,2,base_rf_gini,0.2,cutoff_valid_to_activity,cutoff_valid,0.41609891496341156,3298,7926
protocol,oulab,2,2,base_rf_gini,0.2,static_full,cutoff_valid,0.2796716451943906,2453,8771
evaluation_population,oulab,2,2,base_rf_gini,0.2,activity_conditioned,activity_to_cutoff_valid,0.5281143635125936,3879,7345
evaluation_population,oulab,2,2,base_rf_gini,0.2,cutoff_valid,cutoff_valid_to_activity,0.41609891496341156,3298,7926
protocol,oulab,2,2,base_svm,0.01,activity_conditioned,cutoff_valid,0.062381852551984876,33,529
protocol,oulab,2,2,base_svm,0.01,activity_to_cutoff_valid,cutoff_valid,0.7186544342507645,235,327
protocol,oulab,2,2,base_svm,0.01,cutoff_valid_to_activity,cutoff_valid,0.062381852551984876,33,529
protocol,oulab,2,2,base_svm,0.01,static_full,cutoff_valid,0.29493087557603687,128,434
evaluation_population,oulab,2,2,base_svm,0.01,activity_conditioned,activity_to_cutoff_valid,0.15163934426229508,74,488
evaluation_population,oulab,2,2,base_svm,0.01,cutoff_valid,cutoff_valid_to_activity,0.062381852551984876,33,529
protocol,oulab,2,2,base_svm,0.05,activity_conditioned,cutoff_valid,0.02220604295595195,61,2747
protocol,oulab,2,2,base_svm,0.05,activity_to_cutoff_valid,cutoff_valid,0.6764179104477612,1133,1675
protocol,oulab,2,2,base_svm,0.05,cutoff_valid_to_activity,cutoff_valid,0.02220604295595195,61,2747
protocol,oulab,2,2,base_svm,0.05,static_full,cutoff_valid,0.2934131736526946,637,2171
evaluation_population,oulab,2,2,base_svm,0.05,activity_conditioned,activity_to_cutoff_valid,0.13089005235602094,325,2483
evaluation_population,oulab,2,2,base_svm,0.05,cutoff_valid,cutoff_valid_to_activity,0.02220604295595195,61,2747
protocol,oulab,2,2,base_svm,0.1,activity_conditioned,cutoff_valid,0.14007308160779536,690,4926
protocol,oulab,2,2,base_svm,0.1,activity_to_cutoff_valid,cutoff_valid,0.8419153820924894,2567,3049
protocol,oulab,2,2,base_svm,0.1,cutoff_valid_to_activity,cutoff_valid,0.14030456852791878,691,4925
protocol,oulab,2,2,base_svm,0.1,static_full,cutoff_valid,0.30241187384044527,1304,4312
evaluation_population,oulab,2,2,base_svm,0.1,activity_conditioned,activity_to_cutoff_valid,0.18431041754533953,874,4742
evaluation_population,oulab,2,2,base_svm,0.1,cutoff_valid,cutoff_valid_to_activity,0.14030456852791878,691,4925
protocol,oulab,2,2,base_svm,0.2,activity_conditioned,cutoff_valid,0.37145650048875856,3040,8184
protocol,oulab,2,2,base_svm,0.2,activity_to_cutoff_valid,cutoff_valid,0.9670522257273045,5518,5706
protocol,oulab,2,2,base_svm,0.2,cutoff_valid_to_activity,cutoff_valid,0.373134328358209,3050,8174
protocol,oulab,2,2,base_svm,0.2,static_full,cutoff_valid,0.3064835292748225,2633,8591
evaluation_population,oulab,2,2,base_svm,0.2,activity_conditioned,activity_to_cutoff_valid,0.373134328358209,3050,8174
evaluation_population,oulab,2,2,base_svm,0.2,cutoff_valid,cutoff_valid_to_activity,0.373134328358209,3050,8174
protocol,oulab,2,2,flat_hgb,0.01,activity_conditioned,cutoff_valid,0.09980430528375733,51,511
protocol,oulab,2,2,flat_hgb,0.01,activity_to_cutoff_valid,cutoff_valid,0.13306451612903225,66,496
protocol,oulab,2,2,flat_hgb,0.01,cutoff_valid_to_activity,cutoff_valid,0.11287128712871287,57,505
protocol,oulab,2,2,flat_hgb,0.01,static_full,cutoff_valid,0.28018223234624146,123,439
evaluation_population,oulab,2,2,flat_hgb,0.01,activity_conditioned,activity_to_cutoff_valid,0.6978851963746223,231,331
evaluation_population,oulab,2,2,flat_hgb,0.01,cutoff_valid,cutoff_valid_to_activity,0.11287128712871287,57,505
protocol,oulab,2,2,flat_hgb,0.05,activity_conditioned,cutoff_valid,0.031215571061329415,85,2723
protocol,oulab,2,2,flat_hgb,0.05,activity_to_cutoff_valid,cutoff_valid,0.20930232558139536,486,2322
protocol,oulab,2,2,flat_hgb,0.05,cutoff_valid_to_activity,cutoff_valid,0.031215571061329415,85,2723
protocol,oulab,2,2,flat_hgb,0.05,static_full,cutoff_valid,0.29162833486660533,634,2174
evaluation_population,oulab,2,2,flat_hgb,0.05,activity_conditioned,activity_to_cutoff_valid,0.5137466307277628,953,1855
evaluation_population,oulab,2,2,flat_hgb,0.05,cutoff_valid,cutoff_valid_to_activity,0.031215571061329415,85,2723
protocol,oulab,2,2,flat_hgb,0.1,activity_conditioned,cutoff_valid,0.13523347483323225,669,4947
protocol,oulab,2,2,flat_hgb,0.1,activity_to_cutoff_valid,cutoff_valid,0.623121387283237,2156,3460
protocol,oulab,2,2,flat_hgb,0.1,cutoff_valid_to_activity,cutoff_valid,0.13891705536402352,685,4931
protocol,oulab,2,2,flat_hgb,0.1,static_full,cutoff_valid,0.3021099003014143,1303,4313
evaluation_population,oulab,2,2,flat_hgb,0.1,activity_conditioned,activity_to_cutoff_valid,0.2960996999769213,1283,4333
evaluation_population,oulab,2,2,flat_hgb,0.1,cutoff_valid,cutoff_valid_to_activity,0.13891705536402352,685,4931
protocol,oulab,2,2,flat_hgb,0.2,activity_conditioned,cutoff_valid,0.3681131155533886,3020,8204
protocol,oulab,2,2,flat_hgb,0.2,activity_to_cutoff_valid,cutoff_valid,0.8886084469123339,5281,5943
protocol,oulab,2,2,flat_hgb,0.2,cutoff_valid_to_activity,cutoff_valid,0.373134328358209,3050,8174
protocol,oulab,2,2,flat_hgb,0.2,static_full,cutoff_valid,0.3054198650849035,2626,8598
evaluation_population,oulab,2,2,flat_hgb,0.2,activity_conditioned,activity_to_cutoff_valid,0.3891089108910891,3144,8080
evaluation_population,oulab,2,2,flat_hgb,0.2,cutoff_valid,cutoff_valid_to_activity,0.373134328358209,3050,8174
protocol,oulab,2,2,stack_7_full,0.01,activity_conditioned,cutoff_valid,0.07869481765834933,41,521
protocol,oulab,2,2,stack_7_full,0.01,activity_to_cutoff_valid,cutoff_valid,0.09980430528375733,51,511
protocol,oulab,2,2,stack_7_full,0.01,cutoff_valid_to_activity,cutoff_valid,0.08704061895551257,45,517
protocol,oulab,2,2,stack_7_full,0.01,static_full,cutoff_valid,0.08704061895551257,45,517
evaluation_population,oulab,2,2,stack_7_full,0.01,activity_conditioned,activity_to_cutoff_valid,0.6432748538011696,220,342
evaluation_population,oulab,2,2,stack_7_full,0.01,cutoff_valid,cutoff_valid_to_activity,0.08704061895551257,45,517
protocol,oulab,2,2,stack_7_full,0.05,activity_conditioned,cutoff_valid,0.19387755102040816,456,2352
protocol,oulab,2,2,stack_7_full,0.05,activity_to_cutoff_valid,cutoff_valid,0.2694394213381555,596,2212
protocol,oulab,2,2,stack_7_full,0.05,cutoff_valid_to_activity,cutoff_valid,0.20154043645699615,471,2337
protocol,oulab,2,2,stack_7_full,0.05,static_full,cutoff_valid,0.13362939039160274,331,2477
evaluation_population,oulab,2,2,stack_7_full,0.05,activity_conditioned,activity_to_cutoff_valid,0.6595744680851063,1116,1692
evaluation_population,oulab,2,2,stack_7_full,0.05,cutoff_valid,cutoff_valid_to_activity,0.20154043645699615,471,2337
protocol,oulab,2,2,stack_7_full,0.1,activity_conditioned,cutoff_valid,0.2723153602174898,1202,4414
protocol,oulab,2,2,stack_7_full,0.1,activity_to_cutoff_valid,cutoff_valid,0.38666666666666666,1566,4050
protocol,oulab,2,2,stack_7_full,0.1,cutoff_valid_to_activity,cutoff_valid,0.27927107061503414,1226,4390
protocol,oulab,2,2,stack_7_full,0.1,static_full,cutoff_valid,0.17958412098298676,855,4761
evaluation_population,oulab,2,2,stack_7_full,0.1,activity_conditioned,activity_to_cutoff_valid,0.6709312704552216,2255,3361
evaluation_population,oulab,2,2,stack_7_full,0.1,cutoff_valid,cutoff_valid_to_activity,0.27927107061503414,1226,4390
protocol,oulab,2,2,stack_7_full,0.2,activity_conditioned,cutoff_valid,0.3998503367423298,3206,8018
protocol,oulab,2,2,stack_7_full,0.2,activity_to_cutoff_valid,cutoff_valid,0.5864310954063604,4149,7075
protocol,oulab,2,2,stack_7_full,0.2,cutoff_valid_to_activity,cutoff_valid,0.4168139358747791,3302,7922
protocol,oulab,2,2,stack_7_full,0.2,static_full,cutoff_valid,0.2773415272561739,2437,8787
evaluation_population,oulab,2,2,stack_7_full,0.2,activity_conditioned,activity_to_cutoff_valid,0.6827586206896552,4554,6670
evaluation_population,oulab,2,2,stack_7_full,0.2,cutoff_valid,cutoff_valid_to_activity,0.4168139358747791,3302,7922
protocol,oulab,2,2,temporal_hgb,0.01,activity_conditioned,cutoff_valid,0.0,0,562
protocol,oulab,2,2,temporal_hgb,0.01,activity_to_cutoff_valid,cutoff_valid,0.027422303473491772,15,547
protocol,oulab,2,2,temporal_hgb,0.01,cutoff_valid_to_activity,cutoff_valid,0.0,0,562
protocol,oulab,2,2,temporal_hgb,0.01,static_full,cutoff_valid,0.30697674418604654,132,430
evaluation_population,oulab,2,2,temporal_hgb,0.01,activity_conditioned,activity_to_cutoff_valid,0.7345679012345679,238,324
evaluation_population,oulab,2,2,temporal_hgb,0.01,cutoff_valid,cutoff_valid_to_activity,0.0,0,562
protocol,oulab,2,2,temporal_hgb,0.05,activity_conditioned,cutoff_valid,0.0053705692803437165,15,2793
protocol,oulab,2,2,temporal_hgb,0.05,activity_to_cutoff_valid,cutoff_valid,0.4647887323943662,891,1917
protocol,oulab,2,2,temporal_hgb,0.05,cutoff_valid_to_activity,cutoff_valid,0.0053705692803437165,15,2793
protocol,oulab,2,2,temporal_hgb,0.05,static_full,cutoff_valid,0.29162833486660533,634,2174
evaluation_population,oulab,2,2,temporal_hgb,0.05,activity_conditioned,activity_to_cutoff_valid,0.23103901797457255,527,2281
evaluation_population,oulab,2,2,temporal_hgb,0.05,cutoff_valid,cutoff_valid_to_activity,0.0053705692803437165,15,2793
protocol,oulab,2,2,temporal_hgb,0.1,activity_conditioned,cutoff_valid,0.13845530103385364,683,4933
protocol,oulab,2,2,temporal_hgb,0.1,activity_to_cutoff_valid,cutoff_valid,0.7677053824362606,2439,3177
protocol,oulab,2,2,temporal_hgb,0.1,cutoff_valid_to_activity,cutoff_valid,0.13891705536402352,685,4931
protocol,oulab,2,2,temporal_hgb,0.1,static_full,cutoff_valid,0.3021099003014143,1303,4313
evaluation_population,oulab,2,2,temporal_hgb,0.1,activity_conditioned,activity_to_cutoff_valid,0.1971861010445534,925,4691
evaluation_population,oulab,2,2,temporal_hgb,0.1,cutoff_valid,cutoff_valid_to_activity,0.13891705536402352,685,4931
protocol,oulab,2,2,temporal_hgb,0.2,activity_conditioned,cutoff_valid,0.36878048780487804,3024,8200
protocol,oulab,2,2,temporal_hgb,0.2,activity_to_cutoff_valid,cutoff_valid,0.8886084469123339,5281,5943
protocol,oulab,2,2,temporal_hgb,0.2,cutoff_valid_to_activity,cutoff_valid,0.373134328358209,3050,8174
protocol,oulab,2,2,temporal_hgb,0.2,static_full,cutoff_valid,0.3036004645760743,2614,8610
evaluation_population,oulab,2,2,temporal_hgb,0.2,activity_conditioned,activity_to_cutoff_valid,0.39186507936507936,3160,8064
evaluation_population,oulab,2,2,temporal_hgb,0.2,cutoff_valid,cutoff_valid_to_activity,0.373134328358209,3050,8174
protocol,oulab,4,4,base_dffnn,0.01,activity_conditioned,cutoff_valid,0.06614785992217899,34,514
protocol,oulab,4,4,base_dffnn,0.01,activity_to_cutoff_valid,cutoff_valid,0.31414868105515587,131,417
protocol,oulab,4,4,base_dffnn,0.01,cutoff_valid_to_activity,cutoff_valid,0.10707070707070707,53,495
protocol,oulab,4,4,base_dffnn,0.01,static_full,cutoff_valid,0.07240704500978473,37,511
evaluation_population,oulab,4,4,base_dffnn,0.01,activity_conditioned,activity_to_cutoff_valid,0.2511415525114155,110,438
evaluation_population,oulab,4,4,base_dffnn,0.01,cutoff_valid,cutoff_valid_to_activity,0.10707070707070707,53,495
protocol,oulab,4,4,base_dffnn,0.05,activity_conditioned,cutoff_valid,0.22459893048128343,504,2244
protocol,oulab,4,4,base_dffnn,0.05,activity_to_cutoff_valid,cutoff_valid,0.5976744186046512,1028,1720
protocol,oulab,4,4,base_dffnn,0.05,cutoff_valid_to_activity,cutoff_valid,0.3073263558515699,646,2102
protocol,oulab,4,4,base_dffnn,0.05,static_full,cutoff_valid,0.09744408945686901,244,2504
evaluation_population,oulab,4,4,base_dffnn,0.05,activity_conditioned,activity_to_cutoff_valid,0.3624194348041646,731,2017
evaluation_population,oulab,4,4,base_dffnn,0.05,cutoff_valid,cutoff_valid_to_activity,0.3073263558515699,646,2102
protocol,oulab,4,4,base_dffnn,0.1,activity_conditioned,cutoff_valid,0.3605139609587349,1459,4047
protocol,oulab,4,4,base_dffnn,0.1,activity_to_cutoff_valid,cutoff_valid,0.7435085497150095,2348,3158
protocol,oulab,4,4,base_dffnn,0.1,cutoff_valid_to_activity,cutoff_valid,0.422004132231405,1634,3872
protocol,oulab,4,4,base_dffnn,0.1,static_full,cutoff_valid,0.11480056691637984,567,4939
evaluation_population,oulab,4,4,base_dffnn,0.1,activity_conditioned,activity_to_cutoff_valid,0.44438614900314793,1694,3812
evaluation_population,oulab,4,4,base_dffnn,0.1,cutoff_valid,cutoff_valid_to_activity,0.422004132231405,1634,3872
protocol,oulab,4,4,base_dffnn,0.2,activity_conditioned,cutoff_valid,0.5133946970737738,3737,7279
protocol,oulab,4,4,base_dffnn,0.2,activity_to_cutoff_valid,cutoff_valid,0.8256546237984753,4982,6034
protocol,oulab,4,4,base_dffnn,0.2,cutoff_valid_to_activity,cutoff_valid,0.5652173913043478,3978,7038
protocol,oulab,4,4,base_dffnn,0.2,static_full,cutoff_valid,0.1990856645259606,1829,9187
evaluation_population,oulab,4,4,base_dffnn,0.2,activity_conditioned,activity_to_cutoff_valid,0.5761911575332666,4027,6989
evaluation_population,oulab,4,4,base_dffnn,0.2,cutoff_valid,cutoff_valid_to_activity,0.5652173913043478,3978,7038
protocol,oulab,4,4,base_knn,0.01,activity_conditioned,cutoff_valid,0.1322314049586777,64,484
protocol,oulab,4,4,base_knn,0.01,activity_to_cutoff_valid,cutoff_valid,0.2043956043956044,93,455
protocol,oulab,4,4,base_knn,0.01,cutoff_valid_to_activity,cutoff_valid,0.1810344827586207,84,464
protocol,oulab,4,4,base_knn,0.01,static_full,cutoff_valid,0.15856236786469344,75,473
evaluation_population,oulab,4,4,base_knn,0.01,activity_conditioned,activity_to_cutoff_valid,0.4891304347826087,180,368
evaluation_population,oulab,4,4,base_knn,0.01,cutoff_valid,cutoff_valid_to_activity,0.1810344827586207,84,464
protocol,oulab,4,4,base_knn,0.05,activity_conditioned,cutoff_valid,0.2218763895064473,499,2249
protocol,oulab,4,4,base_knn,0.05,activity_to_cutoff_valid,cutoff_valid,0.6117302052785923,1043,1705
protocol,oulab,4,4,base_knn,0.05,cutoff_valid_to_activity,cutoff_valid,0.2663594470046083,578,2170
protocol,oulab,4,4,base_knn,0.05,static_full,cutoff_valid,0.16096324461343473,381,2367
evaluation_population,oulab,4,4,base_knn,0.05,activity_conditioned,activity_to_cutoff_valid,0.3781344032096289,754,1994
evaluation_population,oulab,4,4,base_knn,0.05,cutoff_valid,cutoff_valid_to_activity,0.2663594470046083,578,2170
protocol,oulab,4,4,base_knn,0.1,activity_conditioned,cutoff_valid,0.37272500623285965,1495,4011
protocol,oulab,4,4,base_knn,0.1,activity_to_cutoff_valid,cutoff_valid,0.8159630606860159,2474,3032
protocol,oulab,4,4,base_knn,0.1,cutoff_valid_to_activity,cutoff_valid,0.44023018571802247,1683,3823
protocol,oulab,4,4,base_knn,0.1,static_full,cutoff_valid,0.1540557535107944,735,4771
evaluation_population,oulab,4,4,base_knn,0.1,activity_conditioned,activity_to_cutoff_valid,0.4391008886565604,1680,3826
evaluation_population,oulab,4,4,base_knn,0.1,cutoff_valid,cutoff_valid_to_activity,0.44023018571802247,1683,3823
protocol,oulab,4,4,base_knn,0.2,activity_conditioned,cutoff_valid,0.5539568345323741,3927,7089
protocol,oulab,4,4,base_knn,0.2,activity_to_cutoff_valid,cutoff_valid,0.8940852819807428,5200,5816
protocol,oulab,4,4,base_knn,0.2,cutoff_valid_to_activity,cutoff_valid,0.600232423009878,4132,6884
protocol,oulab,4,4,base_knn,0.2,static_full,cutoff_valid,0.2092206366630077,1906,9110
evaluation_population,oulab,4,4,base_knn,0.2,activity_conditioned,activity_to_cutoff_valid,0.5928282244071718,4100,6916
evaluation_population,oulab,4,4,base_knn,0.2,cutoff_valid,cutoff_valid_to_activity,0.600232423009878,4132,6884
protocol,oulab,4,4,base_lr_clickstream,0.01,activity_conditioned,cutoff_valid,0.08300395256916997,42,506
protocol,oulab,4,4,base_lr_clickstream,0.01,activity_to_cutoff_valid,cutoff_valid,0.3464373464373464,141,407
protocol,oulab,4,4,base_lr_clickstream,0.01,cutoff_valid_to_activity,cutoff_valid,0.08300395256916997,42,506
protocol,oulab,4,4,base_lr_clickstream,0.01,static_full,cutoff_valid,0.15126050420168066,72,476
evaluation_population,oulab,4,4,base_lr_clickstream,0.01,activity_conditioned,activity_to_cutoff_valid,0.3838383838383838,152,396
evaluation_population,oulab,4,4,base_lr_clickstream,0.01,cutoff_valid,cutoff_valid_to_activity,0.08300395256916997,42,506
protocol,oulab,4,4,base_lr_clickstream,0.05,activity_conditioned,cutoff_valid,0.20367936925098554,465,2283
protocol,oulab,4,4,base_lr_clickstream,0.05,activity_to_cutoff_valid,cutoff_valid,0.7250470809792844,1155,1593
protocol,oulab,4,4,base_lr_clickstream,0.05,cutoff_valid_to_activity,cutoff_valid,0.2333931777378815,520,2228
protocol,oulab,4,4,base_lr_clickstream,0.05,static_full,cutoff_valid,0.1546218487394958,368,2380
evaluation_population,oulab,4,4,base_lr_clickstream,0.05,activity_conditioned,activity_to_cutoff_valid,0.3091948546927108,649,2099
evaluation_population,oulab,4,4,base_lr_clickstream,0.05,cutoff_valid,cutoff_valid_to_activity,0.2333931777378815,520,2228
protocol,oulab,4,4,base_lr_clickstream,0.1,activity_conditioned,cutoff_valid,0.3851572327044025,1531,3975
protocol,oulab,4,4,base_lr_clickstream,0.1,activity_to_cutoff_valid,cutoff_valid,0.8569983136593592,2541,2965
protocol,oulab,4,4,base_lr_clickstream,0.1,cutoff_valid_to_activity,cutoff_valid,0.42827496757457845,1651,3855
protocol,oulab,4,4,base_lr_clickstream,0.1,static_full,cutoff_valid,0.14899833055091818,714,4792
evaluation_population,oulab,4,4,base_lr_clickstream,0.1,activity_conditioned,activity_to_cutoff_valid,0.4183410613086038,1624,3882
evaluation_population,oulab,4,4,base_lr_clickstream,0.1,cutoff_valid,cutoff_valid_to_activity,0.42827496757457845,1651,3855
protocol,oulab,4,4,base_lr_clickstream,0.2,activity_conditioned,cutoff_valid,0.5515492957746478,3916,7100
protocol,oulab,4,4,base_lr_clickstream,0.2,activity_to_cutoff_valid,cutoff_valid,0.9252009786787836,5294,5722
protocol,oulab,4,4,base_lr_clickstream,0.2,cutoff_valid_to_activity,cutoff_valid,0.5716935368811528,4007,7009
protocol,oulab,4,4,base_lr_clickstream,0.2,static_full,cutoff_valid,0.21791044776119403,1971,9045
evaluation_population,oulab,4,4,base_lr_clickstream,0.2,activity_conditioned,activity_to_cutoff_valid,0.5669985775248934,3986,7030
evaluation_population,oulab,4,4,base_lr_clickstream,0.2,cutoff_valid,cutoff_valid_to_activity,0.5716935368811528,4007,7009
protocol,oulab,4,4,base_lr_profile,0.01,activity_conditioned,cutoff_valid,0.007352941176470588,4,544
protocol,oulab,4,4,base_lr_profile,0.01,activity_to_cutoff_valid,cutoff_valid,0.05182341650671785,27,521
protocol,oulab,4,4,base_lr_profile,0.01,cutoff_valid_to_activity,cutoff_valid,0.007352941176470588,4,544
protocol,oulab,4,4,base_lr_profile,0.01,static_full,cutoff_valid,0.15856236786469344,75,473
evaluation_population,oulab,4,4,base_lr_profile,0.01,activity_conditioned,activity_to_cutoff_valid,0.7452229299363057,234,314
evaluation_population,oulab,4,4,base_lr_profile,0.01,cutoff_valid,cutoff_valid_to_activity,0.007352941176470588,4,544
protocol,oulab,4,4,base_lr_profile,0.05,activity_conditioned,cutoff_valid,0.21539141972578504,487,2261
protocol,oulab,4,4,base_lr_profile,0.05,activity_to_cutoff_valid,cutoff_valid,0.2775453277545328,597,2151
protocol,oulab,4,4,base_lr_profile,0.05,cutoff_valid_to_activity,cutoff_valid,0.22133333333333333,498,2250
protocol,oulab,4,4,base_lr_profile,0.05,static_full,cutoff_valid,0.16047297297297297,380,2368
evaluation_population,oulab,4,4,base_lr_profile,0.05,activity_conditioned,activity_to_cutoff_valid,0.7660668380462725,1192,1556
evaluation_population,oulab,4,4,base_lr_profile,0.05,cutoff_valid,cutoff_valid_to_activity,0.22133333333333333,498,2250
protocol,oulab,4,4,base_lr_profile,0.1,activity_conditioned,cutoff_valid,0.42163697392202426,1633,3873
protocol,oulab,4,4,base_lr_profile,0.1,activity_to_cutoff_valid,cutoff_valid,0.510148107515085,1860,3646
protocol,oulab,4,4,base_lr_profile,0.1,cutoff_valid_to_activity,cutoff_valid,0.4543053354463814,1720,3786
protocol,oulab,4,4,base_lr_profile,0.1,static_full,cutoff_valid,0.1576955424726661,750,4756
evaluation_population,oulab,4,4,base_lr_profile,0.1,activity_conditioned,activity_to_cutoff_valid,0.7876623376623376,2426,3080
evaluation_population,oulab,4,4,base_lr_profile,0.1,cutoff_valid,cutoff_valid_to_activity,0.4543053354463814,1720,3786
protocol,oulab,4,4,base_lr_profile,0.2,activity_conditioned,cutoff_valid,0.5942112879884226,4106,6910
protocol,oulab,4,4,base_lr_profile,0.2,activity_to_cutoff_valid,cutoff_valid,0.7031539888682746,4548,6468
protocol,oulab,4,4,base_lr_profile,0.2,cutoff_valid_to_activity,cutoff_valid,0.648608201137384,4334,6682
protocol,oulab,4,4,base_lr_profile,0.2,static_full,cutoff_valid,0.24012158054711247,2133,8883
evaluation_population,oulab,4,4,base_lr_profile,0.2,activity_conditioned,activity_to_cutoff_valid,0.8020611810894814,4903,6113
evaluation_population,oulab,4,4,base_lr_profile,0.2,cutoff_valid,cutoff_valid_to_activity,0.648608201137384,4334,6682
protocol,oulab,4,4,base_lr_weekly,0.01,activity_conditioned,cutoff_valid,0.09819639278557114,49,499
protocol,oulab,4,4,base_lr_weekly,0.01,activity_to_cutoff_valid,cutoff_valid,0.5013698630136987,183,365
protocol,oulab,4,4,base_lr_weekly,0.01,cutoff_valid_to_activity,cutoff_valid,0.10040160642570281,50,498
protocol,oulab,4,4,base_lr_weekly,0.01,static_full,cutoff_valid,0.14166666666666666,68,480
evaluation_population,oulab,4,4,base_lr_weekly,0.01,activity_conditioned,activity_to_cutoff_valid,0.3204819277108434,133,415
evaluation_population,oulab,4,4,base_lr_weekly,0.01,cutoff_valid,cutoff_valid_to_activity,0.10040160642570281,50,498
protocol,oulab,4,4,base_lr_weekly,0.05,activity_conditioned,cutoff_valid,0.20844327176781002,474,2274
protocol,oulab,4,4,base_lr_weekly,0.05,activity_to_cutoff_valid,cutoff_valid,0.7949052906596995,1217,1531
protocol,oulab,4,4,base_lr_weekly,0.05,cutoff_valid_to_activity,cutoff_valid,0.24287652645861602,537,2211
protocol,oulab,4,4,base_lr_weekly,0.05,static_full,cutoff_valid,0.15268456375838926,364,2384
evaluation_population,oulab,4,4,base_lr_weekly,0.05,activity_conditioned,activity_to_cutoff_valid,0.27340129749768305,590,2158
evaluation_population,oulab,4,4,base_lr_weekly,0.05,cutoff_valid,cutoff_valid_to_activity,0.24287652645861602,537,2211
protocol,oulab,4,4,base_lr_weekly,0.1,activity_conditioned,cutoff_valid,0.3744383424862706,1500,4006
protocol,oulab,4,4,base_lr_weekly,0.1,activity_to_cutoff_valid,cutoff_valid,0.8322795341098169,2501,3005
protocol,oulab,4,4,base_lr_weekly,0.1,cutoff_valid_to_activity,cutoff_valid,0.4297585042846014,1655,3851
protocol,oulab,4,4,base_lr_weekly,0.1,static_full,cutoff_valid,0.14804003336113428,710,4796
evaluation_population,oulab,4,4,base_lr_weekly,0.1,activity_conditioned,activity_to_cutoff_valid,0.4249482401656315,1642,3864
evaluation_population,oulab,4,4,base_lr_weekly,0.1,cutoff_valid,cutoff_valid_to_activity,0.4297585042846014,1655,3851
protocol,oulab,4,4,base_lr_weekly,0.2,activity_conditioned,cutoff_valid,0.5312760633861552,3822,7194
protocol,oulab,4,4,base_lr_weekly,0.2,activity_to_cutoff_valid,cutoff_valid,0.8737880591937405,5137,5879
protocol,oulab,4,4,base_lr_weekly,0.2,cutoff_valid_to_activity,cutoff_valid,0.5741640468705345,4018,6998
protocol,oulab,4,4,base_lr_weekly,0.2,static_full,cutoff_valid,0.21643109540636044,1960,9056
evaluation_population,oulab,4,4,base_lr_weekly,0.2,activity_conditioned,activity_to_cutoff_valid,0.5612244897959183,3960,7056
evaluation_population,oulab,4,4,base_lr_weekly,0.2,cutoff_valid,cutoff_valid_to_activity,0.5741640468705345,4018,6998
protocol,oulab,4,4,base_rf_entropy,0.01,activity_conditioned,cutoff_valid,0.06614785992217899,34,514
protocol,oulab,4,4,base_rf_entropy,0.01,activity_to_cutoff_valid,cutoff_valid,0.29550827423167847,125,423
protocol,oulab,4,4,base_rf_entropy,0.01,cutoff_valid_to_activity,cutoff_valid,0.0703125,36,512
protocol,oulab,4,4,base_rf_entropy,0.01,static_full,cutoff_valid,0.07450980392156863,38,510
evaluation_population,oulab,4,4,base_rf_entropy,0.01,activity_conditioned,activity_to_cutoff_valid,0.29245283018867924,124,424
evaluation_population,oulab,4,4,base_rf_entropy,0.01,cutoff_valid,cutoff_valid_to_activity,0.0703125,36,512
protocol,oulab,4,4,base_rf_entropy,0.05,activity_conditioned,cutoff_valid,0.22079075966237227,497,2251
protocol,oulab,4,4,base_rf_entropy,0.05,activity_to_cutoff_valid,cutoff_valid,0.6634382566585957,1096,1652
protocol,oulab,4,4,base_rf_entropy,0.05,cutoff_valid_to_activity,cutoff_valid,0.27399165507649514,591,2157
protocol,oulab,4,4,base_rf_entropy,0.05,static_full,cutoff_valid,0.09525707453168593,239,2509
evaluation_population,oulab,4,4,base_rf_entropy,0.05,activity_conditioned,activity_to_cutoff_valid,0.32753623188405795,678,2070
evaluation_population,oulab,4,4,base_rf_entropy,0.05,cutoff_valid,cutoff_valid_to_activity,0.27399165507649514,591,2157
protocol,oulab,4,4,base_rf_entropy,0.1,activity_conditioned,cutoff_valid,0.35315802408454167,1437,4069
protocol,oulab,4,4,base_rf_entropy,0.1,activity_to_cutoff_valid,cutoff_valid,0.7905691056910569,2431,3075
protocol,oulab,4,4,base_rf_entropy,0.1,cutoff_valid_to_activity,cutoff_valid,0.41288170387477546,1609,3897
protocol,oulab,4,4,base_rf_entropy,0.1,static_full,cutoff_valid,0.11706228443903428,577,4929
evaluation_population,oulab,4,4,base_rf_entropy,0.1,activity_conditioned,activity_to_cutoff_valid,0.4212700051626226,1632,3874
evaluation_population,oulab,4,4,base_rf_entropy,0.1,cutoff_valid,cutoff_valid_to_activity,0.41288170387477546,1609,3897
protocol,oulab,4,4,base_rf_entropy,0.2,activity_conditioned,cutoff_valid,0.5274542429284526,3804,7212
protocol,oulab,4,4,base_rf_entropy,0.2,activity_to_cutoff_valid,cutoff_valid,0.8671186440677966,5116,5900
protocol,oulab,4,4,base_rf_entropy,0.2,cutoff_valid_to_activity,cutoff_valid,0.5638841567291312,3972,7044
protocol,oulab,4,4,base_rf_entropy,0.2,static_full,cutoff_valid,0.19001836448093334,1759,9257
evaluation_population,oulab,4,4,base_rf_entropy,0.2,activity_conditioned,activity_to_cutoff_valid,0.5770937723693629,4031,6985
evaluation_population,oulab,4,4,base_rf_entropy,0.2,cutoff_valid,cutoff_valid_to_activity,0.5638841567291312,3972,7044
protocol,oulab,4,4,base_rf_gini,0.01,activity_conditioned,cutoff_valid,0.06614785992217899,34,514
protocol,oulab,4,4,base_rf_gini,0.01,activity_to_cutoff_valid,cutoff_valid,0.2744186046511628,118,430
protocol,oulab,4,4,base_rf_gini,0.01,cutoff_valid_to_activity,cutoff_valid,0.07450980392156863,38,510
protocol,oulab,4,4,base_rf_gini,0.01,static_full,cutoff_valid,0.06614785992217899,34,514
evaluation_population,oulab,4,4,base_rf_gini,0.01,activity_conditioned,activity_to_cutoff_valid,0.2985781990521327,126,422
evaluation_population,oulab,4,4,base_rf_gini,0.01,cutoff_valid,cutoff_valid_to_activity,0.07450980392156863,38,510
protocol,oulab,4,4,base_rf_gini,0.05,activity_conditioned,cutoff_valid,0.2218763895064473,499,2249
protocol,oulab,4,4,base_rf_gini,0.05,activity_to_cutoff_valid,cutoff_valid,0.6644457904300424,1097,1651
protocol,oulab,4,4,base_rf_gini,0.05,cutoff_valid_to_activity,cutoff_valid,0.27932960893854747,600,2148
protocol,oulab,4,4,base_rf_gini,0.05,static_full,cutoff_valid,0.0965682362330407,242,2506
evaluation_population,oulab,4,4,base_rf_gini,0.05,activity_conditioned,activity_to_cutoff_valid,0.3326867119301649,686,2062
evaluation_population,oulab,4,4,base_rf_gini,0.05,cutoff_valid,cutoff_valid_to_activity,0.27932960893854747,600,2148
protocol,oulab,4,4,base_rf_gini,0.1,activity_conditioned,cutoff_valid,0.35415641908509593,1440,4066
protocol,oulab,4,4,base_rf_gini,0.1,activity_to_cutoff_valid,cutoff_valid,0.7911515940143136,2432,3074
protocol,oulab,4,4,base_rf_gini,0.1,cutoff_valid_to_activity,cutoff_valid,0.4143334189571025,1613,3893
protocol,oulab,4,4,base_rf_gini,0.1,static_full,cutoff_valid,0.11638280616382807,574,4932
evaluation_population,oulab,4,4,base_rf_gini,0.1,activity_conditioned,activity_to_cutoff_valid,0.4227390180878553,1636,3870
evaluation_population,oulab,4,4,base_rf_gini,0.1,cutoff_valid,cutoff_valid_to_activity,0.4143334189571025,1613,3893
protocol,oulab,4,4,base_rf_gini,0.2,activity_conditioned,cutoff_valid,0.5302125295179886,3817,7199
protocol,oulab,4,4,base_rf_gini,0.2,activity_to_cutoff_valid,cutoff_valid,0.8693365009333107,5123,5893
protocol,oulab,4,4,base_rf_gini,0.2,cutoff_valid_to_activity,cutoff_valid,0.5641062047422973,3973,7043
protocol,oulab,4,4,base_rf_gini,0.2,static_full,cutoff_valid,0.19130528820157888,1769,9247
evaluation_population,oulab,4,4,base_rf_gini,0.2,activity_conditioned,activity_to_cutoff_valid,0.5777714122028073,4034,6982
evaluation_population,oulab,4,4,base_rf_gini,0.2,cutoff_valid,cutoff_valid_to_activity,0.5641062047422973,3973,7043
protocol,oulab,4,4,base_svm,0.01,activity_conditioned,cutoff_valid,0.09381237524950099,47,501
protocol,oulab,4,4,base_svm,0.01,activity_to_cutoff_valid,cutoff_valid,0.4270833333333333,164,384
protocol,oulab,4,4,base_svm,0.01,cutoff_valid_to_activity,cutoff_valid,0.09163346613545817,46,502
protocol,oulab,4,4,base_svm,0.01,static_full,cutoff_valid,0.19389978213507625,89,459
evaluation_population,oulab,4,4,base_svm,0.01,activity_conditioned,activity_to_cutoff_valid,0.3464373464373464,141,407
evaluation_population,oulab,4,4,base_svm,0.01,cutoff_valid,cutoff_valid_to_activity,0.09163346613545817,46,502
protocol,oulab,4,4,base_svm,0.05,activity_conditioned,cutoff_valid,0.20526315789473684,468,2280
protocol,oulab,4,4,base_svm,0.05,activity_to_cutoff_valid,cutoff_valid,0.8492597577388964,1262,1486
protocol,oulab,4,4,base_svm,0.05,cutoff_valid_to_activity,cutoff_valid,0.2333931777378815,520,2228
protocol,oulab,4,4,base_svm,0.05,static_full,cutoff_valid,0.18961038961038962,438,2310
evaluation_population,oulab,4,4,base_svm,0.05,activity_conditioned,activity_to_cutoff_valid,0.2588181401740724,565,2183
evaluation_population,oulab,4,4,base_svm,0.05,cutoff_valid,cutoff_valid_to_activity,0.2333931777378815,520,2228
protocol,oulab,4,4,base_svm,0.1,activity_conditioned,cutoff_valid,0.3855057876195269,1532,3974
protocol,oulab,4,4,base_svm,0.1,activity_to_cutoff_valid,cutoff_valid,0.8772587794067508,2573,2933
protocol,oulab,4,4,base_svm,0.1,cutoff_valid_to_activity,cutoff_valid,0.42568617296737443,1644,3862
protocol,oulab,4,4,base_svm,0.1,static_full,cutoff_valid,0.1660313426514189,784,4722
evaluation_population,oulab,4,4,base_svm,0.1,activity_conditioned,activity_to_cutoff_valid,0.4168811116829645,1620,3886
evaluation_population,oulab,4,4,base_svm,0.1,cutoff_valid,cutoff_valid_to_activity,0.42568617296737443,1644,3862
protocol,oulab,4,4,base_svm,0.2,activity_conditioned,cutoff_valid,0.5539568345323741,3927,7089
protocol,oulab,4,4,base_svm,0.2,activity_to_cutoff_valid,cutoff_valid,0.934668071654373,5322,5694
protocol,oulab,4,4,base_svm,0.2,cutoff_valid_to_activity,cutoff_valid,0.5701254275940707,4000,7016
protocol,oulab,4,4,base_svm,0.2,static_full,cutoff_valid,0.224,2016,9000
evaluation_population,oulab,4,4,base_svm,0.2,activity_conditioned,activity_to_cutoff_valid,0.5658848614072495,3981,7035
evaluation_population,oulab,4,4,base_svm,0.2,cutoff_valid,cutoff_valid_to_activity,0.5701254275940707,4000,7016
protocol,oulab,4,4,flat_hgb,0.01,activity_conditioned,cutoff_valid,0.24829157175398633,109,439
protocol,oulab,4,4,flat_hgb,0.01,activity_to_cutoff_valid,cutoff_valid,0.33985330073349634,139,409
protocol,oulab,4,4,flat_hgb,0.01,cutoff_valid_to_activity,cutoff_valid,0.3979591836734694,156,392
protocol,oulab,4,4,flat_hgb,0.01,static_full,cutoff_valid,0.07240704500978473,37,511
evaluation_population,oulab,4,4,flat_hgb,0.01,activity_conditioned,activity_to_cutoff_valid,0.5657142857142857,198,350
evaluation_population,oulab,4,4,flat_hgb,0.01,cutoff_valid,cutoff_valid_to_activity,0.3979591836734694,156,392
protocol,oulab,4,4,flat_hgb,0.05,activity_conditioned,cutoff_valid,0.26286764705882354,572,2176
protocol,oulab,4,4,flat_hgb,0.05,activity_to_cutoff_valid,cutoff_valid,0.35636722606120436,722,2026
protocol,oulab,4,4,flat_hgb,0.05,cutoff_valid_to_activity,cutoff_valid,0.332040717401842,685,2063
protocol,oulab,4,4,flat_hgb,0.05,static_full,cutoff_valid,0.12438625204582651,304,2444
evaluation_population,oulab,4,4,flat_hgb,0.05,activity_conditioned,activity_to_cutoff_valid,0.5847750865051903,1014,1734
evaluation_population,oulab,4,4,flat_hgb,0.05,cutoff_valid,cutoff_valid_to_activity,0.332040717401842,685,2063
protocol,oulab,4,4,flat_hgb,0.1,activity_conditioned,cutoff_valid,0.38690176322418135,1536,3970
protocol,oulab,4,4,flat_hgb,0.1,activity_to_cutoff_valid,cutoff_valid,0.7067575945443273,2280,3226
protocol,oulab,4,4,flat_hgb,0.1,cutoff_valid_to_activity,cutoff_valid,0.45661375661375664,1726,3780
protocol,oulab,4,4,flat_hgb,0.1,static_full,cutoff_valid,0.14066708100269318,679,4827
evaluation_population,oulab,4,4,flat_hgb,0.1,activity_conditioned,activity_to_cutoff_valid,0.4986390854654328,1832,3674
evaluation_population,oulab,4,4,flat_hgb,0.1,cutoff_valid,cutoff_valid_to_activity,0.45661375661375664,1726,3780
protocol,oulab,4,4,flat_hgb,0.2,activity_conditioned,cutoff_valid,0.547191011235955,3896,7120
protocol,oulab,4,4,flat_hgb,0.2,activity_to_cutoff_valid,cutoff_valid,0.8750638297872341,5141,5875
protocol,oulab,4,4,flat_hgb,0.2,cutoff_valid_to_activity,cutoff_valid,0.5939806106207496,4105,6911
protocol,oulab,4,4,flat_hgb,0.2,static_full,cutoff_valid,0.21952839588176684,1983,9033
evaluation_population,oulab,4,4,flat_hgb,0.2,activity_conditioned,activity_to_cutoff_valid,0.587777457480542,4078,6938
evaluation_population,oulab,4,4,flat_hgb,0.2,cutoff_valid,cutoff_valid_to_activity,0.5939806106207496,4105,6911
protocol,oulab,4,4,stack_7_full,0.01,activity_conditioned,cutoff_valid,0.12295081967213115,60,488
protocol,oulab,4,4,stack_7_full,0.01,activity_to_cutoff_valid,cutoff_valid,0.16595744680851063,78,470
protocol,oulab,4,4,stack_7_full,0.01,cutoff_valid_to_activity,cutoff_valid,0.16844349680170576,79,469
protocol,oulab,4,4,stack_7_full,0.01,static_full,cutoff_valid,0.06614785992217899,34,514
evaluation_population,oulab,4,4,stack_7_full,0.01,activity_conditioned,activity_to_cutoff_valid,0.32367149758454106,134,414
evaluation_population,oulab,4,4,stack_7_full,0.01,cutoff_valid,cutoff_valid_to_activity,0.16844349680170576,79,469
protocol,oulab,4,4,stack_7_full,0.05,activity_conditioned,cutoff_valid,0.23118279569892472,516,2232
protocol,oulab,4,4,stack_7_full,0.05,activity_to_cutoff_valid,cutoff_valid,0.35636722606120436,722,2026
protocol,oulab,4,4,stack_7_full,0.05,cutoff_valid_to_activity,cutoff_valid,0.28772258669165884,614,2134
protocol,oulab,4,4,stack_7_full,0.05,static_full,cutoff_valid,0.09351372861122165,235,2513
evaluation_population,oulab,4,4,stack_7_full,0.05,activity_conditioned,activity_to_cutoff_valid,0.3977619532044761,782,1966
evaluation_population,oulab,4,4,stack_7_full,0.05,cutoff_valid,cutoff_valid_to_activity,0.28772258669165884,614,2134
protocol,oulab,4,4,stack_7_full,0.1,activity_conditioned,cutoff_valid,0.3386822270848529,1393,4113
protocol,oulab,4,4,stack_7_full,0.1,activity_to_cutoff_valid,cutoff_valid,0.599651365485183,2064,3442
protocol,oulab,4,4,stack_7_full,0.1,cutoff_valid_to_activity,cutoff_valid,0.38446064873019864,1529,3977
protocol,oulab,4,4,stack_7_full,0.1,static_full,cutoff_valid,0.11865095489638358,584,4922
evaluation_population,oulab,4,4,stack_7_full,0.1,activity_conditioned,activity_to_cutoff_valid,0.4741633199464525,1771,3735
evaluation_population,oulab,4,4,stack_7_full,0.1,cutoff_valid,cutoff_valid_to_activity,0.38446064873019864,1529,3977
protocol,oulab,4,4,stack_7_full,0.2,activity_conditioned,cutoff_valid,0.5138106362512024,3739,7277
protocol,oulab,4,4,stack_7_full,0.2,activity_to_cutoff_valid,cutoff_valid,0.8020611810894814,4903,6113
protocol,oulab,4,4,stack_7_full,0.2,cutoff_valid_to_activity,cutoff_valid,0.538117844177604,3854,7162
protocol,oulab,4,4,stack_7_full,0.2,static_full,cutoff_valid,0.19143413367942894,1770,9246
evaluation_population,oulab,4,4,stack_7_full,0.2,activity_conditioned,activity_to_cutoff_valid,0.5921375921375921,4097,6919
evaluation_population,oulab,4,4,stack_7_full,0.2,cutoff_valid,cutoff_valid_to_activity,0.538117844177604,3854,7162
protocol,oulab,4,4,temporal_hgb,0.01,activity_conditioned,cutoff_valid,0.13692946058091288,66,482
protocol,oulab,4,4,temporal_hgb,0.01,activity_to_cutoff_valid,cutoff_valid,0.20704845814977973,94,454
protocol,oulab,4,4,temporal_hgb,0.01,cutoff_valid_to_activity,cutoff_valid,0.2744186046511628,118,430
protocol,oulab,4,4,temporal_hgb,0.01,static_full,cutoff_valid,0.12065439672801637,59,489
evaluation_population,oulab,4,4,temporal_hgb,0.01,activity_conditioned,activity_to_cutoff_valid,0.509641873278237,185,363
evaluation_population,oulab,4,4,temporal_hgb,0.01,cutoff_valid,cutoff_valid_to_activity,0.2744186046511628,118,430
protocol,oulab,4,4,temporal_hgb,0.05,activity_conditioned,cutoff_valid,0.17135549872122763,402,2346
protocol,oulab,4,4,temporal_hgb,0.05,activity_to_cutoff_valid,cutoff_valid,0.5115511551155115,930,1818
protocol,oulab,4,4,temporal_hgb,0.05,cutoff_valid_to_activity,cutoff_valid,0.26055045871559634,568,2180
protocol,oulab,4,4,temporal_hgb,0.05,static_full,cutoff_valid,0.15607909129154396,371,2377
evaluation_population,oulab,4,4,temporal_hgb,0.05,activity_conditioned,activity_to_cutoff_valid,0.3928028383172833,775,1973
evaluation_population,oulab,4,4,temporal_hgb,0.05,cutoff_valid,cutoff_valid_to_activity,0.26055045871559634,568,2180
protocol,oulab,4,4,temporal_hgb,0.1,activity_conditioned,cutoff_valid,0.31817093607852526,1329,4177
protocol,oulab,4,4,temporal_hgb,0.1,activity_to_cutoff_valid,cutoff_valid,0.6786585365853659,2226,3280
protocol,oulab,4,4,temporal_hgb,0.1,cutoff_valid_to_activity,cutoff_valid,0.4253171110535853,1643,3863
protocol,oulab,4,4,temporal_hgb,0.1,static_full,cutoff_valid,0.1521238752877171,727,4779
evaluation_population,oulab,4,4,temporal_hgb,0.1,activity_conditioned,activity_to_cutoff_valid,0.4558434690639873,1724,3782
evaluation_population,oulab,4,4,temporal_hgb,0.1,cutoff_valid,cutoff_valid_to_activity,0.4253171110535853,1643,3863
protocol,oulab,4,4,temporal_hgb,0.2,activity_conditioned,cutoff_valid,0.5088344062457197,3715,7301
protocol,oulab,4,4,temporal_hgb,0.2,activity_to_cutoff_valid,cutoff_valid,0.8366122040680227,5018,5998
protocol,oulab,4,4,temporal_hgb,0.2,cutoff_valid_to_activity,cutoff_valid,0.5949037208628927,4109,6907
protocol,oulab,4,4,temporal_hgb,0.2,static_full,cutoff_valid,0.2092206366630077,1906,9110
evaluation_population,oulab,4,4,temporal_hgb,0.2,activity_conditioned,activity_to_cutoff_valid,0.5712451861360719,4005,7011
evaluation_population,oulab,4,4,temporal_hgb,0.2,cutoff_valid,cutoff_valid_to_activity,0.5949037208628927,4109,6907
protocol,oulab,6,6,base_dffnn,0.01,activity_conditioned,cutoff_valid,0.09349593495934959,46,492
protocol,oulab,6,6,base_dffnn,0.01,activity_to_cutoff_valid,cutoff_valid,0.3251231527093596,132,406
protocol,oulab,6,6,base_dffnn,0.01,cutoff_valid_to_activity,cutoff_valid,0.1645021645021645,76,462
protocol,oulab,6,6,base_dffnn,0.01,static_full,cutoff_valid,0.05905511811023622,30,508
evaluation_population,oulab,6,6,base_dffnn,0.01,activity_conditioned,activity_to_cutoff_valid,0.2540792540792541,109,429
evaluation_population,oulab,6,6,base_dffnn,0.01,cutoff_valid,cutoff_valid_to_activity,0.1645021645021645,76,462
protocol,oulab,6,6,base_dffnn,0.05,activity_conditioned,cutoff_valid,0.23076923076923078,507,2197
protocol,oulab,6,6,base_dffnn,0.05,activity_to_cutoff_valid,cutoff_valid,0.6437689969604863,1059,1645
protocol,oulab,6,6,base_dffnn,0.05,cutoff_valid_to_activity,cutoff_valid,0.28823249166269654,605,2099
protocol,oulab,6,6,base_dffnn,0.05,static_full,cutoff_valid,0.08550782818145324,213,2491
evaluation_population,oulab,6,6,base_dffnn,0.05,activity_conditioned,activity_to_cutoff_valid,0.3248407643312102,663,2041
evaluation_population,oulab,6,6,base_dffnn,0.05,cutoff_valid,cutoff_valid_to_activity,0.28823249166269654,605,2099
protocol,oulab,6,6,base_dffnn,0.1,activity_conditioned,cutoff_valid,0.3145220141084894,1293,4111
protocol,oulab,6,6,base_dffnn,0.1,activity_to_cutoff_valid,cutoff_valid,0.7454780361757106,2308,3096
protocol,oulab,6,6,base_dffnn,0.1,cutoff_valid_to_activity,cutoff_valid,0.3726187452374905,1467,3937
protocol,oulab,6,6,base_dffnn,0.1,static_full,cutoff_valid,0.1080582325199918,527,4877
evaluation_population,oulab,6,6,base_dffnn,0.1,activity_conditioned,activity_to_cutoff_valid,0.3838668373879641,1499,3905
evaluation_population,oulab,6,6,base_dffnn,0.1,cutoff_valid,cutoff_valid_to_activity,0.3726187452374905,1467,3937
protocol,oulab,6,6,base_dffnn,0.2,activity_conditioned,cutoff_valid,0.46740901683867464,3442,7364
protocol,oulab,6,6,base_dffnn,0.2,activity_to_cutoff_valid,cutoff_valid,0.832146490335707,4908,5898
protocol,oulab,6,6,base_dffnn,0.2,cutoff_valid_to_activity,cutoff_valid,0.5066926938092582,3634,7172
protocol,oulab,6,6,base_dffnn,0.2,static_full,cutoff_valid,0.17062073448163795,1575,9231
evaluation_population,oulab,6,6,base_dffnn,0.2,activity_conditioned,activity_to_cutoff_valid,0.5168444693992139,3682,7124
evaluation_population,oulab,6,6,base_dffnn,0.2,cutoff_valid,cutoff_valid_to_activity,0.5066926938092582,3634,7172
protocol,oulab,6,6,base_knn,0.01,activity_conditioned,cutoff_valid,0.04263565891472868,22,516
protocol,oulab,6,6,base_knn,0.01,activity_to_cutoff_valid,cutoff_valid,0.32186732186732187,131,407
protocol,oulab,6,6,base_knn,0.01,cutoff_valid_to_activity,cutoff_valid,0.09127789046653144,45,493
protocol,oulab,6,6,base_knn,0.01,static_full,cutoff_valid,0.12083333333333333,58,480
evaluation_population,oulab,6,6,base_knn,0.01,activity_conditioned,activity_to_cutoff_valid,0.24249422632794457,105,433
evaluation_population,oulab,6,6,base_knn,0.01,cutoff_valid,cutoff_valid_to_activity,0.09127789046653144,45,493
protocol,oulab,6,6,base_knn,0.05,activity_conditioned,cutoff_valid,0.20284697508896798,456,2248
protocol,oulab,6,6,base_knn,0.05,activity_to_cutoff_valid,cutoff_valid,0.7569850552306693,1165,1539
protocol,oulab,6,6,base_knn,0.05,cutoff_valid_to_activity,cutoff_valid,0.2839506172839506,598,2106
protocol,oulab,6,6,base_knn,0.05,static_full,cutoff_valid,0.13327745180217937,318,2386
evaluation_population,oulab,6,6,base_knn,0.05,activity_conditioned,activity_to_cutoff_valid,0.2730696798493409,580,2124
evaluation_population,oulab,6,6,base_knn,0.05,cutoff_valid,cutoff_valid_to_activity,0.2839506172839506,598,2106
protocol,oulab,6,6,base_knn,0.1,activity_conditioned,cutoff_valid,0.34628799202790234,1390,4014
protocol,oulab,6,6,base_knn,0.1,activity_to_cutoff_valid,cutoff_valid,0.8232118758434548,2440,2964
protocol,oulab,6,6,base_knn,0.1,cutoff_valid_to_activity,cutoff_valid,0.4254814033236613,1613,3791
protocol,oulab,6,6,base_knn,0.1,static_full,cutoff_valid,0.12841929421591147,615,4789
evaluation_population,oulab,6,6,base_knn,0.1,activity_conditioned,activity_to_cutoff_valid,0.39278350515463917,1524,3880
evaluation_population,oulab,6,6,base_knn,0.1,cutoff_valid,cutoff_valid_to_activity,0.4254814033236613,1613,3791
protocol,oulab,6,6,base_knn,0.2,activity_conditioned,cutoff_valid,0.5321139940450872,3753,7053
protocol,oulab,6,6,base_knn,0.2,activity_to_cutoff_valid,cutoff_valid,0.9017951425554382,5124,5682
protocol,oulab,6,6,base_knn,0.2,cutoff_valid_to_activity,cutoff_valid,0.570411277430606,3925,6881
protocol,oulab,6,6,base_knn,0.2,static_full,cutoff_valid,0.18111268991146573,1657,9149
evaluation_population,oulab,6,6,base_knn,0.2,activity_conditioned,activity_to_cutoff_valid,0.555043891207368,3857,6949
evaluation_population,oulab,6,6,base_knn,0.2,cutoff_valid,cutoff_valid_to_activity,0.570411277430606,3925,6881
protocol,oulab,6,6,base_lr_clickstream,0.01,activity_conditioned,cutoff_valid,0.0846774193548387,42,496
protocol,oulab,6,6,base_lr_clickstream,0.01,activity_to_cutoff_valid,cutoff_valid,0.31862745098039214,130,408
protocol,oulab,6,6,base_lr_clickstream,0.01,cutoff_valid_to_activity,cutoff_valid,0.09349593495934959,46,492
protocol,oulab,6,6,base_lr_clickstream,0.01,static_full,cutoff_valid,0.1278825995807128,61,477
evaluation_population,oulab,6,6,base_lr_clickstream,0.01,activity_conditioned,activity_to_cutoff_valid,0.37948717948717947,148,390
evaluation_population,oulab,6,6,base_lr_clickstream,0.01,cutoff_valid,cutoff_valid_to_activity,0.09349593495934959,46,492
protocol,oulab,6,6,base_lr_clickstream,0.05,activity_conditioned,cutoff_valid,0.23752860411899313,519,2185
protocol,oulab,6,6,base_lr_clickstream,0.05,activity_to_cutoff_valid,cutoff_valid,0.6995600251414205,1113,1591
protocol,oulab,6,6,base_lr_clickstream,0.05,cutoff_valid_to_activity,cutoff_valid,0.3031325301204819,629,2075
protocol,oulab,6,6,base_lr_clickstream,0.05,static_full,cutoff_valid,0.12760633861551293,306,2398
evaluation_population,oulab,6,6,base_lr_clickstream,0.05,activity_conditioned,activity_to_cutoff_valid,0.33201970443349754,674,2030
evaluation_population,oulab,6,6,base_lr_clickstream,0.05,cutoff_valid,cutoff_valid_to_activity,0.3031325301204819,629,2075
protocol,oulab,6,6,base_lr_clickstream,0.1,activity_conditioned,cutoff_valid,0.37122557726465366,1463,3941
protocol,oulab,6,6,base_lr_clickstream,0.1,activity_to_cutoff_valid,cutoff_valid,0.8115990613476366,2421,2983
protocol,oulab,6,6,base_lr_clickstream,0.1,cutoff_valid_to_activity,cutoff_valid,0.4224795998947091,1605,3799
protocol,oulab,6,6,base_lr_clickstream,0.1,static_full,cutoff_valid,0.12841929421591147,615,4789
evaluation_population,oulab,6,6,base_lr_clickstream,0.1,activity_conditioned,activity_to_cutoff_valid,0.39855072463768115,1540,3864
evaluation_population,oulab,6,6,base_lr_clickstream,0.1,cutoff_valid,cutoff_valid_to_activity,0.4224795998947091,1605,3799
protocol,oulab,6,6,base_lr_clickstream,0.2,activity_conditioned,cutoff_valid,0.5183363776872277,3689,7117
protocol,oulab,6,6,base_lr_clickstream,0.2,activity_to_cutoff_valid,cutoff_valid,0.9088500264970854,5145,5661
protocol,oulab,6,6,base_lr_clickstream,0.2,cutoff_valid_to_activity,cutoff_valid,0.5483593638057028,3827,6979
protocol,oulab,6,6,base_lr_clickstream,0.2,static_full,cutoff_valid,0.19416510111614543,1757,9049
evaluation_population,oulab,6,6,base_lr_clickstream,0.2,activity_conditioned,activity_to_cutoff_valid,0.5336361055918252,3760,7046
evaluation_population,oulab,6,6,base_lr_clickstream,0.2,cutoff_valid,cutoff_valid_to_activity,0.5483593638057028,3827,6979
protocol,oulab,6,6,base_lr_profile,0.01,activity_conditioned,cutoff_valid,0.011278195488721804,6,532
protocol,oulab,6,6,base_lr_profile,0.01,activity_to_cutoff_valid,cutoff_valid,0.03861003861003861,20,518
protocol,oulab,6,6,base_lr_profile,0.01,cutoff_valid_to_activity,cutoff_valid,0.013182674199623353,7,531
protocol,oulab,6,6,base_lr_profile,0.01,static_full,cutoff_valid,0.13742071881606766,65,473
evaluation_population,oulab,6,6,base_lr_profile,0.01,activity_conditioned,activity_to_cutoff_valid,0.7467532467532467,230,308
evaluation_population,oulab,6,6,base_lr_profile,0.01,cutoff_valid,cutoff_valid_to_activity,0.013182674199623353,7,531
protocol,oulab,6,6,base_lr_profile,0.05,activity_conditioned,cutoff_valid,0.2803030303030303,592,2112
protocol,oulab,6,6,base_lr_profile,0.05,activity_to_cutoff_valid,cutoff_valid,0.3406048587010411,687,2017
protocol,oulab,6,6,base_lr_profile,0.05,cutoff_valid_to_activity,cutoff_valid,0.29688249400479616,619,2085
protocol,oulab,6,6,base_lr_profile,0.05,static_full,cutoff_valid,0.1361344537815126,324,2380
evaluation_population,oulab,6,6,base_lr_profile,0.05,activity_conditioned,activity_to_cutoff_valid,0.7524303305249513,1161,1543
evaluation_population,oulab,6,6,base_lr_profile,0.05,cutoff_valid,cutoff_valid_to_activity,0.29688249400479616,619,2085
protocol,oulab,6,6,base_lr_profile,0.1,activity_conditioned,cutoff_valid,0.44957081545064376,1676,3728
protocol,oulab,6,6,base_lr_profile,0.1,activity_to_cutoff_valid,cutoff_valid,0.5417974322396576,1899,3505
protocol,oulab,6,6,base_lr_profile,0.1,cutoff_valid_to_activity,cutoff_valid,0.5158485273492286,1839,3565
protocol,oulab,6,6,base_lr_profile,0.1,static_full,cutoff_valid,0.134102833158447,639,4765
evaluation_population,oulab,6,6,base_lr_profile,0.1,activity_conditioned,activity_to_cutoff_valid,0.768324607329843,2348,3056
evaluation_population,oulab,6,6,base_lr_profile,0.1,cutoff_valid,cutoff_valid_to_activity,0.5158485273492286,1839,3565
protocol,oulab,6,6,base_lr_profile,0.2,activity_conditioned,cutoff_valid,0.6104321907600596,4096,6710
protocol,oulab,6,6,base_lr_profile,0.2,activity_to_cutoff_valid,cutoff_valid,0.7253712278460801,4543,6263
protocol,oulab,6,6,base_lr_profile,0.2,cutoff_valid_to_activity,cutoff_valid,0.6879100281162137,4404,6402
protocol,oulab,6,6,base_lr_profile,0.2,static_full,cutoff_valid,0.2235054347826087,1974,8832
evaluation_population,oulab,6,6,base_lr_profile,0.2,activity_conditioned,activity_to_cutoff_valid,0.7811109279709906,4739,6067
evaluation_population,oulab,6,6,base_lr_profile,0.2,cutoff_valid,cutoff_valid_to_activity,0.6879100281162137,4404,6402
protocol,oulab,6,6,base_lr_weekly,0.01,activity_conditioned,cutoff_valid,0.25995316159250587,111,427
protocol,oulab,6,6,base_lr_weekly,0.01,activity_to_cutoff_valid,cutoff_valid,0.27790973871733965,117,421
protocol,oulab,6,6,base_lr_weekly,0.01,cutoff_valid_to_activity,cutoff_valid,0.2840095465393795,119,419
protocol,oulab,6,6,base_lr_weekly,0.01,static_full,cutoff_valid,0.12552301255230125,60,478
evaluation_population,oulab,6,6,base_lr_weekly,0.01,activity_conditioned,activity_to_cutoff_valid,0.7639344262295082,233,305
evaluation_population,oulab,6,6,base_lr_weekly,0.01,cutoff_valid,cutoff_valid_to_activity,0.2840095465393795,119,419
protocol,oulab,6,6,base_lr_weekly,0.05,activity_conditioned,cutoff_valid,0.25475638051044086,549,2155
protocol,oulab,6,6,base_lr_weekly,0.05,activity_to_cutoff_valid,cutoff_valid,0.39237899073120497,762,1942
protocol,oulab,6,6,base_lr_weekly,0.05,cutoff_valid_to_activity,cutoff_valid,0.3138969873663751,646,2058
protocol,oulab,6,6,base_lr_weekly,0.05,static_full,cutoff_valid,0.1299623903050564,311,2393
evaluation_population,oulab,6,6,base_lr_weekly,0.05,activity_conditioned,activity_to_cutoff_valid,0.5558112773302647,966,1738
evaluation_population,oulab,6,6,base_lr_weekly,0.05,cutoff_valid,cutoff_valid_to_activity,0.3138969873663751,646,2058
protocol,oulab,6,6,base_lr_weekly,0.1,activity_conditioned,cutoff_valid,0.37296747967479676,1468,3936
protocol,oulab,6,6,base_lr_weekly,0.1,activity_to_cutoff_valid,cutoff_valid,0.665331278890601,2159,3245
protocol,oulab,6,6,base_lr_weekly,0.1,cutoff_valid_to_activity,cutoff_valid,0.44029850746268656,1652,3752
protocol,oulab,6,6,base_lr_weekly,0.1,static_full,cutoff_valid,0.12983483169558854,621,4783
evaluation_population,oulab,6,6,base_lr_weekly,0.1,activity_conditioned,activity_to_cutoff_valid,0.4973676918814076,1795,3609
evaluation_population,oulab,6,6,base_lr_weekly,0.1,cutoff_valid,cutoff_valid_to_activity,0.44029850746268656,1652,3752
protocol,oulab,6,6,base_lr_weekly,0.2,activity_conditioned,cutoff_valid,0.5035480729094198,3619,7187
protocol,oulab,6,6,base_lr_weekly,0.2,activity_to_cutoff_valid,cutoff_valid,0.8711688311688311,5031,5775
protocol,oulab,6,6,base_lr_weekly,0.2,cutoff_valid_to_activity,cutoff_valid,0.5494694579868081,3832,6974
protocol,oulab,6,6,base_lr_weekly,0.2,static_full,cutoff_valid,0.19548622635247262,1767,9039
evaluation_population,oulab,6,6,base_lr_weekly,0.2,activity_conditioned,activity_to_cutoff_valid,0.543493786601914,3805,7001
evaluation_population,oulab,6,6,base_lr_weekly,0.2,cutoff_valid,cutoff_valid_to_activity,0.5494694579868081,3832,6974
protocol,oulab,6,6,base_rf_entropy,0.01,activity_conditioned,cutoff_valid,0.06746031746031746,34,504
protocol,oulab,6,6,base_rf_entropy,0.01,activity_to_cutoff_valid,cutoff_valid,0.3026634382566586,125,413
protocol,oulab,6,6,base_rf_entropy,0.01,cutoff_valid_to_activity,cutoff_valid,0.11850311850311851,57,481
protocol,oulab,6,6,base_rf_entropy,0.01,static_full,cutoff_valid,0.04873294346978557,25,513
evaluation_population,oulab,6,6,base_rf_entropy,0.01,activity_conditioned,activity_to_cutoff_valid,0.23394495412844038,102,436
evaluation_population,oulab,6,6,base_rf_entropy,0.01,cutoff_valid,cutoff_valid_to_activity,0.11850311850311851,57,481
protocol,oulab,6,6,base_rf_entropy,0.05,activity_conditioned,cutoff_valid,0.21310004486316733,475,2229
protocol,oulab,6,6,base_rf_entropy,0.05,activity_to_cutoff_valid,cutoff_valid,0.7266922094508301,1138,1566
protocol,oulab,6,6,base_rf_entropy,0.05,cutoff_valid_to_activity,cutoff_valid,0.255338904363974,550,2154
protocol,oulab,6,6,base_rf_entropy,0.05,static_full,cutoff_valid,0.09120258272800645,226,2478
evaluation_population,oulab,6,6,base_rf_entropy,0.05,activity_conditioned,activity_to_cutoff_valid,0.2682926829268293,572,2132
evaluation_population,oulab,6,6,base_rf_entropy,0.05,cutoff_valid,cutoff_valid_to_activity,0.255338904363974,550,2154
protocol,oulab,6,6,base_rf_entropy,0.1,activity_conditioned,cutoff_valid,0.3113322009221063,1283,4121
protocol,oulab,6,6,base_rf_entropy,0.1,activity_to_cutoff_valid,cutoff_valid,0.8475213675213675,2479,2925
protocol,oulab,6,6,base_rf_entropy,0.1,cutoff_valid_to_activity,cutoff_valid,0.3372927493194754,1363,4041
protocol,oulab,6,6,base_rf_entropy,0.1,static_full,cutoff_valid,0.10669670284661069,521,4883
evaluation_population,oulab,6,6,base_rf_entropy,0.1,activity_conditioned,activity_to_cutoff_valid,0.3446130878327942,1385,4019
evaluation_population,oulab,6,6,base_rf_entropy,0.1,cutoff_valid,cutoff_valid_to_activity,0.3372927493194754,1363,4041
protocol,oulab,6,6,base_rf_entropy,0.2,activity_conditioned,cutoff_valid,0.4748191620035485,3479,7327
protocol,oulab,6,6,base_rf_entropy,0.2,activity_to_cutoff_valid,cutoff_valid,0.8941279579316389,5101,5705
protocol,oulab,6,6,base_rf_entropy,0.2,cutoff_valid_to_activity,cutoff_valid,0.49501936912008854,3578,7228
protocol,oulab,6,6,base_rf_entropy,0.2,static_full,cutoff_valid,0.16168565899806495,1504,9302
evaluation_population,oulab,6,6,base_rf_entropy,0.2,activity_conditioned,activity_to_cutoff_valid,0.5041759465478842,3622,7184
evaluation_population,oulab,6,6,base_rf_entropy,0.2,cutoff_valid,cutoff_valid_to_activity,0.49501936912008854,3578,7228
protocol,oulab,6,6,base_rf_gini,0.01,activity_conditioned,cutoff_valid,0.08686868686868687,43,495
protocol,oulab,6,6,base_rf_gini,0.01,activity_to_cutoff_valid,cutoff_valid,0.2963855421686747,123,415
protocol,oulab,6,6,base_rf_gini,0.01,cutoff_valid_to_activity,cutoff_valid,0.1278825995807128,61,477
protocol,oulab,6,6,base_rf_gini,0.01,static_full,cutoff_valid,0.05283757338551859,27,511
evaluation_population,oulab,6,6,base_rf_gini,0.01,activity_conditioned,activity_to_cutoff_valid,0.25116279069767444,108,430
evaluation_population,oulab,6,6,base_rf_gini,0.01,cutoff_valid,cutoff_valid_to_activity,0.1278825995807128,61,477
protocol,oulab,6,6,base_rf_gini,0.05,activity_conditioned,cutoff_valid,0.2158273381294964,480,2224
protocol,oulab,6,6,base_rf_gini,0.05,activity_to_cutoff_valid,cutoff_valid,0.7266922094508301,1138,1566
protocol,oulab,6,6,base_rf_gini,0.05,cutoff_valid_to_activity,cutoff_valid,0.2635514018691589,564,2140
protocol,oulab,6,6,base_rf_gini,0.05,static_full,cutoff_valid,0.09340881520420542,231,2473
evaluation_population,oulab,6,6,base_rf_gini,0.05,activity_conditioned,activity_to_cutoff_valid,0.27247058823529413,579,2125
evaluation_population,oulab,6,6,base_rf_gini,0.05,cutoff_valid,cutoff_valid_to_activity,0.2635514018691589,564,2140
protocol,oulab,6,6,base_rf_gini,0.1,activity_conditioned,cutoff_valid,0.3113322009221063,1283,4121
protocol,oulab,6,6,base_rf_gini,0.1,activity_to_cutoff_valid,cutoff_valid,0.8494182067077344,2482,2922
protocol,oulab,6,6,base_rf_gini,0.1,cutoff_valid_to_activity,cutoff_valid,0.3396132870599901,1370,4034
protocol,oulab,6,6,base_rf_gini,0.1,static_full,cutoff_valid,0.10760401721664276,525,4879
evaluation_population,oulab,6,6,base_rf_gini,0.1,activity_conditioned,activity_to_cutoff_valid,0.3456175298804781,1388,4016
evaluation_population,oulab,6,6,base_rf_gini,0.1,cutoff_valid,cutoff_valid_to_activity,0.3396132870599901,1370,4034
protocol,oulab,6,6,base_rf_gini,0.2,activity_conditioned,cutoff_valid,0.475020475020475,3480,7326
protocol,oulab,6,6,base_rf_gini,0.2,activity_to_cutoff_valid,cutoff_valid,0.8921379793381194,5095,5711
protocol,oulab,6,6,base_rf_gini,0.2,cutoff_valid_to_activity,cutoff_valid,0.49439911492186417,3575,7231
protocol,oulab,6,6,base_rf_gini,0.2,static_full,cutoff_valid,0.16256051640667024,1511,9295
evaluation_population,oulab,6,6,base_rf_gini,0.2,activity_conditioned,activity_to_cutoff_valid,0.5054332683198662,3628,7178
evaluation_population,oulab,6,6,base_rf_gini,0.2,cutoff_valid,cutoff_valid_to_activity,0.49439911492186417,3575,7231
protocol,oulab,6,6,base_svm,0.01,activity_conditioned,cutoff_valid,0.07171314741035857,36,502
protocol,oulab,6,6,base_svm,0.01,activity_to_cutoff_valid,cutoff_valid,0.3316831683168317,134,404
protocol,oulab,6,6,base_svm,0.01,cutoff_valid_to_activity,cutoff_valid,0.0781563126252505,39,499
protocol,oulab,6,6,base_svm,0.01,static_full,cutoff_valid,0.1645021645021645,76,462
evaluation_population,oulab,6,6,base_svm,0.01,activity_conditioned,activity_to_cutoff_valid,0.345,138,400
evaluation_population,oulab,6,6,base_svm,0.01,cutoff_valid,cutoff_valid_to_activity,0.0781563126252505,39,499
protocol,oulab,6,6,base_svm,0.05,activity_conditioned,cutoff_valid,0.2324521422060164,510,2194
protocol,oulab,6,6,base_svm,0.05,activity_to_cutoff_valid,cutoff_valid,0.7604166666666666,1168,1536
protocol,oulab,6,6,base_svm,0.05,cutoff_valid_to_activity,cutoff_valid,0.29750479846449135,620,2084
protocol,oulab,6,6,base_svm,0.05,static_full,cutoff_valid,0.16151202749140894,376,2328
evaluation_population,oulab,6,6,base_svm,0.05,activity_conditioned,activity_to_cutoff_valid,0.3043897732754462,631,2073
evaluation_population,oulab,6,6,base_svm,0.05,cutoff_valid,cutoff_valid_to_activity,0.29750479846449135,620,2084
protocol,oulab,6,6,base_svm,0.1,activity_conditioned,cutoff_valid,0.3667172483560951,1450,3954
protocol,oulab,6,6,base_svm,0.1,activity_to_cutoff_valid,cutoff_valid,0.8387206532834297,2465,2939
protocol,oulab,6,6,base_svm,0.1,cutoff_valid_to_activity,cutoff_valid,0.41577154833638985,1587,3817
protocol,oulab,6,6,base_svm,0.1,static_full,cutoff_valid,0.14104729729729729,668,4736
evaluation_population,oulab,6,6,base_svm,0.1,activity_conditioned,activity_to_cutoff_valid,0.39170744269894414,1521,3883
evaluation_population,oulab,6,6,base_svm,0.1,cutoff_valid,cutoff_valid_to_activity,0.41577154833638985,1587,3817
protocol,oulab,6,6,base_svm,0.2,activity_conditioned,cutoff_valid,0.5204727733220769,3699,7107
protocol,oulab,6,6,base_svm,0.2,activity_to_cutoff_valid,cutoff_valid,0.9255167498218104,5194,5612
protocol,oulab,6,6,base_svm,0.2,cutoff_valid_to_activity,cutoff_valid,0.5419520547945206,3798,7008
protocol,oulab,6,6,base_svm,0.2,static_full,cutoff_valid,0.19840301652434292,1789,9017
evaluation_population,oulab,6,6,base_svm,0.2,activity_conditioned,activity_to_cutoff_valid,0.5314625850340136,3750,7056
evaluation_population,oulab,6,6,base_svm,0.2,cutoff_valid,cutoff_valid_to_activity,0.5419520547945206,3798,7008
protocol,oulab,6,6,flat_hgb,0.01,activity_conditioned,cutoff_valid,0.25116279069767444,108,430
protocol,oulab,6,6,flat_hgb,0.01,activity_to_cutoff_valid,cutoff_valid,0.3974025974025974,153,385
protocol,oulab,6,6,flat_hgb,0.01,cutoff_valid_to_activity,cutoff_valid,0.44623655913978494,166,372
protocol,oulab,6,6,flat_hgb,0.01,static_full,cutoff_valid,0.04669260700389105,24,514
evaluation_population,oulab,6,6,flat_hgb,0.01,activity_conditioned,activity_to_cutoff_valid,0.44235924932975873,165,373
evaluation_population,oulab,6,6,flat_hgb,0.01,cutoff_valid,cutoff_valid_to_activity,0.44623655913978494,166,372
protocol,oulab,6,6,flat_hgb,0.05,activity_conditioned,cutoff_valid,0.26178254783014465,561,2143
protocol,oulab,6,6,flat_hgb,0.05,activity_to_cutoff_valid,cutoff_valid,0.38100102145045966,746,1958
protocol,oulab,6,6,flat_hgb,0.05,cutoff_valid_to_activity,cutoff_valid,0.33464955577492594,678,2026
protocol,oulab,6,6,flat_hgb,0.05,static_full,cutoff_valid,0.10956093557652852,267,2437
evaluation_population,oulab,6,6,flat_hgb,0.05,activity_conditioned,activity_to_cutoff_valid,0.45454545454545453,845,1859
evaluation_population,oulab,6,6,flat_hgb,0.05,cutoff_valid,cutoff_valid_to_activity,0.33464955577492594,678,2026
protocol,oulab,6,6,flat_hgb,0.1,activity_conditioned,cutoff_valid,0.3581301834631817,1425,3979
protocol,oulab,6,6,flat_hgb,0.1,activity_to_cutoff_valid,cutoff_valid,0.7483015205435134,2313,3091
protocol,oulab,6,6,flat_hgb,0.1,cutoff_valid_to_activity,cutoff_valid,0.42173112338858193,1603,3801
protocol,oulab,6,6,flat_hgb,0.1,static_full,cutoff_valid,0.12186007888727424,587,4817
evaluation_population,oulab,6,6,flat_hgb,0.1,activity_conditioned,activity_to_cutoff_valid,0.4353253652058433,1639,3765
evaluation_population,oulab,6,6,flat_hgb,0.1,cutoff_valid,cutoff_valid_to_activity,0.42173112338858193,1603,3801
protocol,oulab,6,6,flat_hgb,0.2,activity_conditioned,cutoff_valid,0.5170574196265618,3683,7123
protocol,oulab,6,6,flat_hgb,0.2,activity_to_cutoff_valid,cutoff_valid,0.8888306240167803,5085,5721
protocol,oulab,6,6,flat_hgb,0.2,cutoff_valid_to_activity,cutoff_valid,0.5530324805978729,3848,6958
protocol,oulab,6,6,flat_hgb,0.2,static_full,cutoff_valid,0.1847385155136498,1685,9121
evaluation_population,oulab,6,6,flat_hgb,0.2,activity_conditioned,activity_to_cutoff_valid,0.5393162393162393,3786,7020
evaluation_population,oulab,6,6,flat_hgb,0.2,cutoff_valid,cutoff_valid_to_activity,0.5530324805978729,3848,6958
protocol,oulab,6,6,stack_7_full,0.01,activity_conditioned,cutoff_valid,0.13263157894736843,63,475
protocol,oulab,6,6,stack_7_full,0.01,activity_to_cutoff_valid,cutoff_valid,0.3058252427184466,126,412
protocol,oulab,6,6,stack_7_full,0.01,cutoff_valid_to_activity,cutoff_valid,0.1824175824175824,83,455
protocol,oulab,6,6,stack_7_full,0.01,static_full,cutoff_valid,0.05905511811023622,30,508
evaluation_population,oulab,6,6,stack_7_full,0.01,activity_conditioned,activity_to_cutoff_valid,0.2482598607888631,107,431
evaluation_population,oulab,6,6,stack_7_full,0.01,cutoff_valid,cutoff_valid_to_activity,0.1824175824175824,83,455
protocol,oulab,6,6,stack_7_full,0.05,activity_conditioned,cutoff_valid,0.22076749435665916,489,2215
protocol,oulab,6,6,stack_7_full,0.05,activity_to_cutoff_valid,cutoff_valid,0.41496598639455784,793,1911
protocol,oulab,6,6,stack_7_full,0.05,cutoff_valid_to_activity,cutoff_valid,0.2506938020351526,542,2162
protocol,oulab,6,6,stack_7_full,0.05,static_full,cutoff_valid,0.09518023491292021,235,2469
evaluation_population,oulab,6,6,stack_7_full,0.05,activity_conditioned,activity_to_cutoff_valid,0.31902439024390244,654,2050
evaluation_population,oulab,6,6,stack_7_full,0.05,cutoff_valid,cutoff_valid_to_activity,0.2506938020351526,542,2162
protocol,oulab,6,6,stack_7_full,0.1,activity_conditioned,cutoff_valid,0.2959232613908873,1234,4170
protocol,oulab,6,6,stack_7_full,0.1,activity_to_cutoff_valid,cutoff_valid,0.5908154253753312,2007,3397
protocol,oulab,6,6,stack_7_full,0.1,cutoff_valid_to_activity,cutoff_valid,0.32353661523389665,1321,4083
protocol,oulab,6,6,stack_7_full,0.1,static_full,cutoff_valid,0.11330861145447053,550,4854
evaluation_population,oulab,6,6,stack_7_full,0.1,activity_conditioned,activity_to_cutoff_valid,0.3799795709908069,1488,3916
evaluation_population,oulab,6,6,stack_7_full,0.1,cutoff_valid,cutoff_valid_to_activity,0.32353661523389665,1321,4083
protocol,oulab,6,6,stack_7_full,0.2,activity_conditioned,cutoff_valid,0.45869330453563717,3398,7408
protocol,oulab,6,6,stack_7_full,0.2,activity_to_cutoff_valid,cutoff_valid,0.8022014676450967,4810,5996
protocol,oulab,6,6,stack_7_full,0.2,cutoff_valid_to_activity,cutoff_valid,0.4865868757738341,3537,7269
protocol,oulab,6,6,stack_7_full,0.2,static_full,cutoff_valid,0.16318622174381056,1516,9290
evaluation_population,oulab,6,6,stack_7_full,0.2,activity_conditioned,activity_to_cutoff_valid,0.5273498233215548,3731,7075
evaluation_population,oulab,6,6,stack_7_full,0.2,cutoff_valid,cutoff_valid_to_activity,0.4865868757738341,3537,7269
protocol,oulab,6,6,temporal_hgb,0.01,activity_conditioned,cutoff_valid,0.0611439842209073,31,507
protocol,oulab,6,6,temporal_hgb,0.01,activity_to_cutoff_valid,cutoff_valid,0.1350210970464135,64,474
protocol,oulab,6,6,temporal_hgb,0.01,cutoff_valid_to_activity,cutoff_valid,0.19821826280623608,89,449
protocol,oulab,6,6,temporal_hgb,0.01,static_full,cutoff_valid,0.10699588477366255,52,486
evaluation_population,oulab,6,6,temporal_hgb,0.01,activity_conditioned,activity_to_cutoff_valid,0.3121951219512195,128,410
evaluation_population,oulab,6,6,temporal_hgb,0.01,cutoff_valid,cutoff_valid_to_activity,0.19821826280623608,89,449
protocol,oulab,6,6,temporal_hgb,0.05,activity_conditioned,cutoff_valid,0.15604959384352288,365,2339
protocol,oulab,6,6,temporal_hgb,0.05,activity_to_cutoff_valid,cutoff_valid,0.4743729552889858,870,1834
protocol,oulab,6,6,temporal_hgb,0.05,cutoff_valid_to_activity,cutoff_valid,0.2706766917293233,576,2128
protocol,oulab,6,6,temporal_hgb,0.05,static_full,cutoff_valid,0.1224574512245745,295,2409
evaluation_population,oulab,6,6,temporal_hgb,0.05,activity_conditioned,activity_to_cutoff_valid,0.3684210526315789,728,1976
evaluation_population,oulab,6,6,temporal_hgb,0.05,cutoff_valid,cutoff_valid_to_activity,0.2706766917293233,576,2128
protocol,oulab,6,6,temporal_hgb,0.1,activity_conditioned,cutoff_valid,0.3012280279316157,1251,4153
protocol,oulab,6,6,temporal_hgb,0.1,activity_to_cutoff_valid,cutoff_valid,0.6929824561403509,2212,3192
protocol,oulab,6,6,temporal_hgb,0.1,cutoff_valid_to_activity,cutoff_valid,0.42210526315789476,1604,3800
protocol,oulab,6,6,temporal_hgb,0.1,static_full,cutoff_valid,0.12700729927007298,609,4795
evaluation_population,oulab,6,6,temporal_hgb,0.1,activity_conditioned,activity_to_cutoff_valid,0.40875912408759124,1568,3836
evaluation_population,oulab,6,6,temporal_hgb,0.1,cutoff_valid,cutoff_valid_to_activity,0.42210526315789476,1604,3800
protocol,oulab,6,6,temporal_hgb,0.2,activity_conditioned,cutoff_valid,0.48474855729596045,3528,7278
protocol,oulab,6,6,temporal_hgb,0.2,activity_to_cutoff_valid,cutoff_valid,0.8760416666666667,5046,5760
protocol,oulab,6,6,temporal_hgb,0.2,cutoff_valid_to_activity,cutoff_valid,0.5428326670474015,3802,7004
protocol,oulab,6,6,temporal_hgb,0.2,static_full,cutoff_valid,0.17673962757268866,1623,9183
evaluation_population,oulab,6,6,temporal_hgb,0.2,activity_conditioned,activity_to_cutoff_valid,0.5058528428093646,3630,7176
evaluation_population,oulab,6,6,temporal_hgb,0.2,cutoff_valid,cutoff_valid_to_activity,0.5428326670474015,3802,7004
protocol,oulab,8,8,base_dffnn,0.01,activity_conditioned,cutoff_valid,0.1101871101871102,53,481
protocol,oulab,8,8,base_dffnn,0.01,activity_to_cutoff_valid,cutoff_valid,0.3316708229426434,133,401
protocol,oulab,8,8,base_dffnn,0.01,cutoff_valid_to_activity,cutoff_valid,0.17105263157894737,78,456
protocol,oulab,8,8,base_dffnn,0.01,static_full,cutoff_valid,0.04296875,22,512
evaluation_population,oulab,8,8,base_dffnn,0.01,activity_conditioned,activity_to_cutoff_valid,0.24186046511627907,104,430
evaluation_population,oulab,8,8,base_dffnn,0.01,cutoff_valid,cutoff_valid_to_activity,0.17105263157894737,78,456
protocol,oulab,8,8,base_dffnn,0.05,activity_conditioned,cutoff_valid,0.2113190324052944,463,2191
protocol,oulab,8,8,base_dffnn,0.05,activity_to_cutoff_valid,cutoff_valid,0.650497512437811,1046,1608
protocol,oulab,8,8,base_dffnn,0.05,cutoff_valid_to_activity,cutoff_valid,0.2632079961922894,553,2101
protocol,oulab,8,8,base_dffnn,0.05,static_full,cutoff_valid,0.08326530612244898,204,2450
evaluation_population,oulab,8,8,base_dffnn,0.05,activity_conditioned,activity_to_cutoff_valid,0.2808880308880309,582,2072
evaluation_population,oulab,8,8,base_dffnn,0.05,cutoff_valid,cutoff_valid_to_activity,0.2632079961922894,553,2101
protocol,oulab,8,8,base_dffnn,0.1,activity_conditioned,cutoff_valid,0.28239845261121854,1168,4136
protocol,oulab,8,8,base_dffnn,0.1,activity_to_cutoff_valid,cutoff_valid,0.781061114842176,2326,2978
protocol,oulab,8,8,base_dffnn,0.1,cutoff_valid_to_activity,cutoff_valid,0.3197312764369246,1285,4019
protocol,oulab,8,8,base_dffnn,0.1,static_full,cutoff_valid,0.10707576706324358,513,4791
evaluation_population,oulab,8,8,base_dffnn,0.1,activity_conditioned,activity_to_cutoff_valid,0.32699524643482614,1307,3997
evaluation_population,oulab,8,8,base_dffnn,0.1,cutoff_valid,cutoff_valid_to_activity,0.3197312764369246,1285,4019
protocol,oulab,8,8,base_dffnn,0.2,activity_conditioned,cutoff_valid,0.4122503328894807,3096,7510
protocol,oulab,8,8,base_dffnn,0.2,activity_to_cutoff_valid,cutoff_valid,0.8735205794029324,4945,5661
protocol,oulab,8,8,base_dffnn,0.2,cutoff_valid_to_activity,cutoff_valid,0.43227548953409856,3201,7405
protocol,oulab,8,8,base_dffnn,0.2,static_full,cutoff_valid,0.1583660987330712,1450,9156
evaluation_population,oulab,8,8,base_dffnn,0.2,activity_conditioned,activity_to_cutoff_valid,0.43208209559816363,3200,7406
evaluation_population,oulab,8,8,base_dffnn,0.2,cutoff_valid,cutoff_valid_to_activity,0.43227548953409856,3201,7405
protocol,oulab,8,8,base_knn,0.01,activity_conditioned,cutoff_valid,0.03288201160541586,17,517
protocol,oulab,8,8,base_knn,0.01,activity_to_cutoff_valid,cutoff_valid,0.1608695652173913,74,460
protocol,oulab,8,8,base_knn,0.01,cutoff_valid_to_activity,cutoff_valid,0.08097165991902834,40,494
protocol,oulab,8,8,base_knn,0.01,static_full,cutoff_valid,0.1101871101871102,53,481
evaluation_population,oulab,8,8,base_knn,0.01,activity_conditioned,activity_to_cutoff_valid,0.3250620347394541,131,403
evaluation_population,oulab,8,8,base_knn,0.01,cutoff_valid,cutoff_valid_to_activity,0.08097165991902834,40,494
protocol,oulab,8,8,base_knn,0.05,activity_conditioned,cutoff_valid,0.1717439293598234,389,2265
protocol,oulab,8,8,base_knn,0.05,activity_to_cutoff_valid,cutoff_valid,0.7012820512820512,1094,1560
protocol,oulab,8,8,base_knn,0.05,cutoff_valid_to_activity,cutoff_valid,0.2680363115145724,561,2093
protocol,oulab,8,8,base_knn,0.05,static_full,cutoff_valid,0.13613013698630136,318,2336
evaluation_population,oulab,8,8,base_knn,0.05,activity_conditioned,activity_to_cutoff_valid,0.2638095238095238,554,2100
evaluation_population,oulab,8,8,base_knn,0.05,cutoff_valid,cutoff_valid_to_activity,0.2680363115145724,561,2093
protocol,oulab,8,8,base_knn,0.1,activity_conditioned,cutoff_valid,0.33534743202416917,1332,3972
protocol,oulab,8,8,base_knn,0.1,activity_to_cutoff_valid,cutoff_valid,0.8239339752407153,2396,2908
protocol,oulab,8,8,base_knn,0.1,cutoff_valid_to_activity,cutoff_valid,0.4046610169491525,1528,3776
protocol,oulab,8,8,base_knn,0.1,static_full,cutoff_valid,0.1328492097394276,622,4682
evaluation_population,oulab,8,8,base_knn,0.1,activity_conditioned,activity_to_cutoff_valid,0.3733816675297773,1442,3862
evaluation_population,oulab,8,8,base_knn,0.1,cutoff_valid,cutoff_valid_to_activity,0.4046610169491525,1528,3776
protocol,oulab,8,8,base_knn,0.2,activity_conditioned,cutoff_valid,0.4873089328284953,3475,7131
protocol,oulab,8,8,base_knn,0.2,activity_to_cutoff_valid,cutoff_valid,0.9116798846431147,5058,5548
protocol,oulab,8,8,base_knn,0.2,cutoff_valid_to_activity,cutoff_valid,0.5175275432823008,3617,6989
protocol,oulab,8,8,base_knn,0.2,static_full,cutoff_valid,0.1740092982067744,1572,9034
evaluation_population,oulab,8,8,base_knn,0.2,activity_conditioned,activity_to_cutoff_valid,0.49527703369519244,3513,7093
evaluation_population,oulab,8,8,base_knn,0.2,cutoff_valid,cutoff_valid_to_activity,0.5175275432823008,3617,6989
protocol,oulab,8,8,base_lr_clickstream,0.01,activity_conditioned,cutoff_valid,0.04911591355599214,25,509
protocol,oulab,8,8,base_lr_clickstream,0.01,activity_to_cutoff_valid,cutoff_valid,0.3217821782178218,130,404
protocol,oulab,8,8,base_lr_clickstream,0.01,cutoff_valid_to_activity,cutoff_valid,0.05325443786982249,27,507
protocol,oulab,8,8,base_lr_clickstream,0.01,static_full,cutoff_valid,0.11715481171548117,56,478
evaluation_population,oulab,8,8,base_lr_clickstream,0.01,activity_conditioned,activity_to_cutoff_valid,0.2714285714285714,114,420
evaluation_population,oulab,8,8,base_lr_clickstream,0.01,cutoff_valid,cutoff_valid_to_activity,0.05325443786982249,27,507
protocol,oulab,8,8,base_lr_clickstream,0.05,activity_conditioned,cutoff_valid,0.23212627669452182,500,2154
protocol,oulab,8,8,base_lr_clickstream,0.05,activity_to_cutoff_valid,cutoff_valid,0.772879091516366,1157,1497
protocol,oulab,8,8,base_lr_clickstream,0.05,cutoff_valid_to_activity,cutoff_valid,0.27351247600767753,570,2084
protocol,oulab,8,8,base_lr_clickstream,0.05,static_full,cutoff_valid,0.11794439764111204,280,2374
evaluation_population,oulab,8,8,base_lr_clickstream,0.05,activity_conditioned,activity_to_cutoff_valid,0.2722914669223394,568,2086
evaluation_population,oulab,8,8,base_lr_clickstream,0.05,cutoff_valid,cutoff_valid_to_activity,0.27351247600767753,570,2084
protocol,oulab,8,8,base_lr_clickstream,0.1,activity_conditioned,cutoff_valid,0.33804238143289606,1340,3964
protocol,oulab,8,8,base_lr_clickstream,0.1,activity_to_cutoff_valid,cutoff_valid,0.8558432470258922,2446,2858
protocol,oulab,8,8,base_lr_clickstream,0.1,cutoff_valid_to_activity,cutoff_valid,0.3691275167785235,1430,3874
protocol,oulab,8,8,base_lr_clickstream,0.1,static_full,cutoff_valid,0.11710193765796124,556,4748
evaluation_population,oulab,8,8,base_lr_clickstream,0.1,activity_conditioned,activity_to_cutoff_valid,0.3499618223466531,1375,3929
evaluation_population,oulab,8,8,base_lr_clickstream,0.1,cutoff_valid,cutoff_valid_to_activity,0.3691275167785235,1430,3874
protocol,oulab,8,8,base_lr_clickstream,0.2,activity_conditioned,cutoff_valid,0.4704006654651324,3393,7213
protocol,oulab,8,8,base_lr_clickstream,0.2,activity_to_cutoff_valid,cutoff_valid,0.9297671033478894,5110,5496
protocol,oulab,8,8,base_lr_clickstream,0.2,cutoff_valid_to_activity,cutoff_valid,0.49696541990119975,3521,7085
protocol,oulab,8,8,base_lr_clickstream,0.2,static_full,cutoff_valid,0.17102793419454565,1549,9057
evaluation_population,oulab,8,8,base_lr_clickstream,0.2,activity_conditioned,activity_to_cutoff_valid,0.4794253033895941,3437,7169
evaluation_population,oulab,8,8,base_lr_clickstream,0.2,cutoff_valid,cutoff_valid_to_activity,0.49696541990119975,3521,7085
protocol,oulab,8,8,base_lr_profile,0.01,activity_conditioned,cutoff_valid,0.011363636363636364,6,528
protocol,oulab,8,8,base_lr_profile,0.01,activity_to_cutoff_valid,cutoff_valid,0.03488372093023256,18,516
protocol,oulab,8,8,base_lr_profile,0.01,cutoff_valid_to_activity,cutoff_valid,0.013282732447817837,7,527
protocol,oulab,8,8,base_lr_profile,0.01,static_full,cutoff_valid,0.11949685534591195,57,477
evaluation_population,oulab,8,8,base_lr_profile,0.01,activity_conditioned,activity_to_cutoff_valid,0.7006369426751592,220,314
evaluation_population,oulab,8,8,base_lr_profile,0.01,cutoff_valid,cutoff_valid_to_activity,0.013282732447817837,7,527
protocol,oulab,8,8,base_lr_profile,0.05,activity_conditioned,cutoff_valid,0.2902284880894507,597,2057
protocol,oulab,8,8,base_lr_profile,0.05,activity_to_cutoff_valid,cutoff_valid,0.35893497183819767,701,1953
protocol,oulab,8,8,base_lr_profile,0.05,cutoff_valid_to_activity,cutoff_valid,0.32435129740518964,650,2004
protocol,oulab,8,8,base_lr_profile,0.05,static_full,cutoff_valid,0.1274426508071368,300,2354
evaluation_population,oulab,8,8,base_lr_profile,0.05,activity_conditioned,activity_to_cutoff_valid,0.7189119170984456,1110,1544
evaluation_population,oulab,8,8,base_lr_profile,0.05,cutoff_valid,cutoff_valid_to_activity,0.32435129740518964,650,2004
protocol,oulab,8,8,base_lr_profile,0.1,activity_conditioned,cutoff_valid,0.452354874041621,1652,3652
protocol,oulab,8,8,base_lr_profile,0.1,activity_to_cutoff_valid,cutoff_valid,0.5495179666958808,1881,3423
protocol,oulab,8,8,base_lr_profile,0.1,cutoff_valid_to_activity,cutoff_valid,0.5436554132712457,1868,3436
protocol,oulab,8,8,base_lr_profile,0.1,static_full,cutoff_valid,0.12372881355932204,584,4720
evaluation_population,oulab,8,8,base_lr_profile,0.1,activity_conditioned,activity_to_cutoff_valid,0.7293772416041735,2237,3067
evaluation_population,oulab,8,8,base_lr_profile,0.1,cutoff_valid,cutoff_valid_to_activity,0.5436554132712457,1868,3436
protocol,oulab,8,8,base_lr_profile,0.2,activity_conditioned,cutoff_valid,0.5987337955984323,3972,6634
protocol,oulab,8,8,base_lr_profile,0.2,activity_to_cutoff_valid,cutoff_valid,0.7273615635179153,4466,6140
protocol,oulab,8,8,base_lr_profile,0.2,cutoff_valid_to_activity,cutoff_valid,0.6896606659232117,4329,6277
protocol,oulab,8,8,base_lr_profile,0.2,static_full,cutoff_valid,0.21086882064162576,1847,8759
evaluation_population,oulab,8,8,base_lr_profile,0.2,activity_conditioned,activity_to_cutoff_valid,0.7516102394715112,4551,6055
evaluation_population,oulab,8,8,base_lr_profile,0.2,cutoff_valid,cutoff_valid_to_activity,0.6896606659232117,4329,6277
protocol,oulab,8,8,base_lr_weekly,0.01,activity_conditioned,cutoff_valid,0.13859275053304904,65,469
protocol,oulab,8,8,base_lr_weekly,0.01,activity_to_cutoff_valid,cutoff_valid,0.1762114537444934,80,454
protocol,oulab,8,8,base_lr_weekly,0.01,cutoff_valid_to_activity,cutoff_valid,0.15584415584415584,72,462
protocol,oulab,8,8,base_lr_weekly,0.01,static_full,cutoff_valid,0.11715481171548117,56,478
evaluation_population,oulab,8,8,base_lr_weekly,0.01,activity_conditioned,activity_to_cutoff_valid,0.504225352112676,179,355
evaluation_population,oulab,8,8,base_lr_weekly,0.01,cutoff_valid,cutoff_valid_to_activity,0.15584415584415584,72,462
protocol,oulab,8,8,base_lr_weekly,0.05,activity_conditioned,cutoff_valid,0.24659464537341474,525,2129
protocol,oulab,8,8,base_lr_weekly,0.05,activity_to_cutoff_valid,cutoff_valid,0.3067454455933038,623,2031
protocol,oulab,8,8,base_lr_weekly,0.05,cutoff_valid_to_activity,cutoff_valid,0.3080335140463282,625,2029
protocol,oulab,8,8,base_lr_weekly,0.05,static_full,cutoff_valid,0.12030392570704938,285,2369
evaluation_population,oulab,8,8,base_lr_weekly,0.05,activity_conditioned,activity_to_cutoff_valid,0.4728079911209767,852,1802
evaluation_population,oulab,8,8,base_lr_weekly,0.05,cutoff_valid,cutoff_valid_to_activity,0.3080335140463282,625,2029
protocol,oulab,8,8,base_lr_weekly,0.1,activity_conditioned,cutoff_valid,0.3475609756097561,1368,3936
protocol,oulab,8,8,base_lr_weekly,0.1,activity_to_cutoff_valid,cutoff_valid,0.6528513555624805,2095,3209
protocol,oulab,8,8,base_lr_weekly,0.1,cutoff_valid_to_activity,cutoff_valid,0.4098883572567783,1542,3762
protocol,oulab,8,8,base_lr_weekly,0.1,static_full,cutoff_valid,0.11757269279393173,558,4746
evaluation_population,oulab,8,8,base_lr_weekly,0.1,activity_conditioned,activity_to_cutoff_valid,0.44248028283927116,1627,3677
evaluation_population,oulab,8,8,base_lr_weekly,0.1,cutoff_valid,cutoff_valid_to_activity,0.4098883572567783,1542,3762
protocol,oulab,8,8,base_lr_weekly,0.2,activity_conditioned,cutoff_valid,0.44712784827398006,3277,7329
protocol,oulab,8,8,base_lr_weekly,0.2,activity_to_cutoff_valid,cutoff_valid,0.8672535211267606,4926,5680
protocol,oulab,8,8,base_lr_weekly,0.2,cutoff_valid_to_activity,cutoff_valid,0.4821129122414757,3450,7156
protocol,oulab,8,8,base_lr_weekly,0.2,static_full,cutoff_valid,0.17700588170014428,1595,9011
evaluation_population,oulab,8,8,base_lr_weekly,0.2,activity_conditioned,activity_to_cutoff_valid,0.4734648513475965,3408,7198
evaluation_population,oulab,8,8,base_lr_weekly,0.2,cutoff_valid,cutoff_valid_to_activity,0.4821129122414757,3450,7156
protocol,oulab,8,8,base_rf_entropy,0.01,activity_conditioned,cutoff_valid,0.13859275053304904,65,469
protocol,oulab,8,8,base_rf_entropy,0.01,activity_to_cutoff_valid,cutoff_valid,0.39790575916230364,152,382
protocol,oulab,8,8,base_rf_entropy,0.01,cutoff_valid_to_activity,cutoff_valid,0.2304147465437788,100,434
protocol,oulab,8,8,base_rf_entropy,0.01,static_full,cutoff_valid,0.036893203883495145,19,515
evaluation_population,oulab,8,8,base_rf_entropy,0.01,activity_conditioned,activity_to_cutoff_valid,0.2304147465437788,100,434
evaluation_population,oulab,8,8,base_rf_entropy,0.01,cutoff_valid,cutoff_valid_to_activity,0.2304147465437788,100,434
protocol,oulab,8,8,base_rf_entropy,0.05,activity_conditioned,cutoff_valid,0.21631530705774518,472,2182
protocol,oulab,8,8,base_rf_entropy,0.05,activity_to_cutoff_valid,cutoff_valid,0.7599469496021221,1146,1508
protocol,oulab,8,8,base_rf_entropy,0.05,cutoff_valid_to_activity,cutoff_valid,0.24076671341748482,515,2139
protocol,oulab,8,8,base_rf_entropy,0.05,static_full,cutoff_valid,0.08459337964854924,207,2447
evaluation_population,oulab,8,8,base_rf_entropy,0.05,activity_conditioned,activity_to_cutoff_valid,0.25841631104789,545,2109
evaluation_population,oulab,8,8,base_rf_entropy,0.05,cutoff_valid,cutoff_valid_to_activity,0.24076671341748482,515,2139
protocol,oulab,8,8,base_rf_entropy,0.1,activity_conditioned,cutoff_valid,0.2676864244741874,1120,4184
protocol,oulab,8,8,base_rf_entropy,0.1,activity_to_cutoff_valid,cutoff_valid,0.8397502601456815,2421,2883
protocol,oulab,8,8,base_rf_entropy,0.1,cutoff_valid_to_activity,cutoff_valid,0.287378640776699,1184,4120
protocol,oulab,8,8,base_rf_entropy,0.1,static_full,cutoff_valid,0.09995852343425965,482,4822
evaluation_population,oulab,8,8,base_rf_entropy,0.1,activity_conditioned,activity_to_cutoff_valid,0.30640394088669953,1244,4060
evaluation_population,oulab,8,8,base_rf_entropy,0.1,cutoff_valid,cutoff_valid_to_activity,0.287378640776699,1184,4120
protocol,oulab,8,8,base_rf_entropy,0.2,activity_conditioned,cutoff_valid,0.4029100529100529,3046,7560
protocol,oulab,8,8,base_rf_entropy,0.2,activity_to_cutoff_valid,cutoff_valid,0.918249231325737,5077,5529
protocol,oulab,8,8,base_rf_entropy,0.2,cutoff_valid_to_activity,cutoff_valid,0.41375633164489467,3104,7502
protocol,oulab,8,8,base_rf_entropy,0.2,static_full,cutoff_valid,0.1510744519209898,1392,9214
evaluation_population,oulab,8,8,base_rf_entropy,0.2,activity_conditioned,activity_to_cutoff_valid,0.4150767178118746,3111,7495
evaluation_population,oulab,8,8,base_rf_entropy,0.2,cutoff_valid,cutoff_valid_to_activity,0.41375633164489467,3104,7502
protocol,oulab,8,8,base_rf_gini,0.01,activity_conditioned,cutoff_valid,0.15835140997830802,73,461
protocol,oulab,8,8,base_rf_gini,0.01,activity_to_cutoff_valid,cutoff_valid,0.390625,150,384
protocol,oulab,8,8,base_rf_gini,0.01,cutoff_valid_to_activity,cutoff_valid,0.24475524475524477,105,429
protocol,oulab,8,8,base_rf_gini,0.01,static_full,cutoff_valid,0.03288201160541586,17,517
evaluation_population,oulab,8,8,base_rf_gini,0.01,activity_conditioned,activity_to_cutoff_valid,0.25943396226415094,110,424
evaluation_population,oulab,8,8,base_rf_gini,0.01,cutoff_valid,cutoff_valid_to_activity,0.24475524475524477,105,429
protocol,oulab,8,8,base_rf_gini,0.05,activity_conditioned,cutoff_valid,0.22022988505747126,479,2175
protocol,oulab,8,8,base_rf_gini,0.05,activity_to_cutoff_valid,cutoff_valid,0.7622841965471447,1148,1506
protocol,oulab,8,8,base_rf_gini,0.05,cutoff_valid_to_activity,cutoff_valid,0.2524775837659273,535,2119
protocol,oulab,8,8,base_rf_gini,0.05,static_full,cutoff_valid,0.08149959250203749,200,2454
evaluation_population,oulab,8,8,base_rf_gini,0.05,activity_conditioned,activity_to_cutoff_valid,0.2566287878787879,542,2112
evaluation_population,oulab,8,8,base_rf_gini,0.05,cutoff_valid,cutoff_valid_to_activity,0.2524775837659273,535,2119
protocol,oulab,8,8,base_rf_gini,0.1,activity_conditioned,cutoff_valid,0.26950694112015317,1126,4178
protocol,oulab,8,8,base_rf_gini,0.1,activity_to_cutoff_valid,cutoff_valid,0.8448695652173913,2429,2875
protocol,oulab,8,8,base_rf_gini,0.1,cutoff_valid_to_activity,cutoff_valid,0.2883167354870051,1187,4117
protocol,oulab,8,8,base_rf_gini,0.1,static_full,cutoff_valid,0.10178645616950562,490,4814
evaluation_population,oulab,8,8,base_rf_gini,0.1,activity_conditioned,activity_to_cutoff_valid,0.30672579453067256,1245,4059
evaluation_population,oulab,8,8,base_rf_gini,0.1,cutoff_valid,cutoff_valid_to_activity,0.2883167354870051,1187,4117
protocol,oulab,8,8,base_rf_gini,0.2,activity_conditioned,cutoff_valid,0.4040243579560498,3052,7554
protocol,oulab,8,8,base_rf_gini,0.2,activity_to_cutoff_valid,cutoff_valid,0.9199855177407675,5082,5524
protocol,oulab,8,8,base_rf_gini,0.2,cutoff_valid_to_activity,cutoff_valid,0.41451053614297145,3108,7498
protocol,oulab,8,8,base_rf_gini,0.2,static_full,cutoff_valid,0.1499512089341863,1383,9223
evaluation_population,oulab,8,8,base_rf_gini,0.2,activity_conditioned,activity_to_cutoff_valid,0.41602136181575433,3116,7490
evaluation_population,oulab,8,8,base_rf_gini,0.2,cutoff_valid,cutoff_valid_to_activity,0.41451053614297145,3108,7498
protocol,oulab,8,8,base_svm,0.01,activity_conditioned,cutoff_valid,0.06374501992031872,32,502
protocol,oulab,8,8,base_svm,0.01,activity_to_cutoff_valid,cutoff_valid,0.3553299492385787,140,394
protocol,oulab,8,8,base_svm,0.01,cutoff_valid_to_activity,cutoff_valid,0.068,34,500
protocol,oulab,8,8,base_svm,0.01,static_full,cutoff_valid,0.1459227467811159,68,466
evaluation_population,oulab,8,8,base_svm,0.01,activity_conditioned,activity_to_cutoff_valid,0.2714285714285714,114,420
evaluation_population,oulab,8,8,base_svm,0.01,cutoff_valid,cutoff_valid_to_activity,0.068,34,500
protocol,oulab,8,8,base_svm,0.05,activity_conditioned,cutoff_valid,0.22927281148679945,495,2159
protocol,oulab,8,8,base_svm,0.05,activity_to_cutoff_valid,cutoff_valid,0.821551132463967,1197,1457
protocol,oulab,8,8,base_svm,0.05,cutoff_valid_to_activity,cutoff_valid,0.2680363115145724,561,2093
protocol,oulab,8,8,base_svm,0.05,static_full,cutoff_valid,0.1284013605442177,302,2352
evaluation_population,oulab,8,8,base_svm,0.05,activity_conditioned,activity_to_cutoff_valid,0.24835371589840075,528,2126
evaluation_population,oulab,8,8,base_svm,0.05,cutoff_valid,cutoff_valid_to_activity,0.2680363115145724,561,2093
protocol,oulab,8,8,base_svm,0.1,activity_conditioned,cutoff_valid,0.32732732732732733,1308,3996
protocol,oulab,8,8,base_svm,0.1,activity_to_cutoff_valid,cutoff_valid,0.8781869688385269,2480,2824
protocol,oulab,8,8,base_svm,0.1,cutoff_valid_to_activity,cutoff_valid,0.3565217391304348,1394,3910
protocol,oulab,8,8,base_svm,0.1,static_full,cutoff_valid,0.1218274111675127,576,4728
evaluation_population,oulab,8,8,base_svm,0.1,activity_conditioned,activity_to_cutoff_valid,0.33871781928319034,1342,3962
evaluation_population,oulab,8,8,base_svm,0.1,cutoff_valid,cutoff_valid_to_activity,0.3565217391304348,1394,3910
protocol,oulab,8,8,base_svm,0.2,activity_conditioned,cutoff_valid,0.4667404231779837,3375,7231
protocol,oulab,8,8,base_svm,0.2,activity_to_cutoff_valid,cutoff_valid,0.9389396709323583,5136,5470
protocol,oulab,8,8,base_svm,0.2,cutoff_valid_to_activity,cutoff_valid,0.4910726838183607,3493,7113
protocol,oulab,8,8,base_svm,0.2,static_full,cutoff_valid,0.1698654312817119,1540,9066
evaluation_population,oulab,8,8,base_svm,0.2,activity_conditioned,activity_to_cutoff_valid,0.4726464870869203,3404,7202
evaluation_population,oulab,8,8,base_svm,0.2,cutoff_valid,cutoff_valid_to_activity,0.4910726838183607,3493,7113
protocol,oulab,8,8,flat_hgb,0.01,activity_conditioned,cutoff_valid,0.2505854800936768,107,427
protocol,oulab,8,8,flat_hgb,0.01,activity_to_cutoff_valid,cutoff_valid,0.45901639344262296,168,366
protocol,oulab,8,8,flat_hgb,0.01,cutoff_valid_to_activity,cutoff_valid,0.31851851851851853,129,405
protocol,oulab,8,8,flat_hgb,0.01,static_full,cutoff_valid,0.038910505836575876,20,514
evaluation_population,oulab,8,8,flat_hgb,0.01,activity_conditioned,activity_to_cutoff_valid,0.4052631578947368,154,380
evaluation_population,oulab,8,8,flat_hgb,0.01,cutoff_valid,cutoff_valid_to_activity,0.31851851851851853,129,405
protocol,oulab,8,8,flat_hgb,0.05,activity_conditioned,cutoff_valid,0.2698564593301435,564,2090
protocol,oulab,8,8,flat_hgb,0.05,activity_to_cutoff_valid,cutoff_valid,0.501131221719457,886,1768
protocol,oulab,8,8,flat_hgb,0.05,cutoff_valid_to_activity,cutoff_valid,0.33568193256165074,667,1987
protocol,oulab,8,8,flat_hgb,0.05,static_full,cutoff_valid,0.09805544062887878,237,2417
evaluation_population,oulab,8,8,flat_hgb,0.05,activity_conditioned,activity_to_cutoff_valid,0.37441740031071985,723,1931
evaluation_population,oulab,8,8,flat_hgb,0.05,cutoff_valid,cutoff_valid_to_activity,0.33568193256165074,667,1987
protocol,oulab,8,8,flat_hgb,0.1,activity_conditioned,cutoff_valid,0.3458513067749302,1363,3941
protocol,oulab,8,8,flat_hgb,0.1,activity_to_cutoff_valid,cutoff_valid,0.7522299306243806,2277,3027
protocol,oulab,8,8,flat_hgb,0.1,cutoff_valid_to_activity,cutoff_valid,0.38848167539267014,1484,3820
protocol,oulab,8,8,flat_hgb,0.1,static_full,cutoff_valid,0.11592678308436777,551,4753
evaluation_population,oulab,8,8,flat_hgb,0.1,activity_conditioned,activity_to_cutoff_valid,0.391395592864638,1492,3812
evaluation_population,oulab,8,8,flat_hgb,0.1,cutoff_valid,cutoff_valid_to_activity,0.38848167539267014,1484,3820
protocol,oulab,8,8,flat_hgb,0.2,activity_conditioned,cutoff_valid,0.4728509929176503,3405,7201
protocol,oulab,8,8,flat_hgb,0.2,activity_to_cutoff_valid,cutoff_valid,0.8969772849221964,5015,5591
protocol,oulab,8,8,flat_hgb,0.2,cutoff_valid_to_activity,cutoff_valid,0.5024791046890494,3547,7059
protocol,oulab,8,8,flat_hgb,0.2,static_full,cutoff_valid,0.1724519124474906,1560,9046
evaluation_population,oulab,8,8,flat_hgb,0.2,activity_conditioned,activity_to_cutoff_valid,0.49023464943094003,3489,7117
evaluation_population,oulab,8,8,flat_hgb,0.2,cutoff_valid,cutoff_valid_to_activity,0.5024791046890494,3547,7059
protocol,oulab,8,8,stack_7_full,0.01,activity_conditioned,cutoff_valid,0.15334773218142547,71,463
protocol,oulab,8,8,stack_7_full,0.01,activity_to_cutoff_valid,cutoff_valid,0.3417085427135678,136,398
protocol,oulab,8,8,stack_7_full,0.01,cutoff_valid_to_activity,cutoff_valid,0.19196428571428573,86,448
protocol,oulab,8,8,stack_7_full,0.01,static_full,cutoff_valid,0.04093567251461988,21,513
evaluation_population,oulab,8,8,stack_7_full,0.01,activity_conditioned,activity_to_cutoff_valid,0.24186046511627907,104,430
evaluation_population,oulab,8,8,stack_7_full,0.01,cutoff_valid,cutoff_valid_to_activity,0.19196428571428573,86,448
protocol,oulab,8,8,stack_7_full,0.05,activity_conditioned,cutoff_valid,0.19066846119336026,425,2229
protocol,oulab,8,8,stack_7_full,0.05,activity_to_cutoff_valid,cutoff_valid,0.4330453563714903,802,1852
protocol,oulab,8,8,stack_7_full,0.05,cutoff_valid_to_activity,cutoff_valid,0.23384472338447235,503,2151
protocol,oulab,8,8,stack_7_full,0.05,static_full,cutoff_valid,0.0912828947368421,222,2432
evaluation_population,oulab,8,8,stack_7_full,0.05,activity_conditioned,activity_to_cutoff_valid,0.26140684410646386,550,2104
evaluation_population,oulab,8,8,stack_7_full,0.05,cutoff_valid,cutoff_valid_to_activity,0.23384472338447235,503,2151
protocol,oulab,8,8,stack_7_full,0.1,activity_conditioned,cutoff_valid,0.25390070921985813,1074,4230
protocol,oulab,8,8,stack_7_full,0.1,activity_to_cutoff_valid,cutoff_valid,0.6632173095014111,2115,3189
protocol,oulab,8,8,stack_7_full,0.1,cutoff_valid_to_activity,cutoff_valid,0.28085003622313454,1163,4141
protocol,oulab,8,8,stack_7_full,0.1,static_full,cutoff_valid,0.10661381180888796,511,4793
evaluation_population,oulab,8,8,stack_7_full,0.1,activity_conditioned,activity_to_cutoff_valid,0.31287128712871287,1264,4040
evaluation_population,oulab,8,8,stack_7_full,0.1,cutoff_valid,cutoff_valid_to_activity,0.28085003622313454,1163,4141
protocol,oulab,8,8,stack_7_full,0.2,activity_conditioned,cutoff_valid,0.39865488592905185,3023,7583
protocol,oulab,8,8,stack_7_full,0.2,activity_to_cutoff_valid,cutoff_valid,0.8718672785033533,4940,5666
protocol,oulab,8,8,stack_7_full,0.2,cutoff_valid_to_activity,cutoff_valid,0.4105599148822982,3087,7519
protocol,oulab,8,8,stack_7_full,0.2,static_full,cutoff_valid,0.1511993921632476,1393,9213
evaluation_population,oulab,8,8,stack_7_full,0.2,activity_conditioned,activity_to_cutoff_valid,0.4328559848689543,3204,7402
evaluation_population,oulab,8,8,stack_7_full,0.2,cutoff_valid,cutoff_valid_to_activity,0.4105599148822982,3087,7519
protocol,oulab,8,8,temporal_hgb,0.01,activity_conditioned,cutoff_valid,0.12658227848101267,60,474
protocol,oulab,8,8,temporal_hgb,0.01,activity_to_cutoff_valid,cutoff_valid,0.2535211267605634,108,426
protocol,oulab,8,8,temporal_hgb,0.01,cutoff_valid_to_activity,cutoff_valid,0.21363636363636362,94,440
protocol,oulab,8,8,temporal_hgb,0.01,static_full,cutoff_valid,0.09650924024640657,47,487
evaluation_population,oulab,8,8,temporal_hgb,0.01,activity_conditioned,activity_to_cutoff_valid,0.28674698795180725,119,415
evaluation_population,oulab,8,8,temporal_hgb,0.01,cutoff_valid,cutoff_valid_to_activity,0.21363636363636362,94,440
protocol,oulab,8,8,temporal_hgb,0.05,activity_conditioned,cutoff_valid,0.1753764393268379,396,2258
protocol,oulab,8,8,temporal_hgb,0.05,activity_to_cutoff_valid,cutoff_valid,0.36382322713257964,708,1946
protocol,oulab,8,8,temporal_hgb,0.05,cutoff_valid_to_activity,cutoff_valid,0.2448405253283302,522,2132
protocol,oulab,8,8,temporal_hgb,0.05,static_full,cutoff_valid,0.11092507325240686,265,2389
evaluation_population,oulab,8,8,temporal_hgb,0.05,activity_conditioned,activity_to_cutoff_valid,0.327,654,2000
evaluation_population,oulab,8,8,temporal_hgb,0.05,cutoff_valid,cutoff_valid_to_activity,0.2448405253283302,522,2132
protocol,oulab,8,8,temporal_hgb,0.1,activity_conditioned,cutoff_valid,0.269810869044769,1127,4177
protocol,oulab,8,8,temporal_hgb,0.1,activity_to_cutoff_valid,cutoff_valid,0.723196881091618,2226,3078
protocol,oulab,8,8,temporal_hgb,0.1,cutoff_valid_to_activity,cutoff_valid,0.3197312764369246,1285,4019
protocol,oulab,8,8,temporal_hgb,0.1,static_full,cutoff_valid,0.1152228763666947,548,4756
evaluation_population,oulab,8,8,temporal_hgb,0.1,activity_conditioned,activity_to_cutoff_valid,0.33804238143289606,1340,3964
evaluation_population,oulab,8,8,temporal_hgb,0.1,cutoff_valid,cutoff_valid_to_activity,0.3197312764369246,1285,4019
protocol,oulab,8,8,temporal_hgb,0.2,activity_conditioned,cutoff_valid,0.4238152772184186,3157,7449
protocol,oulab,8,8,temporal_hgb,0.2,activity_to_cutoff_valid,cutoff_valid,0.90652525615675,5043,5563
protocol,oulab,8,8,temporal_hgb,0.2,cutoff_valid_to_activity,cutoff_valid,0.4447622939653998,3265,7341
protocol,oulab,8,8,temporal_hgb,0.2,static_full,cutoff_valid,0.15925237730899552,1457,9149
evaluation_population,oulab,8,8,temporal_hgb,0.2,activity_conditioned,activity_to_cutoff_valid,0.42630446476600325,3170,7436
evaluation_population,oulab,8,8,temporal_hgb,0.2,cutoff_valid,cutoff_valid_to_activity,0.4447622939653998,3265,7341
protocol,oulab,10,10,base_dffnn,0.01,activity_conditioned,cutoff_valid,0.10638297872340426,50,470
protocol,oulab,10,10,base_dffnn,0.01,activity_to_cutoff_valid,cutoff_valid,0.27764127764127766,113,407
protocol,oulab,10,10,base_dffnn,0.01,cutoff_valid_to_activity,cutoff_valid,0.19815668202764977,86,434
protocol,oulab,10,10,base_dffnn,0.01,static_full,cutoff_valid,0.061224489795918366,30,490
evaluation_population,oulab,10,10,base_dffnn,0.01,activity_conditioned,activity_to_cutoff_valid,0.24401913875598086,102,418
evaluation_population,oulab,10,10,base_dffnn,0.01,cutoff_valid,cutoff_valid_to_activity,0.19815668202764977,86,434
protocol,oulab,10,10,base_dffnn,0.05,activity_conditioned,cutoff_valid,0.20723226703755215,447,2157
protocol,oulab,10,10,base_dffnn,0.05,activity_to_cutoff_valid,cutoff_valid,0.6533333333333333,1029,1575
protocol,oulab,10,10,base_dffnn,0.05,cutoff_valid_to_activity,cutoff_valid,0.26777020447906524,550,2054
protocol,oulab,10,10,base_dffnn,0.05,static_full,cutoff_valid,0.09411764705882353,224,2380
evaluation_population,oulab,10,10,base_dffnn,0.05,activity_conditioned,activity_to_cutoff_valid,0.2646915978630403,545,2059
evaluation_population,oulab,10,10,base_dffnn,0.05,cutoff_valid,cutoff_valid_to_activity,0.26777020447906524,550,2054
protocol,oulab,10,10,base_dffnn,0.1,activity_conditioned,cutoff_valid,0.26496969696969697,1093,4125
protocol,oulab,10,10,base_dffnn,0.1,activity_to_cutoff_valid,cutoff_valid,0.8174851967955417,2347,2871
protocol,oulab,10,10,base_dffnn,0.1,cutoff_valid_to_activity,cutoff_valid,0.29897933781428926,1201,4017
protocol,oulab,10,10,base_dffnn,0.1,static_full,cutoff_valid,0.10691557064064489,504,4714
evaluation_population,oulab,10,10,base_dffnn,0.1,activity_conditioned,activity_to_cutoff_valid,0.2858551010349926,1160,4058
evaluation_population,oulab,10,10,base_dffnn,0.1,cutoff_valid,cutoff_valid_to_activity,0.29897933781428926,1201,4017
protocol,oulab,10,10,base_dffnn,0.2,activity_conditioned,cutoff_valid,0.3683105981112277,2808,7624
protocol,oulab,10,10,base_dffnn,0.2,activity_to_cutoff_valid,cutoff_valid,0.9113228288750458,4974,5458
protocol,oulab,10,10,base_dffnn,0.2,cutoff_valid_to_activity,cutoff_valid,0.3786176820404388,2865,7567
protocol,oulab,10,10,base_dffnn,0.2,static_full,cutoff_valid,0.14763476347634763,1342,9090
evaluation_population,oulab,10,10,base_dffnn,0.2,activity_conditioned,activity_to_cutoff_valid,0.37064774668243333,2821,7611
evaluation_population,oulab,10,10,base_dffnn,0.2,cutoff_valid,cutoff_valid_to_activity,0.3786176820404388,2865,7567
protocol,oulab,10,10,base_knn,0.01,activity_conditioned,cutoff_valid,0.10874200426439233,51,469
protocol,oulab,10,10,base_knn,0.01,activity_to_cutoff_valid,cutoff_valid,0.2235294117647059,95,425
protocol,oulab,10,10,base_knn,0.01,cutoff_valid_to_activity,cutoff_valid,0.23809523809523808,100,420
protocol,oulab,10,10,base_knn,0.01,static_full,cutoff_valid,0.13043478260869565,60,460
evaluation_population,oulab,10,10,base_knn,0.01,activity_conditioned,activity_to_cutoff_valid,0.3402061855670103,132,388
evaluation_population,oulab,10,10,base_knn,0.01,cutoff_valid,cutoff_valid_to_activity,0.23809523809523808,100,420
protocol,oulab,10,10,base_knn,0.05,activity_conditioned,cutoff_valid,0.19012797074954296,416,2188
protocol,oulab,10,10,base_knn,0.05,activity_to_cutoff_valid,cutoff_valid,0.5408284023668639,914,1690
protocol,oulab,10,10,base_knn,0.05,cutoff_valid_to_activity,cutoff_valid,0.26346433770014555,543,2061
protocol,oulab,10,10,base_knn,0.05,static_full,cutoff_valid,0.1381118881118881,316,2288
evaluation_population,oulab,10,10,base_knn,0.05,activity_conditioned,activity_to_cutoff_valid,0.31848101265822787,629,1975
evaluation_population,oulab,10,10,base_knn,0.05,cutoff_valid,cutoff_valid_to_activity,0.26346433770014555,543,2061
protocol,oulab,10,10,base_knn,0.1,activity_conditioned,cutoff_valid,0.3090817862518816,1232,3986
protocol,oulab,10,10,base_knn,0.1,activity_to_cutoff_valid,cutoff_valid,0.8386187455954898,2380,2838
protocol,oulab,10,10,base_knn,0.1,cutoff_valid_to_activity,cutoff_valid,0.3634700810033969,1391,3827
protocol,oulab,10,10,base_knn,0.1,static_full,cutoff_valid,0.1378107283035325,632,4586
evaluation_population,oulab,10,10,base_knn,0.1,activity_conditioned,activity_to_cutoff_valid,0.34001027221366203,1324,3894
evaluation_population,oulab,10,10,base_knn,0.1,cutoff_valid,cutoff_valid_to_activity,0.3634700810033969,1391,3827
protocol,oulab,10,10,base_knn,0.2,activity_conditioned,cutoff_valid,0.41758391085745344,3073,7359
protocol,oulab,10,10,base_knn,0.2,activity_to_cutoff_valid,cutoff_valid,0.9448173005219985,5068,5364
protocol,oulab,10,10,base_knn,0.2,cutoff_valid_to_activity,cutoff_valid,0.4298245614035088,3136,7296
protocol,oulab,10,10,base_knn,0.2,static_full,cutoff_valid,0.16259890783461495,1459,8973
evaluation_population,oulab,10,10,base_knn,0.2,activity_conditioned,activity_to_cutoff_valid,0.42086624897847996,3090,7342
evaluation_population,oulab,10,10,base_knn,0.2,cutoff_valid,cutoff_valid_to_activity,0.4298245614035088,3136,7296
protocol,oulab,10,10,base_lr_clickstream,0.01,activity_conditioned,cutoff_valid,0.015625,8,512
protocol,oulab,10,10,base_lr_clickstream,0.01,activity_to_cutoff_valid,cutoff_valid,0.31645569620253167,125,395
protocol,oulab,10,10,base_lr_clickstream,0.01,cutoff_valid_to_activity,cutoff_valid,0.0196078431372549,10,510
protocol,oulab,10,10,base_lr_clickstream,0.01,static_full,cutoff_valid,0.10638297872340426,50,470
evaluation_population,oulab,10,10,base_lr_clickstream,0.01,activity_conditioned,activity_to_cutoff_valid,0.24105011933174225,101,419
evaluation_population,oulab,10,10,base_lr_clickstream,0.01,cutoff_valid,cutoff_valid_to_activity,0.0196078431372549,10,510
protocol,oulab,10,10,base_lr_clickstream,0.05,activity_conditioned,cutoff_valid,0.21739130434782608,465,2139
protocol,oulab,10,10,base_lr_clickstream,0.05,activity_to_cutoff_valid,cutoff_valid,0.7983425414364641,1156,1448
protocol,oulab,10,10,base_lr_clickstream,0.05,cutoff_valid_to_activity,cutoff_valid,0.25615050651230103,531,2073
protocol,oulab,10,10,base_lr_clickstream,0.05,static_full,cutoff_valid,0.10432569974554708,246,2358
evaluation_population,oulab,10,10,base_lr_clickstream,0.05,activity_conditioned,activity_to_cutoff_valid,0.2335386072951208,493,2111
evaluation_population,oulab,10,10,base_lr_clickstream,0.05,cutoff_valid,cutoff_valid_to_activity,0.25615050651230103,531,2073
protocol,oulab,10,10,base_lr_clickstream,0.1,activity_conditioned,cutoff_valid,0.3210126582278481,1268,3950
protocol,oulab,10,10,base_lr_clickstream,0.1,activity_to_cutoff_valid,cutoff_valid,0.8817165524702488,2445,2773
protocol,oulab,10,10,base_lr_clickstream,0.1,cutoff_valid_to_activity,cutoff_valid,0.3602711157455683,1382,3836
protocol,oulab,10,10,base_lr_clickstream,0.1,static_full,cutoff_valid,0.10644614079728583,502,4716
evaluation_population,oulab,10,10,base_lr_clickstream,0.1,activity_conditioned,activity_to_cutoff_valid,0.3318019397651863,1300,3918
evaluation_population,oulab,10,10,base_lr_clickstream,0.1,cutoff_valid,cutoff_valid_to_activity,0.3602711157455683,1382,3836
protocol,oulab,10,10,base_lr_clickstream,0.2,activity_conditioned,cutoff_valid,0.4268909861852004,3121,7311
protocol,oulab,10,10,base_lr_clickstream,0.2,activity_to_cutoff_valid,cutoff_valid,0.9254337393872277,5014,5418
protocol,oulab,10,10,base_lr_clickstream,0.2,cutoff_valid_to_activity,cutoff_valid,0.4527224620526389,3251,7181
protocol,oulab,10,10,base_lr_clickstream,0.2,static_full,cutoff_valid,0.1533443891652847,1387,9045
evaluation_population,oulab,10,10,base_lr_clickstream,0.2,activity_conditioned,activity_to_cutoff_valid,0.43002056202878686,3137,7295
evaluation_population,oulab,10,10,base_lr_clickstream,0.2,cutoff_valid,cutoff_valid_to_activity,0.4527224620526389,3251,7181
protocol,oulab,10,10,base_lr_profile,0.01,activity_conditioned,cutoff_valid,0.011673151750972763,6,514
protocol,oulab,10,10,base_lr_profile,0.01,activity_to_cutoff_valid,cutoff_valid,0.035856573705179286,18,502
protocol,oulab,10,10,base_lr_profile,0.01,cutoff_valid_to_activity,cutoff_valid,0.01364522417153996,7,513
protocol,oulab,10,10,base_lr_profile,0.01,static_full,cutoff_valid,0.1111111111111111,52,468
evaluation_population,oulab,10,10,base_lr_profile,0.01,activity_conditioned,activity_to_cutoff_valid,0.6560509554140127,206,314
evaluation_population,oulab,10,10,base_lr_profile,0.01,cutoff_valid,cutoff_valid_to_activity,0.01364522417153996,7,513
protocol,oulab,10,10,base_lr_profile,0.05,activity_conditioned,cutoff_valid,0.2929493545183714,590,2014
protocol,oulab,10,10,base_lr_profile,0.05,activity_to_cutoff_valid,cutoff_valid,0.3669291338582677,699,1905
protocol,oulab,10,10,base_lr_profile,0.05,cutoff_valid_to_activity,cutoff_valid,0.3457364341085271,669,1935
protocol,oulab,10,10,base_lr_profile,0.05,static_full,cutoff_valid,0.12,279,2325
evaluation_population,oulab,10,10,base_lr_profile,0.05,activity_conditioned,activity_to_cutoff_valid,0.6756756756756757,1050,1554
evaluation_population,oulab,10,10,base_lr_profile,0.05,cutoff_valid,cutoff_valid_to_activity,0.3457364341085271,669,1935
protocol,oulab,10,10,base_lr_profile,0.1,activity_conditioned,cutoff_valid,0.4653187306936254,1657,3561
protocol,oulab,10,10,base_lr_profile,0.1,activity_to_cutoff_valid,cutoff_valid,0.5802543912780134,1916,3302
protocol,oulab,10,10,base_lr_profile,0.1,cutoff_valid_to_activity,cutoff_valid,0.5773881499395405,1910,3308
protocol,oulab,10,10,base_lr_profile,0.1,static_full,cutoff_valid,0.11352966282543747,532,4686
evaluation_population,oulab,10,10,base_lr_profile,0.1,activity_conditioned,activity_to_cutoff_valid,0.697462589459987,2144,3074
evaluation_population,oulab,10,10,base_lr_profile,0.1,cutoff_valid,cutoff_valid_to_activity,0.5773881499395405,1910,3308
protocol,oulab,10,10,base_lr_profile,0.2,activity_conditioned,cutoff_valid,0.5897592197500762,3870,6562
protocol,oulab,10,10,base_lr_profile,0.2,activity_to_cutoff_valid,cutoff_valid,0.7326025577146653,4411,6021
protocol,oulab,10,10,base_lr_profile,0.2,cutoff_valid_to_activity,cutoff_valid,0.6896663427275672,4258,6174
protocol,oulab,10,10,base_lr_profile,0.2,static_full,cutoff_valid,0.1978413135836491,1723,8709
evaluation_population,oulab,10,10,base_lr_profile,0.2,activity_conditioned,activity_to_cutoff_valid,0.724582575632336,4383,6049
evaluation_population,oulab,10,10,base_lr_profile,0.2,cutoff_valid,cutoff_valid_to_activity,0.6896663427275672,4258,6174
protocol,oulab,10,10,base_lr_weekly,0.01,activity_conditioned,cutoff_valid,0.09014675052410902,43,477
protocol,oulab,10,10,base_lr_weekly,0.01,activity_to_cutoff_valid,cutoff_valid,0.11587982832618025,54,466
protocol,oulab,10,10,base_lr_weekly,0.01,cutoff_valid_to_activity,cutoff_valid,0.09473684210526316,45,475
protocol,oulab,10,10,base_lr_weekly,0.01,static_full,cutoff_valid,0.09936575052854123,47,473
evaluation_population,oulab,10,10,base_lr_weekly,0.01,activity_conditioned,activity_to_cutoff_valid,0.39037433155080214,146,374
evaluation_population,oulab,10,10,base_lr_weekly,0.01,cutoff_valid,cutoff_valid_to_activity,0.09473684210526316,45,475
protocol,oulab,10,10,base_lr_weekly,0.05,activity_conditioned,cutoff_valid,0.23529411764705882,496,2108
protocol,oulab,10,10,base_lr_weekly,0.05,activity_to_cutoff_valid,cutoff_valid,0.32249873031995935,635,1969
protocol,oulab,10,10,base_lr_weekly,0.05,cutoff_valid_to_activity,cutoff_valid,0.2884710539336962,583,2021
protocol,oulab,10,10,base_lr_weekly,0.05,static_full,cutoff_valid,0.10292249047013977,243,2361
evaluation_population,oulab,10,10,base_lr_weekly,0.05,activity_conditioned,activity_to_cutoff_valid,0.39400428265524623,736,1868
evaluation_population,oulab,10,10,base_lr_weekly,0.05,cutoff_valid,cutoff_valid_to_activity,0.2884710539336962,583,2021
protocol,oulab,10,10,base_lr_weekly,0.1,activity_conditioned,cutoff_valid,0.32672260361047545,1285,3933
protocol,oulab,10,10,base_lr_weekly,0.1,activity_to_cutoff_valid,cutoff_valid,0.7486595174262735,2234,2984
protocol,oulab,10,10,base_lr_weekly,0.1,cutoff_valid_to_activity,cutoff_valid,0.37932857520486385,1435,3783
protocol,oulab,10,10,base_lr_weekly,0.1,static_full,cutoff_valid,0.10387137719483816,491,4727
evaluation_population,oulab,10,10,base_lr_weekly,0.1,activity_conditioned,activity_to_cutoff_valid,0.353918007265179,1364,3854
evaluation_population,oulab,10,10,base_lr_weekly,0.1,cutoff_valid,cutoff_valid_to_activity,0.37932857520486385,1435,3783
protocol,oulab,10,10,base_lr_weekly,0.2,activity_conditioned,cutoff_valid,0.3974547890154052,2967,7465
protocol,oulab,10,10,base_lr_weekly,0.2,activity_to_cutoff_valid,cutoff_valid,0.9408372093023256,5057,5375
protocol,oulab,10,10,base_lr_weekly,0.2,cutoff_valid_to_activity,cutoff_valid,0.4170062483020918,3070,7362
protocol,oulab,10,10,base_lr_weekly,0.2,static_full,cutoff_valid,0.15795315795315795,1423,9009
evaluation_population,oulab,10,10,base_lr_weekly,0.2,activity_conditioned,activity_to_cutoff_valid,0.39764201500535906,2968,7464
evaluation_population,oulab,10,10,base_lr_weekly,0.2,cutoff_valid,cutoff_valid_to_activity,0.4170062483020918,3070,7362
protocol,oulab,10,10,base_rf_entropy,0.01,activity_conditioned,cutoff_valid,0.13043478260869565,60,460
protocol,oulab,10,10,base_rf_entropy,0.01,activity_to_cutoff_valid,cutoff_valid,0.41689373297002724,153,367
protocol,oulab,10,10,base_rf_entropy,0.01,cutoff_valid_to_activity,cutoff_valid,0.21779859484777517,93,427
protocol,oulab,10,10,base_rf_entropy,0.01,static_full,cutoff_valid,0.0196078431372549,10,510
evaluation_population,oulab,10,10,base_rf_entropy,0.01,activity_conditioned,activity_to_cutoff_valid,0.19815668202764977,86,434
evaluation_population,oulab,10,10,base_rf_entropy,0.01,cutoff_valid,cutoff_valid_to_activity,0.21779859484777517,93,427
protocol,oulab,10,10,base_rf_entropy,0.05,activity_conditioned,cutoff_valid,0.19176201372997712,419,2185
protocol,oulab,10,10,base_rf_entropy,0.05,activity_to_cutoff_valid,cutoff_valid,0.7762619372442019,1138,1466
protocol,oulab,10,10,base_rf_entropy,0.05,cutoff_valid_to_activity,cutoff_valid,0.22310944105213715,475,2129
protocol,oulab,10,10,base_rf_entropy,0.05,static_full,cutoff_valid,0.07915457936179031,191,2413
evaluation_population,oulab,10,10,base_rf_entropy,0.05,activity_conditioned,activity_to_cutoff_valid,0.22253521126760564,474,2130
evaluation_population,oulab,10,10,base_rf_entropy,0.05,cutoff_valid,cutoff_valid_to_activity,0.22310944105213715,475,2129
protocol,oulab,10,10,base_rf_entropy,0.1,activity_conditioned,cutoff_valid,0.2444550441211543,1025,4193
protocol,oulab,10,10,base_rf_entropy,0.1,activity_to_cutoff_valid,cutoff_valid,0.8960755813953488,2466,2752
protocol,oulab,10,10,base_rf_entropy,0.1,cutoff_valid_to_activity,cutoff_valid,0.2534230122507807,1055,4163
protocol,oulab,10,10,base_rf_entropy,0.1,static_full,cutoff_valid,0.1022391212505281,484,4734
evaluation_population,oulab,10,10,base_rf_entropy,0.1,activity_conditioned,activity_to_cutoff_valid,0.2519193857965451,1050,4168
evaluation_population,oulab,10,10,base_rf_entropy,0.1,cutoff_valid,cutoff_valid_to_activity,0.2534230122507807,1055,4163
protocol,oulab,10,10,base_rf_entropy,0.2,activity_conditioned,cutoff_valid,0.3574495770982433,2747,7685
protocol,oulab,10,10,base_rf_entropy,0.2,activity_to_cutoff_valid,cutoff_valid,0.9561222576411026,5099,5333
protocol,oulab,10,10,base_rf_entropy,0.2,cutoff_valid_to_activity,cutoff_valid,0.3597497393117831,2760,7672
protocol,oulab,10,10,base_rf_entropy,0.2,static_full,cutoff_valid,0.14235654840122647,1300,9132
evaluation_population,oulab,10,10,base_rf_entropy,0.2,activity_conditioned,activity_to_cutoff_valid,0.3578029415592867,2749,7683
evaluation_population,oulab,10,10,base_rf_entropy,0.2,cutoff_valid,cutoff_valid_to_activity,0.3597497393117831,2760,7672
protocol,oulab,10,10,base_rf_gini,0.01,activity_conditioned,cutoff_valid,0.14285714285714285,65,455
protocol,oulab,10,10,base_rf_gini,0.01,activity_to_cutoff_valid,cutoff_valid,0.4092140921409214,151,369
protocol,oulab,10,10,base_rf_gini,0.01,cutoff_valid_to_activity,cutoff_valid,0.22065727699530516,94,426
protocol,oulab,10,10,base_rf_gini,0.01,static_full,cutoff_valid,0.0297029702970297,15,505
evaluation_population,oulab,10,10,base_rf_gini,0.01,activity_conditioned,activity_to_cutoff_valid,0.18993135011441648,83,437
evaluation_population,oulab,10,10,base_rf_gini,0.01,cutoff_valid,cutoff_valid_to_activity,0.22065727699530516,94,426
protocol,oulab,10,10,base_rf_gini,0.05,activity_conditioned,cutoff_valid,0.20388349514563106,441,2163
protocol,oulab,10,10,base_rf_gini,0.05,activity_to_cutoff_valid,cutoff_valid,0.7921541637990365,1151,1453
protocol,oulab,10,10,base_rf_gini,0.05,cutoff_valid_to_activity,cutoff_valid,0.23120567375886525,489,2115
protocol,oulab,10,10,base_rf_gini,0.05,static_full,cutoff_valid,0.07915457936179031,191,2413
evaluation_population,oulab,10,10,base_rf_gini,0.05,activity_conditioned,activity_to_cutoff_valid,0.23295454545454544,492,2112
evaluation_population,oulab,10,10,base_rf_gini,0.05,cutoff_valid,cutoff_valid_to_activity,0.23120567375886525,489,2115
protocol,oulab,10,10,base_rf_gini,0.1,activity_conditioned,cutoff_valid,0.24952107279693486,1042,4176
protocol,oulab,10,10,base_rf_gini,0.1,activity_to_cutoff_valid,cutoff_valid,0.8905797101449275,2458,2760
protocol,oulab,10,10,base_rf_gini,0.1,cutoff_valid_to_activity,cutoff_valid,0.2582589823969134,1071,4147
protocol,oulab,10,10,base_rf_gini,0.1,static_full,cutoff_valid,0.1087972800679983,512,4706
evaluation_population,oulab,10,10,base_rf_gini,0.1,activity_conditioned,activity_to_cutoff_valid,0.2567437379576108,1066,4152
evaluation_population,oulab,10,10,base_rf_gini,0.1,cutoff_valid,cutoff_valid_to_activity,0.2582589823969134,1071,4147
protocol,oulab,10,10,base_rf_gini,0.2,activity_conditioned,cutoff_valid,0.3590411672746222,2756,7676
protocol,oulab,10,10,base_rf_gini,0.2,activity_to_cutoff_valid,cutoff_valid,0.9517305893358279,5087,5345
protocol,oulab,10,10,base_rf_gini,0.2,cutoff_valid_to_activity,cutoff_valid,0.3620577098837968,2773,7659
protocol,oulab,10,10,base_rf_gini,0.2,static_full,cutoff_valid,0.1437342396667032,1311,9121
evaluation_population,oulab,10,10,base_rf_gini,0.2,activity_conditioned,activity_to_cutoff_valid,0.35939536095908264,2758,7674
evaluation_population,oulab,10,10,base_rf_gini,0.2,cutoff_valid,cutoff_valid_to_activity,0.3620577098837968,2773,7659
protocol,oulab,10,10,base_svm,0.01,activity_conditioned,cutoff_valid,0.04838709677419355,24,496
protocol,oulab,10,10,base_svm,0.01,activity_to_cutoff_valid,cutoff_valid,0.40540540540540543,150,370
protocol,oulab,10,10,base_svm,0.01,cutoff_valid_to_activity,cutoff_valid,0.05476673427991886,27,493
protocol,oulab,10,10,base_svm,0.01,static_full,cutoff_valid,0.1328976034858388,61,459
evaluation_population,oulab,10,10,base_svm,0.01,activity_conditioned,activity_to_cutoff_valid,0.2235294117647059,95,425
evaluation_population,oulab,10,10,base_svm,0.01,cutoff_valid,cutoff_valid_to_activity,0.05476673427991886,27,493
protocol,oulab,10,10,base_svm,0.05,activity_conditioned,cutoff_valid,0.2111627906976744,454,2150
protocol,oulab,10,10,base_svm,0.05,activity_to_cutoff_valid,cutoff_valid,0.8468085106382979,1194,1410
protocol,oulab,10,10,base_svm,0.05,cutoff_valid_to_activity,cutoff_valid,0.24,504,2100
protocol,oulab,10,10,base_svm,0.05,static_full,cutoff_valid,0.12386706948640483,287,2317
evaluation_population,oulab,10,10,base_svm,0.05,activity_conditioned,activity_to_cutoff_valid,0.22253521126760564,474,2130
evaluation_population,oulab,10,10,base_svm,0.05,cutoff_valid,cutoff_valid_to_activity,0.24,504,2100
protocol,oulab,10,10,base_svm,0.1,activity_conditioned,cutoff_valid,0.322016721560679,1271,3947
protocol,oulab,10,10,base_svm,0.1,activity_to_cutoff_valid,cutoff_valid,0.9120556980578967,2489,2729
protocol,oulab,10,10,base_svm,0.1,cutoff_valid_to_activity,cutoff_valid,0.34380633530775173,1335,3883
protocol,oulab,10,10,base_svm,0.1,static_full,cutoff_valid,0.11567243959803293,541,4677
evaluation_population,oulab,10,10,base_svm,0.1,activity_conditioned,activity_to_cutoff_valid,0.3250380904012189,1280,3938
evaluation_population,oulab,10,10,base_svm,0.1,cutoff_valid,cutoff_valid_to_activity,0.34380633530775173,1335,3883
protocol,oulab,10,10,base_svm,0.2,activity_conditioned,cutoff_valid,0.42669584245076586,3120,7312
protocol,oulab,10,10,base_svm,0.2,activity_to_cutoff_valid,cutoff_valid,0.9480859010270775,5077,5355
protocol,oulab,10,10,base_svm,0.2,cutoff_valid_to_activity,cutoff_valid,0.4406849882612899,3191,7241
protocol,oulab,10,10,base_svm,0.2,static_full,cutoff_valid,0.15769614915103763,1421,9011
evaluation_population,oulab,10,10,base_svm,0.2,activity_conditioned,activity_to_cutoff_valid,0.4284540599753526,3129,7303
evaluation_population,oulab,10,10,base_svm,0.2,cutoff_valid,cutoff_valid_to_activity,0.4406849882612899,3191,7241
protocol,oulab,10,10,flat_hgb,0.01,activity_conditioned,cutoff_valid,0.13043478260869565,60,460
protocol,oulab,10,10,flat_hgb,0.01,activity_to_cutoff_valid,cutoff_valid,0.2235294117647059,95,425
protocol,oulab,10,10,flat_hgb,0.01,cutoff_valid_to_activity,cutoff_valid,0.18181818181818182,80,440
protocol,oulab,10,10,flat_hgb,0.01,static_full,cutoff_valid,0.08559498956158663,41,479
evaluation_population,oulab,10,10,flat_hgb,0.01,activity_conditioned,activity_to_cutoff_valid,0.3333333333333333,130,390
evaluation_population,oulab,10,10,flat_hgb,0.01,cutoff_valid,cutoff_valid_to_activity,0.18181818181818182,80,440
protocol,oulab,10,10,flat_hgb,0.05,activity_conditioned,cutoff_valid,0.1798821930222021,397,2207
protocol,oulab,10,10,flat_hgb,0.05,activity_to_cutoff_valid,cutoff_valid,0.43313153549807376,787,1817
protocol,oulab,10,10,flat_hgb,0.05,cutoff_valid_to_activity,cutoff_valid,0.23237103644107904,491,2113
protocol,oulab,10,10,flat_hgb,0.05,static_full,cutoff_valid,0.10385756676557864,245,2359
evaluation_population,oulab,10,10,flat_hgb,0.05,activity_conditioned,activity_to_cutoff_valid,0.3059177532597793,610,1994
evaluation_population,oulab,10,10,flat_hgb,0.05,cutoff_valid,cutoff_valid_to_activity,0.23237103644107904,491,2113
protocol,oulab,10,10,flat_hgb,0.1,activity_conditioned,cutoff_valid,0.3018962075848303,1210,4008
protocol,oulab,10,10,flat_hgb,0.1,activity_to_cutoff_valid,cutoff_valid,0.8392668311596757,2381,2837
protocol,oulab,10,10,flat_hgb,0.1,cutoff_valid_to_activity,cutoff_valid,0.3431145431145431,1333,3885
protocol,oulab,10,10,flat_hgb,0.1,static_full,cutoff_valid,0.10621157515369939,501,4717
evaluation_population,oulab,10,10,flat_hgb,0.1,activity_conditioned,activity_to_cutoff_valid,0.3321419453663518,1301,3917
evaluation_population,oulab,10,10,flat_hgb,0.1,cutoff_valid,cutoff_valid_to_activity,0.3431145431145431,1333,3885
protocol,oulab,10,10,flat_hgb,0.2,activity_conditioned,cutoff_valid,0.41068289384719403,3037,7395
protocol,oulab,10,10,flat_hgb,0.2,activity_to_cutoff_valid,cutoff_valid,0.9379528144157533,5049,5383
protocol,oulab,10,10,flat_hgb,0.2,cutoff_valid_to_activity,cutoff_valid,0.4214470636326475,3093,7339
protocol,oulab,10,10,flat_hgb,0.2,static_full,cutoff_valid,0.15118075480026485,1370,9062
evaluation_population,oulab,10,10,flat_hgb,0.2,activity_conditioned,activity_to_cutoff_valid,0.41297575511309764,3049,7383
evaluation_population,oulab,10,10,flat_hgb,0.2,cutoff_valid,cutoff_valid_to_activity,0.4214470636326475,3093,7339
protocol,oulab,10,10,stack_7_full,0.01,activity_conditioned,cutoff_valid,0.17913832199546487,79,441
protocol,oulab,10,10,stack_7_full,0.01,activity_to_cutoff_valid,cutoff_valid,0.543026706231454,183,337
protocol,oulab,10,10,stack_7_full,0.01,cutoff_valid_to_activity,cutoff_valid,0.2682926829268293,110,410
protocol,oulab,10,10,stack_7_full,0.01,static_full,cutoff_valid,0.04208416833667335,21,499
evaluation_population,oulab,10,10,stack_7_full,0.01,activity_conditioned,activity_to_cutoff_valid,0.24401913875598086,102,418
evaluation_population,oulab,10,10,stack_7_full,0.01,cutoff_valid,cutoff_valid_to_activity,0.2682926829268293,110,410
protocol,oulab,10,10,stack_7_full,0.05,activity_conditioned,cutoff_valid,0.213986013986014,459,2145
protocol,oulab,10,10,stack_7_full,0.05,activity_to_cutoff_valid,cutoff_valid,0.5715147857573929,947,1657
protocol,oulab,10,10,stack_7_full,0.05,cutoff_valid_to_activity,cutoff_valid,0.2501200192030725,521,2083
protocol,oulab,10,10,stack_7_full,0.05,static_full,cutoff_valid,0.08094645080946451,195,2409
evaluation_population,oulab,10,10,stack_7_full,0.05,activity_conditioned,activity_to_cutoff_valid,0.2537313432835821,527,2077
evaluation_population,oulab,10,10,stack_7_full,0.05,cutoff_valid,cutoff_valid_to_activity,0.2501200192030725,521,2083
protocol,oulab,10,10,stack_7_full,0.1,activity_conditioned,cutoff_valid,0.25432692307692306,1058,4160
protocol,oulab,10,10,stack_7_full,0.1,activity_to_cutoff_valid,cutoff_valid,0.786986301369863,2298,2920
protocol,oulab,10,10,stack_7_full,0.1,cutoff_valid_to_activity,cutoff_valid,0.27829495345418914,1136,4082
protocol,oulab,10,10,stack_7_full,0.1,static_full,cutoff_valid,0.10107617640852501,479,4739
evaluation_population,oulab,10,10,stack_7_full,0.1,activity_conditioned,activity_to_cutoff_valid,0.2751710654936461,1126,4092
evaluation_population,oulab,10,10,stack_7_full,0.1,cutoff_valid,cutoff_valid_to_activity,0.27829495345418914,1136,4082
protocol,oulab,10,10,stack_7_full,0.2,activity_conditioned,cutoff_valid,0.35603795658390747,2739,7693
protocol,oulab,10,10,stack_7_full,0.2,activity_to_cutoff_valid,cutoff_valid,0.9448173005219985,5068,5364
protocol,oulab,10,10,stack_7_full,0.2,cutoff_valid_to_activity,cutoff_valid,0.36401673640167365,2784,7648
protocol,oulab,10,10,stack_7_full,0.2,static_full,cutoff_valid,0.1433581762384919,1308,9124
evaluation_population,oulab,10,10,stack_7_full,0.2,activity_conditioned,activity_to_cutoff_valid,0.35639058639968796,2741,7691
evaluation_population,oulab,10,10,stack_7_full,0.2,cutoff_valid,cutoff_valid_to_activity,0.36401673640167365,2784,7648
protocol,oulab,10,10,temporal_hgb,0.01,activity_conditioned,cutoff_valid,0.2037037037037037,88,432
protocol,oulab,10,10,temporal_hgb,0.01,activity_to_cutoff_valid,cutoff_valid,0.543026706231454,183,337
protocol,oulab,10,10,temporal_hgb,0.01,cutoff_valid_to_activity,cutoff_valid,0.25907990314769974,107,413
protocol,oulab,10,10,temporal_hgb,0.01,static_full,cutoff_valid,0.031746031746031744,16,504
evaluation_population,oulab,10,10,temporal_hgb,0.01,activity_conditioned,activity_to_cutoff_valid,0.25,104,416
evaluation_population,oulab,10,10,temporal_hgb,0.01,cutoff_valid,cutoff_valid_to_activity,0.25907990314769974,107,413
protocol,oulab,10,10,temporal_hgb,0.05,activity_conditioned,cutoff_valid,0.16981132075471697,378,2226
protocol,oulab,10,10,temporal_hgb,0.05,activity_to_cutoff_valid,cutoff_valid,0.3895410885805763,730,1874
protocol,oulab,10,10,temporal_hgb,0.05,cutoff_valid_to_activity,cutoff_valid,0.19834330418775886,431,2173
protocol,oulab,10,10,temporal_hgb,0.05,static_full,cutoff_valid,0.09966216216216216,236,2368
evaluation_population,oulab,10,10,temporal_hgb,0.05,activity_conditioned,activity_to_cutoff_valid,0.2671532846715328,549,2055
evaluation_population,oulab,10,10,temporal_hgb,0.05,cutoff_valid,cutoff_valid_to_activity,0.19834330418775886,431,2173
protocol,oulab,10,10,temporal_hgb,0.1,activity_conditioned,cutoff_valid,0.2564411268962196,1065,4153
protocol,oulab,10,10,temporal_hgb,0.1,activity_to_cutoff_valid,cutoff_valid,0.8830747022735475,2447,2771
protocol,oulab,10,10,temporal_hgb,0.1,cutoff_valid_to_activity,cutoff_valid,0.281434184675835,1146,4072
protocol,oulab,10,10,temporal_hgb,0.1,static_full,cutoff_valid,0.10410495133305121,492,4726
evaluation_population,oulab,10,10,temporal_hgb,0.1,activity_conditioned,activity_to_cutoff_valid,0.27144249512670565,1114,4104
evaluation_population,oulab,10,10,temporal_hgb,0.1,cutoff_valid,cutoff_valid_to_activity,0.281434184675835,1146,4072
protocol,oulab,10,10,temporal_hgb,0.2,activity_conditioned,cutoff_valid,0.36383841024970587,2783,7649
protocol,oulab,10,10,temporal_hgb,0.2,activity_to_cutoff_valid,cutoff_valid,0.9466318342974436,5073,5359
protocol,oulab,10,10,temporal_hgb,0.2,cutoff_valid_to_activity,cutoff_valid,0.3677723875704733,2805,7627
protocol,oulab,10,10,temporal_hgb,0.2,static_full,cutoff_valid,0.14323287671232876,1307,9125
evaluation_population,oulab,10,10,temporal_hgb,0.2,activity_conditioned,activity_to_cutoff_valid,0.36401673640167365,2784,7648
evaluation_population,oulab,10,10,temporal_hgb,0.2,cutoff_valid,cutoff_valid_to_activity,0.3677723875704733,2805,7627
protocol,oulab,12,12,base_dffnn,0.01,activity_conditioned,cutoff_valid,0.12418300653594772,57,459
protocol,oulab,12,12,base_dffnn,0.01,activity_to_cutoff_valid,cutoff_valid,0.31297709923664124,123,393
protocol,oulab,12,12,base_dffnn,0.01,cutoff_valid_to_activity,cutoff_valid,0.19444444444444445,84,432
protocol,oulab,12,12,base_dffnn,0.01,static_full,cutoff_valid,0.053061224489795916,26,490
evaluation_population,oulab,12,12,base_dffnn,0.01,activity_conditioned,activity_to_cutoff_valid,0.2433734939759036,101,415
evaluation_population,oulab,12,12,base_dffnn,0.01,cutoff_valid,cutoff_valid_to_activity,0.19444444444444445,84,432
protocol,oulab,12,12,base_dffnn,0.05,activity_conditioned,cutoff_valid,0.20958646616541354,446,2128
protocol,oulab,12,12,base_dffnn,0.05,activity_to_cutoff_valid,cutoff_valid,0.65,1014,1560
protocol,oulab,12,12,base_dffnn,0.05,cutoff_valid_to_activity,cutoff_valid,0.24890829694323144,513,2061
protocol,oulab,12,12,base_dffnn,0.05,static_full,cutoff_valid,0.08105837883242335,193,2381
evaluation_population,oulab,12,12,base_dffnn,0.05,activity_conditioned,activity_to_cutoff_valid,0.25133689839572193,517,2057
evaluation_population,oulab,12,12,base_dffnn,0.05,cutoff_valid,cutoff_valid_to_activity,0.24890829694323144,513,2061
protocol,oulab,12,12,base_dffnn,0.1,activity_conditioned,cutoff_valid,0.2570869990224829,1052,4092
protocol,oulab,12,12,base_dffnn,0.1,activity_to_cutoff_valid,cutoff_valid,0.8371428571428572,2344,2800
protocol,oulab,12,12,base_dffnn,0.1,cutoff_valid_to_activity,cutoff_valid,0.28119551681195515,1129,4015
protocol,oulab,12,12,base_dffnn,0.1,static_full,cutoff_valid,0.10338910338910338,482,4662
evaluation_population,oulab,12,12,base_dffnn,0.1,activity_conditioned,activity_to_cutoff_valid,0.2713791398912506,1098,4046
evaluation_population,oulab,12,12,base_dffnn,0.1,cutoff_valid,cutoff_valid_to_activity,0.28119551681195515,1129,4015
protocol,oulab,12,12,base_dffnn,0.2,activity_conditioned,cutoff_valid,0.3419371659496806,2623,7671
protocol,oulab,12,12,base_dffnn,0.2,activity_to_cutoff_valid,cutoff_valid,0.9034763313609467,4886,5408
protocol,oulab,12,12,base_dffnn,0.2,cutoff_valid_to_activity,cutoff_valid,0.34985575662208235,2668,7626
protocol,oulab,12,12,base_dffnn,0.2,static_full,cutoff_valid,0.14314269850083286,1289,9005
evaluation_population,oulab,12,12,base_dffnn,0.2,activity_conditioned,activity_to_cutoff_valid,0.3435134429652832,2632,7662
evaluation_population,oulab,12,12,base_dffnn,0.2,cutoff_valid,cutoff_valid_to_activity,0.34985575662208235,2668,7626
protocol,oulab,12,12,base_knn,0.01,activity_conditioned,cutoff_valid,0.11447084233261338,53,463
protocol,oulab,12,12,base_knn,0.01,activity_to_cutoff_valid,cutoff_valid,0.22857142857142856,96,420
protocol,oulab,12,12,base_knn,0.01,cutoff_valid_to_activity,cutoff_valid,0.2740740740740741,111,405
protocol,oulab,12,12,base_knn,0.01,static_full,cutoff_valid,0.12418300653594772,57,459
evaluation_population,oulab,12,12,base_knn,0.01,activity_conditioned,activity_to_cutoff_valid,0.3543307086614173,135,381
evaluation_population,oulab,12,12,base_knn,0.01,cutoff_valid,cutoff_valid_to_activity,0.2740740740740741,111,405
protocol,oulab,12,12,base_knn,0.05,activity_conditioned,cutoff_valid,0.18672199170124482,405,2169
protocol,oulab,12,12,base_knn,0.05,activity_to_cutoff_valid,cutoff_valid,0.453416149068323,803,1771
protocol,oulab,12,12,base_knn,0.05,cutoff_valid_to_activity,cutoff_valid,0.24951456310679612,514,2060
protocol,oulab,12,12,base_knn,0.05,static_full,cutoff_valid,0.14552736982643524,327,2247
evaluation_population,oulab,12,12,base_knn,0.05,activity_conditioned,activity_to_cutoff_valid,0.3392299687825182,652,1922
evaluation_population,oulab,12,12,base_knn,0.05,cutoff_valid,cutoff_valid_to_activity,0.24951456310679612,514,2060
protocol,oulab,12,12,base_knn,0.1,activity_conditioned,cutoff_valid,0.2934372642695499,1167,3977
protocol,oulab,12,12,base_knn,0.1,activity_to_cutoff_valid,cutoff_valid,0.8260560880369187,2327,2817
protocol,oulab,12,12,base_knn,0.1,cutoff_valid_to_activity,cutoff_valid,0.3385376008326828,1301,3843
protocol,oulab,12,12,base_knn,0.1,static_full,cutoff_valid,0.14463729417000445,650,4494
evaluation_population,oulab,12,12,base_knn,0.1,activity_conditioned,activity_to_cutoff_valid,0.32919896640826873,1274,3870
evaluation_population,oulab,12,12,base_knn,0.1,cutoff_valid,cutoff_valid_to_activity,0.3385376008326828,1301,3843
protocol,oulab,12,12,base_knn,0.2,activity_conditioned,cutoff_valid,0.3899540912773427,2888,7406
protocol,oulab,12,12,base_knn,0.2,activity_to_cutoff_valid,cutoff_valid,0.9144504370466803,4917,5377
protocol,oulab,12,12,base_knn,0.2,cutoff_valid_to_activity,cutoff_valid,0.4001632208922742,2942,7352
protocol,oulab,12,12,base_knn,0.2,static_full,cutoff_valid,0.15727937043282744,1399,8895
evaluation_population,oulab,12,12,base_knn,0.2,activity_conditioned,activity_to_cutoff_valid,0.3965540632207299,2923,7371
evaluation_population,oulab,12,12,base_knn,0.2,cutoff_valid,cutoff_valid_to_activity,0.4001632208922742,2942,7352
protocol,oulab,12,12,base_lr_clickstream,0.01,activity_conditioned,cutoff_valid,0.015748031496062992,8,508
protocol,oulab,12,12,base_lr_clickstream,0.01,activity_to_cutoff_valid,cutoff_valid,0.29974811083123426,119,397
protocol,oulab,12,12,base_lr_clickstream,0.01,cutoff_valid_to_activity,cutoff_valid,0.019762845849802372,10,506
protocol,oulab,12,12,base_lr_clickstream,0.01,static_full,cutoff_valid,0.10492505353319058,49,467
evaluation_population,oulab,12,12,base_lr_clickstream,0.01,activity_conditioned,activity_to_cutoff_valid,0.22274881516587677,94,422
evaluation_population,oulab,12,12,base_lr_clickstream,0.01,cutoff_valid,cutoff_valid_to_activity,0.019762845849802372,10,506
protocol,oulab,12,12,base_lr_clickstream,0.05,activity_conditioned,cutoff_valid,0.21072436500470368,448,2126
protocol,oulab,12,12,base_lr_clickstream,0.05,activity_to_cutoff_valid,cutoff_valid,0.808854532677442,1151,1423
protocol,oulab,12,12,base_lr_clickstream,0.05,cutoff_valid_to_activity,cutoff_valid,0.24951456310679612,514,2060
protocol,oulab,12,12,base_lr_clickstream,0.05,static_full,cutoff_valid,0.10377358490566038,242,2332
evaluation_population,oulab,12,12,base_lr_clickstream,0.05,activity_conditioned,activity_to_cutoff_valid,0.2257142857142857,474,2100
evaluation_population,oulab,12,12,base_lr_clickstream,0.05,cutoff_valid,cutoff_valid_to_activity,0.24951456310679612,514,2060
protocol,oulab,12,12,base_lr_clickstream,0.1,activity_conditioned,cutoff_valid,0.3112413968901351,1221,3923
protocol,oulab,12,12,base_lr_clickstream,0.1,activity_to_cutoff_valid,cutoff_valid,0.890481440646821,2423,2721
protocol,oulab,12,12,base_lr_clickstream,0.1,cutoff_valid_to_activity,cutoff_valid,0.34413378625555263,1317,3827
protocol,oulab,12,12,base_lr_clickstream,0.1,static_full,cutoff_valid,0.10457375993128623,487,4657
evaluation_population,oulab,12,12,base_lr_clickstream,0.1,activity_conditioned,activity_to_cutoff_valid,0.3203285420944558,1248,3896
evaluation_population,oulab,12,12,base_lr_clickstream,0.1,cutoff_valid,cutoff_valid_to_activity,0.34413378625555263,1317,3827
protocol,oulab,12,12,base_lr_clickstream,0.2,activity_conditioned,cutoff_valid,0.4005442176870748,2944,7350
protocol,oulab,12,12,base_lr_clickstream,0.2,activity_to_cutoff_valid,cutoff_valid,0.9316945017826984,4965,5329
protocol,oulab,12,12,base_lr_clickstream,0.2,cutoff_valid_to_activity,cutoff_valid,0.4251695971203101,3071,7223
protocol,oulab,12,12,base_lr_clickstream,0.2,static_full,cutoff_valid,0.14773107369829414,1325,8969
evaluation_population,oulab,12,12,base_lr_clickstream,0.2,activity_conditioned,activity_to_cutoff_valid,0.4043656207366985,2964,7330
evaluation_population,oulab,12,12,base_lr_clickstream,0.2,cutoff_valid,cutoff_valid_to_activity,0.4251695971203101,3071,7223
protocol,oulab,12,12,base_lr_profile,0.01,activity_conditioned,cutoff_valid,0.011764705882352941,6,510
protocol,oulab,12,12,base_lr_profile,0.01,activity_to_cutoff_valid,cutoff_valid,0.03614457831325301,18,498
protocol,oulab,12,12,base_lr_profile,0.01,cutoff_valid_to_activity,cutoff_valid,0.0137524557956778,7,509
protocol,oulab,12,12,base_lr_profile,0.01,static_full,cutoff_valid,0.10967741935483871,51,465
evaluation_population,oulab,12,12,base_lr_profile,0.01,activity_conditioned,activity_to_cutoff_valid,0.6226415094339622,198,318
evaluation_population,oulab,12,12,base_lr_profile,0.01,cutoff_valid,cutoff_valid_to_activity,0.0137524557956778,7,509
protocol,oulab,12,12,base_lr_profile,0.05,activity_conditioned,cutoff_valid,0.2831505483549352,568,2006
protocol,oulab,12,12,base_lr_profile,0.05,activity_to_cutoff_valid,cutoff_valid,0.3619047619047619,684,1890
protocol,oulab,12,12,base_lr_profile,0.05,cutoff_valid_to_activity,cutoff_valid,0.34553058024046,661,1913
protocol,oulab,12,12,base_lr_profile,0.05,static_full,cutoff_valid,0.11573472041612484,267,2307
evaluation_population,oulab,12,12,base_lr_profile,0.05,activity_conditioned,activity_to_cutoff_valid,0.6617172369270498,1025,1549
evaluation_population,oulab,12,12,base_lr_profile,0.05,cutoff_valid,cutoff_valid_to_activity,0.34553058024046,661,1913
protocol,oulab,12,12,base_lr_profile,0.1,activity_conditioned,cutoff_valid,0.45598641381262384,1611,3533
protocol,oulab,12,12,base_lr_profile,0.1,activity_to_cutoff_valid,cutoff_valid,0.5754977029096477,1879,3265
protocol,oulab,12,12,base_lr_profile,0.1,cutoff_valid_to_activity,cutoff_valid,0.5730886850152905,1874,3270
protocol,oulab,12,12,base_lr_profile,0.1,static_full,cutoff_valid,0.1112551306977749,515,4629
evaluation_population,oulab,12,12,base_lr_profile,0.1,activity_conditioned,activity_to_cutoff_valid,0.6799477465708688,2082,3062
evaluation_population,oulab,12,12,base_lr_profile,0.1,cutoff_valid,cutoff_valid_to_activity,0.5730886850152905,1874,3270
protocol,oulab,12,12,base_lr_profile,0.2,activity_conditioned,cutoff_valid,0.5771411061743527,3767,6527
protocol,oulab,12,12,base_lr_profile,0.2,activity_to_cutoff_valid,cutoff_valid,0.7274710521899648,4335,5959
protocol,oulab,12,12,base_lr_profile,0.2,cutoff_valid_to_activity,cutoff_valid,0.6809274983670803,4170,6124
protocol,oulab,12,12,base_lr_profile,0.2,static_full,cutoff_valid,0.19143518518518518,1654,8640
evaluation_population,oulab,12,12,base_lr_profile,0.2,activity_conditioned,activity_to_cutoff_valid,0.7062821150339798,4261,6033
evaluation_population,oulab,12,12,base_lr_profile,0.2,cutoff_valid,cutoff_valid_to_activity,0.6809274983670803,4170,6124
protocol,oulab,12,12,base_lr_weekly,0.01,activity_conditioned,cutoff_valid,0.09322033898305085,44,472
protocol,oulab,12,12,base_lr_weekly,0.01,activity_to_cutoff_valid,cutoff_valid,0.1193058568329718,55,461
protocol,oulab,12,12,base_lr_weekly,0.01,cutoff_valid_to_activity,cutoff_valid,0.10492505353319058,49,467
protocol,oulab,12,12,base_lr_weekly,0.01,static_full,cutoff_valid,0.09554140127388536,45,471
evaluation_population,oulab,12,12,base_lr_weekly,0.01,activity_conditioned,activity_to_cutoff_valid,0.3543307086614173,135,381
evaluation_population,oulab,12,12,base_lr_weekly,0.01,cutoff_valid,cutoff_valid_to_activity,0.10492505353319058,49,467
protocol,oulab,12,12,base_lr_weekly,0.05,activity_conditioned,cutoff_valid,0.2257142857142857,474,2100
protocol,oulab,12,12,base_lr_weekly,0.05,activity_to_cutoff_valid,cutoff_valid,0.3281733746130031,636,1938
protocol,oulab,12,12,base_lr_weekly,0.05,cutoff_valid_to_activity,cutoff_valid,0.279324055666004,562,2012
protocol,oulab,12,12,base_lr_weekly,0.05,static_full,cutoff_valid,0.10330047149592798,241,2333
evaluation_population,oulab,12,12,base_lr_weekly,0.05,activity_conditioned,activity_to_cutoff_valid,0.36551724137931035,689,1885
evaluation_population,oulab,12,12,base_lr_weekly,0.05,cutoff_valid,cutoff_valid_to_activity,0.279324055666004,562,2012
protocol,oulab,12,12,base_lr_weekly,0.1,activity_conditioned,cutoff_valid,0.32372619660319096,1258,3886
protocol,oulab,12,12,base_lr_weekly,0.1,activity_to_cutoff_valid,cutoff_valid,0.7520435967302452,2208,2936
protocol,oulab,12,12,base_lr_weekly,0.1,cutoff_valid_to_activity,cutoff_valid,0.3728315986122231,1397,3747
protocol,oulab,12,12,base_lr_weekly,0.1,static_full,cutoff_valid,0.10102739726027397,472,4672
evaluation_population,oulab,12,12,base_lr_weekly,0.1,activity_conditioned,activity_to_cutoff_valid,0.34624443862863125,1323,3821
evaluation_population,oulab,12,12,base_lr_weekly,0.1,cutoff_valid,cutoff_valid_to_activity,0.3728315986122231,1397,3747
protocol,oulab,12,12,base_lr_weekly,0.2,activity_conditioned,cutoff_valid,0.38118878304038645,2841,7453
protocol,oulab,12,12,base_lr_weekly,0.2,activity_to_cutoff_valid,cutoff_valid,0.9298837645294338,4960,5334
protocol,oulab,12,12,base_lr_weekly,0.2,cutoff_valid_to_activity,cutoff_valid,0.4016884531590414,2950,7344
protocol,oulab,12,12,base_lr_weekly,0.2,static_full,cutoff_valid,0.15003910177633784,1343,8951
evaluation_population,oulab,12,12,base_lr_weekly,0.2,activity_conditioned,activity_to_cutoff_valid,0.381744966442953,2844,7450
evaluation_population,oulab,12,12,base_lr_weekly,0.2,cutoff_valid,cutoff_valid_to_activity,0.4016884531590414,2950,7344
protocol,oulab,12,12,base_rf_entropy,0.01,activity_conditioned,cutoff_valid,0.1415929203539823,64,452
protocol,oulab,12,12,base_rf_entropy,0.01,activity_to_cutoff_valid,cutoff_valid,0.40599455040871935,149,367
protocol,oulab,12,12,base_rf_entropy,0.01,cutoff_valid_to_activity,cutoff_valid,0.2,86,430
protocol,oulab,12,12,base_rf_entropy,0.01,static_full,cutoff_valid,0.02584493041749503,13,503
evaluation_population,oulab,12,12,base_rf_entropy,0.01,activity_conditioned,activity_to_cutoff_valid,0.2112676056338028,90,426
evaluation_population,oulab,12,12,base_rf_entropy,0.01,cutoff_valid,cutoff_valid_to_activity,0.2,86,430
protocol,oulab,12,12,base_rf_entropy,0.05,activity_conditioned,cutoff_valid,0.17695473251028807,387,2187
protocol,oulab,12,12,base_rf_entropy,0.05,activity_to_cutoff_valid,cutoff_valid,0.7415426251691475,1096,1478
protocol,oulab,12,12,base_rf_entropy,0.05,cutoff_valid_to_activity,cutoff_valid,0.21129411764705883,449,2125
protocol,oulab,12,12,base_rf_entropy,0.05,static_full,cutoff_valid,0.07160699417152373,172,2402
evaluation_population,oulab,12,12,base_rf_entropy,0.05,activity_conditioned,activity_to_cutoff_valid,0.20788362271234162,443,2131
evaluation_population,oulab,12,12,base_rf_entropy,0.05,cutoff_valid,cutoff_valid_to_activity,0.21129411764705883,449,2125
protocol,oulab,12,12,base_rf_entropy,0.1,activity_conditioned,cutoff_valid,0.22768496420047732,954,4190
protocol,oulab,12,12,base_rf_entropy,0.1,activity_to_cutoff_valid,cutoff_valid,0.9165424739195231,2460,2684
protocol,oulab,12,12,base_rf_entropy,0.1,cutoff_valid_to_activity,cutoff_valid,0.24071394114809455,998,4146
protocol,oulab,12,12,base_rf_entropy,0.1,static_full,cutoff_valid,0.09656789597100832,453,4691
evaluation_population,oulab,12,12,base_rf_entropy,0.1,activity_conditioned,activity_to_cutoff_valid,0.23239099185433637,970,4174
evaluation_population,oulab,12,12,base_rf_entropy,0.1,cutoff_valid,cutoff_valid_to_activity,0.24071394114809455,998,4146
protocol,oulab,12,12,base_rf_entropy,0.2,activity_conditioned,cutoff_valid,0.33066184074457083,2558,7736
protocol,oulab,12,12,base_rf_entropy,0.2,activity_to_cutoff_valid,cutoff_valid,0.9452003023431594,5002,5292
protocol,oulab,12,12,base_rf_entropy,0.2,cutoff_valid_to_activity,cutoff_valid,0.333938058831152,2577,7717
protocol,oulab,12,12,base_rf_entropy,0.2,static_full,cutoff_valid,0.13532590713576706,1227,9067
evaluation_population,oulab,12,12,base_rf_entropy,0.2,activity_conditioned,activity_to_cutoff_valid,0.33066184074457083,2558,7736
evaluation_population,oulab,12,12,base_rf_entropy,0.2,cutoff_valid,cutoff_valid_to_activity,0.333938058831152,2577,7717
protocol,oulab,12,12,base_rf_gini,0.01,activity_conditioned,cutoff_valid,0.12418300653594772,57,459
protocol,oulab,12,12,base_rf_gini,0.01,activity_to_cutoff_valid,cutoff_valid,0.3945945945945946,146,370
protocol,oulab,12,12,base_rf_gini,0.01,cutoff_valid_to_activity,cutoff_valid,0.22274881516587677,94,422
protocol,oulab,12,12,base_rf_gini,0.01,static_full,cutoff_valid,0.03822937625754527,19,497
evaluation_population,oulab,12,12,base_rf_gini,0.01,activity_conditioned,activity_to_cutoff_valid,0.19721577726218098,85,431
evaluation_population,oulab,12,12,base_rf_gini,0.01,cutoff_valid,cutoff_valid_to_activity,0.22274881516587677,94,422
protocol,oulab,12,12,base_rf_gini,0.05,activity_conditioned,cutoff_valid,0.1883656509695291,408,2166
protocol,oulab,12,12,base_rf_gini,0.05,activity_to_cutoff_valid,cutoff_valid,0.7654320987654321,1116,1458
protocol,oulab,12,12,base_rf_gini,0.05,cutoff_valid_to_activity,cutoff_valid,0.21990521327014217,464,2110
protocol,oulab,12,12,base_rf_gini,0.05,static_full,cutoff_valid,0.08060453400503778,192,2382
evaluation_population,oulab,12,12,base_rf_gini,0.05,activity_conditioned,activity_to_cutoff_valid,0.21529745042492918,456,2118
evaluation_population,oulab,12,12,base_rf_gini,0.05,cutoff_valid,cutoff_valid_to_activity,0.21990521327014217,464,2110
protocol,oulab,12,12,base_rf_gini,0.1,activity_conditioned,cutoff_valid,0.23505402160864347,979,4165
protocol,oulab,12,12,base_rf_gini,0.1,activity_to_cutoff_valid,cutoff_valid,0.915828677839851,2459,2685
protocol,oulab,12,12,base_rf_gini,0.1,cutoff_valid_to_activity,cutoff_valid,0.24552058111380146,1014,4130
protocol,oulab,12,12,base_rf_gini,0.1,static_full,cutoff_valid,0.10386266094420601,484,4660
evaluation_population,oulab,12,12,base_rf_gini,0.1,activity_conditioned,activity_to_cutoff_valid,0.2386226823982663,991,4153
evaluation_population,oulab,12,12,base_rf_gini,0.1,cutoff_valid,cutoff_valid_to_activity,0.24552058111380146,1014,4130
protocol,oulab,12,12,base_rf_gini,0.2,activity_conditioned,cutoff_valid,0.3327291558777835,2570,7724
protocol,oulab,12,12,base_rf_gini,0.2,activity_to_cutoff_valid,cutoff_valid,0.9459357277882797,5004,5290
protocol,oulab,12,12,base_rf_gini,0.2,cutoff_valid_to_activity,cutoff_valid,0.3353223504994163,2585,7709
protocol,oulab,12,12,base_rf_gini,0.2,static_full,cutoff_valid,0.1385908638424953,1253,9041
evaluation_population,oulab,12,12,base_rf_gini,0.2,activity_conditioned,activity_to_cutoff_valid,0.33290172212870645,2571,7723
evaluation_population,oulab,12,12,base_rf_gini,0.2,cutoff_valid,cutoff_valid_to_activity,0.3353223504994163,2585,7709
protocol,oulab,12,12,base_svm,0.01,activity_conditioned,cutoff_valid,0.05521472392638037,27,489
protocol,oulab,12,12,base_svm,0.01,activity_to_cutoff_valid,cutoff_valid,0.376,141,375
protocol,oulab,12,12,base_svm,0.01,cutoff_valid_to_activity,cutoff_valid,0.06172839506172839,30,486
protocol,oulab,12,12,base_svm,0.01,static_full,cutoff_valid,0.13406593406593406,61,455
evaluation_population,oulab,12,12,base_svm,0.01,activity_conditioned,activity_to_cutoff_valid,0.22857142857142856,96,420
evaluation_population,oulab,12,12,base_svm,0.01,cutoff_valid,cutoff_valid_to_activity,0.06172839506172839,30,486
protocol,oulab,12,12,base_svm,0.05,activity_conditioned,cutoff_valid,0.20336605890603085,435,2139
protocol,oulab,12,12,base_svm,0.05,activity_to_cutoff_valid,cutoff_valid,0.8229461756373938,1162,1412
protocol,oulab,12,12,base_svm,0.05,cutoff_valid_to_activity,cutoff_valid,0.22981366459627328,481,2093
protocol,oulab,12,12,base_svm,0.05,static_full,cutoff_valid,0.12845243314335816,293,2281
evaluation_population,oulab,12,12,base_svm,0.05,activity_conditioned,activity_to_cutoff_valid,0.2170212765957447,459,2115
evaluation_population,oulab,12,12,base_svm,0.05,cutoff_valid,cutoff_valid_to_activity,0.22981366459627328,481,2093
protocol,oulab,12,12,base_svm,0.1,activity_conditioned,cutoff_valid,0.3099057804940158,1217,3927
protocol,oulab,12,12,base_svm,0.1,activity_to_cutoff_valid,cutoff_valid,0.9186870570682582,2463,2681
protocol,oulab,12,12,base_svm,0.1,cutoff_valid_to_activity,cutoff_valid,0.33091849935316947,1279,3865
protocol,oulab,12,12,base_svm,0.1,static_full,cutoff_valid,0.11656175385283264,537,4607
evaluation_population,oulab,12,12,base_svm,0.1,activity_conditioned,activity_to_cutoff_valid,0.3132499361756446,1227,3917
evaluation_population,oulab,12,12,base_svm,0.1,cutoff_valid,cutoff_valid_to_activity,0.33091849935316947,1279,3865
protocol,oulab,12,12,base_svm,0.2,activity_conditioned,cutoff_valid,0.40073479384950333,2945,7349
protocol,oulab,12,12,base_svm,0.2,activity_to_cutoff_valid,cutoff_valid,0.9499905285091873,5015,5279
protocol,oulab,12,12,base_svm,0.2,cutoff_valid_to_activity,cutoff_valid,0.41342853219826997,3011,7283
protocol,oulab,12,12,base_svm,0.2,static_full,cutoff_valid,0.15184066241468056,1357,8937
evaluation_population,oulab,12,12,base_svm,0.2,activity_conditioned,activity_to_cutoff_valid,0.4018793408688547,2951,7343
evaluation_population,oulab,12,12,base_svm,0.2,cutoff_valid,cutoff_valid_to_activity,0.41342853219826997,3011,7283
protocol,oulab,12,12,flat_hgb,0.01,activity_conditioned,cutoff_valid,0.12663755458515283,58,458
protocol,oulab,12,12,flat_hgb,0.01,activity_to_cutoff_valid,cutoff_valid,0.25853658536585367,106,410
protocol,oulab,12,12,flat_hgb,0.01,cutoff_valid_to_activity,cutoff_valid,0.20843091334894615,89,427
protocol,oulab,12,12,flat_hgb,0.01,static_full,cutoff_valid,0.09090909090909091,43,473
evaluation_population,oulab,12,12,flat_hgb,0.01,activity_conditioned,activity_to_cutoff_valid,0.30632911392405066,121,395
evaluation_population,oulab,12,12,flat_hgb,0.01,cutoff_valid,cutoff_valid_to_activity,0.20843091334894615,89,427
protocol,oulab,12,12,flat_hgb,0.05,activity_conditioned,cutoff_valid,0.18073394495412845,394,2180
protocol,oulab,12,12,flat_hgb,0.05,activity_to_cutoff_valid,cutoff_valid,0.49912638322655795,857,1717
protocol,oulab,12,12,flat_hgb,0.05,cutoff_valid_to_activity,cutoff_valid,0.22454804947668885,472,2102
protocol,oulab,12,12,flat_hgb,0.05,static_full,cutoff_valid,0.10235546038543897,239,2335
evaluation_population,oulab,12,12,flat_hgb,0.05,activity_conditioned,activity_to_cutoff_valid,0.3052738336713996,602,1972
evaluation_population,oulab,12,12,flat_hgb,0.05,cutoff_valid,cutoff_valid_to_activity,0.22454804947668885,472,2102
protocol,oulab,12,12,flat_hgb,0.1,activity_conditioned,cutoff_valid,0.29441368897835934,1170,3974
protocol,oulab,12,12,flat_hgb,0.1,activity_to_cutoff_valid,cutoff_valid,0.8391133357168394,2347,2797
protocol,oulab,12,12,flat_hgb,0.1,cutoff_valid_to_activity,cutoff_valid,0.33264248704663213,1284,3860
protocol,oulab,12,12,flat_hgb,0.1,static_full,cutoff_valid,0.10291595197255575,480,4664
evaluation_population,oulab,12,12,flat_hgb,0.1,activity_conditioned,activity_to_cutoff_valid,0.3206675224646983,1249,3895
evaluation_population,oulab,12,12,flat_hgb,0.1,cutoff_valid,cutoff_valid_to_activity,0.33264248704663213,1284,3860
protocol,oulab,12,12,flat_hgb,0.2,activity_conditioned,cutoff_valid,0.3804479013007912,2837,7457
protocol,oulab,12,12,flat_hgb,0.2,activity_to_cutoff_valid,cutoff_valid,0.9269936353425683,4952,5342
protocol,oulab,12,12,flat_hgb,0.2,cutoff_valid_to_activity,cutoff_valid,0.391269090417624,2895,7399
protocol,oulab,12,12,flat_hgb,0.2,static_full,cutoff_valid,0.14606991761300378,1312,8982
evaluation_population,oulab,12,12,flat_hgb,0.2,activity_conditioned,activity_to_cutoff_valid,0.3837881435676838,2855,7439
evaluation_population,oulab,12,12,flat_hgb,0.2,cutoff_valid,cutoff_valid_to_activity,0.391269090417624,2895,7399
protocol,oulab,12,12,stack_7_full,0.01,activity_conditioned,cutoff_valid,0.1390728476821192,63,453
protocol,oulab,12,12,stack_7_full,0.01,activity_to_cutoff_valid,cutoff_valid,0.5043731778425656,173,343
protocol,oulab,12,12,stack_7_full,0.01,cutoff_valid_to_activity,cutoff_valid,0.24939467312348668,103,413
protocol,oulab,12,12,stack_7_full,0.01,static_full,cutoff_valid,0.04242424242424243,21,495
evaluation_population,oulab,12,12,stack_7_full,0.01,activity_conditioned,activity_to_cutoff_valid,0.167420814479638,74,442
evaluation_population,oulab,12,12,stack_7_full,0.01,cutoff_valid,cutoff_valid_to_activity,0.24939467312348668,103,413
protocol,oulab,12,12,stack_7_full,0.05,activity_conditioned,cutoff_valid,0.1911152244331328,413,2161
protocol,oulab,12,12,stack_7_full,0.05,activity_to_cutoff_valid,cutoff_valid,0.6489429852658553,1013,1561
protocol,oulab,12,12,stack_7_full,0.05,cutoff_valid_to_activity,cutoff_valid,0.2309899569583931,483,2091
protocol,oulab,12,12,stack_7_full,0.05,static_full,cutoff_valid,0.07339449541284404,176,2398
evaluation_population,oulab,12,12,stack_7_full,0.05,activity_conditioned,activity_to_cutoff_valid,0.21415094339622642,454,2120
evaluation_population,oulab,12,12,stack_7_full,0.05,cutoff_valid,cutoff_valid_to_activity,0.2309899569583931,483,2091
protocol,oulab,12,12,stack_7_full,0.1,activity_conditioned,cutoff_valid,0.23624128815188655,983,4161
protocol,oulab,12,12,stack_7_full,0.1,activity_to_cutoff_valid,cutoff_valid,0.793584379358438,2276,2868
protocol,oulab,12,12,stack_7_full,0.1,cutoff_valid_to_activity,cutoff_valid,0.258624908245657,1057,4087
protocol,oulab,12,12,stack_7_full,0.1,static_full,cutoff_valid,0.09914529914529914,464,4680
evaluation_population,oulab,12,12,stack_7_full,0.1,activity_conditioned,activity_to_cutoff_valid,0.2509727626459144,1032,4112
evaluation_population,oulab,12,12,stack_7_full,0.1,cutoff_valid,cutoff_valid_to_activity,0.258624908245657,1057,4087
protocol,oulab,12,12,stack_7_full,0.2,activity_conditioned,cutoff_valid,0.3294588660725817,2551,7743
protocol,oulab,12,12,stack_7_full,0.2,activity_to_cutoff_valid,cutoff_valid,0.9382413858030503,4983,5311
protocol,oulab,12,12,stack_7_full,0.2,cutoff_valid_to_activity,cutoff_valid,0.3346298457150266,2581,7713
protocol,oulab,12,12,stack_7_full,0.2,static_full,cutoff_valid,0.1380873410724157,1249,9045
evaluation_population,oulab,12,12,stack_7_full,0.2,activity_conditioned,activity_to_cutoff_valid,0.3308338720103426,2559,7735
evaluation_population,oulab,12,12,stack_7_full,0.2,cutoff_valid,cutoff_valid_to_activity,0.3346298457150266,2581,7713
protocol,oulab,12,12,temporal_hgb,0.01,activity_conditioned,cutoff_valid,0.2,86,430
protocol,oulab,12,12,temporal_hgb,0.01,activity_to_cutoff_valid,cutoff_valid,0.5402985074626866,181,335
protocol,oulab,12,12,temporal_hgb,0.01,cutoff_valid_to_activity,cutoff_valid,0.21411764705882352,91,425
protocol,oulab,12,12,temporal_hgb,0.01,static_full,cutoff_valid,0.05091649694501019,25,491
evaluation_population,oulab,12,12,temporal_hgb,0.01,activity_conditioned,activity_to_cutoff_valid,0.24939467312348668,103,413
evaluation_population,oulab,12,12,temporal_hgb,0.01,cutoff_valid,cutoff_valid_to_activity,0.21411764705882352,91,425
protocol,oulab,12,12,temporal_hgb,0.05,activity_conditioned,cutoff_valid,0.1615523465703971,358,2216
protocol,oulab,12,12,temporal_hgb,0.05,activity_to_cutoff_valid,cutoff_valid,0.3742658836091831,701,1873
protocol,oulab,12,12,temporal_hgb,0.05,cutoff_valid_to_activity,cutoff_valid,0.1933240611961057,417,2157
protocol,oulab,12,12,temporal_hgb,0.05,static_full,cutoff_valid,0.10235546038543897,239,2335
evaluation_population,oulab,12,12,temporal_hgb,0.05,activity_conditioned,activity_to_cutoff_valid,0.24407926534557758,505,2069
evaluation_population,oulab,12,12,temporal_hgb,0.05,cutoff_valid,cutoff_valid_to_activity,0.1933240611961057,417,2157
protocol,oulab,12,12,temporal_hgb,0.1,activity_conditioned,cutoff_valid,0.24793789422610382,1022,4122
protocol,oulab,12,12,temporal_hgb,0.1,activity_to_cutoff_valid,cutoff_valid,0.8925680647534953,2426,2718
protocol,oulab,12,12,temporal_hgb,0.1,cutoff_valid_to_activity,cutoff_valid,0.2682445759368836,1088,4056
protocol,oulab,12,12,temporal_hgb,0.1,static_full,cutoff_valid,0.10079178258078322,471,4673
evaluation_population,oulab,12,12,temporal_hgb,0.1,activity_conditioned,activity_to_cutoff_valid,0.2555528435440566,1047,4097
evaluation_population,oulab,12,12,temporal_hgb,0.1,cutoff_valid,cutoff_valid_to_activity,0.2682445759368836,1088,4056
protocol,oulab,12,12,temporal_hgb,0.2,activity_conditioned,cutoff_valid,0.3363624561859016,2591,7703
protocol,oulab,12,12,temporal_hgb,0.2,activity_to_cutoff_valid,cutoff_valid,0.9382413858030503,4983,5311
protocol,oulab,12,12,temporal_hgb,0.2,cutoff_valid_to_activity,cutoff_valid,0.3424621804903495,2626,7668
protocol,oulab,12,12,temporal_hgb,0.2,static_full,cutoff_valid,0.1364539633473173,1236,9058
evaluation_population,oulab,12,12,temporal_hgb,0.2,activity_conditioned,activity_to_cutoff_valid,0.33653596468449753,2592,7702
evaluation_population,oulab,12,12,temporal_hgb,0.2,cutoff_valid,cutoff_valid_to_activity,0.3424621804903495,2626,7668
protocol,oulab,14,14,base_dffnn,0.01,activity_conditioned,cutoff_valid,0.12582781456953643,57,453
protocol,oulab,14,14,base_dffnn,0.01,activity_to_cutoff_valid,cutoff_valid,0.3783783783783784,140,370
protocol,oulab,14,14,base_dffnn,0.01,cutoff_valid_to_activity,cutoff_valid,0.2171837708830549,91,419
protocol,oulab,14,14,base_dffnn,0.01,static_full,cutoff_valid,0.060291060291060294,29,481
evaluation_population,oulab,14,14,base_dffnn,0.01,activity_conditioned,activity_to_cutoff_valid,0.22596153846153846,94,416
evaluation_population,oulab,14,14,base_dffnn,0.01,cutoff_valid,cutoff_valid_to_activity,0.2171837708830549,91,419
protocol,oulab,14,14,base_dffnn,0.05,activity_conditioned,cutoff_valid,0.20227380388441496,427,2111
protocol,oulab,14,14,base_dffnn,0.05,activity_to_cutoff_valid,cutoff_valid,0.6653543307086615,1014,1524
protocol,oulab,14,14,base_dffnn,0.05,cutoff_valid_to_activity,cutoff_valid,0.23744514870794733,487,2051
protocol,oulab,14,14,base_dffnn,0.05,static_full,cutoff_valid,0.08276450511945392,194,2344
evaluation_population,oulab,14,14,base_dffnn,0.05,activity_conditioned,activity_to_cutoff_valid,0.233835683033544,481,2057
evaluation_population,oulab,14,14,base_dffnn,0.05,cutoff_valid,cutoff_valid_to_activity,0.23744514870794733,487,2051
protocol,oulab,14,14,base_dffnn,0.1,activity_conditioned,cutoff_valid,0.2452737539896882,999,4073
protocol,oulab,14,14,base_dffnn,0.1,activity_to_cutoff_valid,cutoff_valid,0.8396808124773304,2315,2757
protocol,oulab,14,14,base_dffnn,0.1,cutoff_valid_to_activity,cutoff_valid,0.26768307923019247,1071,4001
protocol,oulab,14,14,base_dffnn,0.1,static_full,cutoff_valid,0.09831095712429623,454,4618
evaluation_population,oulab,14,14,base_dffnn,0.1,activity_conditioned,activity_to_cutoff_valid,0.2557563753404308,1033,4039
evaluation_population,oulab,14,14,base_dffnn,0.1,cutoff_valid,cutoff_valid_to_activity,0.26768307923019247,1071,4001
protocol,oulab,14,14,base_dffnn,0.2,activity_conditioned,cutoff_valid,0.31534569983136596,2431,7709
protocol,oulab,14,14,base_dffnn,0.2,activity_to_cutoff_valid,cutoff_valid,0.8953271028037383,4790,5350
protocol,oulab,14,14,base_dffnn,0.2,cutoff_valid_to_activity,cutoff_valid,0.32601020007846215,2493,7647
protocol,oulab,14,14,base_dffnn,0.2,static_full,cutoff_valid,0.1375364595019071,1226,8914
evaluation_population,oulab,14,14,base_dffnn,0.2,activity_conditioned,activity_to_cutoff_valid,0.3172252533125487,2442,7698
evaluation_population,oulab,14,14,base_dffnn,0.2,cutoff_valid,cutoff_valid_to_activity,0.32601020007846215,2493,7647
protocol,oulab,14,14,base_knn,0.01,activity_conditioned,cutoff_valid,0.060291060291060294,29,481
protocol,oulab,14,14,base_knn,0.01,activity_to_cutoff_valid,cutoff_valid,0.10151187904967603,47,463
protocol,oulab,14,14,base_knn,0.01,cutoff_valid_to_activity,cutoff_valid,0.13082039911308205,59,451
protocol,oulab,14,14,base_knn,0.01,static_full,cutoff_valid,0.08974358974358974,42,468
evaluation_population,oulab,14,14,base_knn,0.01,activity_conditioned,activity_to_cutoff_valid,0.328125,126,384
evaluation_population,oulab,14,14,base_knn,0.01,cutoff_valid,cutoff_valid_to_activity,0.13082039911308205,59,451
protocol,oulab,14,14,base_knn,0.05,activity_conditioned,cutoff_valid,0.1589041095890411,348,2190
protocol,oulab,14,14,base_knn,0.05,activity_to_cutoff_valid,cutoff_valid,0.3267119707266074,625,1913
protocol,oulab,14,14,base_knn,0.05,cutoff_valid_to_activity,cutoff_valid,0.2201923076923077,458,2080
protocol,oulab,14,14,base_knn,0.05,static_full,cutoff_valid,0.11954124393471548,271,2267
evaluation_population,oulab,14,14,base_knn,0.05,activity_conditioned,activity_to_cutoff_valid,0.3184415584415584,613,1925
evaluation_population,oulab,14,14,base_knn,0.05,cutoff_valid,cutoff_valid_to_activity,0.2201923076923077,458,2080
protocol,oulab,14,14,base_knn,0.1,activity_conditioned,cutoff_valid,0.2801615345784957,1110,3962
protocol,oulab,14,14,base_knn,0.1,activity_to_cutoff_valid,cutoff_valid,0.7953982300884955,2247,2825
protocol,oulab,14,14,base_knn,0.1,cutoff_valid_to_activity,cutoff_valid,0.3146708138932089,1214,3858
protocol,oulab,14,14,base_knn,0.1,static_full,cutoff_valid,0.134929514432759,603,4469
evaluation_population,oulab,14,14,base_knn,0.1,activity_conditioned,activity_to_cutoff_valid,0.3112719751809721,1204,3868
evaluation_population,oulab,14,14,base_knn,0.1,cutoff_valid,cutoff_valid_to_activity,0.3146708138932089,1214,3858
protocol,oulab,14,14,base_knn,0.2,activity_conditioned,cutoff_valid,0.3673139158576052,2724,7416
protocol,oulab,14,14,base_knn,0.2,activity_to_cutoff_valid,cutoff_valid,0.9186376537369915,4855,5285
protocol,oulab,14,14,base_knn,0.2,cutoff_valid_to_activity,cutoff_valid,0.377530226871349,2779,7361
protocol,oulab,14,14,base_knn,0.2,static_full,cutoff_valid,0.14757808963331825,1304,8836
evaluation_population,oulab,14,14,base_knn,0.2,activity_conditioned,activity_to_cutoff_valid,0.37045546695499393,2741,7399
evaluation_population,oulab,14,14,base_knn,0.2,cutoff_valid,cutoff_valid_to_activity,0.377530226871349,2779,7361
protocol,oulab,14,14,base_lr_clickstream,0.01,activity_conditioned,cutoff_valid,0.009900990099009901,5,505
protocol,oulab,14,14,base_lr_clickstream,0.01,activity_to_cutoff_valid,cutoff_valid,0.29770992366412213,117,393
protocol,oulab,14,14,base_lr_clickstream,0.01,cutoff_valid_to_activity,cutoff_valid,0.013916500994035786,7,503
protocol,oulab,14,14,base_lr_clickstream,0.01,static_full,cutoff_valid,0.0967741935483871,45,465
evaluation_population,oulab,14,14,base_lr_clickstream,0.01,activity_conditioned,activity_to_cutoff_valid,0.20853080568720378,88,422
evaluation_population,oulab,14,14,base_lr_clickstream,0.01,cutoff_valid,cutoff_valid_to_activity,0.013916500994035786,7,503
protocol,oulab,14,14,base_lr_clickstream,0.05,activity_conditioned,cutoff_valid,0.21087786259541985,442,2096
protocol,oulab,14,14,base_lr_clickstream,0.05,activity_to_cutoff_valid,cutoff_valid,0.8193548387096774,1143,1395
protocol,oulab,14,14,base_lr_clickstream,0.05,cutoff_valid_to_activity,cutoff_valid,0.23865300146412885,489,2049
protocol,oulab,14,14,base_lr_clickstream,0.05,static_full,cutoff_valid,0.10013003901170352,231,2307
evaluation_population,oulab,14,14,base_lr_clickstream,0.05,activity_conditioned,activity_to_cutoff_valid,0.22667955534074433,469,2069
evaluation_population,oulab,14,14,base_lr_clickstream,0.05,cutoff_valid,cutoff_valid_to_activity,0.23865300146412885,489,2049
protocol,oulab,14,14,base_lr_clickstream,0.1,activity_conditioned,cutoff_valid,0.29751854694295216,1163,3909
protocol,oulab,14,14,base_lr_clickstream,0.1,activity_to_cutoff_valid,cutoff_valid,0.8960747663551402,2397,2675
protocol,oulab,14,14,base_lr_clickstream,0.1,cutoff_valid_to_activity,cutoff_valid,0.33579141427442716,1275,3797
protocol,oulab,14,14,base_lr_clickstream,0.1,static_full,cutoff_valid,0.10189007169237453,469,4603
evaluation_population,oulab,14,14,base_lr_clickstream,0.1,activity_conditioned,activity_to_cutoff_valid,0.30822801134898115,1195,3877
evaluation_population,oulab,14,14,base_lr_clickstream,0.1,cutoff_valid,cutoff_valid_to_activity,0.33579141427442716,1275,3797
protocol,oulab,14,14,base_lr_clickstream,0.2,activity_conditioned,cutoff_valid,0.3760347401275614,2771,7369
protocol,oulab,14,14,base_lr_clickstream,0.2,activity_to_cutoff_valid,cutoff_valid,0.9373328238440963,4906,5234
protocol,oulab,14,14,base_lr_clickstream,0.2,cutoff_valid_to_activity,cutoff_valid,0.3947730398899587,2870,7270
protocol,oulab,14,14,base_lr_clickstream,0.2,static_full,cutoff_valid,0.14176331494201103,1259,8881
evaluation_population,oulab,14,14,base_lr_clickstream,0.2,activity_conditioned,activity_to_cutoff_valid,0.3782791898871823,2783,7357
evaluation_population,oulab,14,14,base_lr_clickstream,0.2,cutoff_valid,cutoff_valid_to_activity,0.3947730398899587,2870,7270
protocol,oulab,14,14,base_lr_profile,0.01,activity_conditioned,cutoff_valid,0.005917159763313609,3,507
protocol,oulab,14,14,base_lr_profile,0.01,activity_to_cutoff_valid,cutoff_valid,0.026156941649899398,13,497
protocol,oulab,14,14,base_lr_profile,0.01,cutoff_valid_to_activity,cutoff_valid,0.013916500994035786,7,503
protocol,oulab,14,14,base_lr_profile,0.01,static_full,cutoff_valid,0.10629067245119306,49,461
evaluation_population,oulab,14,14,base_lr_profile,0.01,activity_conditioned,activity_to_cutoff_valid,0.6190476190476191,195,315
evaluation_population,oulab,14,14,base_lr_profile,0.01,cutoff_valid,cutoff_valid_to_activity,0.013916500994035786,7,503
protocol,oulab,14,14,base_lr_profile,0.05,activity_conditioned,cutoff_valid,0.2766599597585513,550,1988
protocol,oulab,14,14,base_lr_profile,0.05,activity_to_cutoff_valid,cutoff_valid,0.36231884057971014,675,1863
protocol,oulab,14,14,base_lr_profile,0.05,cutoff_valid_to_activity,cutoff_valid,0.35215769845498135,661,1877
protocol,oulab,14,14,base_lr_profile,0.05,static_full,cutoff_valid,0.11120840630472854,254,2284
evaluation_population,oulab,14,14,base_lr_profile,0.05,activity_conditioned,activity_to_cutoff_valid,0.6384764364105875,989,1549
evaluation_population,oulab,14,14,base_lr_profile,0.05,cutoff_valid,cutoff_valid_to_activity,0.35215769845498135,661,1877
protocol,oulab,14,14,base_lr_profile,0.1,activity_conditioned,cutoff_valid,0.4413185564080705,1553,3519
protocol,oulab,14,14,base_lr_profile,0.1,activity_to_cutoff_valid,cutoff_valid,0.5644663787785318,1830,3242
protocol,oulab,14,14,base_lr_profile,0.1,cutoff_valid_to_activity,cutoff_valid,0.5741775294847921,1850,3222
protocol,oulab,14,14,base_lr_profile,0.1,static_full,cutoff_valid,0.10718183802663174,491,4581
evaluation_population,oulab,14,14,base_lr_profile,0.1,activity_conditioned,activity_to_cutoff_valid,0.6618610747051114,2020,3052
evaluation_population,oulab,14,14,base_lr_profile,0.1,cutoff_valid,cutoff_valid_to_activity,0.5741775294847921,1850,3222
protocol,oulab,14,14,base_lr_profile,0.2,activity_conditioned,cutoff_valid,0.5568862275449101,3627,6513
protocol,oulab,14,14,base_lr_profile,0.2,activity_to_cutoff_valid,cutoff_valid,0.7151556156968877,4228,5912
protocol,oulab,14,14,base_lr_profile,0.2,cutoff_valid_to_activity,cutoff_valid,0.6713367397395748,4073,6067
protocol,oulab,14,14,base_lr_profile,0.2,static_full,cutoff_valid,0.18264520643806859,1566,8574
evaluation_population,oulab,14,14,base_lr_profile,0.2,activity_conditioned,activity_to_cutoff_valid,0.6824290691886511,4113,6027
evaluation_population,oulab,14,14,base_lr_profile,0.2,cutoff_valid,cutoff_valid_to_activity,0.6713367397395748,4073,6067
protocol,oulab,14,14,base_lr_weekly,0.01,activity_conditioned,cutoff_valid,0.06918238993710692,33,477
protocol,oulab,14,14,base_lr_weekly,0.01,activity_to_cutoff_valid,cutoff_valid,0.1038961038961039,48,462
protocol,oulab,14,14,base_lr_weekly,0.01,cutoff_valid_to_activity,cutoff_valid,0.08050847457627118,38,472
protocol,oulab,14,14,base_lr_weekly,0.01,static_full,cutoff_valid,0.0944206008583691,44,466
evaluation_population,oulab,14,14,base_lr_weekly,0.01,activity_conditioned,activity_to_cutoff_valid,0.29441624365482233,116,394
evaluation_population,oulab,14,14,base_lr_weekly,0.01,cutoff_valid,cutoff_valid_to_activity,0.08050847457627118,38,472
protocol,oulab,14,14,base_lr_weekly,0.05,activity_conditioned,cutoff_valid,0.21902017291066284,456,2082
protocol,oulab,14,14,base_lr_weekly,0.05,activity_to_cutoff_valid,cutoff_valid,0.33860759493670883,642,1896
protocol,oulab,14,14,base_lr_weekly,0.05,cutoff_valid_to_activity,cutoff_valid,0.25705794947994054,519,2019
protocol,oulab,14,14,base_lr_weekly,0.05,static_full,cutoff_valid,0.09917713295799047,229,2309
evaluation_population,oulab,14,14,base_lr_weekly,0.05,activity_conditioned,activity_to_cutoff_valid,0.34072900158478603,645,1893
evaluation_population,oulab,14,14,base_lr_weekly,0.05,cutoff_valid,cutoff_valid_to_activity,0.25705794947994054,519,2019
protocol,oulab,14,14,base_lr_weekly,0.1,activity_conditioned,cutoff_valid,0.3170605037652558,1221,3851
protocol,oulab,14,14,base_lr_weekly,0.1,activity_to_cutoff_valid,cutoff_valid,0.6951871657754011,2080,2992
protocol,oulab,14,14,base_lr_weekly,0.1,cutoff_valid_to_activity,cutoff_valid,0.35978552278820375,1342,3730
protocol,oulab,14,14,base_lr_weekly,0.1,static_full,cutoff_valid,0.09831095712429623,454,4618
evaluation_population,oulab,14,14,base_lr_weekly,0.1,activity_conditioned,activity_to_cutoff_valid,0.33967247754886426,1286,3786
evaluation_population,oulab,14,14,base_lr_weekly,0.1,cutoff_valid,cutoff_valid_to_activity,0.35978552278820375,1342,3730
protocol,oulab,14,14,base_lr_weekly,0.2,activity_conditioned,cutoff_valid,0.35434753572859623,2653,7487
protocol,oulab,14,14,base_lr_weekly,0.2,activity_to_cutoff_valid,cutoff_valid,0.9306930693069307,4888,5252
protocol,oulab,14,14,base_lr_weekly,0.2,cutoff_valid_to_activity,cutoff_valid,0.3730534867975626,2755,7385
protocol,oulab,14,14,base_lr_weekly,0.2,static_full,cutoff_valid,0.14279274202637213,1267,8873
evaluation_population,oulab,14,14,base_lr_weekly,0.2,activity_conditioned,activity_to_cutoff_valid,0.3545284531124766,2654,7486
evaluation_population,oulab,14,14,base_lr_weekly,0.2,cutoff_valid,cutoff_valid_to_activity,0.3730534867975626,2755,7385
protocol,oulab,14,14,base_rf_entropy,0.01,activity_conditioned,cutoff_valid,0.11842105263157894,54,456
protocol,oulab,14,14,base_rf_entropy,0.01,activity_to_cutoff_valid,cutoff_valid,0.4447592067988669,157,353
protocol,oulab,14,14,base_rf_entropy,0.01,cutoff_valid_to_activity,cutoff_valid,0.21140142517814728,89,421
protocol,oulab,14,14,base_rf_entropy,0.01,static_full,cutoff_valid,0.030303030303030304,15,495
evaluation_population,oulab,14,14,base_rf_entropy,0.01,activity_conditioned,activity_to_cutoff_valid,0.15384615384615385,68,442
evaluation_population,oulab,14,14,base_rf_entropy,0.01,cutoff_valid,cutoff_valid_to_activity,0.21140142517814728,89,421
protocol,oulab,14,14,base_rf_entropy,0.05,activity_conditioned,cutoff_valid,0.18266542404473438,392,2146
protocol,oulab,14,14,base_rf_entropy,0.05,activity_to_cutoff_valid,cutoff_valid,0.728882833787466,1070,1468
protocol,oulab,14,14,base_rf_entropy,0.05,cutoff_valid_to_activity,cutoff_valid,0.21377331420373027,447,2091
protocol,oulab,14,14,base_rf_entropy,0.05,static_full,cutoff_valid,0.07587961000423908,179,2359
evaluation_population,oulab,14,14,base_rf_entropy,0.05,activity_conditioned,activity_to_cutoff_valid,0.20627376425855512,434,2104
evaluation_population,oulab,14,14,base_rf_entropy,0.05,cutoff_valid,cutoff_valid_to_activity,0.21377331420373027,447,2091
protocol,oulab,14,14,base_rf_entropy,0.1,activity_conditioned,cutoff_valid,0.22571290478492026,934,4138
protocol,oulab,14,14,base_rf_entropy,0.1,activity_to_cutoff_valid,cutoff_valid,0.9197577592732779,2430,2642
protocol,oulab,14,14,base_rf_entropy,0.1,cutoff_valid_to_activity,cutoff_valid,0.23616865708018522,969,4103
protocol,oulab,14,14,base_rf_entropy,0.1,static_full,cutoff_valid,0.10356832027850305,476,4596
evaluation_population,oulab,14,14,base_rf_entropy,0.1,activity_conditioned,activity_to_cutoff_valid,0.22957575757575757,947,4125
evaluation_population,oulab,14,14,base_rf_entropy,0.1,cutoff_valid,cutoff_valid_to_activity,0.23616865708018522,969,4103
protocol,oulab,14,14,base_rf_entropy,0.2,activity_conditioned,cutoff_valid,0.3013347022587269,2348,7792
protocol,oulab,14,14,base_rf_entropy,0.2,activity_to_cutoff_valid,cutoff_valid,0.9295908658420552,4885,5255
protocol,oulab,14,14,base_rf_entropy,0.2,cutoff_valid_to_activity,cutoff_valid,0.306196058224913,2377,7763
protocol,oulab,14,14,base_rf_entropy,0.2,static_full,cutoff_valid,0.13971001461166685,1243,8897
evaluation_population,oulab,14,14,base_rf_entropy,0.2,activity_conditioned,activity_to_cutoff_valid,0.30166880616174585,2350,7790
evaluation_population,oulab,14,14,base_rf_entropy,0.2,cutoff_valid,cutoff_valid_to_activity,0.306196058224913,2377,7763
protocol,oulab,14,14,base_rf_gini,0.01,activity_conditioned,cutoff_valid,0.13333333333333333,60,450
protocol,oulab,14,14,base_rf_gini,0.01,activity_to_cutoff_valid,cutoff_valid,0.43258426966292135,154,356
protocol,oulab,14,14,base_rf_gini,0.01,cutoff_valid_to_activity,cutoff_valid,0.22009569377990432,92,418
protocol,oulab,14,14,base_rf_gini,0.01,static_full,cutoff_valid,0.034482758620689655,17,493
evaluation_population,oulab,14,14,base_rf_gini,0.01,activity_conditioned,activity_to_cutoff_valid,0.18604651162790697,80,430
evaluation_population,oulab,14,14,base_rf_gini,0.01,cutoff_valid,cutoff_valid_to_activity,0.22009569377990432,92,418
protocol,oulab,14,14,base_rf_gini,0.05,activity_conditioned,cutoff_valid,0.20113582584003786,425,2113
protocol,oulab,14,14,base_rf_gini,0.05,activity_to_cutoff_valid,cutoff_valid,0.763724808895066,1099,1439
protocol,oulab,14,14,base_rf_gini,0.05,cutoff_valid_to_activity,cutoff_valid,0.22786647314949202,471,2067
protocol,oulab,14,14,base_rf_gini,0.05,static_full,cutoff_valid,0.08045977011494253,189,2349
evaluation_population,oulab,14,14,base_rf_gini,0.05,activity_conditioned,activity_to_cutoff_valid,0.22254335260115607,462,2076
evaluation_population,oulab,14,14,base_rf_gini,0.05,cutoff_valid,cutoff_valid_to_activity,0.22786647314949202,471,2067
protocol,oulab,14,14,base_rf_gini,0.1,activity_conditioned,cutoff_valid,0.2292777508482792,946,4126
protocol,oulab,14,14,base_rf_gini,0.1,activity_to_cutoff_valid,cutoff_valid,0.9314546839299315,2446,2626
protocol,oulab,14,14,base_rf_gini,0.1,cutoff_valid_to_activity,cutoff_valid,0.23949169110459434,980,4092
protocol,oulab,14,14,base_rf_gini,0.1,static_full,cutoff_valid,0.11106243154435926,507,4565
evaluation_population,oulab,14,14,base_rf_gini,0.1,activity_conditioned,activity_to_cutoff_valid,0.23136683661082788,953,4119
evaluation_population,oulab,14,14,base_rf_gini,0.1,cutoff_valid,cutoff_valid_to_activity,0.23949169110459434,980,4092
protocol,oulab,14,14,base_rf_gini,0.2,activity_conditioned,cutoff_valid,0.3031743991774836,2359,7781
protocol,oulab,14,14,base_rf_gini,0.2,activity_to_cutoff_valid,cutoff_valid,0.9306930693069307,4888,5252
protocol,oulab,14,14,base_rf_gini,0.2,cutoff_valid_to_activity,cutoff_valid,0.3078808203276151,2387,7753
protocol,oulab,14,14,base_rf_gini,0.2,static_full,cutoff_valid,0.14137775776677172,1256,8884
evaluation_population,oulab,14,14,base_rf_gini,0.2,activity_conditioned,activity_to_cutoff_valid,0.30367703779892,2362,7778
evaluation_population,oulab,14,14,base_rf_gini,0.2,cutoff_valid,cutoff_valid_to_activity,0.3078808203276151,2387,7753
protocol,oulab,14,14,base_svm,0.01,activity_conditioned,cutoff_valid,0.060291060291060294,29,481
protocol,oulab,14,14,base_svm,0.01,activity_to_cutoff_valid,cutoff_valid,0.3858695652173913,142,368
protocol,oulab,14,14,base_svm,0.01,cutoff_valid_to_activity,cutoff_valid,0.06471816283924843,31,479
protocol,oulab,14,14,base_svm,0.01,static_full,cutoff_valid,0.12087912087912088,55,455
evaluation_population,oulab,14,14,base_svm,0.01,activity_conditioned,activity_to_cutoff_valid,0.22009569377990432,92,418
evaluation_population,oulab,14,14,base_svm,0.01,cutoff_valid,cutoff_valid_to_activity,0.06471816283924843,31,479
protocol,oulab,14,14,base_svm,0.05,activity_conditioned,cutoff_valid,0.1994328922495274,422,2116
protocol,oulab,14,14,base_svm,0.05,activity_to_cutoff_valid,cutoff_valid,0.8772189349112426,1186,1352
protocol,oulab,14,14,base_svm,0.05,cutoff_valid_to_activity,cutoff_valid,0.2249034749034749,466,2072
protocol,oulab,14,14,base_svm,0.05,static_full,cutoff_valid,0.125,282,2256
evaluation_population,oulab,14,14,base_svm,0.05,activity_conditioned,activity_to_cutoff_valid,0.21087786259541985,442,2096
evaluation_population,oulab,14,14,base_svm,0.05,cutoff_valid,cutoff_valid_to_activity,0.2249034749034749,466,2072
protocol,oulab,14,14,base_svm,0.1,activity_conditioned,cutoff_valid,0.29718670076726345,1162,3910
protocol,oulab,14,14,base_svm,0.1,activity_to_cutoff_valid,cutoff_valid,0.9314546839299315,2446,2626
protocol,oulab,14,14,base_svm,0.1,cutoff_valid_to_activity,cutoff_valid,0.31877275091003643,1226,3846
protocol,oulab,14,14,base_svm,0.1,static_full,cutoff_valid,0.11521547933157432,524,4548
evaluation_population,oulab,14,14,base_svm,0.1,activity_conditioned,activity_to_cutoff_valid,0.3005128205128205,1172,3900
evaluation_population,oulab,14,14,base_svm,0.1,cutoff_valid,cutoff_valid_to_activity,0.31877275091003643,1226,3846
protocol,oulab,14,14,base_svm,0.2,activity_conditioned,cutoff_valid,0.37566137566137564,2769,7371
protocol,oulab,14,14,base_svm,0.2,activity_to_cutoff_valid,cutoff_valid,0.9530046224961479,4948,5192
protocol,oulab,14,14,base_svm,0.2,cutoff_valid_to_activity,cutoff_valid,0.38184791496320525,2802,7338
protocol,oulab,14,14,base_svm,0.2,static_full,cutoff_valid,0.14511575381140598,1285,8855
evaluation_population,oulab,14,14,base_svm,0.2,activity_conditioned,activity_to_cutoff_valid,0.37566137566137564,2769,7371
evaluation_population,oulab,14,14,base_svm,0.2,cutoff_valid,cutoff_valid_to_activity,0.38184791496320525,2802,7338
protocol,oulab,14,14,flat_hgb,0.01,activity_conditioned,cutoff_valid,0.08280254777070063,39,471
protocol,oulab,14,14,flat_hgb,0.01,activity_to_cutoff_valid,cutoff_valid,0.16704805491990846,73,437
protocol,oulab,14,14,flat_hgb,0.01,cutoff_valid_to_activity,cutoff_valid,0.15124153498871332,67,443
protocol,oulab,14,14,flat_hgb,0.01,static_full,cutoff_valid,0.08050847457627118,38,472
evaluation_population,oulab,14,14,flat_hgb,0.01,activity_conditioned,activity_to_cutoff_valid,0.29770992366412213,117,393
evaluation_population,oulab,14,14,flat_hgb,0.01,cutoff_valid,cutoff_valid_to_activity,0.15124153498871332,67,443
protocol,oulab,14,14,flat_hgb,0.05,activity_conditioned,cutoff_valid,0.18266542404473438,392,2146
protocol,oulab,14,14,flat_hgb,0.05,activity_to_cutoff_valid,cutoff_valid,0.4486301369863014,786,1752
protocol,oulab,14,14,flat_hgb,0.05,cutoff_valid_to_activity,cutoff_valid,0.233835683033544,481,2057
protocol,oulab,14,14,flat_hgb,0.05,static_full,cutoff_valid,0.09965337954939342,230,2308
evaluation_population,oulab,14,14,flat_hgb,0.05,activity_conditioned,activity_to_cutoff_valid,0.29820971867007673,583,1955
evaluation_population,oulab,14,14,flat_hgb,0.05,cutoff_valid,cutoff_valid_to_activity,0.233835683033544,481,2057
protocol,oulab,14,14,flat_hgb,0.1,activity_conditioned,cutoff_valid,0.28730964467005077,1132,3940
protocol,oulab,14,14,flat_hgb,0.1,activity_to_cutoff_valid,cutoff_valid,0.8531238582389478,2335,2737
protocol,oulab,14,14,flat_hgb,0.1,cutoff_valid_to_activity,cutoff_valid,0.32014575741801143,1230,3842
protocol,oulab,14,14,flat_hgb,0.1,static_full,cutoff_valid,0.09831095712429623,454,4618
evaluation_population,oulab,14,14,flat_hgb,0.1,activity_conditioned,activity_to_cutoff_valid,0.31025574786876775,1201,3871
evaluation_population,oulab,14,14,flat_hgb,0.1,cutoff_valid,cutoff_valid_to_activity,0.32014575741801143,1230,3842
protocol,oulab,14,14,flat_hgb,0.2,activity_conditioned,cutoff_valid,0.3579750903977501,2673,7467
protocol,oulab,14,14,flat_hgb,0.2,activity_to_cutoff_valid,cutoff_valid,0.9288567624120221,4883,5257
protocol,oulab,14,14,flat_hgb,0.2,cutoff_valid_to_activity,cutoff_valid,0.36805180787911496,2728,7412
protocol,oulab,14,14,flat_hgb,0.2,static_full,cutoff_valid,0.13945387122148556,1241,8899
evaluation_population,oulab,14,14,flat_hgb,0.2,activity_conditioned,activity_to_cutoff_valid,0.35997854077253216,2684,7456
evaluation_population,oulab,14,14,flat_hgb,0.2,cutoff_valid,cutoff_valid_to_activity,0.36805180787911496,2728,7412
protocol,oulab,14,14,stack_7_full,0.01,activity_conditioned,cutoff_valid,0.1564625850340136,69,441
protocol,oulab,14,14,stack_7_full,0.01,activity_to_cutoff_valid,cutoff_valid,0.5548780487804879,182,328
protocol,oulab,14,14,stack_7_full,0.01,cutoff_valid_to_activity,cutoff_valid,0.21428571428571427,90,420
protocol,oulab,14,14,stack_7_full,0.01,static_full,cutoff_valid,0.034482758620689655,17,493
evaluation_population,oulab,14,14,stack_7_full,0.01,activity_conditioned,activity_to_cutoff_valid,0.18329466357308585,79,431
evaluation_population,oulab,14,14,stack_7_full,0.01,cutoff_valid,cutoff_valid_to_activity,0.21428571428571427,90,420
protocol,oulab,14,14,stack_7_full,0.05,activity_conditioned,cutoff_valid,0.19716981132075473,418,2120
protocol,oulab,14,14,stack_7_full,0.05,activity_to_cutoff_valid,cutoff_valid,0.7044996642041639,1049,1489
protocol,oulab,14,14,stack_7_full,0.05,cutoff_valid_to_activity,cutoff_valid,0.2392578125,490,2048
protocol,oulab,14,14,stack_7_full,0.05,static_full,cutoff_valid,0.06459731543624161,154,2384
evaluation_population,oulab,14,14,stack_7_full,0.05,activity_conditioned,activity_to_cutoff_valid,0.21145584725536992,443,2095
evaluation_population,oulab,14,14,stack_7_full,0.05,cutoff_valid,cutoff_valid_to_activity,0.2392578125,490,2048
protocol,oulab,14,14,stack_7_full,0.1,activity_conditioned,cutoff_valid,0.22571290478492026,934,4138
protocol,oulab,14,14,stack_7_full,0.1,activity_to_cutoff_valid,cutoff_valid,0.8257739380849533,2294,2778
protocol,oulab,14,14,stack_7_full,0.1,cutoff_valid_to_activity,cutoff_valid,0.24374693477194703,994,4078
protocol,oulab,14,14,stack_7_full,0.1,static_full,cutoff_valid,0.10742358078602621,492,4580
evaluation_population,oulab,14,14,stack_7_full,0.1,activity_conditioned,activity_to_cutoff_valid,0.2352654651729177,966,4106
evaluation_population,oulab,14,14,stack_7_full,0.1,cutoff_valid,cutoff_valid_to_activity,0.24374693477194703,994,4078
protocol,oulab,14,14,stack_7_full,0.2,activity_conditioned,cutoff_valid,0.3018359224547439,2351,7789
protocol,oulab,14,14,stack_7_full,0.2,activity_to_cutoff_valid,cutoff_valid,0.9369627507163324,4905,5235
protocol,oulab,14,14,stack_7_full,0.2,cutoff_valid_to_activity,cutoff_valid,0.31075491209927614,2404,7736
protocol,oulab,14,14,stack_7_full,0.2,static_full,cutoff_valid,0.1362617660242044,1216,8924
evaluation_population,oulab,14,14,stack_7_full,0.2,activity_conditioned,activity_to_cutoff_valid,0.30233752889802207,2354,7786
evaluation_population,oulab,14,14,stack_7_full,0.2,cutoff_valid,cutoff_valid_to_activity,0.31075491209927614,2404,7736
protocol,oulab,14,14,temporal_hgb,0.01,activity_conditioned,cutoff_valid,0.17782909930715934,77,433
protocol,oulab,14,14,temporal_hgb,0.01,activity_to_cutoff_valid,cutoff_valid,0.5987460815047022,191,319
protocol,oulab,14,14,temporal_hgb,0.01,cutoff_valid_to_activity,cutoff_valid,0.2028301886792453,86,424
protocol,oulab,14,14,temporal_hgb,0.01,static_full,cutoff_valid,0.038696537678207736,19,491
evaluation_population,oulab,14,14,temporal_hgb,0.01,activity_conditioned,activity_to_cutoff_valid,0.21140142517814728,89,421
evaluation_population,oulab,14,14,temporal_hgb,0.01,cutoff_valid,cutoff_valid_to_activity,0.2028301886792453,86,424
protocol,oulab,14,14,temporal_hgb,0.05,activity_conditioned,cutoff_valid,0.17608897126969417,380,2158
protocol,oulab,14,14,temporal_hgb,0.05,activity_to_cutoff_valid,cutoff_valid,0.41708542713567837,747,1791
protocol,oulab,14,14,temporal_hgb,0.05,cutoff_valid_to_activity,cutoff_valid,0.18875878220140516,403,2135
protocol,oulab,14,14,temporal_hgb,0.05,static_full,cutoff_valid,0.0934941835415769,217,2321
evaluation_population,oulab,14,14,temporal_hgb,0.05,activity_conditioned,activity_to_cutoff_valid,0.24656188605108054,502,2036
evaluation_population,oulab,14,14,temporal_hgb,0.05,cutoff_valid,cutoff_valid_to_activity,0.18875878220140516,403,2135
protocol,oulab,14,14,temporal_hgb,0.1,activity_conditioned,cutoff_valid,0.2520365341890891,1021,4051
protocol,oulab,14,14,temporal_hgb,0.1,activity_to_cutoff_valid,cutoff_valid,0.8551572787125091,2338,2734
protocol,oulab,14,14,temporal_hgb,0.1,cutoff_valid_to_activity,cutoff_valid,0.26043737574552683,1048,4024
protocol,oulab,14,14,temporal_hgb,0.1,static_full,cutoff_valid,0.09854884123889972,455,4617
evaluation_population,oulab,14,14,temporal_hgb,0.1,activity_conditioned,activity_to_cutoff_valid,0.25856079404466503,1042,4030
evaluation_population,oulab,14,14,temporal_hgb,0.1,cutoff_valid,cutoff_valid_to_activity,0.26043737574552683,1048,4024
protocol,oulab,14,14,temporal_hgb,0.2,activity_conditioned,cutoff_valid,0.309400826446281,2396,7744
protocol,oulab,14,14,temporal_hgb,0.2,activity_to_cutoff_valid,cutoff_valid,0.9273902299942977,4879,5261
protocol,oulab,14,14,temporal_hgb,0.2,cutoff_valid_to_activity,cutoff_valid,0.3151750972762646,2430,7710
protocol,oulab,14,14,temporal_hgb,0.2,static_full,cutoff_valid,0.13410133094732132,1199,8941
evaluation_population,oulab,14,14,temporal_hgb,0.2,activity_conditioned,activity_to_cutoff_valid,0.3095699341340566,2397,7743
evaluation_population,oulab,14,14,temporal_hgb,0.2,cutoff_valid,cutoff_valid_to_activity,0.3151750972762646,2430,7710
protocol,oulab,16,16,base_dffnn,0.01,activity_conditioned,cutoff_valid,0.13063063063063063,58,444
protocol,oulab,16,16,base_dffnn,0.01,activity_to_cutoff_valid,cutoff_valid,0.4180790960451977,148,354
protocol,oulab,16,16,base_dffnn,0.01,cutoff_valid_to_activity,cutoff_valid,0.2038369304556355,85,417
protocol,oulab,16,16,base_dffnn,0.01,static_full,cutoff_valid,0.04365904365904366,21,481
evaluation_population,oulab,16,16,base_dffnn,0.01,activity_conditioned,activity_to_cutoff_valid,0.19809069212410502,83,419
evaluation_population,oulab,16,16,base_dffnn,0.01,cutoff_valid,cutoff_valid_to_activity,0.2038369304556355,85,417
protocol,oulab,16,16,base_dffnn,0.05,activity_conditioned,cutoff_valid,0.19980787704130643,416,2082
protocol,oulab,16,16,base_dffnn,0.05,activity_to_cutoff_valid,cutoff_valid,0.6116129032258064,948,1550
protocol,oulab,16,16,base_dffnn,0.05,cutoff_valid_to_activity,cutoff_valid,0.2571716155007549,511,1987
protocol,oulab,16,16,base_dffnn,0.05,static_full,cutoff_valid,0.0842013888888889,194,2304
evaluation_population,oulab,16,16,base_dffnn,0.05,activity_conditioned,activity_to_cutoff_valid,0.2372461614660723,479,2019
evaluation_population,oulab,16,16,base_dffnn,0.05,cutoff_valid,cutoff_valid_to_activity,0.2571716155007549,511,1987
protocol,oulab,16,16,base_dffnn,0.1,activity_conditioned,cutoff_valid,0.2461884528867783,985,4001
protocol,oulab,16,16,base_dffnn,0.1,activity_to_cutoff_valid,cutoff_valid,0.8357879234167894,2270,2716
protocol,oulab,16,16,base_dffnn,0.1,cutoff_valid_to_activity,cutoff_valid,0.27747886241352804,1083,3903
protocol,oulab,16,16,base_dffnn,0.1,static_full,cutoff_valid,0.0992063492063492,450,4536
evaluation_population,oulab,16,16,base_dffnn,0.1,activity_conditioned,activity_to_cutoff_valid,0.2556031226391337,1015,3971
evaluation_population,oulab,16,16,base_dffnn,0.1,cutoff_valid,cutoff_valid_to_activity,0.27747886241352804,1083,3903
protocol,oulab,16,16,base_dffnn,0.2,activity_conditioned,cutoff_valid,0.2924711675521576,2257,7717
protocol,oulab,16,16,base_dffnn,0.2,activity_to_cutoff_valid,cutoff_valid,0.9180769230769231,4774,5200
protocol,oulab,16,16,base_dffnn,0.2,cutoff_valid_to_activity,cutoff_valid,0.3070370855720089,2343,7631
protocol,oulab,16,16,base_dffnn,0.2,static_full,cutoff_valid,0.14027666628558363,1227,8747
evaluation_population,oulab,16,16,base_dffnn,0.2,activity_conditioned,activity_to_cutoff_valid,0.29347685125145895,2263,7711
evaluation_population,oulab,16,16,base_dffnn,0.2,cutoff_valid,cutoff_valid_to_activity,0.3070370855720089,2343,7631
protocol,oulab,16,16,base_knn,0.01,activity_conditioned,cutoff_valid,0.08423326133909287,39,463
protocol,oulab,16,16,base_knn,0.01,activity_to_cutoff_valid,cutoff_valid,0.1461187214611872,64,438
protocol,oulab,16,16,base_knn,0.01,cutoff_valid_to_activity,cutoff_valid,0.15668202764976957,68,434
protocol,oulab,16,16,base_knn,0.01,static_full,cutoff_valid,0.07494646680942184,35,467
evaluation_population,oulab,16,16,base_knn,0.01,activity_conditioned,activity_to_cutoff_valid,0.33866666666666667,127,375
evaluation_population,oulab,16,16,base_knn,0.01,cutoff_valid,cutoff_valid_to_activity,0.15668202764976957,68,434
protocol,oulab,16,16,base_knn,0.05,activity_conditioned,cutoff_valid,0.16838166510757718,360,2138
protocol,oulab,16,16,base_knn,0.05,activity_to_cutoff_valid,cutoff_valid,0.3763085399449036,683,1815
protocol,oulab,16,16,base_knn,0.05,cutoff_valid_to_activity,cutoff_valid,0.248375812093953,497,2001
protocol,oulab,16,16,base_knn,0.05,static_full,cutoff_valid,0.1166741171211444,261,2237
evaluation_population,oulab,16,16,base_knn,0.05,activity_conditioned,activity_to_cutoff_valid,0.30104166666666665,578,1920
evaluation_population,oulab,16,16,base_knn,0.05,cutoff_valid,cutoff_valid_to_activity,0.248375812093953,497,2001
protocol,oulab,16,16,base_knn,0.1,activity_conditioned,cutoff_valid,0.28108941418293937,1094,3892
protocol,oulab,16,16,base_knn,0.1,activity_to_cutoff_valid,cutoff_valid,0.8310686742563349,2263,2723
protocol,oulab,16,16,base_knn,0.1,cutoff_valid_to_activity,cutoff_valid,0.30969267139479906,1179,3807
protocol,oulab,16,16,base_knn,0.1,static_full,cutoff_valid,0.1370581527936146,601,4385
evaluation_population,oulab,16,16,base_knn,0.1,activity_conditioned,activity_to_cutoff_valid,0.297423887587822,1143,3843
evaluation_population,oulab,16,16,base_knn,0.1,cutoff_valid,cutoff_valid_to_activity,0.30969267139479906,1179,3807
protocol,oulab,16,16,base_knn,0.2,activity_conditioned,cutoff_valid,0.34293792917732596,2547,7427
protocol,oulab,16,16,base_knn,0.2,activity_to_cutoff_valid,cutoff_valid,0.9180769230769231,4774,5200
protocol,oulab,16,16,base_knn,0.2,cutoff_valid_to_activity,cutoff_valid,0.3535079386619623,2605,7369
protocol,oulab,16,16,base_knn,0.2,static_full,cutoff_valid,0.1456466804502642,1268,8706
evaluation_population,oulab,16,16,base_knn,0.2,activity_conditioned,activity_to_cutoff_valid,0.3456556934700486,2562,7412
evaluation_population,oulab,16,16,base_knn,0.2,cutoff_valid,cutoff_valid_to_activity,0.3535079386619623,2605,7369
protocol,oulab,16,16,base_lr_clickstream,0.01,activity_conditioned,cutoff_valid,0.01006036217303823,5,497
protocol,oulab,16,16,base_lr_clickstream,0.01,activity_to_cutoff_valid,cutoff_valid,0.28388746803069054,111,391
protocol,oulab,16,16,base_lr_clickstream,0.01,cutoff_valid_to_activity,cutoff_valid,0.014141414141414142,7,495
protocol,oulab,16,16,base_lr_clickstream,0.01,static_full,cutoff_valid,0.09130434782608696,42,460
evaluation_population,oulab,16,16,base_lr_clickstream,0.01,activity_conditioned,activity_to_cutoff_valid,0.20673076923076922,86,416
evaluation_population,oulab,16,16,base_lr_clickstream,0.01,cutoff_valid,cutoff_valid_to_activity,0.014141414141414142,7,495
protocol,oulab,16,16,base_lr_clickstream,0.05,activity_conditioned,cutoff_valid,0.202696196437169,421,2077
protocol,oulab,16,16,base_lr_clickstream,0.05,activity_to_cutoff_valid,cutoff_valid,0.8627889634601044,1157,1341
protocol,oulab,16,16,base_lr_clickstream,0.05,cutoff_valid_to_activity,cutoff_valid,0.226313205694649,461,2037
protocol,oulab,16,16,base_lr_clickstream,0.05,static_full,cutoff_valid,0.09513371328364752,217,2281
evaluation_population,oulab,16,16,base_lr_clickstream,0.05,activity_conditioned,activity_to_cutoff_valid,0.2167559668777399,445,2053
evaluation_population,oulab,16,16,base_lr_clickstream,0.05,cutoff_valid,cutoff_valid_to_activity,0.226313205694649,461,2037
protocol,oulab,16,16,base_lr_clickstream,0.1,activity_conditioned,cutoff_valid,0.2784615384615385,1086,3900
protocol,oulab,16,16,base_lr_clickstream,0.1,activity_to_cutoff_valid,cutoff_valid,0.8943768996960486,2354,2632
protocol,oulab,16,16,base_lr_clickstream,0.1,cutoff_valid_to_activity,cutoff_valid,0.31348788198103267,1190,3796
protocol,oulab,16,16,base_lr_clickstream,0.1,static_full,cutoff_valid,0.09823788546255506,446,4540
evaluation_population,oulab,16,16,base_lr_clickstream,0.1,activity_conditioned,activity_to_cutoff_valid,0.28803926633944715,1115,3871
evaluation_population,oulab,16,16,base_lr_clickstream,0.1,cutoff_valid,cutoff_valid_to_activity,0.31348788198103267,1190,3796
protocol,oulab,16,16,base_lr_clickstream,0.2,activity_conditioned,cutoff_valid,0.3525901817195552,2600,7374
protocol,oulab,16,16,base_lr_clickstream,0.2,activity_to_cutoff_valid,cutoff_valid,0.9412222654729466,4836,5138
protocol,oulab,16,16,base_lr_clickstream,0.2,cutoff_valid_to_activity,cutoff_valid,0.365553121577218,2670,7304
protocol,oulab,16,16,base_lr_clickstream,0.2,static_full,cutoff_valid,0.13456944602434306,1183,8791
evaluation_population,oulab,16,16,base_lr_clickstream,0.2,activity_conditioned,activity_to_cutoff_valid,0.3531406864740198,2603,7371
evaluation_population,oulab,16,16,base_lr_clickstream,0.2,cutoff_valid,cutoff_valid_to_activity,0.365553121577218,2670,7304
protocol,oulab,16,16,base_lr_profile,0.01,activity_conditioned,cutoff_valid,0.006012024048096192,3,499
protocol,oulab,16,16,base_lr_profile,0.01,activity_to_cutoff_valid,cutoff_valid,0.026584867075664622,13,489
protocol,oulab,16,16,base_lr_profile,0.01,cutoff_valid_to_activity,cutoff_valid,0.014141414141414142,7,495
protocol,oulab,16,16,base_lr_profile,0.01,static_full,cutoff_valid,0.10087719298245613,46,456
evaluation_population,oulab,16,16,base_lr_profile,0.01,activity_conditioned,activity_to_cutoff_valid,0.583596214511041,185,317
evaluation_population,oulab,16,16,base_lr_profile,0.01,cutoff_valid,cutoff_valid_to_activity,0.014141414141414142,7,495
protocol,oulab,16,16,base_lr_profile,0.05,activity_conditioned,cutoff_valid,0.27514037774374683,539,1959
protocol,oulab,16,16,base_lr_profile,0.05,activity_to_cutoff_valid,cutoff_valid,0.36951754385964913,674,1824
protocol,oulab,16,16,base_lr_profile,0.05,cutoff_valid_to_activity,cutoff_valid,0.3650273224043716,668,1830
protocol,oulab,16,16,base_lr_profile,0.05,static_full,cutoff_valid,0.10776053215077605,243,2255
evaluation_population,oulab,16,16,base_lr_profile,0.05,activity_conditioned,activity_to_cutoff_valid,0.6210253082414017,957,1541
evaluation_population,oulab,16,16,base_lr_profile,0.05,cutoff_valid,cutoff_valid_to_activity,0.3650273224043716,668,1830
protocol,oulab,16,16,base_lr_profile,0.1,activity_conditioned,cutoff_valid,0.4294724770642202,1498,3488
protocol,oulab,16,16,base_lr_profile,0.1,activity_to_cutoff_valid,cutoff_valid,0.5595871129183609,1789,3197
protocol,oulab,16,16,base_lr_profile,0.1,cutoff_valid_to_activity,cutoff_valid,0.5718789407313998,1814,3172
protocol,oulab,16,16,base_lr_profile,0.1,static_full,cutoff_valid,0.10382997564755368,469,4517
evaluation_population,oulab,16,16,base_lr_profile,0.1,activity_conditioned,activity_to_cutoff_valid,0.6450016496205873,1955,3031
evaluation_population,oulab,16,16,base_lr_profile,0.1,cutoff_valid,cutoff_valid_to_activity,0.5718789407313998,1814,3172
protocol,oulab,16,16,base_lr_profile,0.2,activity_conditioned,cutoff_valid,0.5418148090895037,3505,6469
protocol,oulab,16,16,base_lr_profile,0.2,activity_to_cutoff_valid,cutoff_valid,0.7075843177538093,4133,5841
protocol,oulab,16,16,base_lr_profile,0.2,cutoff_valid_to_activity,cutoff_valid,0.6615025820423122,3971,6003
protocol,oulab,16,16,base_lr_profile,0.2,static_full,cutoff_valid,0.17520914339578178,1487,8487
evaluation_population,oulab,16,16,base_lr_profile,0.2,activity_conditioned,activity_to_cutoff_valid,0.662056323946009,3973,6001
evaluation_population,oulab,16,16,base_lr_profile,0.2,cutoff_valid,cutoff_valid_to_activity,0.6615025820423122,3971,6003
protocol,oulab,16,16,base_lr_weekly,0.01,activity_conditioned,cutoff_valid,0.05907172995780591,28,474
protocol,oulab,16,16,base_lr_weekly,0.01,activity_to_cutoff_valid,cutoff_valid,0.08658008658008658,40,462
protocol,oulab,16,16,base_lr_weekly,0.01,cutoff_valid_to_activity,cutoff_valid,0.06581740976645435,31,471
protocol,oulab,16,16,base_lr_weekly,0.01,static_full,cutoff_valid,0.08423326133909287,39,463
evaluation_population,oulab,16,16,base_lr_weekly,0.01,activity_conditioned,activity_to_cutoff_valid,0.2456575682382134,99,403
evaluation_population,oulab,16,16,base_lr_weekly,0.01,cutoff_valid,cutoff_valid_to_activity,0.06581740976645435,31,471
protocol,oulab,16,16,base_lr_weekly,0.05,activity_conditioned,cutoff_valid,0.2050168837433671,425,2073
protocol,oulab,16,16,base_lr_weekly,0.05,activity_to_cutoff_valid,cutoff_valid,0.3553988062940857,655,1843
protocol,oulab,16,16,base_lr_weekly,0.05,cutoff_valid_to_activity,cutoff_valid,0.23236309817464232,471,2027
protocol,oulab,16,16,base_lr_weekly,0.05,static_full,cutoff_valid,0.09226060341058155,211,2287
evaluation_population,oulab,16,16,base_lr_weekly,0.05,activity_conditioned,activity_to_cutoff_valid,0.30580240460010455,585,1913
evaluation_population,oulab,16,16,base_lr_weekly,0.05,cutoff_valid,cutoff_valid_to_activity,0.23236309817464232,471,2027
protocol,oulab,16,16,base_lr_weekly,0.1,activity_conditioned,cutoff_valid,0.30387029288702927,1162,3824
protocol,oulab,16,16,base_lr_weekly,0.1,activity_to_cutoff_valid,cutoff_valid,0.6838905775075987,2025,2961
protocol,oulab,16,16,base_lr_weekly,0.1,cutoff_valid_to_activity,cutoff_valid,0.3331550802139037,1246,3740
protocol,oulab,16,16,base_lr_weekly,0.1,static_full,cutoff_valid,0.09414088215931533,429,4557
evaluation_population,oulab,16,16,base_lr_weekly,0.1,activity_conditioned,activity_to_cutoff_valid,0.3204449152542373,1210,3776
evaluation_population,oulab,16,16,base_lr_weekly,0.1,cutoff_valid,cutoff_valid_to_activity,0.3331550802139037,1246,3740
protocol,oulab,16,16,base_lr_weekly,0.2,activity_conditioned,cutoff_valid,0.3328878791928371,2491,7483
protocol,oulab,16,16,base_lr_weekly,0.2,activity_to_cutoff_valid,cutoff_valid,0.9408445222805993,4835,5139
protocol,oulab,16,16,base_lr_weekly,0.2,cutoff_valid_to_activity,cutoff_valid,0.34583726892457156,2563,7411
protocol,oulab,16,16,base_lr_weekly,0.2,static_full,cutoff_valid,0.13418239708892427,1180,8794
evaluation_population,oulab,16,16,base_lr_weekly,0.2,activity_conditioned,activity_to_cutoff_valid,0.3328878791928371,2491,7483
evaluation_population,oulab,16,16,base_lr_weekly,0.2,cutoff_valid,cutoff_valid_to_activity,0.34583726892457156,2563,7411
protocol,oulab,16,16,base_rf_entropy,0.01,activity_conditioned,cutoff_valid,0.15402298850574714,67,435
protocol,oulab,16,16,base_rf_entropy,0.01,activity_to_cutoff_valid,cutoff_valid,0.4678362573099415,160,342
protocol,oulab,16,16,base_rf_entropy,0.01,cutoff_valid_to_activity,cutoff_valid,0.20673076923076922,86,416
protocol,oulab,16,16,base_rf_entropy,0.01,static_full,cutoff_valid,0.04365904365904366,21,481
evaluation_population,oulab,16,16,base_rf_entropy,0.01,activity_conditioned,activity_to_cutoff_valid,0.20673076923076922,86,416
evaluation_population,oulab,16,16,base_rf_entropy,0.01,cutoff_valid,cutoff_valid_to_activity,0.20673076923076922,86,416
protocol,oulab,16,16,base_rf_entropy,0.05,activity_conditioned,cutoff_valid,0.18220539517274018,385,2113
protocol,oulab,16,16,base_rf_entropy,0.05,activity_to_cutoff_valid,cutoff_valid,0.7529824561403509,1073,1425
protocol,oulab,16,16,base_rf_entropy,0.05,cutoff_valid_to_activity,cutoff_valid,0.21734892787524365,446,2052
protocol,oulab,16,16,base_rf_entropy,0.05,static_full,cutoff_valid,0.07951598962834917,184,2314
evaluation_population,oulab,16,16,base_rf_entropy,0.05,activity_conditioned,activity_to_cutoff_valid,0.19980787704130643,416,2082
evaluation_population,oulab,16,16,base_rf_entropy,0.05,cutoff_valid,cutoff_valid_to_activity,0.21734892787524365,446,2052
protocol,oulab,16,16,base_rf_entropy,0.1,activity_conditioned,cutoff_valid,0.21343392552932586,877,4109
protocol,oulab,16,16,base_rf_entropy,0.1,activity_to_cutoff_valid,cutoff_valid,0.9325581395348838,2406,2580
protocol,oulab,16,16,base_rf_entropy,0.1,cutoff_valid_to_activity,cutoff_valid,0.22717204036426286,923,4063
protocol,oulab,16,16,base_rf_entropy,0.1,static_full,cutoff_valid,0.10309734513274336,466,4520
evaluation_population,oulab,16,16,base_rf_entropy,0.1,activity_conditioned,activity_to_cutoff_valid,0.21402483564645727,879,4107
evaluation_population,oulab,16,16,base_rf_entropy,0.1,cutoff_valid,cutoff_valid_to_activity,0.22717204036426286,923,4063
protocol,oulab,16,16,base_rf_entropy,0.2,activity_conditioned,cutoff_valid,0.2747955010224949,2150,7824
protocol,oulab,16,16,base_rf_entropy,0.2,activity_to_cutoff_valid,cutoff_valid,0.9488081281750684,4856,5118
protocol,oulab,16,16,base_rf_entropy,0.2,cutoff_valid_to_activity,cutoff_valid,0.2801950969066872,2183,7791
protocol,oulab,16,16,base_rf_entropy,0.2,static_full,cutoff_valid,0.13689729852957938,1201,8773
evaluation_population,oulab,16,16,base_rf_entropy,0.2,activity_conditioned,activity_to_cutoff_valid,0.2749584558353573,2151,7823
evaluation_population,oulab,16,16,base_rf_entropy,0.2,cutoff_valid,cutoff_valid_to_activity,0.2801950969066872,2183,7791
protocol,oulab,16,16,base_rf_gini,0.01,activity_conditioned,cutoff_valid,0.13318284424379231,59,443
protocol,oulab,16,16,base_rf_gini,0.01,activity_to_cutoff_valid,cutoff_valid,0.4383954154727794,153,349
protocol,oulab,16,16,base_rf_gini,0.01,cutoff_valid_to_activity,cutoff_valid,0.2581453634085213,103,399
protocol,oulab,16,16,base_rf_gini,0.01,static_full,cutoff_valid,0.05241090146750524,25,477
evaluation_population,oulab,16,16,base_rf_gini,0.01,activity_conditioned,activity_to_cutoff_valid,0.1895734597156398,80,422
evaluation_population,oulab,16,16,base_rf_gini,0.01,cutoff_valid,cutoff_valid_to_activity,0.2581453634085213,103,399
protocol,oulab,16,16,base_rf_gini,0.05,activity_conditioned,cutoff_valid,0.2003844305622297,417,2081
protocol,oulab,16,16,base_rf_gini,0.05,activity_to_cutoff_valid,cutoff_valid,0.7842857142857143,1098,1400
protocol,oulab,16,16,base_rf_gini,0.05,cutoff_valid_to_activity,cutoff_valid,0.2354104846686449,476,2022
protocol,oulab,16,16,base_rf_gini,0.05,static_full,cutoff_valid,0.09130624726955003,209,2289
evaluation_population,oulab,16,16,base_rf_gini,0.05,activity_conditioned,activity_to_cutoff_valid,0.21853658536585366,448,2050
evaluation_population,oulab,16,16,base_rf_gini,0.05,cutoff_valid,cutoff_valid_to_activity,0.2354104846686449,476,2022
protocol,oulab,16,16,base_rf_gini,0.1,activity_conditioned,cutoff_valid,0.21817737600781822,893,4093
protocol,oulab,16,16,base_rf_gini,0.1,activity_to_cutoff_valid,cutoff_valid,0.9295665634674922,2402,2584
protocol,oulab,16,16,base_rf_gini,0.1,cutoff_valid_to_activity,cutoff_valid,0.23385300668151449,945,4041
protocol,oulab,16,16,base_rf_gini,0.1,static_full,cutoff_valid,0.10775383248167074,485,4501
evaluation_population,oulab,16,16,base_rf_gini,0.1,activity_conditioned,activity_to_cutoff_valid,0.21787982413287738,892,4094
evaluation_population,oulab,16,16,base_rf_gini,0.1,cutoff_valid,cutoff_valid_to_activity,0.23385300668151449,945,4041
protocol,oulab,16,16,base_rf_gini,0.2,activity_conditioned,cutoff_valid,0.27757141027283205,2167,7807
protocol,oulab,16,16,base_rf_gini,0.2,activity_to_cutoff_valid,cutoff_valid,0.9518590998043053,4864,5110
protocol,oulab,16,16,base_rf_gini,0.2,cutoff_valid_to_activity,cutoff_valid,0.283489898339982,2203,7771
protocol,oulab,16,16,base_rf_gini,0.2,static_full,cutoff_valid,0.1428898819754784,1247,8727
evaluation_population,oulab,16,16,base_rf_gini,0.2,activity_conditioned,activity_to_cutoff_valid,0.27773507558288496,2168,7806
evaluation_population,oulab,16,16,base_rf_gini,0.2,cutoff_valid,cutoff_valid_to_activity,0.283489898339982,2203,7771
protocol,oulab,16,16,base_svm,0.01,activity_conditioned,cutoff_valid,0.05907172995780591,28,474
protocol,oulab,16,16,base_svm,0.01,activity_to_cutoff_valid,cutoff_valid,0.4425287356321839,154,348
protocol,oulab,16,16,base_svm,0.01,cutoff_valid_to_activity,cutoff_valid,0.0635593220338983,30,472
protocol,oulab,16,16,base_svm,0.01,static_full,cutoff_valid,0.1130820399113082,51,451
evaluation_population,oulab,16,16,base_svm,0.01,activity_conditioned,activity_to_cutoff_valid,0.20095693779904306,84,418
evaluation_population,oulab,16,16,base_svm,0.01,cutoff_valid,cutoff_valid_to_activity,0.0635593220338983,30,472
protocol,oulab,16,16,base_svm,0.05,activity_conditioned,cutoff_valid,0.19236276849642006,403,2095
protocol,oulab,16,16,base_svm,0.05,activity_to_cutoff_valid,cutoff_valid,0.8952959028831563,1180,1318
protocol,oulab,16,16,base_svm,0.05,cutoff_valid_to_activity,cutoff_valid,0.2108579738245274,435,2063
protocol,oulab,16,16,base_svm,0.05,static_full,cutoff_valid,0.12573231185218567,279,2219
evaluation_population,oulab,16,16,base_svm,0.05,activity_conditioned,activity_to_cutoff_valid,0.2055984555984556,426,2072
evaluation_population,oulab,16,16,base_svm,0.05,cutoff_valid,cutoff_valid_to_activity,0.2108579738245274,435,2063
protocol,oulab,16,16,base_svm,0.1,activity_conditioned,cutoff_valid,0.27911749615187276,1088,3898
protocol,oulab,16,16,base_svm,0.1,activity_to_cutoff_valid,cutoff_valid,0.9400778210116731,2416,2570
protocol,oulab,16,16,base_svm,0.1,cutoff_valid_to_activity,cutoff_valid,0.2940565792888658,1133,3853
protocol,oulab,16,16,base_svm,0.1,static_full,cutoff_valid,0.11493738819320215,514,4472
evaluation_population,oulab,16,16,base_svm,0.1,activity_conditioned,activity_to_cutoff_valid,0.28010269576379976,1091,3895
evaluation_population,oulab,16,16,base_svm,0.1,cutoff_valid,cutoff_valid_to_activity,0.2940565792888658,1133,3853
protocol,oulab,16,16,base_svm,0.2,activity_conditioned,cutoff_valid,0.35277363352773633,2601,7373
protocol,oulab,16,16,base_svm,0.2,activity_to_cutoff_valid,cutoff_valid,0.9614552605703048,4889,5085
protocol,oulab,16,16,base_svm,0.2,cutoff_valid_to_activity,cutoff_valid,0.35793056501021103,2629,7345
protocol,oulab,16,16,base_svm,0.2,static_full,cutoff_valid,0.13988571428571428,1224,8750
evaluation_population,oulab,16,16,base_svm,0.2,activity_conditioned,activity_to_cutoff_valid,0.35277363352773633,2601,7373
evaluation_population,oulab,16,16,base_svm,0.2,cutoff_valid,cutoff_valid_to_activity,0.35793056501021103,2629,7345
protocol,oulab,16,16,flat_hgb,0.01,activity_conditioned,cutoff_valid,0.09606986899563319,44,458
protocol,oulab,16,16,flat_hgb,0.01,activity_to_cutoff_valid,cutoff_valid,0.14350797266514806,63,439
protocol,oulab,16,16,flat_hgb,0.01,cutoff_valid_to_activity,cutoff_valid,0.1409090909090909,62,440
protocol,oulab,16,16,flat_hgb,0.01,static_full,cutoff_valid,0.07036247334754797,33,469
evaluation_population,oulab,16,16,flat_hgb,0.01,activity_conditioned,activity_to_cutoff_valid,0.28388746803069054,111,391
evaluation_population,oulab,16,16,flat_hgb,0.01,cutoff_valid,cutoff_valid_to_activity,0.1409090909090909,62,440
protocol,oulab,16,16,flat_hgb,0.05,activity_conditioned,cutoff_valid,0.18500948766603414,390,2108
protocol,oulab,16,16,flat_hgb,0.05,activity_to_cutoff_valid,cutoff_valid,0.44226327944572746,766,1732
protocol,oulab,16,16,flat_hgb,0.05,cutoff_valid_to_activity,cutoff_valid,0.22331047992164543,456,2042
protocol,oulab,16,16,flat_hgb,0.05,static_full,cutoff_valid,0.09513371328364752,217,2281
evaluation_population,oulab,16,16,flat_hgb,0.05,activity_conditioned,activity_to_cutoff_valid,0.2876288659793814,558,1940
evaluation_population,oulab,16,16,flat_hgb,0.05,cutoff_valid,cutoff_valid_to_activity,0.22331047992164543,456,2042
protocol,oulab,16,16,flat_hgb,0.1,activity_conditioned,cutoff_valid,0.2732379979570991,1070,3916
protocol,oulab,16,16,flat_hgb,0.1,activity_to_cutoff_valid,cutoff_valid,0.8639252336448598,2311,2675
protocol,oulab,16,16,flat_hgb,0.1,cutoff_valid_to_activity,cutoff_valid,0.3008087659796504,1153,3833
protocol,oulab,16,16,flat_hgb,0.1,static_full,cutoff_valid,0.09654717396085331,439,4547
evaluation_population,oulab,16,16,flat_hgb,0.1,activity_conditioned,activity_to_cutoff_valid,0.28306742151312403,1100,3886
evaluation_population,oulab,16,16,flat_hgb,0.1,cutoff_valid,cutoff_valid_to_activity,0.3008087659796504,1153,3833
protocol,oulab,16,16,flat_hgb,0.2,activity_conditioned,cutoff_valid,0.3330660251269714,2492,7482
protocol,oulab,16,16,flat_hgb,0.2,activity_to_cutoff_valid,cutoff_valid,0.9188149288187765,4776,5198
protocol,oulab,16,16,flat_hgb,0.2,cutoff_valid_to_activity,cutoff_valid,0.3436615923481072,2551,7423
protocol,oulab,16,16,flat_hgb,0.2,static_full,cutoff_valid,0.13405343945423537,1179,8795
evaluation_population,oulab,16,16,flat_hgb,0.2,activity_conditioned,activity_to_cutoff_valid,0.3355650776647027,2506,7468
evaluation_population,oulab,16,16,flat_hgb,0.2,cutoff_valid,cutoff_valid_to_activity,0.3436615923481072,2551,7423
protocol,oulab,16,16,stack_7_full,0.01,activity_conditioned,cutoff_valid,0.15137614678899083,66,436
protocol,oulab,16,16,stack_7_full,0.01,activity_to_cutoff_valid,cutoff_valid,0.4678362573099415,160,342
protocol,oulab,16,16,stack_7_full,0.01,cutoff_valid_to_activity,cutoff_valid,0.24257425742574257,98,404
protocol,oulab,16,16,stack_7_full,0.01,static_full,cutoff_valid,0.018255578093306288,9,493
evaluation_population,oulab,16,16,stack_7_full,0.01,activity_conditioned,activity_to_cutoff_valid,0.1867612293144208,79,423
evaluation_population,oulab,16,16,stack_7_full,0.01,cutoff_valid,cutoff_valid_to_activity,0.24257425742574257,98,404
protocol,oulab,16,16,stack_7_full,0.05,activity_conditioned,cutoff_valid,0.18388625592417063,388,2110
protocol,oulab,16,16,stack_7_full,0.05,activity_to_cutoff_valid,cutoff_valid,0.6316133246244284,967,1531
protocol,oulab,16,16,stack_7_full,0.05,cutoff_valid_to_activity,cutoff_valid,0.22571148184494602,460,2038
protocol,oulab,16,16,stack_7_full,0.05,static_full,cutoff_valid,0.061623459413514665,145,2353
evaluation_population,oulab,16,16,stack_7_full,0.05,activity_conditioned,activity_to_cutoff_valid,0.21203299369238235,437,2061
evaluation_population,oulab,16,16,stack_7_full,0.05,cutoff_valid,cutoff_valid_to_activity,0.22571148184494602,460,2038
protocol,oulab,16,16,stack_7_full,0.1,activity_conditioned,cutoff_valid,0.2311111111111111,936,4050
protocol,oulab,16,16,stack_7_full,0.1,activity_to_cutoff_valid,cutoff_valid,0.7928802588996764,2205,2781
protocol,oulab,16,16,stack_7_full,0.1,cutoff_valid_to_activity,cutoff_valid,0.24743557668251187,989,3997
protocol,oulab,16,16,stack_7_full,0.1,static_full,cutoff_valid,0.09896407317610756,449,4537
evaluation_population,oulab,16,16,stack_7_full,0.1,activity_conditioned,activity_to_cutoff_valid,0.24029850746268658,966,4020
evaluation_population,oulab,16,16,stack_7_full,0.1,cutoff_valid,cutoff_valid_to_activity,0.24743557668251187,989,3997
protocol,oulab,16,16,stack_7_full,0.2,activity_conditioned,cutoff_valid,0.2801950969066872,2183,7791
protocol,oulab,16,16,stack_7_full,0.2,activity_to_cutoff_valid,cutoff_valid,0.9382044306257287,4828,5146
protocol,oulab,16,16,stack_7_full,0.2,cutoff_valid_to_activity,cutoff_valid,0.29063146997929606,2246,7728
protocol,oulab,16,16,stack_7_full,0.2,static_full,cutoff_valid,0.12777023971053822,1130,8844
evaluation_population,oulab,16,16,stack_7_full,0.2,activity_conditioned,activity_to_cutoff_valid,0.28068823831535694,2186,7788
evaluation_population,oulab,16,16,stack_7_full,0.2,cutoff_valid,cutoff_valid_to_activity,0.29063146997929606,2246,7728
protocol,oulab,16,16,temporal_hgb,0.01,activity_conditioned,cutoff_valid,0.1409090909090909,62,440
protocol,oulab,16,16,temporal_hgb,0.01,activity_to_cutoff_valid,cutoff_valid,0.5212121212121212,172,330
protocol,oulab,16,16,temporal_hgb,0.01,cutoff_valid_to_activity,cutoff_valid,0.15402298850574714,67,435
protocol,oulab,16,16,temporal_hgb,0.01,static_full,cutoff_valid,0.03505154639175258,17,485
evaluation_population,oulab,16,16,temporal_hgb,0.01,activity_conditioned,activity_to_cutoff_valid,0.1784037558685446,76,426
evaluation_population,oulab,16,16,temporal_hgb,0.01,cutoff_valid,cutoff_valid_to_activity,0.15402298850574714,67,435
protocol,oulab,16,16,temporal_hgb,0.05,activity_conditioned,cutoff_valid,0.16456876456876457,353,2145
protocol,oulab,16,16,temporal_hgb,0.05,activity_to_cutoff_valid,cutoff_valid,0.4177071509648127,736,1762
protocol,oulab,16,16,temporal_hgb,0.05,cutoff_valid_to_activity,cutoff_valid,0.1810874704491726,383,2115
protocol,oulab,16,16,temporal_hgb,0.05,static_full,cutoff_valid,0.08467216673903603,195,2303
evaluation_population,oulab,16,16,temporal_hgb,0.05,activity_conditioned,activity_to_cutoff_valid,0.22751842751842752,463,2035
evaluation_population,oulab,16,16,temporal_hgb,0.05,cutoff_valid,cutoff_valid_to_activity,0.1810874704491726,383,2115
protocol,oulab,16,16,temporal_hgb,0.1,activity_conditioned,cutoff_valid,0.23814253786938167,959,4027
protocol,oulab,16,16,temporal_hgb,0.1,activity_to_cutoff_valid,cutoff_valid,0.8124318429661941,2235,2751
protocol,oulab,16,16,temporal_hgb,0.1,cutoff_valid_to_activity,cutoff_valid,0.2502507522567703,998,3988
protocol,oulab,16,16,temporal_hgb,0.1,static_full,cutoff_valid,0.09270216962524655,423,4563
evaluation_population,oulab,16,16,temporal_hgb,0.1,activity_conditioned,activity_to_cutoff_valid,0.24432243573745946,979,4007
evaluation_population,oulab,16,16,temporal_hgb,0.1,cutoff_valid,cutoff_valid_to_activity,0.2502507522567703,998,3988
protocol,oulab,16,16,temporal_hgb,0.2,activity_conditioned,cutoff_valid,0.28796487603305787,2230,7744
protocol,oulab,16,16,temporal_hgb,0.2,activity_to_cutoff_valid,cutoff_valid,0.9434918160561184,4842,5132
protocol,oulab,16,16,temporal_hgb,0.2,cutoff_valid_to_activity,cutoff_valid,0.29230370562321845,2256,7718
protocol,oulab,16,16,temporal_hgb,0.2,static_full,cutoff_valid,0.12802533363492422,1132,8842
evaluation_population,oulab,16,16,temporal_hgb,0.2,activity_conditioned,activity_to_cutoff_valid,0.28829759752002065,2232,7742
evaluation_population,oulab,16,16,temporal_hgb,0.2,cutoff_valid,cutoff_valid_to_activity,0.29230370562321845,2256,7718
time,oulab,2,4,base_dffnn,0.01,activity_conditioned,activity_conditioned,0.1419753086419753,69,486
time,oulab,4,6,base_dffnn,0.01,activity_conditioned,activity_conditioned,0.3609022556390977,144,399
time,oulab,6,8,base_dffnn,0.01,activity_conditioned,activity_conditioned,0.4031413612565445,154,382
time,oulab,8,10,base_dffnn,0.01,activity_conditioned,activity_conditioned,0.36528497409326427,141,386
time,oulab,10,12,base_dffnn,0.01,activity_conditioned,activity_conditioned,0.3776595744680851,142,376
time,oulab,12,14,base_dffnn,0.01,activity_conditioned,activity_conditioned,0.39402173913043476,145,368
time,oulab,14,16,base_dffnn,0.01,activity_conditioned,activity_conditioned,0.3386243386243386,128,378
time,oulab,2,4,base_dffnn,0.05,activity_conditioned,activity_conditioned,0.21681997371879105,495,2283
time,oulab,4,6,base_dffnn,0.05,activity_conditioned,activity_conditioned,0.501101321585903,910,1816
time,oulab,6,8,base_dffnn,0.05,activity_conditioned,activity_conditioned,0.5370051635111877,936,1743
time,oulab,8,10,base_dffnn,0.05,activity_conditioned,activity_conditioned,0.5135290731145653,892,1737
time,oulab,10,12,base_dffnn,0.05,activity_conditioned,activity_conditioned,0.604089219330855,975,1614
time,oulab,12,14,base_dffnn,0.05,activity_conditioned,activity_conditioned,0.6156763590391909,974,1582
time,oulab,14,16,base_dffnn,0.05,activity_conditioned,activity_conditioned,0.5581683168316832,902,1616
time,oulab,2,4,base_dffnn,0.1,activity_conditioned,activity_conditioned,0.26818700114025085,1176,4385
time,oulab,4,6,base_dffnn,0.1,activity_conditioned,activity_conditioned,0.5475177304964539,1930,3525
time,oulab,6,8,base_dffnn,0.1,activity_conditioned,activity_conditioned,0.5868405453467694,1980,3374
time,oulab,8,10,base_dffnn,0.1,activity_conditioned,activity_conditioned,0.6177736777367774,2009,3252
time,oulab,10,12,base_dffnn,0.1,activity_conditioned,activity_conditioned,0.7426841574167508,2208,2973
time,oulab,12,14,base_dffnn,0.1,activity_conditioned,activity_conditioned,0.7268424611223799,2150,2958
time,oulab,14,16,base_dffnn,0.1,activity_conditioned,activity_conditioned,0.6635792259345021,2006,3023
time,oulab,2,4,base_dffnn,0.2,activity_conditioned,activity_conditioned,0.3861879830466218,3098,8022
time,oulab,4,6,base_dffnn,0.2,activity_conditioned,activity_conditioned,0.5954086854803334,4072,6839
time,oulab,6,8,base_dffnn,0.2,activity_conditioned,activity_conditioned,0.6007775119617225,4018,6688
time,oulab,8,10,base_dffnn,0.2,activity_conditioned,activity_conditioned,0.6881720430107527,4288,6231
time,oulab,10,12,base_dffnn,0.2,activity_conditioned,activity_conditioned,0.8390417036379769,4728,5635
time,oulab,12,14,base_dffnn,0.2,activity_conditioned,activity_conditioned,0.7978180538448003,4534,5683
time,oulab,14,16,base_dffnn,0.2,activity_conditioned,activity_conditioned,0.7974977658623771,4462,5595
time,oulab,2,4,base_knn,0.01,activity_conditioned,activity_conditioned,0.04519774011299435,24,531
time,oulab,4,6,base_knn,0.01,activity_conditioned,activity_conditioned,0.185589519650655,85,458
time,oulab,6,8,base_knn,0.01,activity_conditioned,activity_conditioned,0.2611764705882353,111,425
time,oulab,8,10,base_knn,0.01,activity_conditioned,activity_conditioned,0.17633928571428573,79,448
time,oulab,10,12,base_knn,0.01,activity_conditioned,activity_conditioned,0.4230769230769231,154,364
time,oulab,12,14,base_knn,0.01,activity_conditioned,activity_conditioned,0.236144578313253,98,415
time,oulab,14,16,base_knn,0.01,activity_conditioned,activity_conditioned,0.33509234828496043,127,379
time,oulab,2,4,base_knn,0.05,activity_conditioned,activity_conditioned,0.11521477318346046,287,2491
time,oulab,4,6,base_knn,0.05,activity_conditioned,activity_conditioned,0.38727735368956745,761,1965
time,oulab,6,8,base_knn,0.05,activity_conditioned,activity_conditioned,0.48092868988391374,870,1809
time,oulab,8,10,base_knn,0.05,activity_conditioned,activity_conditioned,0.3800524934383202,724,1905
time,oulab,10,12,base_knn,0.05,activity_conditioned,activity_conditioned,0.5922509225092251,963,1626
time,oulab,12,14,base_knn,0.05,activity_conditioned,activity_conditioned,0.5044143613890524,857,1699
time,oulab,14,16,base_knn,0.05,activity_conditioned,activity_conditioned,0.47510251903925016,811,1707
time,oulab,2,4,base_knn,0.1,activity_conditioned,activity_conditioned,0.17742959983061612,838,4723
time,oulab,4,6,base_knn,0.1,activity_conditioned,activity_conditioned,0.49411120241029854,1804,3651
time,oulab,6,8,base_knn,0.1,activity_conditioned,activity_conditioned,0.4913649025069638,1764,3590
time,oulab,8,10,base_knn,0.1,activity_conditioned,activity_conditioned,0.4954519613416714,1743,3518
time,oulab,10,12,base_knn,0.1,activity_conditioned,activity_conditioned,0.7048371174728529,2142,3039
time,oulab,12,14,base_knn,0.1,activity_conditioned,activity_conditioned,0.6753033781567727,2059,3049
time,oulab,14,16,base_knn,0.1,activity_conditioned,activity_conditioned,0.633853151397011,1951,3078
time,oulab,2,4,base_knn,0.2,activity_conditioned,activity_conditioned,0.29437783727156325,2529,8591
time,oulab,4,6,base_knn,0.2,activity_conditioned,activity_conditioned,0.5719636939922201,3970,6941
time,oulab,6,8,base_knn,0.2,activity_conditioned,activity_conditioned,0.5316165951359084,3716,6990
time,oulab,8,10,base_knn,0.2,activity_conditioned,activity_conditioned,0.6344002486016159,4083,6436
time,oulab,10,12,base_knn,0.2,activity_conditioned,activity_conditioned,0.8462497773026901,4750,5613
time,oulab,12,14,base_knn,0.2,activity_conditioned,activity_conditioned,0.805442657713377,4558,5659
time,oulab,14,16,base_knn,0.2,activity_conditioned,activity_conditioned,0.7879111111111111,4432,5625
time,oulab,2,4,base_lr_clickstream,0.01,activity_conditioned,activity_conditioned,0.12804878048780488,63,492
time,oulab,4,6,base_lr_clickstream,0.01,activity_conditioned,activity_conditioned,0.42894736842105263,163,380
time,oulab,6,8,base_lr_clickstream,0.01,activity_conditioned,activity_conditioned,0.4217506631299735,159,377
time,oulab,8,10,base_lr_clickstream,0.01,activity_conditioned,activity_conditioned,0.47619047619047616,170,357
time,oulab,10,12,base_lr_clickstream,0.01,activity_conditioned,activity_conditioned,0.7441077441077442,221,297
time,oulab,12,14,base_lr_clickstream,0.01,activity_conditioned,activity_conditioned,0.6655844155844156,205,308
time,oulab,14,16,base_lr_clickstream,0.01,activity_conditioned,activity_conditioned,0.7508650519031141,217,289
time,oulab,2,4,base_lr_clickstream,0.05,activity_conditioned,activity_conditioned,0.20677671589921806,476,2302
time,oulab,4,6,base_lr_clickstream,0.05,activity_conditioned,activity_conditioned,0.5960187353629977,1018,1708
time,oulab,6,8,base_lr_clickstream,0.05,activity_conditioned,activity_conditioned,0.6070785842831433,1012,1667
time,oulab,8,10,base_lr_clickstream,0.05,activity_conditioned,activity_conditioned,0.6874197689345315,1071,1558
time,oulab,10,12,base_lr_clickstream,0.05,activity_conditioned,activity_conditioned,0.8639308855291576,1200,1389
time,oulab,12,14,base_lr_clickstream,0.05,activity_conditioned,activity_conditioned,0.8481561822125814,1173,1383
time,oulab,14,16,base_lr_clickstream,0.05,activity_conditioned,activity_conditioned,0.8735119047619048,1174,1344
time,oulab,2,4,base_lr_clickstream,0.1,activity_conditioned,activity_conditioned,0.28015653775322286,1217,4344
time,oulab,4,6,base_lr_clickstream,0.1,activity_conditioned,activity_conditioned,0.6215814506539834,2091,3364
time,oulab,6,8,base_lr_clickstream,0.1,activity_conditioned,activity_conditioned,0.6617008069522036,2132,3222
time,oulab,8,10,base_lr_clickstream,0.1,activity_conditioned,activity_conditioned,0.7254837651689079,2212,3049
time,oulab,10,12,base_lr_clickstream,0.1,activity_conditioned,activity_conditioned,0.9075846833578792,2465,2716
time,oulab,12,14,base_lr_clickstream,0.1,activity_conditioned,activity_conditioned,0.8800147221199853,2391,2717
time,oulab,14,16,base_lr_clickstream,0.1,activity_conditioned,activity_conditioned,0.9013232514177694,2384,2645
time,oulab,2,4,base_lr_clickstream,0.2,activity_conditioned,activity_conditioned,0.3634134379597842,2964,8156
time,oulab,4,6,base_lr_clickstream,0.2,activity_conditioned,activity_conditioned,0.6926776295376978,4465,6446
time,oulab,6,8,base_lr_clickstream,0.2,activity_conditioned,activity_conditioned,0.7162552100032061,4468,6238
time,oulab,8,10,base_lr_clickstream,0.2,activity_conditioned,activity_conditioned,0.759324301722696,4540,5979
time,oulab,10,12,base_lr_clickstream,0.2,activity_conditioned,activity_conditioned,0.9269245072517664,4985,5378
time,oulab,12,14,base_lr_clickstream,0.2,activity_conditioned,activity_conditioned,0.9008372093023256,4842,5375
time,oulab,14,16,base_lr_clickstream,0.2,activity_conditioned,activity_conditioned,0.9156190476190477,4807,5250
time,oulab,2,4,base_lr_profile,0.01,activity_conditioned,activity_conditioned,0.819672131147541,250,305
time,oulab,4,6,base_lr_profile,0.01,activity_conditioned,activity_conditioned,0.8986013986013986,257,286
time,oulab,6,8,base_lr_profile,0.01,activity_conditioned,activity_conditioned,0.9705882352941176,264,272
time,oulab,8,10,base_lr_profile,0.01,activity_conditioned,activity_conditioned,0.9664179104477612,259,268
time,oulab,10,12,base_lr_profile,0.01,activity_conditioned,activity_conditioned,0.9923076923076923,258,260
time,oulab,12,14,base_lr_profile,0.01,activity_conditioned,activity_conditioned,0.9730769230769231,253,260
time,oulab,14,16,base_lr_profile,0.01,activity_conditioned,activity_conditioned,0.9688715953307393,249,257
time,oulab,2,4,base_lr_profile,0.05,activity_conditioned,activity_conditioned,0.8458471760797343,1273,1505
time,oulab,4,6,base_lr_profile,0.05,activity_conditioned,activity_conditioned,0.949928469241774,1328,1398
time,oulab,6,8,base_lr_profile,0.05,activity_conditioned,activity_conditioned,0.9640762463343109,1315,1364
time,oulab,8,10,base_lr_profile,0.05,activity_conditioned,activity_conditioned,0.9722430607651913,1296,1333
time,oulab,10,12,base_lr_profile,0.05,activity_conditioned,activity_conditioned,0.9793577981651376,1281,1308
time,oulab,12,14,base_lr_profile,0.05,activity_conditioned,activity_conditioned,0.9767981438515081,1263,1293
time,oulab,14,16,base_lr_profile,0.05,activity_conditioned,activity_conditioned,0.9702660406885759,1240,1278
time,oulab,2,4,base_lr_profile,0.1,activity_conditioned,activity_conditioned,0.8475083056478405,2551,3010
time,oulab,4,6,base_lr_profile,0.1,activity_conditioned,activity_conditioned,0.9523979957050823,2661,2794
time,oulab,6,8,base_lr_profile,0.1,activity_conditioned,activity_conditioned,0.9654919236417033,2630,2724
time,oulab,8,10,base_lr_profile,0.1,activity_conditioned,activity_conditioned,0.974108818011257,2596,2665
time,oulab,10,12,base_lr_profile,0.1,activity_conditioned,activity_conditioned,0.9850574712643678,2571,2610
time,oulab,12,14,base_lr_profile,0.1,activity_conditioned,activity_conditioned,0.9783113865220759,2526,2582
time,oulab,14,16,base_lr_profile,0.1,activity_conditioned,activity_conditioned,0.9760314341846759,2484,2545
time,oulab,2,4,base_lr_profile,0.2,activity_conditioned,activity_conditioned,0.8561175095977299,5129,5991
time,oulab,4,6,base_lr_profile,0.2,activity_conditioned,activity_conditioned,0.9536257833482542,5326,5585
time,oulab,6,8,base_lr_profile,0.2,activity_conditioned,activity_conditioned,0.9683765398051112,5267,5439
time,oulab,8,10,base_lr_profile,0.2,activity_conditioned,activity_conditioned,0.9705882352941176,5181,5338
time,oulab,10,12,base_lr_profile,0.2,activity_conditioned,activity_conditioned,0.9856294309254646,5144,5219
time,oulab,12,14,base_lr_profile,0.2,activity_conditioned,activity_conditioned,0.9804225625121148,5058,5159
time,oulab,14,16,base_lr_profile,0.2,activity_conditioned,activity_conditioned,0.9797244094488189,4977,5080
time,oulab,2,4,base_lr_weekly,0.01,activity_conditioned,activity_conditioned,0.12121212121212122,60,495
time,oulab,4,6,base_lr_weekly,0.01,activity_conditioned,activity_conditioned,0.06679764243614932,34,509
time,oulab,6,8,base_lr_weekly,0.01,activity_conditioned,activity_conditioned,0.3234567901234568,131,405
time,oulab,8,10,base_lr_weekly,0.01,activity_conditioned,activity_conditioned,0.5057142857142857,177,350
time,oulab,10,12,base_lr_weekly,0.01,activity_conditioned,activity_conditioned,0.6602564102564102,206,312
time,oulab,12,14,base_lr_weekly,0.01,activity_conditioned,activity_conditioned,0.5545454545454546,183,330
time,oulab,14,16,base_lr_weekly,0.01,activity_conditioned,activity_conditioned,0.5962145110410094,189,317
time,oulab,2,4,base_lr_weekly,0.05,activity_conditioned,activity_conditioned,0.21151330135194069,485,2293
time,oulab,4,6,base_lr_weekly,0.05,activity_conditioned,activity_conditioned,0.20994229915667997,473,2253
time,oulab,6,8,base_lr_weekly,0.05,activity_conditioned,activity_conditioned,0.4055613850996852,773,1906
time,oulab,8,10,base_lr_weekly,0.05,activity_conditioned,activity_conditioned,0.5510324483775811,934,1695
time,oulab,10,12,base_lr_weekly,0.05,activity_conditioned,activity_conditioned,0.7648261758691206,1122,1467
time,oulab,12,14,base_lr_weekly,0.05,activity_conditioned,activity_conditioned,0.5777777777777777,936,1620
time,oulab,14,16,base_lr_weekly,0.05,activity_conditioned,activity_conditioned,0.6797865243495663,1019,1499
time,oulab,2,4,base_lr_weekly,0.1,activity_conditioned,activity_conditioned,0.26099773242630386,1151,4410
time,oulab,4,6,base_lr_weekly,0.1,activity_conditioned,activity_conditioned,0.3859247967479675,1519,3936
time,oulab,6,8,base_lr_weekly,0.1,activity_conditioned,activity_conditioned,0.47533755855607607,1725,3629
time,oulab,8,10,base_lr_weekly,0.1,activity_conditioned,activity_conditioned,0.5884661835748792,1949,3312
time,oulab,10,12,base_lr_weekly,0.1,activity_conditioned,activity_conditioned,0.795840554592721,2296,2885
time,oulab,12,14,base_lr_weekly,0.1,activity_conditioned,activity_conditioned,0.6477419354838709,2008,3100
time,oulab,14,16,base_lr_weekly,0.1,activity_conditioned,activity_conditioned,0.6926960619320094,2058,2971
time,oulab,2,4,base_lr_weekly,0.2,activity_conditioned,activity_conditioned,0.35957941068590293,2941,8179
time,oulab,4,6,base_lr_weekly,0.2,activity_conditioned,activity_conditioned,0.5074606244819011,3673,7238
time,oulab,6,8,base_lr_weekly,0.2,activity_conditioned,activity_conditioned,0.5489004629629629,3794,6912
time,oulab,8,10,base_lr_weekly,0.2,activity_conditioned,activity_conditioned,0.6881720430107527,4288,6231
time,oulab,10,12,base_lr_weekly,0.2,activity_conditioned,activity_conditioned,0.8715911143218349,4826,5537
time,oulab,12,14,base_lr_weekly,0.2,activity_conditioned,activity_conditioned,0.7612480606791933,4416,5801
time,oulab,14,16,base_lr_weekly,0.2,activity_conditioned,activity_conditioned,0.7597550306211723,4342,5715
time,oulab,2,4,base_rf_entropy,0.01,activity_conditioned,activity_conditioned,0.08610567514677103,44,511
time,oulab,4,6,base_rf_entropy,0.01,activity_conditioned,activity_conditioned,0.34739454094292804,140,403
time,oulab,6,8,base_rf_entropy,0.01,activity_conditioned,activity_conditioned,0.37435897435897436,146,390
time,oulab,8,10,base_rf_entropy,0.01,activity_conditioned,activity_conditioned,0.3941798941798942,149,378
time,oulab,10,12,base_rf_entropy,0.01,activity_conditioned,activity_conditioned,0.528023598820059,179,339
time,oulab,12,14,base_rf_entropy,0.01,activity_conditioned,activity_conditioned,0.32216494845360827,125,388
time,oulab,14,16,base_rf_entropy,0.01,activity_conditioned,activity_conditioned,0.35656836461126007,133,373
time,oulab,2,4,base_rf_entropy,0.05,activity_conditioned,activity_conditioned,0.21416083916083917,490,2288
time,oulab,4,6,base_rf_entropy,0.05,activity_conditioned,activity_conditioned,0.5306007860752386,945,1781
time,oulab,6,8,base_rf_entropy,0.05,activity_conditioned,activity_conditioned,0.5777385159010601,981,1698
time,oulab,8,10,base_rf_entropy,0.05,activity_conditioned,activity_conditioned,0.6228395061728395,1009,1620
time,oulab,10,12,base_rf_entropy,0.05,activity_conditioned,activity_conditioned,0.7830578512396694,1137,1452
time,oulab,12,14,base_rf_entropy,0.05,activity_conditioned,activity_conditioned,0.6166982922201139,975,1581
time,oulab,14,16,base_rf_entropy,0.05,activity_conditioned,activity_conditioned,0.627666451195863,971,1547
time,oulab,2,4,base_rf_entropy,0.1,activity_conditioned,activity_conditioned,0.2929551267147175,1260,4301
time,oulab,4,6,base_rf_entropy,0.1,activity_conditioned,activity_conditioned,0.5510378163207279,1938,3517
time,oulab,6,8,base_rf_entropy,0.1,activity_conditioned,activity_conditioned,0.5835551611949128,1973,3381
time,oulab,8,10,base_rf_entropy,0.1,activity_conditioned,activity_conditioned,0.6976444014198129,2162,3099
time,oulab,10,12,base_rf_entropy,0.1,activity_conditioned,activity_conditioned,0.8510182207931404,2382,2799
time,oulab,12,14,base_rf_entropy,0.1,activity_conditioned,activity_conditioned,0.775460549183177,2231,2877
time,oulab,14,16,base_rf_entropy,0.1,activity_conditioned,activity_conditioned,0.7839659453706989,2210,2819
time,oulab,2,4,base_rf_entropy,0.2,activity_conditioned,activity_conditioned,0.37436658015078483,3029,8091
time,oulab,4,6,base_rf_entropy,0.2,activity_conditioned,activity_conditioned,0.5728701167651723,3974,6937
time,oulab,6,8,base_rf_entropy,0.2,activity_conditioned,activity_conditioned,0.5792889806756158,3927,6779
time,oulab,8,10,base_rf_entropy,0.2,activity_conditioned,activity_conditioned,0.7131921824104235,4379,6140
time,oulab,10,12,base_rf_entropy,0.2,activity_conditioned,activity_conditioned,0.8896790663749088,4879,5484
time,oulab,12,14,base_rf_entropy,0.2,activity_conditioned,activity_conditioned,0.818942495994303,4600,5617
time,oulab,14,16,base_rf_entropy,0.2,activity_conditioned,activity_conditioned,0.8389102212470287,4588,5469
time,oulab,2,4,base_rf_gini,0.01,activity_conditioned,activity_conditioned,0.083984375,43,512
time,oulab,4,6,base_rf_gini,0.01,activity_conditioned,activity_conditioned,0.3816793893129771,150,393
time,oulab,6,8,base_rf_gini,0.01,activity_conditioned,activity_conditioned,0.4217506631299735,159,377
time,oulab,8,10,base_rf_gini,0.01,activity_conditioned,activity_conditioned,0.3868421052631579,147,380
time,oulab,10,12,base_rf_gini,0.01,activity_conditioned,activity_conditioned,0.5102040816326531,175,343
time,oulab,12,14,base_rf_gini,0.01,activity_conditioned,activity_conditioned,0.3464566929133858,132,381
time,oulab,14,16,base_rf_gini,0.01,activity_conditioned,activity_conditioned,0.29743589743589743,116,390
time,oulab,2,4,base_rf_gini,0.05,activity_conditioned,activity_conditioned,0.21151330135194069,485,2293
time,oulab,4,6,base_rf_gini,0.05,activity_conditioned,activity_conditioned,0.5444759206798867,961,1765
time,oulab,6,8,base_rf_gini,0.05,activity_conditioned,activity_conditioned,0.5842696629213483,988,1691
time,oulab,8,10,base_rf_gini,0.05,activity_conditioned,activity_conditioned,0.621838371375694,1008,1621
time,oulab,10,12,base_rf_gini,0.05,activity_conditioned,activity_conditioned,0.7660300136425648,1123,1466
time,oulab,12,14,base_rf_gini,0.05,activity_conditioned,activity_conditioned,0.6156763590391909,974,1582
time,oulab,14,16,base_rf_gini,0.05,activity_conditioned,activity_conditioned,0.6151379089159718,959,1559
time,oulab,2,4,base_rf_gini,0.1,activity_conditioned,activity_conditioned,0.28965677179962895,1249,4312
time,oulab,4,6,base_rf_gini,0.1,activity_conditioned,activity_conditioned,0.5608011444921316,1960,3495
time,oulab,6,8,base_rf_gini,0.1,activity_conditioned,activity_conditioned,0.5835551611949128,1973,3381
time,oulab,8,10,base_rf_gini,0.1,activity_conditioned,activity_conditioned,0.6943639291465379,2156,3105
time,oulab,10,12,base_rf_gini,0.1,activity_conditioned,activity_conditioned,0.8523417947801215,2384,2797
time,oulab,12,14,base_rf_gini,0.1,activity_conditioned,activity_conditioned,0.7705372616984402,2223,2885
time,oulab,14,16,base_rf_gini,0.1,activity_conditioned,activity_conditioned,0.7833333333333333,2209,2820
time,oulab,2,4,base_rf_gini,0.2,activity_conditioned,activity_conditioned,0.37385717815665925,3026,8094
time,oulab,4,6,base_rf_gini,0.2,activity_conditioned,activity_conditioned,0.579244463742944,4002,6909
time,oulab,6,8,base_rf_gini,0.2,activity_conditioned,activity_conditioned,0.5778924097273397,3921,6785
time,oulab,8,10,base_rf_gini,0.2,activity_conditioned,activity_conditioned,0.7173877551020408,4394,6125
time,oulab,10,12,base_rf_gini,0.2,activity_conditioned,activity_conditioned,0.8855531295487628,4867,5496
time,oulab,12,14,base_rf_gini,0.2,activity_conditioned,activity_conditioned,0.8231620271234832,4613,5604
time,oulab,14,16,base_rf_gini,0.2,activity_conditioned,activity_conditioned,0.8429540040315191,4600,5457
time,oulab,2,4,base_svm,0.01,activity_conditioned,activity_conditioned,0.11670020120724346,58,497
time,oulab,4,6,base_svm,0.01,activity_conditioned,activity_conditioned,0.5210084033613446,186,357
time,oulab,6,8,base_svm,0.01,activity_conditioned,activity_conditioned,0.45652173913043476,168,368
time,oulab,8,10,base_svm,0.01,activity_conditioned,activity_conditioned,0.5057142857142857,177,350
time,oulab,10,12,base_svm,0.01,activity_conditioned,activity_conditioned,0.7559322033898305,223,295
time,oulab,12,14,base_svm,0.01,activity_conditioned,activity_conditioned,0.6875,209,304
time,oulab,14,16,base_svm,0.01,activity_conditioned,activity_conditioned,0.697986577181208,208,298
time,oulab,2,4,base_svm,0.05,activity_conditioned,activity_conditioned,0.20572916666666666,474,2304
time,oulab,4,6,base_svm,0.05,activity_conditioned,activity_conditioned,0.6158861885002964,1039,1687
time,oulab,6,8,base_svm,0.05,activity_conditioned,activity_conditioned,0.6187311178247734,1024,1655
time,oulab,8,10,base_svm,0.05,activity_conditioned,activity_conditioned,0.7027202072538861,1085,1544
time,oulab,10,12,base_svm,0.05,activity_conditioned,activity_conditioned,0.8842794759825328,1215,1374
time,oulab,12,14,base_svm,0.05,activity_conditioned,activity_conditioned,0.8575581395348837,1180,1376
time,oulab,14,16,base_svm,0.05,activity_conditioned,activity_conditioned,0.8624260355029586,1166,1352
time,oulab,2,4,base_svm,0.1,activity_conditioned,activity_conditioned,0.2705049120402102,1184,4377
time,oulab,4,6,base_svm,0.1,activity_conditioned,activity_conditioned,0.6520290732889158,2153,3302
time,oulab,6,8,base_svm,0.1,activity_conditioned,activity_conditioned,0.6841774142812205,2175,3179
time,oulab,8,10,base_svm,0.1,activity_conditioned,activity_conditioned,0.7513315579227696,2257,3004
time,oulab,10,12,base_svm,0.1,activity_conditioned,activity_conditioned,0.9146341463414634,2475,2706
time,oulab,12,14,base_svm,0.1,activity_conditioned,activity_conditioned,0.9059701492537313,2428,2680
time,oulab,14,16,base_svm,0.1,activity_conditioned,activity_conditioned,0.9034822104466314,2387,2642
time,oulab,2,4,base_svm,0.2,activity_conditioned,activity_conditioned,0.3634134379597842,2964,8156
time,oulab,4,6,base_svm,0.2,activity_conditioned,activity_conditioned,0.6968895800933126,4481,6430
time,oulab,6,8,base_svm,0.2,activity_conditioned,activity_conditioned,0.7165303831970499,4469,6237
time,oulab,8,10,base_svm,0.2,activity_conditioned,activity_conditioned,0.7678991596638656,4569,5950
time,oulab,10,12,base_svm,0.2,activity_conditioned,activity_conditioned,0.932674375233122,5001,5362
time,oulab,12,14,base_svm,0.2,activity_conditioned,activity_conditioned,0.9111485222596334,4871,5346
time,oulab,14,16,base_svm,0.2,activity_conditioned,activity_conditioned,0.9181766164409689,4814,5243
time,oulab,2,4,flat_hgb,0.01,activity_conditioned,activity_conditioned,0.06525911708253358,34,521
time,oulab,4,6,flat_hgb,0.01,activity_conditioned,activity_conditioned,0.18818380743982493,86,457
time,oulab,6,8,flat_hgb,0.01,activity_conditioned,activity_conditioned,0.33665835411471323,135,401
time,oulab,8,10,flat_hgb,0.01,activity_conditioned,activity_conditioned,0.31094527363184077,125,402
time,oulab,10,12,flat_hgb,0.01,activity_conditioned,activity_conditioned,0.4757834757834758,167,351
time,oulab,12,14,flat_hgb,0.01,activity_conditioned,activity_conditioned,0.31876606683804626,124,389
time,oulab,14,16,flat_hgb,0.01,activity_conditioned,activity_conditioned,0.3863013698630137,141,365
time,oulab,2,4,flat_hgb,0.05,activity_conditioned,activity_conditioned,0.15943238731218698,382,2396
time,oulab,4,6,flat_hgb,0.05,activity_conditioned,activity_conditioned,0.3943734015345269,771,1955
time,oulab,6,8,flat_hgb,0.05,activity_conditioned,activity_conditioned,0.5230244457077885,920,1759
time,oulab,8,10,flat_hgb,0.05,activity_conditioned,activity_conditioned,0.5091848450057406,887,1742
time,oulab,10,12,flat_hgb,0.05,activity_conditioned,activity_conditioned,0.6800778715120052,1048,1541
time,oulab,12,14,flat_hgb,0.05,activity_conditioned,activity_conditioned,0.6045197740112994,963,1593
time,oulab,14,16,flat_hgb,0.05,activity_conditioned,activity_conditioned,0.6511475409836066,993,1525
time,oulab,2,4,flat_hgb,0.1,activity_conditioned,activity_conditioned,0.2163167104111986,989,4572
time,oulab,4,6,flat_hgb,0.1,activity_conditioned,activity_conditioned,0.5002750275027503,1819,3636
time,oulab,6,8,flat_hgb,0.1,activity_conditioned,activity_conditioned,0.5577538551061972,1917,3437
time,oulab,8,10,flat_hgb,0.1,activity_conditioned,activity_conditioned,0.5505452402004126,1868,3393
time,oulab,10,12,flat_hgb,0.1,activity_conditioned,activity_conditioned,0.7914937759336099,2289,2892
time,oulab,12,14,flat_hgb,0.1,activity_conditioned,activity_conditioned,0.6720130932896891,2053,3055
time,oulab,14,16,flat_hgb,0.1,activity_conditioned,activity_conditioned,0.7275850223290965,2118,2911
time,oulab,2,4,flat_hgb,0.2,activity_conditioned,activity_conditioned,0.3047049161093512,2597,8523
time,oulab,4,6,flat_hgb,0.2,activity_conditioned,activity_conditioned,0.6017322372284204,4099,6812
time,oulab,6,8,flat_hgb,0.2,activity_conditioned,activity_conditioned,0.591733571216176,3980,6726
time,oulab,8,10,flat_hgb,0.2,activity_conditioned,activity_conditioned,0.64359375,4119,6400
time,oulab,10,12,flat_hgb,0.2,activity_conditioned,activity_conditioned,0.8702400288756542,4822,5541
time,oulab,12,14,flat_hgb,0.2,activity_conditioned,activity_conditioned,0.833632447954056,4645,5572
time,oulab,14,16,flat_hgb,0.2,activity_conditioned,activity_conditioned,0.8189546030023512,4528,5529
time,oulab,2,4,stack_7_full,0.01,activity_conditioned,activity_conditioned,0.15145228215767634,73,482
time,oulab,4,6,stack_7_full,0.01,activity_conditioned,activity_conditioned,0.4441489361702128,167,376
time,oulab,6,8,stack_7_full,0.01,activity_conditioned,activity_conditioned,0.37435897435897436,146,390
time,oulab,8,10,stack_7_full,0.01,activity_conditioned,activity_conditioned,0.3723958333333333,143,384
time,oulab,10,12,stack_7_full,0.01,activity_conditioned,activity_conditioned,0.4114441416893733,151,367
time,oulab,12,14,stack_7_full,0.01,activity_conditioned,activity_conditioned,0.2889447236180904,115,398
time,oulab,14,16,stack_7_full,0.01,activity_conditioned,activity_conditioned,0.3638814016172507,135,371
time,oulab,2,4,stack_7_full,0.05,activity_conditioned,activity_conditioned,0.2052060737527115,473,2305
time,oulab,4,6,stack_7_full,0.05,activity_conditioned,activity_conditioned,0.5019283746556474,911,1815
time,oulab,6,8,stack_7_full,0.05,activity_conditioned,activity_conditioned,0.5731062830299471,976,1703
time,oulab,8,10,stack_7_full,0.05,activity_conditioned,activity_conditioned,0.5875603864734299,973,1656
time,oulab,10,12,stack_7_full,0.05,activity_conditioned,activity_conditioned,0.6500956022944551,1020,1569
time,oulab,12,14,stack_7_full,0.05,activity_conditioned,activity_conditioned,0.5472154963680388,904,1652
time,oulab,14,16,stack_7_full,0.05,activity_conditioned,activity_conditioned,0.5600991325898389,904,1614
time,oulab,2,4,stack_7_full,0.1,activity_conditioned,activity_conditioned,0.2516317803286068,1118,4443
time,oulab,4,6,stack_7_full,0.1,activity_conditioned,activity_conditioned,0.5761340652990465,1994,3461
time,oulab,6,8,stack_7_full,0.1,activity_conditioned,activity_conditioned,0.6298325722983257,2069,3285
time,oulab,8,10,stack_7_full,0.1,activity_conditioned,activity_conditioned,0.6440625,2061,3200
time,oulab,10,12,stack_7_full,0.1,activity_conditioned,activity_conditioned,0.7921134555517122,2290,2891
time,oulab,12,14,stack_7_full,0.1,activity_conditioned,activity_conditioned,0.7535187092344662,2195,2913
time,oulab,14,16,stack_7_full,0.1,activity_conditioned,activity_conditioned,0.7076400679117147,2084,2945
time,oulab,2,4,stack_7_full,0.2,activity_conditioned,activity_conditioned,0.35775335775335776,2930,8190
time,oulab,4,6,stack_7_full,0.2,activity_conditioned,activity_conditioned,0.6003226752713405,4093,6818
time,oulab,6,8,stack_7_full,0.2,activity_conditioned,activity_conditioned,0.5905511811023622,3975,6731
time,oulab,8,10,stack_7_full,0.2,activity_conditioned,activity_conditioned,0.7104065040650407,4369,6150
time,oulab,10,12,stack_7_full,0.2,activity_conditioned,activity_conditioned,0.8675437015678501,4814,5549
time,oulab,12,14,stack_7_full,0.2,activity_conditioned,activity_conditioned,0.821536815831699,4608,5609
time,oulab,14,16,stack_7_full,0.2,activity_conditioned,activity_conditioned,0.8137060414788098,4512,5545
time,oulab,2,4,temporal_hgb,0.01,activity_conditioned,activity_conditioned,0.00909090909090909,5,550
time,oulab,4,6,temporal_hgb,0.01,activity_conditioned,activity_conditioned,0.17787418655097614,82,461
time,oulab,6,8,temporal_hgb,0.01,activity_conditioned,activity_conditioned,0.2523364485981308,108,428
time,oulab,8,10,temporal_hgb,0.01,activity_conditioned,activity_conditioned,0.3941798941798942,149,378
time,oulab,10,12,temporal_hgb,0.01,activity_conditioned,activity_conditioned,0.6037151702786377,195,323
time,oulab,12,14,temporal_hgb,0.01,activity_conditioned,activity_conditioned,0.5222551928783383,176,337
time,oulab,14,16,temporal_hgb,0.01,activity_conditioned,activity_conditioned,0.5862068965517241,187,319
time,oulab,2,4,temporal_hgb,0.05,activity_conditioned,activity_conditioned,0.15269709543568466,368,2410
time,oulab,4,6,temporal_hgb,0.05,activity_conditioned,activity_conditioned,0.3535253227408143,712,2014
time,oulab,6,8,temporal_hgb,0.05,activity_conditioned,activity_conditioned,0.35714285714285715,705,1974
time,oulab,8,10,temporal_hgb,0.05,activity_conditioned,activity_conditioned,0.5374269005847954,919,1710
time,oulab,10,12,temporal_hgb,0.05,activity_conditioned,activity_conditioned,0.7410894418291862,1102,1487
time,oulab,12,14,temporal_hgb,0.05,activity_conditioned,activity_conditioned,0.6156763590391909,974,1582
time,oulab,14,16,temporal_hgb,0.05,activity_conditioned,activity_conditioned,0.6831550802139037,1022,1496
time,oulab,2,4,temporal_hgb,0.1,activity_conditioned,activity_conditioned,0.2224664761486041,1012,4549
time,oulab,4,6,temporal_hgb,0.1,activity_conditioned,activity_conditioned,0.4377965208223511,1661,3794
time,oulab,6,8,temporal_hgb,0.1,activity_conditioned,activity_conditioned,0.4652435686918446,1700,3654
time,oulab,8,10,temporal_hgb,0.1,activity_conditioned,activity_conditioned,0.6123199509653693,1998,3263
time,oulab,10,12,temporal_hgb,0.1,activity_conditioned,activity_conditioned,0.7921134555517122,2290,2891
time,oulab,12,14,temporal_hgb,0.1,activity_conditioned,activity_conditioned,0.6824769433465085,2072,3036
time,oulab,14,16,temporal_hgb,0.1,activity_conditioned,activity_conditioned,0.7437586685159501,2145,2884
time,oulab,2,4,temporal_hgb,0.2,activity_conditioned,activity_conditioned,0.3114754098360656,2641,8479
time,oulab,4,6,temporal_hgb,0.2,activity_conditioned,activity_conditioned,0.49588703043597476,3617,7294
time,oulab,6,8,temporal_hgb,0.2,activity_conditioned,activity_conditioned,0.523118509034002,3677,7029
time,oulab,8,10,temporal_hgb,0.2,activity_conditioned,activity_conditioned,0.6667723023292663,4208,6311
time,oulab,10,12,temporal_hgb,0.2,activity_conditioned,activity_conditioned,0.8790571169537624,4848,5515
time,oulab,12,14,temporal_hgb,0.2,activity_conditioned,activity_conditioned,0.7883773849116051,4504,5713
time,oulab,14,16,temporal_hgb,0.2,activity_conditioned,activity_conditioned,0.8081625314635024,4495,5562
time,oulab,2,4,base_dffnn,0.01,activity_to_cutoff_valid,activity_to_cutoff_valid,0.15625,75,480
time,oulab,4,6,base_dffnn,0.01,activity_to_cutoff_valid,activity_to_cutoff_valid,0.29594272076372313,124,419
time,oulab,6,8,base_dffnn,0.01,activity_to_cutoff_valid,activity_to_cutoff_valid,0.33665835411471323,135,401
time,oulab,8,10,base_dffnn,0.01,activity_to_cutoff_valid,activity_to_cutoff_valid,0.3582474226804124,139,388
time,oulab,10,12,base_dffnn,0.01,activity_to_cutoff_valid,activity_to_cutoff_valid,0.41530054644808745,152,366
time,oulab,12,14,base_dffnn,0.01,activity_to_cutoff_valid,activity_to_cutoff_valid,0.46153846153846156,162,351
time,oulab,14,16,base_dffnn,0.01,activity_to_cutoff_valid,activity_to_cutoff_valid,0.4498567335243553,157,349
time,oulab,2,4,base_dffnn,0.05,activity_to_cutoff_valid,activity_to_cutoff_valid,0.2210989010989011,503,2275
time,oulab,4,6,base_dffnn,0.05,activity_to_cutoff_valid,activity_to_cutoff_valid,0.4703344120819849,872,1854
time,oulab,6,8,base_dffnn,0.05,activity_to_cutoff_valid,activity_to_cutoff_valid,0.5118510158013544,907,1772
time,oulab,8,10,base_dffnn,0.05,activity_to_cutoff_valid,activity_to_cutoff_valid,0.5214120370370371,901,1728
time,oulab,10,12,base_dffnn,0.05,activity_to_cutoff_valid,activity_to_cutoff_valid,0.6606799230275818,1030,1559
time,oulab,12,14,base_dffnn,0.05,activity_to_cutoff_valid,activity_to_cutoff_valid,0.6586632057105776,1015,1541
time,oulab,14,16,base_dffnn,0.05,activity_to_cutoff_valid,activity_to_cutoff_valid,0.6058673469387755,950,1568
time,oulab,2,4,base_dffnn,0.1,activity_to_cutoff_valid,activity_to_cutoff_valid,0.3137254901960784,1328,4233
time,oulab,4,6,base_dffnn,0.1,activity_to_cutoff_valid,activity_to_cutoff_valid,0.5427036199095022,1919,3536
time,oulab,6,8,base_dffnn,0.1,activity_to_cutoff_valid,activity_to_cutoff_valid,0.5327798454050959,1861,3493
time,oulab,8,10,base_dffnn,0.1,activity_to_cutoff_valid,activity_to_cutoff_valid,0.5884661835748792,1949,3312
time,oulab,10,12,base_dffnn,0.1,activity_to_cutoff_valid,activity_to_cutoff_valid,0.7550813008130082,2229,2952
time,oulab,12,14,base_dffnn,0.1,activity_to_cutoff_valid,activity_to_cutoff_valid,0.7535187092344662,2195,2913
time,oulab,14,16,base_dffnn,0.1,activity_to_cutoff_valid,activity_to_cutoff_valid,0.7347361159020351,2130,2899
time,oulab,2,4,base_dffnn,0.2,activity_to_cutoff_valid,activity_to_cutoff_valid,0.4376212023270847,3385,7735
time,oulab,4,6,base_dffnn,0.2,activity_to_cutoff_valid,activity_to_cutoff_valid,0.5824510514865845,4016,6895
time,oulab,6,8,base_dffnn,0.2,activity_to_cutoff_valid,activity_to_cutoff_valid,0.578125,3922,6784
time,oulab,8,10,base_dffnn,0.2,activity_to_cutoff_valid,activity_to_cutoff_valid,0.6313585607940446,4071,6448
time,oulab,10,12,base_dffnn,0.2,activity_to_cutoff_valid,activity_to_cutoff_valid,0.7815024926938284,4546,5817
time,oulab,12,14,base_dffnn,0.2,activity_to_cutoff_valid,activity_to_cutoff_valid,0.711390284757119,4247,5970
time,oulab,14,16,base_dffnn,0.2,activity_to_cutoff_valid,activity_to_cutoff_valid,0.7312790497503874,4248,5809
time,oulab,2,4,base_knn,0.01,activity_to_cutoff_valid,activity_to_cutoff_valid,0.04716981132075472,25,530
time,oulab,4,6,base_knn,0.01,activity_to_cutoff_valid,activity_to_cutoff_valid,0.1504237288135593,71,472
time,oulab,6,8,base_knn,0.01,activity_to_cutoff_valid,activity_to_cutoff_valid,0.2946859903381642,122,414
time,oulab,8,10,base_knn,0.01,activity_to_cutoff_valid,activity_to_cutoff_valid,0.18961625282167044,84,443
time,oulab,10,12,base_knn,0.01,activity_to_cutoff_valid,activity_to_cutoff_valid,0.4550561797752809,162,356
time,oulab,12,14,base_knn,0.01,activity_to_cutoff_valid,activity_to_cutoff_valid,0.32216494845360827,125,388
time,oulab,14,16,base_knn,0.01,activity_to_cutoff_valid,activity_to_cutoff_valid,0.3638814016172507,135,371
time,oulab,2,4,base_knn,0.05,activity_to_cutoff_valid,activity_to_cutoff_valid,0.06396016851780927,167,2611
time,oulab,4,6,base_knn,0.05,activity_to_cutoff_valid,activity_to_cutoff_valid,0.37885685381891754,749,1977
time,oulab,6,8,base_knn,0.05,activity_to_cutoff_valid,activity_to_cutoff_valid,0.5611888111888111,963,1716
time,oulab,8,10,base_knn,0.05,activity_to_cutoff_valid,activity_to_cutoff_valid,0.44054794520547946,804,1825
time,oulab,10,12,base_knn,0.05,activity_to_cutoff_valid,activity_to_cutoff_valid,0.570995145631068,941,1648
time,oulab,12,14,base_knn,0.05,activity_to_cutoff_valid,activity_to_cutoff_valid,0.5406871609403255,897,1659
time,oulab,14,16,base_knn,0.05,activity_to_cutoff_valid,activity_to_cutoff_valid,0.5856423173803527,930,1588
time,oulab,2,4,base_knn,0.1,activity_to_cutoff_valid,activity_to_cutoff_valid,0.1148757016840417,573,4988
time,oulab,4,6,base_knn,0.1,activity_to_cutoff_valid,activity_to_cutoff_valid,0.5144364242087729,1853,3602
time,oulab,6,8,base_knn,0.1,activity_to_cutoff_valid,activity_to_cutoff_valid,0.5102961918194641,1809,3545
time,oulab,8,10,base_knn,0.1,activity_to_cutoff_valid,activity_to_cutoff_valid,0.5803544607990387,1932,3329
time,oulab,10,12,base_knn,0.1,activity_to_cutoff_valid,activity_to_cutoff_valid,0.7743150684931507,2261,2920
time,oulab,12,14,base_knn,0.1,activity_to_cutoff_valid,activity_to_cutoff_valid,0.74871619308456,2187,2921
time,oulab,14,16,base_knn,0.1,activity_to_cutoff_valid,activity_to_cutoff_valid,0.7577770010485844,2168,2861
time,oulab,2,4,base_knn,0.2,activity_to_cutoff_valid,activity_to_cutoff_valid,0.25806086661387034,2281,8839
time,oulab,4,6,base_knn,0.2,activity_to_cutoff_valid,activity_to_cutoff_valid,0.5651986802467365,3940,6971
time,oulab,6,8,base_knn,0.2,activity_to_cutoff_valid,activity_to_cutoff_valid,0.5399884925201381,3754,6952
time,oulab,8,10,base_knn,0.2,activity_to_cutoff_valid,activity_to_cutoff_valid,0.6111196201562261,3990,6529
time,oulab,10,12,base_knn,0.2,activity_to_cutoff_valid,activity_to_cutoff_valid,0.807605093319379,4630,5733
time,oulab,12,14,base_knn,0.2,activity_to_cutoff_valid,activity_to_cutoff_valid,0.760944501895898,4415,5802
time,oulab,14,16,base_knn,0.2,activity_to_cutoff_valid,activity_to_cutoff_valid,0.7551483420593368,4327,5730
time,oulab,2,4,base_lr_clickstream,0.01,activity_to_cutoff_valid,activity_to_cutoff_valid,0.20652173913043478,95,460
time,oulab,4,6,base_lr_clickstream,0.01,activity_to_cutoff_valid,activity_to_cutoff_valid,0.45187165775401067,169,374
time,oulab,6,8,base_lr_clickstream,0.01,activity_to_cutoff_valid,activity_to_cutoff_valid,0.4684931506849315,171,365
time,oulab,8,10,base_lr_clickstream,0.01,activity_to_cutoff_valid,activity_to_cutoff_valid,0.55,187,340
time,oulab,10,12,base_lr_clickstream,0.01,activity_to_cutoff_valid,activity_to_cutoff_valid,0.773972602739726,226,292
time,oulab,12,14,base_lr_clickstream,0.01,activity_to_cutoff_valid,activity_to_cutoff_valid,0.7389830508474576,218,295
time,oulab,14,16,base_lr_clickstream,0.01,activity_to_cutoff_valid,activity_to_cutoff_valid,0.7508650519031141,217,289
time,oulab,2,4,base_lr_clickstream,0.05,activity_to_cutoff_valid,activity_to_cutoff_valid,0.2861111111111111,618,2160
time,oulab,4,6,base_lr_clickstream,0.05,activity_to_cutoff_valid,activity_to_cutoff_valid,0.6063641720683559,1029,1697
time,oulab,6,8,base_lr_clickstream,0.05,activity_to_cutoff_valid,activity_to_cutoff_valid,0.6022727272727273,1007,1672
time,oulab,8,10,base_lr_clickstream,0.05,activity_to_cutoff_valid,activity_to_cutoff_valid,0.7038237200259235,1086,1543
time,oulab,10,12,base_lr_clickstream,0.05,activity_to_cutoff_valid,activity_to_cutoff_valid,0.888402625820569,1218,1371
time,oulab,12,14,base_lr_clickstream,0.05,activity_to_cutoff_valid,activity_to_cutoff_valid,0.8629737609329446,1184,1372
time,oulab,14,16,base_lr_clickstream,0.05,activity_to_cutoff_valid,activity_to_cutoff_valid,0.861049519586105,1165,1353
time,oulab,2,4,base_lr_clickstream,0.1,activity_to_cutoff_valid,activity_to_cutoff_valid,0.3583292623351246,1467,4094
time,oulab,4,6,base_lr_clickstream,0.1,activity_to_cutoff_valid,activity_to_cutoff_valid,0.6351918465227818,2119,3336
time,oulab,6,8,base_lr_clickstream,0.1,activity_to_cutoff_valid,activity_to_cutoff_valid,0.6720799500312304,2152,3202
time,oulab,8,10,base_lr_clickstream,0.1,activity_to_cutoff_valid,activity_to_cutoff_valid,0.7328722002635046,2225,3036
time,oulab,10,12,base_lr_clickstream,0.1,activity_to_cutoff_valid,activity_to_cutoff_valid,0.8894967177242888,2439,2742
time,oulab,12,14,base_lr_clickstream,0.1,activity_to_cutoff_valid,activity_to_cutoff_valid,0.8731206453978732,2381,2727
time,oulab,14,16,base_lr_clickstream,0.1,activity_to_cutoff_valid,activity_to_cutoff_valid,0.8723008190618019,2343,2686
time,oulab,2,4,base_lr_clickstream,0.2,activity_to_cutoff_valid,activity_to_cutoff_valid,0.43409852979107555,3366,7754
time,oulab,4,6,base_lr_clickstream,0.2,activity_to_cutoff_valid,activity_to_cutoff_valid,0.6783571758191047,4410,6501
time,oulab,6,8,base_lr_clickstream,0.2,activity_to_cutoff_valid,activity_to_cutoff_valid,0.6801632140615191,4334,6372
time,oulab,8,10,base_lr_clickstream,0.2,activity_to_cutoff_valid,activity_to_cutoff_valid,0.696339300112885,4318,6201
time,oulab,10,12,base_lr_clickstream,0.2,activity_to_cutoff_valid,activity_to_cutoff_valid,0.8621743036837376,4798,5565
time,oulab,12,14,base_lr_clickstream,0.2,activity_to_cutoff_valid,activity_to_cutoff_valid,0.84722473332128,4686,5531
time,oulab,14,16,base_lr_clickstream,0.2,activity_to_cutoff_valid,activity_to_cutoff_valid,0.8558774681675586,4638,5419
time,oulab,2,4,base_lr_profile,0.01,activity_to_cutoff_valid,activity_to_cutoff_valid,0.89419795221843,262,293
time,oulab,4,6,base_lr_profile,0.01,activity_to_cutoff_valid,activity_to_cutoff_valid,0.9187279151943463,260,283
time,oulab,6,8,base_lr_profile,0.01,activity_to_cutoff_valid,activity_to_cutoff_valid,0.9074733096085409,255,281
time,oulab,8,10,base_lr_profile,0.01,activity_to_cutoff_valid,activity_to_cutoff_valid,0.9025270758122743,250,277
time,oulab,10,12,base_lr_profile,0.01,activity_to_cutoff_valid,activity_to_cutoff_valid,0.9400749063670412,251,267
time,oulab,12,14,base_lr_profile,0.01,activity_to_cutoff_valid,activity_to_cutoff_valid,0.9431818181818182,249,264
time,oulab,14,16,base_lr_profile,0.01,activity_to_cutoff_valid,activity_to_cutoff_valid,0.909433962264151,241,265
time,oulab,2,4,base_lr_profile,0.05,activity_to_cutoff_valid,activity_to_cutoff_valid,0.9145416953824949,1327,1451
time,oulab,4,6,base_lr_profile,0.05,activity_to_cutoff_valid,activity_to_cutoff_valid,0.9471428571428572,1326,1400
time,oulab,6,8,base_lr_profile,0.05,activity_to_cutoff_valid,activity_to_cutoff_valid,0.9384949348769899,1297,1382
time,oulab,8,10,base_lr_profile,0.05,activity_to_cutoff_valid,activity_to_cutoff_valid,0.9387905604719764,1273,1356
time,oulab,10,12,base_lr_profile,0.05,activity_to_cutoff_valid,activity_to_cutoff_valid,0.9673252279635258,1273,1316
time,oulab,12,14,base_lr_profile,0.05,activity_to_cutoff_valid,activity_to_cutoff_valid,0.9631336405529954,1254,1302
time,oulab,14,16,base_lr_profile,0.05,activity_to_cutoff_valid,activity_to_cutoff_valid,0.9595330739299611,1233,1285
time,oulab,2,4,base_lr_profile,0.1,activity_to_cutoff_valid,activity_to_cutoff_valid,0.9242214532871972,2671,2890
time,oulab,4,6,base_lr_profile,0.1,activity_to_cutoff_valid,activity_to_cutoff_valid,0.9454350927246791,2651,2804
time,oulab,6,8,base_lr_profile,0.1,activity_to_cutoff_valid,activity_to_cutoff_valid,0.9497450837581938,2608,2746
time,oulab,8,10,base_lr_profile,0.1,activity_to_cutoff_valid,activity_to_cutoff_valid,0.9477971121806739,2560,2701
time,oulab,10,12,base_lr_profile,0.1,activity_to_cutoff_valid,activity_to_cutoff_valid,0.9722116482679863,2554,2627
time,oulab,12,14,base_lr_profile,0.1,activity_to_cutoff_valid,activity_to_cutoff_valid,0.9668848671544089,2511,2597
time,oulab,14,16,base_lr_profile,0.1,activity_to_cutoff_valid,activity_to_cutoff_valid,0.9667579194368401,2472,2557
time,oulab,2,4,base_lr_profile,0.2,activity_to_cutoff_valid,activity_to_cutoff_valid,0.9342494346842929,5371,5749
time,oulab,4,6,base_lr_profile,0.2,activity_to_cutoff_valid,activity_to_cutoff_valid,0.9539756446991404,5327,5584
time,oulab,6,8,base_lr_profile,0.2,activity_to_cutoff_valid,activity_to_cutoff_valid,0.96188381894814,5249,5457
time,oulab,8,10,base_lr_profile,0.2,activity_to_cutoff_valid,activity_to_cutoff_valid,0.9603056280283265,5153,5366
time,oulab,10,12,base_lr_profile,0.2,activity_to_cutoff_valid,activity_to_cutoff_valid,0.9754098360655737,5117,5246
time,oulab,12,14,base_lr_profile,0.2,activity_to_cutoff_valid,activity_to_cutoff_valid,0.9708719135802469,5033,5184
time,oulab,14,16,base_lr_profile,0.2,activity_to_cutoff_valid,activity_to_cutoff_valid,0.971187769502156,4955,5102
time,oulab,2,4,base_lr_weekly,0.01,activity_to_cutoff_valid,activity_to_cutoff_valid,0.1858974358974359,87,468
time,oulab,4,6,base_lr_weekly,0.01,activity_to_cutoff_valid,activity_to_cutoff_valid,0.04826254826254826,25,518
time,oulab,6,8,base_lr_weekly,0.01,activity_to_cutoff_valid,activity_to_cutoff_valid,0.3073170731707317,126,410
time,oulab,8,10,base_lr_weekly,0.01,activity_to_cutoff_valid,activity_to_cutoff_valid,0.4128686327077748,154,373
time,oulab,10,12,base_lr_weekly,0.01,activity_to_cutoff_valid,activity_to_cutoff_valid,0.6289308176100629,200,318
time,oulab,12,14,base_lr_weekly,0.01,activity_to_cutoff_valid,activity_to_cutoff_valid,0.4956268221574344,170,343
time,oulab,14,16,base_lr_weekly,0.01,activity_to_cutoff_valid,activity_to_cutoff_valid,0.5521472392638037,180,326
time,oulab,2,4,base_lr_weekly,0.05,activity_to_cutoff_valid,activity_to_cutoff_valid,0.29209302325581393,628,2150
time,oulab,4,6,base_lr_weekly,0.05,activity_to_cutoff_valid,activity_to_cutoff_valid,0.1977152899824253,450,2276
time,oulab,6,8,base_lr_weekly,0.05,activity_to_cutoff_valid,activity_to_cutoff_valid,0.38092783505154637,739,1940
time,oulab,8,10,base_lr_weekly,0.05,activity_to_cutoff_valid,activity_to_cutoff_valid,0.5005707762557078,877,1752
time,oulab,10,12,base_lr_weekly,0.05,activity_to_cutoff_valid,activity_to_cutoff_valid,0.7271514342895263,1090,1499
time,oulab,12,14,base_lr_weekly,0.05,activity_to_cutoff_valid,activity_to_cutoff_valid,0.6035131744040151,962,1594
time,oulab,14,16,base_lr_weekly,0.05,activity_to_cutoff_valid,activity_to_cutoff_valid,0.6182519280205655,962,1556
time,oulab,2,4,base_lr_weekly,0.1,activity_to_cutoff_valid,activity_to_cutoff_valid,0.3510689990281827,1445,4116
time,oulab,4,6,base_lr_weekly,0.1,activity_to_cutoff_valid,activity_to_cutoff_valid,0.39943560800410466,1557,3898
time,oulab,6,8,base_lr_weekly,0.1,activity_to_cutoff_valid,activity_to_cutoff_valid,0.48763545429285915,1755,3599
time,oulab,8,10,base_lr_weekly,0.1,activity_to_cutoff_valid,activity_to_cutoff_valid,0.5727952167414051,1916,3345
time,oulab,10,12,base_lr_weekly,0.1,activity_to_cutoff_valid,activity_to_cutoff_valid,0.7902557014512785,2287,2894
time,oulab,12,14,base_lr_weekly,0.1,activity_to_cutoff_valid,activity_to_cutoff_valid,0.6589801883728483,2029,3079
time,oulab,14,16,base_lr_weekly,0.1,activity_to_cutoff_valid,activity_to_cutoff_valid,0.6724309943465248,2022,3007
time,oulab,2,4,base_lr_weekly,0.2,activity_to_cutoff_valid,activity_to_cutoff_valid,0.4452820379516506,3426,7694
time,oulab,4,6,base_lr_weekly,0.2,activity_to_cutoff_valid,activity_to_cutoff_valid,0.4909811423886308,3593,7318
time,oulab,6,8,base_lr_weekly,0.2,activity_to_cutoff_valid,activity_to_cutoff_valid,0.5322742235580363,3719,6987
time,oulab,8,10,base_lr_weekly,0.2,activity_to_cutoff_valid,activity_to_cutoff_valid,0.6223010487353485,4035,6484
time,oulab,10,12,base_lr_weekly,0.2,activity_to_cutoff_valid,activity_to_cutoff_valid,0.8257575757575758,4687,5676
time,oulab,12,14,base_lr_weekly,0.2,activity_to_cutoff_valid,activity_to_cutoff_valid,0.7142617449664429,4257,5960
time,oulab,14,16,base_lr_weekly,0.2,activity_to_cutoff_valid,activity_to_cutoff_valid,0.7478275981925617,4303,5754
time,oulab,2,4,base_rf_entropy,0.01,activity_to_cutoff_valid,activity_to_cutoff_valid,0.09467455621301775,48,507
time,oulab,4,6,base_rf_entropy,0.01,activity_to_cutoff_valid,activity_to_cutoff_valid,0.3923076923076923,153,390
time,oulab,6,8,base_rf_entropy,0.01,activity_to_cutoff_valid,activity_to_cutoff_valid,0.4486486486486487,166,370
time,oulab,8,10,base_rf_entropy,0.01,activity_to_cutoff_valid,activity_to_cutoff_valid,0.4438356164383562,162,365
time,oulab,10,12,base_rf_entropy,0.01,activity_to_cutoff_valid,activity_to_cutoff_valid,0.5938461538461538,193,325
time,oulab,12,14,base_rf_entropy,0.01,activity_to_cutoff_valid,activity_to_cutoff_valid,0.49127906976744184,169,344
time,oulab,14,16,base_rf_entropy,0.01,activity_to_cutoff_valid,activity_to_cutoff_valid,0.47093023255813954,162,344
time,oulab,2,4,base_rf_entropy,0.05,activity_to_cutoff_valid,activity_to_cutoff_valid,0.2297476759628154,519,2259
time,oulab,4,6,base_rf_entropy,0.05,activity_to_cutoff_valid,activity_to_cutoff_valid,0.47670639219934996,880,1846
time,oulab,6,8,base_rf_entropy,0.05,activity_to_cutoff_valid,activity_to_cutoff_valid,0.51270468661773,908,1771
time,oulab,8,10,base_rf_entropy,0.05,activity_to_cutoff_valid,activity_to_cutoff_valid,0.6001217285453438,986,1643
time,oulab,10,12,base_rf_entropy,0.05,activity_to_cutoff_valid,activity_to_cutoff_valid,0.7793814432989691,1134,1455
time,oulab,12,14,base_rf_entropy,0.05,activity_to_cutoff_valid,activity_to_cutoff_valid,0.7212121212121212,1071,1485
time,oulab,14,16,base_rf_entropy,0.05,activity_to_cutoff_valid,activity_to_cutoff_valid,0.7559274755927475,1084,1434
time,oulab,2,4,base_rf_entropy,0.1,activity_to_cutoff_valid,activity_to_cutoff_valid,0.32879330943847074,1376,4185
time,oulab,4,6,base_rf_entropy,0.1,activity_to_cutoff_valid,activity_to_cutoff_valid,0.5335957267360135,1898,3557
time,oulab,6,8,base_rf_entropy,0.1,activity_to_cutoff_valid,activity_to_cutoff_valid,0.5175736961451247,1826,3528
time,oulab,8,10,base_rf_entropy,0.1,activity_to_cutoff_valid,activity_to_cutoff_valid,0.5879867189858135,1948,3313
time,oulab,10,12,base_rf_entropy,0.1,activity_to_cutoff_valid,activity_to_cutoff_valid,0.8039693593314763,2309,2872
time,oulab,12,14,base_rf_entropy,0.1,activity_to_cutoff_valid,activity_to_cutoff_valid,0.7736111111111111,2228,2880
time,oulab,14,16,base_rf_entropy,0.1,activity_to_cutoff_valid,activity_to_cutoff_valid,0.793509272467903,2225,2804
time,oulab,2,4,base_rf_entropy,0.2,activity_to_cutoff_valid,activity_to_cutoff_valid,0.43169821037723705,3353,7767
time,oulab,4,6,base_rf_entropy,0.2,activity_to_cutoff_valid,activity_to_cutoff_valid,0.5672220626256823,3949,6962
time,oulab,6,8,base_rf_entropy,0.2,activity_to_cutoff_valid,activity_to_cutoff_valid,0.5482284887924801,3791,6915
time,oulab,8,10,base_rf_entropy,0.2,activity_to_cutoff_valid,activity_to_cutoff_valid,0.6359253499222395,4089,6430
time,oulab,10,12,base_rf_entropy,0.2,activity_to_cutoff_valid,activity_to_cutoff_valid,0.8057152814079108,4624,5739
time,oulab,12,14,base_rf_entropy,0.2,activity_to_cutoff_valid,activity_to_cutoff_valid,0.6882022471910112,4165,6052
time,oulab,14,16,base_rf_entropy,0.2,activity_to_cutoff_valid,activity_to_cutoff_valid,0.7039986445272789,4155,5902
time,oulab,2,4,base_rf_gini,0.01,activity_to_cutoff_valid,activity_to_cutoff_valid,0.09900990099009901,50,505
time,oulab,4,6,base_rf_gini,0.01,activity_to_cutoff_valid,activity_to_cutoff_valid,0.3923076923076923,153,390
time,oulab,6,8,base_rf_gini,0.01,activity_to_cutoff_valid,activity_to_cutoff_valid,0.4684931506849315,171,365
time,oulab,8,10,base_rf_gini,0.01,activity_to_cutoff_valid,activity_to_cutoff_valid,0.4015957446808511,151,376
time,oulab,10,12,base_rf_gini,0.01,activity_to_cutoff_valid,activity_to_cutoff_valid,0.574468085106383,189,329
time,oulab,12,14,base_rf_gini,0.01,activity_to_cutoff_valid,activity_to_cutoff_valid,0.4657142857142857,163,350
time,oulab,14,16,base_rf_gini,0.01,activity_to_cutoff_valid,activity_to_cutoff_valid,0.47093023255813954,162,344
time,oulab,2,4,base_rf_gini,0.05,activity_to_cutoff_valid,activity_to_cutoff_valid,0.22594880847308033,512,2266
time,oulab,4,6,base_rf_gini,0.05,activity_to_cutoff_valid,activity_to_cutoff_valid,0.5069098949695965,917,1809
time,oulab,6,8,base_rf_gini,0.05,activity_to_cutoff_valid,activity_to_cutoff_valid,0.522159090909091,919,1760
time,oulab,8,10,base_rf_gini,0.05,activity_to_cutoff_valid,activity_to_cutoff_valid,0.6010962241169305,987,1642
time,oulab,10,12,base_rf_gini,0.05,activity_to_cutoff_valid,activity_to_cutoff_valid,0.7781593406593407,1133,1456
time,oulab,12,14,base_rf_gini,0.05,activity_to_cutoff_valid,activity_to_cutoff_valid,0.7258609047940581,1075,1481
time,oulab,14,16,base_rf_gini,0.05,activity_to_cutoff_valid,activity_to_cutoff_valid,0.7571528262386602,1085,1433
time,oulab,2,4,base_rf_gini,0.1,activity_to_cutoff_valid,activity_to_cutoff_valid,0.33389301990885106,1392,4169
time,oulab,4,6,base_rf_gini,0.1,activity_to_cutoff_valid,activity_to_cutoff_valid,0.5392212189616253,1911,3544
time,oulab,6,8,base_rf_gini,0.1,activity_to_cutoff_valid,activity_to_cutoff_valid,0.5227531285551763,1838,3516
time,oulab,8,10,base_rf_gini,0.1,activity_to_cutoff_valid,activity_to_cutoff_valid,0.5937594668282339,1960,3301
time,oulab,10,12,base_rf_gini,0.1,activity_to_cutoff_valid,activity_to_cutoff_valid,0.8014603616133519,2305,2876
time,oulab,12,14,base_rf_gini,0.1,activity_to_cutoff_valid,activity_to_cutoff_valid,0.7711511789181692,2224,2884
time,oulab,14,16,base_rf_gini,0.1,activity_to_cutoff_valid,activity_to_cutoff_valid,0.790954415954416,2221,2808
time,oulab,2,4,base_rf_gini,0.2,activity_to_cutoff_valid,activity_to_cutoff_valid,0.4337287261474987,3364,7756
time,oulab,4,6,base_rf_gini,0.2,activity_to_cutoff_valid,activity_to_cutoff_valid,0.572643413087345,3973,6938
time,oulab,6,8,base_rf_gini,0.2,activity_to_cutoff_valid,activity_to_cutoff_valid,0.547557097427002,3788,6918
time,oulab,8,10,base_rf_gini,0.2,activity_to_cutoff_valid,activity_to_cutoff_valid,0.6349082996580665,4085,6434
time,oulab,10,12,base_rf_gini,0.2,activity_to_cutoff_valid,activity_to_cutoff_valid,0.8032016704367496,4616,5747
time,oulab,12,14,base_rf_gini,0.2,activity_to_cutoff_valid,activity_to_cutoff_valid,0.6935189789491132,4184,6033
time,oulab,14,16,base_rf_gini,0.2,activity_to_cutoff_valid,activity_to_cutoff_valid,0.7057327001356852,4161,5896
time,oulab,2,4,base_svm,0.01,activity_to_cutoff_valid,activity_to_cutoff_valid,0.22246696035242292,101,454
time,oulab,4,6,base_svm,0.01,activity_to_cutoff_valid,activity_to_cutoff_valid,0.49586776859504134,180,363
time,oulab,6,8,base_svm,0.01,activity_to_cutoff_valid,activity_to_cutoff_valid,0.4765840220385675,173,363
time,oulab,8,10,base_svm,0.01,activity_to_cutoff_valid,activity_to_cutoff_valid,0.5684523809523809,191,336
time,oulab,10,12,base_svm,0.01,activity_to_cutoff_valid,activity_to_cutoff_valid,0.7862068965517242,228,290
time,oulab,12,14,base_svm,0.01,activity_to_cutoff_valid,activity_to_cutoff_valid,0.7568493150684932,221,292
time,oulab,14,16,base_svm,0.01,activity_to_cutoff_valid,activity_to_cutoff_valid,0.7328767123287672,214,292
time,oulab,2,4,base_svm,0.05,activity_to_cutoff_valid,activity_to_cutoff_valid,0.28909512761020884,623,2155
time,oulab,4,6,base_svm,0.05,activity_to_cutoff_valid,activity_to_cutoff_valid,0.6120638675340035,1035,1691
time,oulab,6,8,base_svm,0.05,activity_to_cutoff_valid,activity_to_cutoff_valid,0.6295620437956204,1035,1644
time,oulab,8,10,base_svm,0.05,activity_to_cutoff_valid,activity_to_cutoff_valid,0.7353135313531353,1114,1515
time,oulab,10,12,base_svm,0.05,activity_to_cutoff_valid,activity_to_cutoff_valid,0.8774474256707759,1210,1379
time,oulab,12,14,base_svm,0.05,activity_to_cutoff_valid,activity_to_cutoff_valid,0.8548621190130624,1178,1378
time,oulab,14,16,base_svm,0.05,activity_to_cutoff_valid,activity_to_cutoff_valid,0.8749069247952346,1175,1343
time,oulab,2,4,base_svm,0.1,activity_to_cutoff_valid,activity_to_cutoff_valid,0.36198873377418567,1478,4083
time,oulab,4,6,base_svm,0.1,activity_to_cutoff_valid,activity_to_cutoff_valid,0.6470410628019324,2143,3312
time,oulab,6,8,base_svm,0.1,activity_to_cutoff_valid,activity_to_cutoff_valid,0.6773182957393483,2162,3192
time,oulab,8,10,base_svm,0.1,activity_to_cutoff_valid,activity_to_cutoff_valid,0.7513315579227696,2257,3004
time,oulab,10,12,base_svm,0.1,activity_to_cutoff_valid,activity_to_cutoff_valid,0.8984976181751557,2452,2729
time,oulab,12,14,base_svm,0.1,activity_to_cutoff_valid,activity_to_cutoff_valid,0.884175580966433,2397,2711
time,oulab,14,16,base_svm,0.1,activity_to_cutoff_valid,activity_to_cutoff_valid,0.8695167286245353,2339,2690
time,oulab,2,4,base_svm,0.2,activity_to_cutoff_valid,activity_to_cutoff_valid,0.4368781496317354,3381,7739
time,oulab,4,6,base_svm,0.2,activity_to_cutoff_valid,activity_to_cutoff_valid,0.6812018489984591,4421,6490
time,oulab,6,8,base_svm,0.2,activity_to_cutoff_valid,activity_to_cutoff_valid,0.6809546239598053,4337,6369
time,oulab,8,10,base_svm,0.2,activity_to_cutoff_valid,activity_to_cutoff_valid,0.7056915842386898,4352,6167
time,oulab,10,12,base_svm,0.2,activity_to_cutoff_valid,activity_to_cutoff_valid,0.859167563688554,4789,5574
time,oulab,12,14,base_svm,0.2,activity_to_cutoff_valid,activity_to_cutoff_valid,0.8399063569241851,4664,5553
time,oulab,14,16,base_svm,0.2,activity_to_cutoff_valid,activity_to_cutoff_valid,0.8603403625601184,4651,5406
time,oulab,2,4,flat_hgb,0.01,activity_to_cutoff_valid,activity_to_cutoff_valid,0.06118546845124283,32,523
time,oulab,4,6,flat_hgb,0.01,activity_to_cutoff_valid,activity_to_cutoff_valid,0.2013274336283186,91,452
time,oulab,6,8,flat_hgb,0.01,activity_to_cutoff_valid,activity_to_cutoff_valid,0.3569620253164557,141,395
time,oulab,8,10,flat_hgb,0.01,activity_to_cutoff_valid,activity_to_cutoff_valid,0.35475578406169667,138,389
time,oulab,10,12,flat_hgb,0.01,activity_to_cutoff_valid,activity_to_cutoff_valid,0.5190615835777126,177,341
time,oulab,12,14,flat_hgb,0.01,activity_to_cutoff_valid,activity_to_cutoff_valid,0.3902439024390244,144,369
time,oulab,14,16,flat_hgb,0.01,activity_to_cutoff_valid,activity_to_cutoff_valid,0.44571428571428573,156,350
time,oulab,2,4,flat_hgb,0.05,activity_to_cutoff_valid,activity_to_cutoff_valid,0.1408624229979466,343,2435
time,oulab,4,6,flat_hgb,0.05,activity_to_cutoff_valid,activity_to_cutoff_valid,0.3650475713570355,729,1997
time,oulab,6,8,flat_hgb,0.05,activity_to_cutoff_valid,activity_to_cutoff_valid,0.44576362655153806,826,1853
time,oulab,8,10,flat_hgb,0.05,activity_to_cutoff_valid,activity_to_cutoff_valid,0.4548976203652463,822,1807
time,oulab,10,12,flat_hgb,0.05,activity_to_cutoff_valid,activity_to_cutoff_valid,0.6800778715120052,1048,1541
time,oulab,12,14,flat_hgb,0.05,activity_to_cutoff_valid,activity_to_cutoff_valid,0.6228571428571429,981,1575
time,oulab,14,16,flat_hgb,0.05,activity_to_cutoff_valid,activity_to_cutoff_valid,0.6403908794788273,983,1535
time,oulab,2,4,flat_hgb,0.1,activity_to_cutoff_valid,activity_to_cutoff_valid,0.25050595907353274,1114,4447
time,oulab,4,6,flat_hgb,0.1,activity_to_cutoff_valid,activity_to_cutoff_valid,0.5015139003578309,1822,3633
time,oulab,6,8,flat_hgb,0.1,activity_to_cutoff_valid,activity_to_cutoff_valid,0.5284042249500428,1851,3503
time,oulab,8,10,flat_hgb,0.1,activity_to_cutoff_valid,activity_to_cutoff_valid,0.5441737599060757,1854,3407
time,oulab,10,12,flat_hgb,0.1,activity_to_cutoff_valid,activity_to_cutoff_valid,0.8109052778748689,2320,2861
time,oulab,12,14,flat_hgb,0.1,activity_to_cutoff_valid,activity_to_cutoff_valid,0.7619868920317351,2209,2899
time,oulab,14,16,flat_hgb,0.1,activity_to_cutoff_valid,activity_to_cutoff_valid,0.7492173913043478,2154,2875
time,oulab,2,4,flat_hgb,0.2,activity_to_cutoff_valid,activity_to_cutoff_valid,0.3767487928686393,3043,8077
time,oulab,4,6,flat_hgb,0.2,activity_to_cutoff_valid,activity_to_cutoff_valid,0.5944761069706269,4068,6843
time,oulab,6,8,flat_hgb,0.2,activity_to_cutoff_valid,activity_to_cutoff_valid,0.576266195524146,3914,6792
time,oulab,8,10,flat_hgb,0.2,activity_to_cutoff_valid,activity_to_cutoff_valid,0.6218008017267962,4033,6486
time,oulab,10,12,flat_hgb,0.2,activity_to_cutoff_valid,activity_to_cutoff_valid,0.8107635855320636,4640,5723
time,oulab,12,14,flat_hgb,0.2,activity_to_cutoff_valid,activity_to_cutoff_valid,0.7818276944541332,4483,5734
time,oulab,14,16,flat_hgb,0.2,activity_to_cutoff_valid,activity_to_cutoff_valid,0.7693525686136523,4373,5684
time,oulab,2,4,stack_7_full,0.01,activity_to_cutoff_valid,activity_to_cutoff_valid,0.10119047619047619,51,504
time,oulab,4,6,stack_7_full,0.01,activity_to_cutoff_valid,activity_to_cutoff_valid,0.3887468030690537,152,391
time,oulab,6,8,stack_7_full,0.01,activity_to_cutoff_valid,activity_to_cutoff_valid,0.4888888888888889,176,360
time,oulab,8,10,stack_7_full,0.01,activity_to_cutoff_valid,activity_to_cutoff_valid,0.48450704225352115,172,355
time,oulab,10,12,stack_7_full,0.01,activity_to_cutoff_valid,activity_to_cutoff_valid,0.49710982658959535,172,346
time,oulab,12,14,stack_7_full,0.01,activity_to_cutoff_valid,activity_to_cutoff_valid,0.4491525423728814,159,354
time,oulab,14,16,stack_7_full,0.01,activity_to_cutoff_valid,activity_to_cutoff_valid,0.4666666666666667,161,345
time,oulab,2,4,stack_7_full,0.05,activity_to_cutoff_valid,activity_to_cutoff_valid,0.18464818763326227,433,2345
time,oulab,4,6,stack_7_full,0.05,activity_to_cutoff_valid,activity_to_cutoff_valid,0.4446210916799152,839,1887
time,oulab,6,8,stack_7_full,0.05,activity_to_cutoff_valid,activity_to_cutoff_valid,0.478476821192053,867,1812
time,oulab,8,10,stack_7_full,0.05,activity_to_cutoff_valid,activity_to_cutoff_valid,0.5510324483775811,934,1695
time,oulab,10,12,stack_7_full,0.05,activity_to_cutoff_valid,activity_to_cutoff_valid,0.735254691689008,1097,1492
time,oulab,12,14,stack_7_full,0.05,activity_to_cutoff_valid,activity_to_cutoff_valid,0.7530864197530864,1098,1458
time,oulab,14,16,stack_7_full,0.05,activity_to_cutoff_valid,activity_to_cutoff_valid,0.7071186440677966,1043,1475
time,oulab,2,4,stack_7_full,0.1,activity_to_cutoff_valid,activity_to_cutoff_valid,0.2519135524538496,1119,4442
time,oulab,4,6,stack_7_full,0.1,activity_to_cutoff_valid,activity_to_cutoff_valid,0.4815317762085823,1773,3682
time,oulab,6,8,stack_7_full,0.1,activity_to_cutoff_valid,activity_to_cutoff_valid,0.457267283614589,1680,3674
time,oulab,8,10,stack_7_full,0.1,activity_to_cutoff_valid,activity_to_cutoff_valid,0.5813044785091674,1934,3327
time,oulab,10,12,stack_7_full,0.1,activity_to_cutoff_valid,activity_to_cutoff_valid,0.7438572871087176,2210,2971
time,oulab,12,14,stack_7_full,0.1,activity_to_cutoff_valid,activity_to_cutoff_valid,0.7356439007815154,2165,2943
time,oulab,14,16,stack_7_full,0.1,activity_to_cutoff_valid,activity_to_cutoff_valid,0.7347361159020351,2130,2899
time,oulab,2,4,stack_7_full,0.2,activity_to_cutoff_valid,activity_to_cutoff_valid,0.36609336609336607,2980,8140
time,oulab,4,6,stack_7_full,0.2,activity_to_cutoff_valid,activity_to_cutoff_valid,0.5465627214741319,3856,7055
time,oulab,6,8,stack_7_full,0.2,activity_to_cutoff_valid,activity_to_cutoff_valid,0.5408750719631549,3758,6948
time,oulab,8,10,stack_7_full,0.2,activity_to_cutoff_valid,activity_to_cutoff_valid,0.6270688321732405,4054,6465
time,oulab,10,12,stack_7_full,0.2,activity_to_cutoff_valid,activity_to_cutoff_valid,0.7910473556861389,4577,5786
time,oulab,12,14,stack_7_full,0.2,activity_to_cutoff_valid,activity_to_cutoff_valid,0.7131120053655265,4253,5964
time,oulab,14,16,stack_7_full,0.2,activity_to_cutoff_valid,activity_to_cutoff_valid,0.7244513031550068,4225,5832
time,oulab,2,4,temporal_hgb,0.01,activity_to_cutoff_valid,activity_to_cutoff_valid,0.04127579737335835,22,533
time,oulab,4,6,temporal_hgb,0.01,activity_to_cutoff_valid,activity_to_cutoff_valid,0.16274089935760172,76,467
time,oulab,6,8,temporal_hgb,0.01,activity_to_cutoff_valid,activity_to_cutoff_valid,0.22935779816513763,100,436
time,oulab,8,10,temporal_hgb,0.01,activity_to_cutoff_valid,activity_to_cutoff_valid,0.36528497409326427,141,386
time,oulab,10,12,temporal_hgb,0.01,activity_to_cutoff_valid,activity_to_cutoff_valid,0.5987654320987654,194,324
time,oulab,12,14,temporal_hgb,0.01,activity_to_cutoff_valid,activity_to_cutoff_valid,0.5359281437125748,179,334
time,oulab,14,16,temporal_hgb,0.01,activity_to_cutoff_valid,activity_to_cutoff_valid,0.5763239875389408,185,321
time,oulab,2,4,temporal_hgb,0.05,activity_to_cutoff_valid,activity_to_cutoff_valid,0.1876870457460453,439,2339
time,oulab,4,6,temporal_hgb,0.05,activity_to_cutoff_valid,activity_to_cutoff_valid,0.3746848209783157,743,1983
time,oulab,6,8,temporal_hgb,0.05,activity_to_cutoff_valid,activity_to_cutoff_valid,0.2879807692307692,599,2080
time,oulab,8,10,temporal_hgb,0.05,activity_to_cutoff_valid,activity_to_cutoff_valid,0.47282913165266105,844,1785
time,oulab,10,12,temporal_hgb,0.05,activity_to_cutoff_valid,activity_to_cutoff_valid,0.692156862745098,1059,1530
time,oulab,12,14,temporal_hgb,0.05,activity_to_cutoff_valid,activity_to_cutoff_valid,0.6207989854153456,979,1577
time,oulab,14,16,temporal_hgb,0.05,activity_to_cutoff_valid,activity_to_cutoff_valid,0.6775483011325782,1017,1501
time,oulab,2,4,temporal_hgb,0.1,activity_to_cutoff_valid,activity_to_cutoff_valid,0.28251845018450183,1225,4336
time,oulab,4,6,temporal_hgb,0.1,activity_to_cutoff_valid,activity_to_cutoff_valid,0.44312169312169314,1675,3780
time,oulab,6,8,temporal_hgb,0.1,activity_to_cutoff_valid,activity_to_cutoff_valid,0.45806100217864926,1682,3672
time,oulab,8,10,temporal_hgb,0.1,activity_to_cutoff_valid,activity_to_cutoff_valid,0.5602016607354685,1889,3372
time,oulab,10,12,temporal_hgb,0.1,activity_to_cutoff_valid,activity_to_cutoff_valid,0.795840554592721,2296,2885
time,oulab,12,14,temporal_hgb,0.1,activity_to_cutoff_valid,activity_to_cutoff_valid,0.7089327534292406,2119,2989
time,oulab,14,16,temporal_hgb,0.1,activity_to_cutoff_valid,activity_to_cutoff_valid,0.7305574673090158,2123,2906
time,oulab,2,4,temporal_hgb,0.2,activity_to_cutoff_valid,activity_to_cutoff_valid,0.38428980455620565,3087,8033
time,oulab,4,6,temporal_hgb,0.2,activity_to_cutoff_valid,activity_to_cutoff_valid,0.5139447759123075,3704,7207
time,oulab,6,8,temporal_hgb,0.2,activity_to_cutoff_valid,activity_to_cutoff_valid,0.5287733828359275,3703,7003
time,oulab,8,10,temporal_hgb,0.2,activity_to_cutoff_valid,activity_to_cutoff_valid,0.6185567010309279,4020,6499
time,oulab,10,12,temporal_hgb,0.2,activity_to_cutoff_valid,activity_to_cutoff_valid,0.8057152814079108,4624,5739
time,oulab,12,14,temporal_hgb,0.2,activity_to_cutoff_valid,activity_to_cutoff_valid,0.7022659113628791,4215,6002
time,oulab,14,16,temporal_hgb,0.2,activity_to_cutoff_valid,activity_to_cutoff_valid,0.7129960824391075,4186,5871
time,oulab,2,4,base_dffnn,0.01,cutoff_valid,cutoff_valid,0.21710526315789475,99,456
time,oulab,4,6,base_dffnn,0.01,cutoff_valid,cutoff_valid,0.4140625,159,384
time,oulab,6,8,base_dffnn,0.01,cutoff_valid,cutoff_valid,0.43315508021390375,162,374
time,oulab,8,10,base_dffnn,0.01,cutoff_valid,cutoff_valid,0.4128686327077748,154,373
time,oulab,10,12,base_dffnn,0.01,cutoff_valid,cutoff_valid,0.4715909090909091,166,352
time,oulab,12,14,base_dffnn,0.01,cutoff_valid,cutoff_valid,0.4171270718232044,151,362
time,oulab,14,16,base_dffnn,0.01,cutoff_valid,cutoff_valid,0.40947075208913647,147,359
time,oulab,2,4,base_dffnn,0.05,cutoff_valid,cutoff_valid,0.29029261495587555,625,2153
time,oulab,4,6,base_dffnn,0.05,cutoff_valid,cutoff_valid,0.4912472647702407,898,1828
time,oulab,6,8,base_dffnn,0.05,cutoff_valid,cutoff_valid,0.5566531086577571,958,1721
time,oulab,8,10,base_dffnn,0.05,cutoff_valid,cutoff_valid,0.5658129839189994,950,1679
time,oulab,10,12,base_dffnn,0.05,cutoff_valid,cutoff_valid,0.7077836411609498,1073,1516
time,oulab,12,14,base_dffnn,0.05,cutoff_valid,cutoff_valid,0.6640625,1020,1536
time,oulab,14,16,base_dffnn,0.05,cutoff_valid,cutoff_valid,0.6489849377865095,991,1527
time,oulab,2,4,base_dffnn,0.1,cutoff_valid,cutoff_valid,0.35337064979313704,1452,4109
time,oulab,4,6,base_dffnn,0.1,cutoff_valid,cutoff_valid,0.5501562944018187,1936,3519
time,oulab,6,8,base_dffnn,0.1,cutoff_valid,cutoff_valid,0.5550392099912866,1911,3443
time,oulab,8,10,base_dffnn,0.1,cutoff_valid,cutoff_valid,0.6054317973756485,1984,3277
time,oulab,10,12,base_dffnn,0.1,cutoff_valid,cutoff_valid,0.7538930264048748,2227,2954
time,oulab,12,14,base_dffnn,0.1,cutoff_valid,cutoff_valid,0.7559298728085253,2199,2909
time,oulab,14,16,base_dffnn,0.1,cutoff_valid,cutoff_valid,0.7443635102323968,2146,2883
time,oulab,2,4,base_dffnn,0.2,cutoff_valid,cutoff_valid,0.45778710015731516,3492,7628
time,oulab,4,6,base_dffnn,0.2,cutoff_valid,cutoff_valid,0.5898295206178056,4048,6863
time,oulab,6,8,base_dffnn,0.2,cutoff_valid,cutoff_valid,0.585369465422775,3953,6753
time,oulab,8,10,base_dffnn,0.2,cutoff_valid,cutoff_valid,0.6394950124688279,4103,6416
time,oulab,10,12,base_dffnn,0.2,cutoff_valid,cutoff_valid,0.793216819518948,4584,5779
time,oulab,12,14,base_dffnn,0.2,cutoff_valid,cutoff_valid,0.7281799729364006,4305,5912
time,oulab,14,16,base_dffnn,0.2,cutoff_valid,cutoff_valid,0.7426789118003813,4286,5771
time,oulab,2,4,base_knn,0.01,cutoff_valid,cutoff_valid,0.08187134502923976,42,513
time,oulab,4,6,base_knn,0.01,cutoff_valid,cutoff_valid,0.3816793893129771,150,393
time,oulab,6,8,base_knn,0.01,cutoff_valid,cutoff_valid,0.5764705882352941,196,340
time,oulab,8,10,base_knn,0.01,cutoff_valid,cutoff_valid,0.2577565632458234,108,419
time,oulab,10,12,base_knn,0.01,cutoff_valid,cutoff_valid,0.45098039215686275,161,357
time,oulab,12,14,base_knn,0.01,cutoff_valid,cutoff_valid,0.2825,113,400
time,oulab,14,16,base_knn,0.01,cutoff_valid,cutoff_valid,0.48823529411764705,166,340
time,oulab,2,4,base_knn,0.05,cutoff_valid,cutoff_valid,0.1943250214961307,452,2326
time,oulab,4,6,base_knn,0.05,cutoff_valid,cutoff_valid,0.47830802603036876,882,1844
time,oulab,6,8,base_knn,0.05,cutoff_valid,cutoff_valid,0.5152714932126696,911,1768
time,oulab,8,10,base_knn,0.05,cutoff_valid,cutoff_valid,0.4662576687116564,836,1793
time,oulab,10,12,base_knn,0.05,cutoff_valid,cutoff_valid,0.7340924313462827,1096,1493
time,oulab,12,14,base_knn,0.05,cutoff_valid,cutoff_valid,0.6207989854153456,979,1577
time,oulab,14,16,base_knn,0.05,cutoff_valid,cutoff_valid,0.6446766819072501,987,1531
time,oulab,2,4,base_knn,0.1,cutoff_valid,cutoff_valid,0.2558717253839205,1133,4428
time,oulab,4,6,base_knn,0.1,cutoff_valid,cutoff_valid,0.5002750275027503,1819,3636
time,oulab,6,8,base_knn,0.1,cutoff_valid,cutoff_valid,0.4628415300546448,1694,3660
time,oulab,8,10,base_knn,0.1,cutoff_valid,cutoff_valid,0.5410076157000586,1847,3414
time,oulab,10,12,base_knn,0.1,cutoff_valid,cutoff_valid,0.782863041982106,2275,2906
time,oulab,12,14,base_knn,0.1,cutoff_valid,cutoff_valid,0.7644214162348877,2213,2895
time,oulab,14,16,base_knn,0.1,cutoff_valid,cutoff_valid,0.7852325168619099,2212,2817
time,oulab,2,4,base_knn,0.2,cutoff_valid,cutoff_valid,0.35395105320832826,2907,8213
time,oulab,4,6,base_knn,0.2,cutoff_valid,cutoff_valid,0.5616144267926149,3924,6987
time,oulab,6,8,base_knn,0.2,cutoff_valid,cutoff_valid,0.5448773448773448,3776,6930
time,oulab,8,10,base_knn,0.2,cutoff_valid,cutoff_valid,0.5969333535752239,3932,6587
time,oulab,10,12,base_knn,0.2,cutoff_valid,cutoff_valid,0.797883414295628,4599,5764
time,oulab,12,14,base_knn,0.2,cutoff_valid,cutoff_valid,0.7509854327335047,4382,5835
time,oulab,14,16,base_knn,0.2,cutoff_valid,cutoff_valid,0.7520905923344948,4317,5740
time,oulab,2,4,base_lr_clickstream,0.01,cutoff_valid,cutoff_valid,0.26136363636363635,115,440
time,oulab,4,6,base_lr_clickstream,0.01,cutoff_valid,cutoff_valid,0.6017699115044248,204,339
time,oulab,6,8,base_lr_clickstream,0.01,cutoff_valid,cutoff_valid,0.6441717791411042,210,326
time,oulab,8,10,base_lr_clickstream,0.01,cutoff_valid,cutoff_valid,0.6945337620578779,216,311
time,oulab,10,12,base_lr_clickstream,0.01,cutoff_valid,cutoff_valid,0.9473684210526315,252,266
time,oulab,12,14,base_lr_clickstream,0.01,cutoff_valid,cutoff_valid,0.8929889298892989,242,271
time,oulab,14,16,base_lr_clickstream,0.01,cutoff_valid,cutoff_valid,0.8880597014925373,238,268
time,oulab,2,4,base_lr_clickstream,0.05,cutoff_valid,cutoff_valid,0.30178069353327086,644,2134
time,oulab,4,6,base_lr_clickstream,0.05,cutoff_valid,cutoff_valid,0.6120638675340035,1035,1691
time,oulab,6,8,base_lr_clickstream,0.05,cutoff_valid,cutoff_valid,0.6022727272727273,1007,1672
time,oulab,8,10,base_lr_clickstream,0.05,cutoff_valid,cutoff_valid,0.7341688654353562,1113,1516
time,oulab,10,12,base_lr_clickstream,0.05,cutoff_valid,cutoff_valid,0.8801742919389978,1212,1377
time,oulab,12,14,base_lr_clickstream,0.05,cutoff_valid,cutoff_valid,0.846820809248555,1172,1384
time,oulab,14,16,base_lr_clickstream,0.05,cutoff_valid,cutoff_valid,0.8596750369276218,1164,1354
time,oulab,2,4,base_lr_clickstream,0.1,cutoff_valid,cutoff_valid,0.355680156021453,1459,4102
time,oulab,4,6,base_lr_clickstream,0.1,cutoff_valid,cutoff_valid,0.6371548619447779,2123,3332
time,oulab,6,8,base_lr_clickstream,0.1,cutoff_valid,cutoff_valid,0.655534941249227,2120,3234
time,oulab,8,10,base_lr_clickstream,0.1,cutoff_valid,cutoff_valid,0.7437852171030825,2244,3017
time,oulab,10,12,base_lr_clickstream,0.1,cutoff_valid,cutoff_valid,0.8833151581243184,2430,2751
time,oulab,12,14,base_lr_clickstream,0.1,cutoff_valid,cutoff_valid,0.8765613519470977,2386,2722
time,oulab,14,16,base_lr_clickstream,0.1,cutoff_valid,cutoff_valid,0.872998137802607,2344,2685
time,oulab,2,4,base_lr_clickstream,0.2,cutoff_valid,cutoff_valid,0.43929588402795755,3394,7726
time,oulab,4,6,base_lr_clickstream,0.2,cutoff_valid,cutoff_valid,0.6892707849512308,4452,6459
time,oulab,6,8,base_lr_clickstream,0.2,cutoff_valid,cutoff_valid,0.6918457648546145,4378,6328
time,oulab,8,10,base_lr_clickstream,0.2,cutoff_valid,cutoff_valid,0.7106846641730362,4370,6149
time,oulab,10,12,base_lr_clickstream,0.2,cutoff_valid,cutoff_valid,0.862508986340762,4799,5564
time,oulab,12,14,base_lr_clickstream,0.2,cutoff_valid,cutoff_valid,0.8475587703435805,4687,5530
time,oulab,14,16,base_lr_clickstream,0.2,cutoff_valid,cutoff_valid,0.8599963010911781,4650,5407
time,oulab,2,4,base_lr_profile,0.01,cutoff_valid,cutoff_valid,0.37037037037037035,150,405
time,oulab,4,6,base_lr_profile,0.01,cutoff_valid,cutoff_valid,0.6454545454545455,213,330
time,oulab,6,8,base_lr_profile,0.01,cutoff_valid,cutoff_valid,0.7986577181208053,238,298
time,oulab,8,10,base_lr_profile,0.01,cutoff_valid,cutoff_valid,0.8298611111111112,239,288
time,oulab,10,12,base_lr_profile,0.01,cutoff_valid,cutoff_valid,0.9328358208955224,250,268
time,oulab,12,14,base_lr_profile,0.01,cutoff_valid,cutoff_valid,0.8586956521739131,237,276
time,oulab,14,16,base_lr_profile,0.01,cutoff_valid,cutoff_valid,0.8810408921933085,237,269
time,oulab,2,4,base_lr_profile,0.05,cutoff_valid,cutoff_valid,0.34788937409024745,717,2061
time,oulab,4,6,base_lr_profile,0.05,cutoff_valid,cutoff_valid,0.7407407407407407,1160,1566
time,oulab,6,8,base_lr_profile,0.05,cutoff_valid,cutoff_valid,0.8655988857938719,1243,1436
time,oulab,8,10,base_lr_profile,0.05,cutoff_valid,cutoff_valid,0.8488045007032349,1207,1422
time,oulab,10,12,base_lr_profile,0.05,cutoff_valid,cutoff_valid,0.937874251497006,1253,1336
time,oulab,12,14,base_lr_profile,0.05,cutoff_valid,cutoff_valid,0.9203606311044328,1225,1331
time,oulab,14,16,base_lr_profile,0.05,cutoff_valid,cutoff_valid,0.9280245022970903,1212,1306
time,oulab,2,4,base_lr_profile,0.1,cutoff_valid,cutoff_valid,0.46766956980733704,1772,3789
time,oulab,4,6,base_lr_profile,0.1,cutoff_valid,cutoff_valid,0.8262470706394376,2468,2987
time,oulab,6,8,base_lr_profile,0.1,cutoff_valid,cutoff_valid,0.8818980667838313,2509,2845
time,oulab,8,10,base_lr_profile,0.1,cutoff_valid,cutoff_valid,0.8656028368794326,2441,2820
time,oulab,10,12,base_lr_profile,0.1,cutoff_valid,cutoff_valid,0.9536199095022625,2529,2652
time,oulab,12,14,base_lr_profile,0.1,cutoff_valid,cutoff_valid,0.9275471698113208,2458,2650
time,oulab,14,16,base_lr_profile,0.1,cutoff_valid,cutoff_valid,0.9349749903809157,2430,2599
time,oulab,2,4,base_lr_profile,0.2,cutoff_valid,cutoff_valid,0.6476515039265076,4371,6749
time,oulab,4,6,base_lr_profile,0.2,cutoff_valid,cutoff_valid,0.8789392112967108,5104,5807
time,oulab,6,8,base_lr_profile,0.2,cutoff_valid,cutoff_valid,0.9134941912421806,5111,5595
time,oulab,8,10,base_lr_profile,0.2,cutoff_valid,cutoff_valid,0.9156802039701329,5028,5491
time,oulab,10,12,base_lr_profile,0.2,cutoff_valid,cutoff_valid,0.9608325449385052,5078,5285
time,oulab,12,14,base_lr_profile,0.2,cutoff_valid,cutoff_valid,0.936872037914692,4942,5275
time,oulab,14,16,base_lr_profile,0.2,cutoff_valid,cutoff_valid,0.9463905554480356,4890,5167
time,oulab,2,4,base_lr_weekly,0.01,cutoff_valid,cutoff_valid,0.23883928571428573,107,448
time,oulab,4,6,base_lr_weekly,0.01,cutoff_valid,cutoff_valid,0.35074626865671643,141,402
time,oulab,6,8,base_lr_weekly,0.01,cutoff_valid,cutoff_valid,0.5358166189111748,187,349
time,oulab,8,10,base_lr_weekly,0.01,cutoff_valid,cutoff_valid,0.5825825825825826,194,333
time,oulab,10,12,base_lr_weekly,0.01,cutoff_valid,cutoff_valid,0.8175438596491228,233,285
time,oulab,12,14,base_lr_weekly,0.01,cutoff_valid,cutoff_valid,0.8,228,285
time,oulab,14,16,base_lr_weekly,0.01,cutoff_valid,cutoff_valid,0.7692307692307693,220,286
time,oulab,2,4,base_lr_weekly,0.05,cutoff_valid,cutoff_valid,0.31285444234404536,662,2116
time,oulab,4,6,base_lr_weekly,0.05,cutoff_valid,cutoff_valid,0.45853397538790797,857,1869
time,oulab,6,8,base_lr_weekly,0.05,cutoff_valid,cutoff_valid,0.563922942206655,966,1713
time,oulab,8,10,base_lr_weekly,0.05,cutoff_valid,cutoff_valid,0.6298822070675759,1016,1613
time,oulab,10,12,base_lr_weekly,0.05,cutoff_valid,cutoff_valid,0.8117564730580826,1160,1429
time,oulab,12,14,base_lr_weekly,0.05,cutoff_valid,cutoff_valid,0.717741935483871,1068,1488
time,oulab,14,16,base_lr_weekly,0.05,cutoff_valid,cutoff_valid,0.738950276243094,1070,1448
time,oulab,2,4,base_lr_weekly,0.1,cutoff_valid,cutoff_valid,0.3874750499001996,1553,4008
time,oulab,4,6,base_lr_weekly,0.1,cutoff_valid,cutoff_valid,0.46089983931440814,1721,3734
time,oulab,6,8,base_lr_weekly,0.1,cutoff_valid,cutoff_valid,0.5677891654465593,1939,3415
time,oulab,8,10,base_lr_weekly,0.1,cutoff_valid,cutoff_valid,0.6103458830731558,1994,3267
time,oulab,10,12,base_lr_weekly,0.1,cutoff_valid,cutoff_valid,0.8020869565217391,2306,2875
time,oulab,12,14,base_lr_weekly,0.1,cutoff_valid,cutoff_valid,0.704371037704371,2111,2997
time,oulab,14,16,base_lr_weekly,0.1,cutoff_valid,cutoff_valid,0.6864520456069751,2047,2982
time,oulab,2,4,base_lr_weekly,0.2,cutoff_valid,cutoff_valid,0.48504273504273504,3632,7488
time,oulab,4,6,base_lr_weekly,0.2,cutoff_valid,cutoff_valid,0.5251607492311994,3757,7154
time,oulab,6,8,base_lr_weekly,0.2,cutoff_valid,cutoff_valid,0.5684148842660416,3880,6826
time,oulab,8,10,base_lr_weekly,0.2,cutoff_valid,cutoff_valid,0.6245559845559846,4044,6475
time,oulab,10,12,base_lr_weekly,0.2,cutoff_valid,cutoff_valid,0.8344839794653921,4714,5649
time,oulab,12,14,base_lr_weekly,0.2,cutoff_valid,cutoff_valid,0.72003367003367,4277,5940
time,oulab,14,16,base_lr_weekly,0.2,cutoff_valid,cutoff_valid,0.7551483420593368,4327,5730
time,oulab,2,4,base_rf_entropy,0.01,cutoff_valid,cutoff_valid,0.23059866962305986,104,451
time,oulab,4,6,base_rf_entropy,0.01,cutoff_valid,cutoff_valid,0.5167597765363129,185,358
time,oulab,6,8,base_rf_entropy,0.01,cutoff_valid,cutoff_valid,0.45257452574525747,167,369
time,oulab,8,10,base_rf_entropy,0.01,cutoff_valid,cutoff_valid,0.4243243243243243,157,370
time,oulab,10,12,base_rf_entropy,0.01,cutoff_valid,cutoff_valid,0.6086956521739131,196,322
time,oulab,12,14,base_rf_entropy,0.01,cutoff_valid,cutoff_valid,0.4699140401146132,164,349
time,oulab,14,16,base_rf_entropy,0.01,cutoff_valid,cutoff_valid,0.47093023255813954,162,344
time,oulab,2,4,base_rf_entropy,0.05,cutoff_valid,cutoff_valid,0.2951048951048951,633,2145
time,oulab,4,6,base_rf_entropy,0.05,cutoff_valid,cutoff_valid,0.5254616675993284,939,1787
time,oulab,6,8,base_rf_entropy,0.05,cutoff_valid,cutoff_valid,0.5440922190201729,944,1735
time,oulab,8,10,base_rf_entropy,0.05,cutoff_valid,cutoff_valid,0.5991484184914841,985,1644
time,oulab,10,12,base_rf_entropy,0.05,cutoff_valid,cutoff_valid,0.820675105485232,1167,1422
time,oulab,12,14,base_rf_entropy,0.05,cutoff_valid,cutoff_valid,0.718897108271688,1069,1487
time,oulab,14,16,base_rf_entropy,0.05,cutoff_valid,cutoff_valid,0.7449757449757449,1075,1443
time,oulab,2,4,base_rf_entropy,0.1,cutoff_valid,cutoff_valid,0.38092873106530917,1534,4027
time,oulab,4,6,base_rf_entropy,0.1,cutoff_valid,cutoff_valid,0.5448881336731805,1924,3531
time,oulab,6,8,base_rf_entropy,0.1,cutoff_valid,cutoff_valid,0.5478461983232148,1895,3459
time,oulab,8,10,base_rf_entropy,0.1,cutoff_valid,cutoff_valid,0.6182713011381114,2010,3251
time,oulab,10,12,base_rf_entropy,0.1,cutoff_valid,cutoff_valid,0.8178947368421052,2331,2850
time,oulab,12,14,base_rf_entropy,0.1,cutoff_valid,cutoff_valid,0.7816532961283572,2241,2867
time,oulab,14,16,base_rf_entropy,0.1,cutoff_valid,cutoff_valid,0.8031552527787738,2240,2789
time,oulab,2,4,base_rf_entropy,0.2,cutoff_valid,cutoff_valid,0.4560691370957182,3483,7637
time,oulab,4,6,base_rf_entropy,0.2,cutoff_valid,cutoff_valid,0.5847494553376906,4026,6885
time,oulab,6,8,base_rf_entropy,0.2,cutoff_valid,cutoff_valid,0.5695645799736109,3885,6821
time,oulab,8,10,base_rf_entropy,0.2,cutoff_valid,cutoff_valid,0.6497804265997491,4143,6376
time,oulab,10,12,base_rf_entropy,0.2,cutoff_valid,cutoff_valid,0.8190275583640513,4666,5697
time,oulab,12,14,base_rf_entropy,0.2,cutoff_valid,cutoff_valid,0.7131120053655265,4253,5964
time,oulab,14,16,base_rf_entropy,0.2,cutoff_valid,cutoff_valid,0.7223839698578524,4218,5839
time,oulab,2,4,base_rf_gini,0.01,cutoff_valid,cutoff_valid,0.20915032679738563,96,459
time,oulab,4,6,base_rf_gini,0.01,cutoff_valid,cutoff_valid,0.5252808988764045,187,356
time,oulab,6,8,base_rf_gini,0.01,cutoff_valid,cutoff_valid,0.4486486486486487,166,370
time,oulab,8,10,base_rf_gini,0.01,cutoff_valid,cutoff_valid,0.4243243243243243,157,370
time,oulab,10,12,base_rf_gini,0.01,cutoff_valid,cutoff_valid,0.6037151702786377,195,323
time,oulab,12,14,base_rf_gini,0.01,cutoff_valid,cutoff_valid,0.48265895953757226,167,346
time,oulab,14,16,base_rf_gini,0.01,cutoff_valid,cutoff_valid,0.4498567335243553,157,349
time,oulab,2,4,base_rf_gini,0.05,cutoff_valid,cutoff_valid,0.29873772791023845,639,2139
time,oulab,4,6,base_rf_gini,0.05,cutoff_valid,cutoff_valid,0.5203569436698271,933,1793
time,oulab,6,8,base_rf_gini,0.05,cutoff_valid,cutoff_valid,0.5432027649769585,943,1736
time,oulab,8,10,base_rf_gini,0.05,cutoff_valid,cutoff_valid,0.5904416212946159,976,1653
time,oulab,10,12,base_rf_gini,0.05,cutoff_valid,cutoff_valid,0.8245243128964059,1170,1419
time,oulab,12,14,base_rf_gini,0.05,cutoff_valid,cutoff_valid,0.7317073170731707,1080,1476
time,oulab,14,16,base_rf_gini,0.05,cutoff_valid,cutoff_valid,0.7657784011220197,1092,1426
time,oulab,2,4,base_rf_gini,0.1,cutoff_valid,cutoff_valid,0.38092873106530917,1534,4027
time,oulab,4,6,base_rf_gini,0.1,cutoff_valid,cutoff_valid,0.5541310541310541,1945,3510
time,oulab,6,8,base_rf_gini,0.1,cutoff_valid,cutoff_valid,0.5559430398140076,1913,3441
time,oulab,8,10,base_rf_gini,0.1,cutoff_valid,cutoff_valid,0.6217632552404438,2017,3244
time,oulab,10,12,base_rf_gini,0.1,cutoff_valid,cutoff_valid,0.8045977011494253,2310,2871
time,oulab,12,14,base_rf_gini,0.1,cutoff_valid,cutoff_valid,0.7791710205503309,2237,2871
time,oulab,14,16,base_rf_gini,0.1,cutoff_valid,cutoff_valid,0.7992844364937388,2234,2795
time,oulab,2,4,base_rf_gini,0.2,cutoff_valid,cutoff_valid,0.4551164616592515,3478,7642
time,oulab,4,6,base_rf_gini,0.2,cutoff_valid,cutoff_valid,0.5875163683980794,4038,6873
time,oulab,6,8,base_rf_gini,0.2,cutoff_valid,cutoff_valid,0.5723307387281539,3897,6809
time,oulab,8,10,base_rf_gini,0.2,cutoff_valid,cutoff_valid,0.6515936567750039,4150,6369
time,oulab,10,12,base_rf_gini,0.2,cutoff_valid,cutoff_valid,0.8164767747589834,4658,5705
time,oulab,12,14,base_rf_gini,0.2,cutoff_valid,cutoff_valid,0.72003367003367,4277,5940
time,oulab,14,16,base_rf_gini,0.2,cutoff_valid,cutoff_valid,0.7244513031550068,4225,5832
time,oulab,2,4,base_svm,0.01,cutoff_valid,cutoff_valid,0.23608017817371937,106,449
time,oulab,4,6,base_svm,0.01,cutoff_valid,cutoff_valid,0.5739130434782609,198,345
time,oulab,6,8,base_svm,0.01,cutoff_valid,cutoff_valid,0.6802507836990596,217,319
time,oulab,8,10,base_svm,0.01,cutoff_valid,cutoff_valid,0.7392739273927392,224,303
time,oulab,10,12,base_svm,0.01,cutoff_valid,cutoff_valid,0.8974358974358975,245,273
time,oulab,12,14,base_svm,0.01,cutoff_valid,cutoff_valid,0.8586956521739131,237,276
time,oulab,14,16,base_svm,0.01,cutoff_valid,cutoff_valid,0.84,231,275
time,oulab,2,4,base_svm,0.05,cutoff_valid,cutoff_valid,0.3030018761726079,646,2132
time,oulab,4,6,base_svm,0.05,cutoff_valid,cutoff_valid,0.6178041543026707,1041,1685
time,oulab,6,8,base_svm,0.05,cutoff_valid,cutoff_valid,0.6099759615384616,1015,1664
time,oulab,8,10,base_svm,0.05,cutoff_valid,cutoff_valid,0.7387566137566137,1117,1512
time,oulab,10,12,base_svm,0.05,cutoff_valid,cutoff_valid,0.8897810218978102,1219,1370
time,oulab,12,14,base_svm,0.05,cutoff_valid,cutoff_valid,0.8616168973051711,1183,1373
time,oulab,14,16,base_svm,0.05,cutoff_valid,cutoff_valid,0.8763040238450075,1176,1342
time,oulab,2,4,base_svm,0.1,cutoff_valid,cutoff_valid,0.36065573770491804,1474,4087
time,oulab,4,6,base_svm,0.1,cutoff_valid,cutoff_valid,0.6500302480338778,2149,3306
time,oulab,6,8,base_svm,0.1,cutoff_valid,cutoff_valid,0.6418276602269243,2093,3261
time,oulab,8,10,base_svm,0.1,cutoff_valid,cutoff_valid,0.7437852171030825,2244,3017
time,oulab,10,12,base_svm,0.1,cutoff_valid,cutoff_valid,0.8922571219868517,2443,2738
time,oulab,12,14,base_svm,0.1,cutoff_valid,cutoff_valid,0.8848708487084871,2398,2710
time,oulab,14,16,base_svm,0.1,cutoff_valid,cutoff_valid,0.8695167286245353,2339,2690
time,oulab,2,4,base_svm,0.2,cutoff_valid,cutoff_valid,0.44378083614645547,3418,7702
time,oulab,4,6,base_svm,0.2,cutoff_valid,cutoff_valid,0.6942546583850931,4471,6440
time,oulab,6,8,base_svm,0.2,cutoff_valid,cutoff_valid,0.6931836153724498,4383,6323
time,oulab,8,10,base_svm,0.2,cutoff_valid,cutoff_valid,0.7095725662278564,4366,6153
time,oulab,10,12,base_svm,0.2,cutoff_valid,cutoff_valid,0.8668708340839488,4812,5551
time,oulab,12,14,base_svm,0.2,cutoff_valid,cutoff_valid,0.8422286332491886,4671,5546
time,oulab,14,16,base_svm,0.2,cutoff_valid,cutoff_valid,0.8596523668639053,4649,5408
time,oulab,2,4,flat_hgb,0.01,cutoff_valid,cutoff_valid,0.1144578313253012,57,498
time,oulab,4,6,flat_hgb,0.01,cutoff_valid,cutoff_valid,0.23972602739726026,105,438
time,oulab,6,8,flat_hgb,0.01,cutoff_valid,cutoff_valid,0.27014218009478674,114,422
time,oulab,8,10,flat_hgb,0.01,cutoff_valid,cutoff_valid,0.24,102,425
time,oulab,10,12,flat_hgb,0.01,cutoff_valid,cutoff_valid,0.5462686567164179,183,335
time,oulab,12,14,flat_hgb,0.01,cutoff_valid,cutoff_valid,0.40934065934065933,149,364
time,oulab,14,16,flat_hgb,0.01,cutoff_valid,cutoff_valid,0.5240963855421686,174,332
time,oulab,2,4,flat_hgb,0.05,cutoff_valid,cutoff_valid,0.21151330135194069,485,2293
time,oulab,4,6,flat_hgb,0.05,cutoff_valid,cutoff_valid,0.471127900701565,873,1853
time,oulab,6,8,flat_hgb,0.05,cutoff_valid,cutoff_valid,0.4496753246753247,831,1848
time,oulab,8,10,flat_hgb,0.05,cutoff_valid,cutoff_valid,0.4802927927927928,853,1776
time,oulab,10,12,flat_hgb,0.05,cutoff_valid,cutoff_valid,0.7696514012303486,1126,1463
time,oulab,12,14,flat_hgb,0.05,cutoff_valid,cutoff_valid,0.6849044166117337,1039,1517
time,oulab,14,16,flat_hgb,0.05,cutoff_valid,cutoff_valid,0.7305841924398625,1063,1455
time,oulab,2,4,flat_hgb,0.1,cutoff_valid,cutoff_valid,0.2929551267147175,1260,4301
time,oulab,4,6,flat_hgb,0.1,cutoff_valid,cutoff_valid,0.5305836139169473,1891,3564
time,oulab,6,8,flat_hgb,0.1,cutoff_valid,cutoff_valid,0.5420506912442397,1882,3472
time,oulab,8,10,flat_hgb,0.1,cutoff_valid,cutoff_valid,0.5865500603136309,1945,3316
time,oulab,10,12,flat_hgb,0.1,cutoff_valid,cutoff_valid,0.7945964669206789,2294,2887
time,oulab,12,14,flat_hgb,0.1,cutoff_valid,cutoff_valid,0.7736111111111111,2228,2880
time,oulab,14,16,flat_hgb,0.1,cutoff_valid,cutoff_valid,0.7658005617977528,2181,2848
time,oulab,2,4,flat_hgb,0.2,cutoff_valid,cutoff_valid,0.37965260545905705,3060,8060
time,oulab,4,6,flat_hgb,0.2,cutoff_valid,cutoff_valid,0.5944761069706269,4068,6843
time,oulab,6,8,flat_hgb,0.2,cutoff_valid,cutoff_valid,0.5704855508288104,3889,6817
time,oulab,8,10,flat_hgb,0.2,cutoff_valid,cutoff_valid,0.6170637970791699,4014,6505
time,oulab,10,12,flat_hgb,0.2,cutoff_valid,cutoff_valid,0.7985074626865671,4601,5762
time,oulab,12,14,flat_hgb,0.2,cutoff_valid,cutoff_valid,0.7765605981568423,4466,5751
time,oulab,14,16,flat_hgb,0.2,cutoff_valid,cutoff_valid,0.779685011502389,4406,5651
time,oulab,2,4,stack_7_full,0.01,cutoff_valid,cutoff_valid,0.23059866962305986,104,451
time,oulab,4,6,stack_7_full,0.01,cutoff_valid,cutoff_valid,0.3609022556390977,144,399
time,oulab,6,8,stack_7_full,0.01,cutoff_valid,cutoff_valid,0.45652173913043476,168,368
time,oulab,8,10,stack_7_full,0.01,cutoff_valid,cutoff_valid,0.3795811518324607,145,382
time,oulab,10,12,stack_7_full,0.01,cutoff_valid,cutoff_valid,0.4388888888888889,158,360
time,oulab,12,14,stack_7_full,0.01,cutoff_valid,cutoff_valid,0.39402173913043476,145,368
time,oulab,14,16,stack_7_full,0.01,cutoff_valid,cutoff_valid,0.3901098901098901,142,364
time,oulab,2,4,stack_7_full,0.05,cutoff_valid,cutoff_valid,0.29029261495587555,625,2153
time,oulab,4,6,stack_7_full,0.05,cutoff_valid,cutoff_valid,0.5254616675993284,939,1787
time,oulab,6,8,stack_7_full,0.05,cutoff_valid,cutoff_valid,0.5758823529411765,979,1700
time,oulab,8,10,stack_7_full,0.05,cutoff_valid,cutoff_valid,0.5249419953596288,905,1724
time,oulab,10,12,stack_7_full,0.05,cutoff_valid,cutoff_valid,0.6757281553398058,1044,1545
time,oulab,12,14,stack_7_full,0.05,cutoff_valid,cutoff_valid,0.6804733727810651,1035,1521
time,oulab,14,16,stack_7_full,0.05,cutoff_valid,cutoff_valid,0.6511475409836066,993,1525
time,oulab,2,4,stack_7_full,0.1,cutoff_valid,cutoff_valid,0.33549471661863595,1397,4164
time,oulab,4,6,stack_7_full,0.1,cutoff_valid,cutoff_valid,0.5775014459224985,1997,3458
time,oulab,6,8,stack_7_full,0.1,cutoff_valid,cutoff_valid,0.5742428697441929,1953,3401
time,oulab,8,10,stack_7_full,0.1,cutoff_valid,cutoff_valid,0.5932768019382193,1959,3302
time,oulab,10,12,stack_7_full,0.1,cutoff_valid,cutoff_valid,0.7731006160164271,2259,2922
time,oulab,12,14,stack_7_full,0.1,cutoff_valid,cutoff_valid,0.7891418563922942,2253,2855
time,oulab,14,16,stack_7_full,0.1,cutoff_valid,cutoff_valid,0.7695285010555947,2187,2842
time,oulab,2,4,stack_7_full,0.2,cutoff_valid,cutoff_valid,0.4363213639886334,3378,7742
time,oulab,4,6,stack_7_full,0.2,cutoff_valid,cutoff_valid,0.6031442844548928,4105,6806
time,oulab,6,8,stack_7_full,0.2,cutoff_valid,cutoff_valid,0.578125,3922,6784
time,oulab,8,10,stack_7_full,0.2,cutoff_valid,cutoff_valid,0.6549716803020768,4163,6356
time,oulab,10,12,stack_7_full,0.2,cutoff_valid,cutoff_valid,0.7969481532859373,4596,5767
time,oulab,12,14,stack_7_full,0.2,cutoff_valid,cutoff_valid,0.7316949152542372,4317,5900
time,oulab,14,16,stack_7_full,0.2,cutoff_valid,cutoff_valid,0.7354616048317515,4262,5795
time,oulab,2,4,temporal_hgb,0.01,cutoff_valid,cutoff_valid,0.17834394904458598,84,471
time,oulab,4,6,temporal_hgb,0.01,cutoff_valid,cutoff_valid,0.34074074074074073,138,405
time,oulab,6,8,temporal_hgb,0.01,cutoff_valid,cutoff_valid,0.33002481389578164,133,403
time,oulab,8,10,temporal_hgb,0.01,cutoff_valid,cutoff_valid,0.24881516587677724,105,422
time,oulab,10,12,temporal_hgb,0.01,cutoff_valid,cutoff_valid,0.5840978593272171,191,327
time,oulab,12,14,temporal_hgb,0.01,cutoff_valid,cutoff_valid,0.5313432835820896,178,335
time,oulab,14,16,temporal_hgb,0.01,cutoff_valid,cutoff_valid,0.5426829268292683,178,328
time,oulab,2,4,temporal_hgb,0.05,cutoff_valid,cutoff_valid,0.2772413793103448,603,2175
time,oulab,4,6,temporal_hgb,0.05,cutoff_valid,cutoff_valid,0.4446210916799152,839,1887
time,oulab,6,8,temporal_hgb,0.05,cutoff_valid,cutoff_valid,0.49664804469273743,889,1790
time,oulab,8,10,temporal_hgb,0.05,cutoff_valid,cutoff_valid,0.5501179245283019,933,1696
time,oulab,10,12,temporal_hgb,0.05,cutoff_valid,cutoff_valid,0.7696514012303486,1126,1463
time,oulab,12,14,temporal_hgb,0.05,cutoff_valid,cutoff_valid,0.6586632057105776,1015,1541
time,oulab,14,16,temporal_hgb,0.05,cutoff_valid,cutoff_valid,0.7175989085948158,1052,1466
time,oulab,2,4,temporal_hgb,0.1,cutoff_valid,cutoff_valid,0.323417420276059,1359,4202
time,oulab,4,6,temporal_hgb,0.1,cutoff_valid,cutoff_valid,0.4767190037899296,1761,3694
time,oulab,6,8,temporal_hgb,0.1,cutoff_valid,cutoff_valid,0.48023223666021564,1737,3617
time,oulab,8,10,temporal_hgb,0.1,cutoff_valid,cutoff_valid,0.56904264837459,1908,3353
time,oulab,10,12,temporal_hgb,0.1,cutoff_valid,cutoff_valid,0.7989583333333333,2301,2880
time,oulab,12,14,temporal_hgb,0.1,cutoff_valid,cutoff_valid,0.7198653198653199,2138,2970
time,oulab,14,16,temporal_hgb,0.1,cutoff_valid,cutoff_valid,0.7614711033274956,2174,2855
time,oulab,2,4,temporal_hgb,0.2,cutoff_valid,cutoff_valid,0.39383304086237153,3142,7978
time,oulab,4,6,temporal_hgb,0.2,cutoff_valid,cutoff_valid,0.5243084660519698,3753,7158
time,oulab,6,8,temporal_hgb,0.2,cutoff_valid,cutoff_valid,0.5360114777618364,3736,6970
time,oulab,8,10,temporal_hgb,0.2,cutoff_valid,cutoff_valid,0.6180587601907399,4018,6501
time,oulab,10,12,temporal_hgb,0.2,cutoff_valid,cutoff_valid,0.815204063758977,4654,5709
time,oulab,12,14,temporal_hgb,0.2,cutoff_valid,cutoff_valid,0.7214827295703454,4282,5935
time,oulab,14,16,temporal_hgb,0.2,cutoff_valid,cutoff_valid,0.7274132600480935,4235,5822
time,oulab,2,4,base_dffnn,0.01,cutoff_valid_to_activity,cutoff_valid_to_activity,0.1733615221987315,82,473
time,oulab,4,6,base_dffnn,0.01,cutoff_valid_to_activity,cutoff_valid_to_activity,0.28368794326241137,120,423
time,oulab,6,8,base_dffnn,0.01,cutoff_valid_to_activity,cutoff_valid_to_activity,0.33002481389578164,133,403
time,oulab,8,10,base_dffnn,0.01,cutoff_valid_to_activity,cutoff_valid_to_activity,0.3723958333333333,143,384
time,oulab,10,12,base_dffnn,0.01,cutoff_valid_to_activity,cutoff_valid_to_activity,0.4114441416893733,151,367
time,oulab,12,14,base_dffnn,0.01,cutoff_valid_to_activity,cutoff_valid_to_activity,0.3790322580645161,141,372
time,oulab,14,16,base_dffnn,0.01,cutoff_valid_to_activity,cutoff_valid_to_activity,0.29411764705882354,115,391
time,oulab,2,4,base_dffnn,0.05,cutoff_valid_to_activity,cutoff_valid_to_activity,0.23962516733601072,537,2241
time,oulab,4,6,base_dffnn,0.05,cutoff_valid_to_activity,cutoff_valid_to_activity,0.4446210916799152,839,1887
time,oulab,6,8,base_dffnn,0.05,cutoff_valid_to_activity,cutoff_valid_to_activity,0.5059021922428331,900,1779
time,oulab,8,10,base_dffnn,0.05,cutoff_valid_to_activity,cutoff_valid_to_activity,0.49205448354143017,867,1762
time,oulab,10,12,base_dffnn,0.05,cutoff_valid_to_activity,cutoff_valid_to_activity,0.6060794044665012,977,1612
time,oulab,12,14,base_dffnn,0.05,cutoff_valid_to_activity,cutoff_valid_to_activity,0.5875776397515527,946,1610
time,oulab,14,16,base_dffnn,0.05,cutoff_valid_to_activity,cutoff_valid_to_activity,0.5552810376775787,899,1619
time,oulab,2,4,base_dffnn,0.1,cutoff_valid_to_activity,cutoff_valid_to_activity,0.29717751341264287,1274,4287
time,oulab,4,6,base_dffnn,0.1,cutoff_valid_to_activity,cutoff_valid_to_activity,0.5361869895803999,1904,3551
time,oulab,6,8,base_dffnn,0.1,cutoff_valid_to_activity,cutoff_valid_to_activity,0.5514343668501883,1903,3451
time,oulab,8,10,base_dffnn,0.1,cutoff_valid_to_activity,cutoff_valid_to_activity,0.5894259818731118,1951,3310
time,oulab,10,12,base_dffnn,0.1,cutoff_valid_to_activity,cutoff_valid_to_activity,0.7438572871087176,2210,2971
time,oulab,12,14,base_dffnn,0.1,cutoff_valid_to_activity,cutoff_valid_to_activity,0.7083612040133779,2118,2990
time,oulab,14,16,base_dffnn,0.1,cutoff_valid_to_activity,cutoff_valid_to_activity,0.6461538461538462,1974,3055
time,oulab,2,4,base_dffnn,0.2,cutoff_valid_to_activity,cutoff_valid_to_activity,0.3994462622703247,3174,7946
time,oulab,4,6,base_dffnn,0.2,cutoff_valid_to_activity,cutoff_valid_to_activity,0.5893663510560816,4046,6865
time,oulab,6,8,base_dffnn,0.2,cutoff_valid_to_activity,cutoff_valid_to_activity,0.5981489774593223,4007,6699
time,oulab,8,10,base_dffnn,0.2,cutoff_valid_to_activity,cutoff_valid_to_activity,0.6758005416600287,4242,6277
time,oulab,10,12,base_dffnn,0.2,cutoff_valid_to_activity,cutoff_valid_to_activity,0.8341592920353982,4713,5650
time,oulab,12,14,base_dffnn,0.2,cutoff_valid_to_activity,cutoff_valid_to_activity,0.7927706615195649,4518,5699
time,oulab,14,16,base_dffnn,0.2,cutoff_valid_to_activity,cutoff_valid_to_activity,0.789820252714006,4438,5619
time,oulab,2,4,base_knn,0.01,cutoff_valid_to_activity,cutoff_valid_to_activity,0.037383177570093455,20,535
time,oulab,4,6,base_knn,0.01,cutoff_valid_to_activity,cutoff_valid_to_activity,0.2039911308203991,92,451
time,oulab,6,8,base_knn,0.01,cutoff_valid_to_activity,cutoff_valid_to_activity,0.24361948955916474,105,431
time,oulab,8,10,base_knn,0.01,cutoff_valid_to_activity,cutoff_valid_to_activity,0.16592920353982302,75,452
time,oulab,10,12,base_knn,0.01,cutoff_valid_to_activity,cutoff_valid_to_activity,0.3924731182795699,146,372
time,oulab,12,14,base_knn,0.01,cutoff_valid_to_activity,cutoff_valid_to_activity,0.24817518248175183,102,411
time,oulab,14,16,base_knn,0.01,cutoff_valid_to_activity,cutoff_valid_to_activity,0.18501170960187355,79,427
time,oulab,2,4,base_knn,0.05,cutoff_valid_to_activity,cutoff_valid_to_activity,0.1063321385902031,267,2511
time,oulab,4,6,base_knn,0.05,cutoff_valid_to_activity,cutoff_valid_to_activity,0.3879837067209776,762,1964
time,oulab,6,8,base_knn,0.05,cutoff_valid_to_activity,cutoff_valid_to_activity,0.3696319018404908,723,1956
time,oulab,8,10,base_knn,0.05,cutoff_valid_to_activity,cutoff_valid_to_activity,0.3406425293217746,668,1961
time,oulab,10,12,base_knn,0.05,cutoff_valid_to_activity,cutoff_valid_to_activity,0.5854255970606246,956,1633
time,oulab,12,14,base_knn,0.05,cutoff_valid_to_activity,cutoff_valid_to_activity,0.4903790087463557,841,1715
time,oulab,14,16,base_knn,0.05,cutoff_valid_to_activity,cutoff_valid_to_activity,0.46565774155995343,800,1718
time,oulab,2,4,base_knn,0.1,cutoff_valid_to_activity,cutoff_valid_to_activity,0.16803192606595252,800,4761
time,oulab,4,6,base_knn,0.1,cutoff_valid_to_activity,cutoff_valid_to_activity,0.45272969374167776,1700,3755
time,oulab,6,8,base_knn,0.1,cutoff_valid_to_activity,cutoff_valid_to_activity,0.43002136752136755,1610,3744
time,oulab,8,10,base_knn,0.1,cutoff_valid_to_activity,cutoff_valid_to_activity,0.43507910529187127,1595,3666
time,oulab,10,12,base_knn,0.1,cutoff_valid_to_activity,cutoff_valid_to_activity,0.7161311692613448,2162,3019
time,oulab,12,14,base_knn,0.1,cutoff_valid_to_activity,cutoff_valid_to_activity,0.6472105772331506,2007,3101
time,oulab,14,16,base_knn,0.1,cutoff_valid_to_activity,cutoff_valid_to_activity,0.6248788368336026,1934,3095
time,oulab,2,4,base_knn,0.2,cutoff_valid_to_activity,cutoff_valid_to_activity,0.2933240288439172,2522,8598
time,oulab,4,6,base_knn,0.2,cutoff_valid_to_activity,cutoff_valid_to_activity,0.5507390562819784,3875,7036
time,oulab,6,8,base_knn,0.2,cutoff_valid_to_activity,cutoff_valid_to_activity,0.5172902494331065,3650,7056
time,oulab,8,10,base_knn,0.2,cutoff_valid_to_activity,cutoff_valid_to_activity,0.5971758275129062,3933,6586
time,oulab,10,12,base_knn,0.2,cutoff_valid_to_activity,cutoff_valid_to_activity,0.8367600141793691,4721,5642
time,oulab,12,14,base_knn,0.2,cutoff_valid_to_activity,cutoff_valid_to_activity,0.8019400352733687,4547,5670
time,oulab,14,16,base_knn,0.2,cutoff_valid_to_activity,cutoff_valid_to_activity,0.7955722192465631,4456,5601
time,oulab,2,4,base_lr_clickstream,0.01,cutoff_valid_to_activity,cutoff_valid_to_activity,0.11895161290322581,59,496
time,oulab,4,6,base_lr_clickstream,0.01,cutoff_valid_to_activity,cutoff_valid_to_activity,0.4140625,159,384
time,oulab,6,8,base_lr_clickstream,0.01,cutoff_valid_to_activity,cutoff_valid_to_activity,0.37789203084832906,147,389
time,oulab,8,10,base_lr_clickstream,0.01,cutoff_valid_to_activity,cutoff_valid_to_activity,0.4558011049723757,165,362
time,oulab,10,12,base_lr_clickstream,0.01,cutoff_valid_to_activity,cutoff_valid_to_activity,0.7862068965517242,228,290
time,oulab,12,14,base_lr_clickstream,0.01,cutoff_valid_to_activity,cutoff_valid_to_activity,0.6442307692307693,201,312
time,oulab,14,16,base_lr_clickstream,0.01,cutoff_valid_to_activity,cutoff_valid_to_activity,0.7630662020905923,219,287
time,oulab,2,4,base_lr_clickstream,0.05,cutoff_valid_to_activity,cutoff_valid_to_activity,0.2131004366812227,488,2290
time,oulab,4,6,base_lr_clickstream,0.05,cutoff_valid_to_activity,cutoff_valid_to_activity,0.5532763532763533,971,1755
time,oulab,6,8,base_lr_clickstream,0.05,cutoff_valid_to_activity,cutoff_valid_to_activity,0.5299828669331811,928,1751
time,oulab,8,10,base_lr_clickstream,0.05,cutoff_valid_to_activity,cutoff_valid_to_activity,0.6618204804045512,1047,1582
time,oulab,10,12,base_lr_clickstream,0.05,cutoff_valid_to_activity,cutoff_valid_to_activity,0.8747284576393918,1208,1381
time,oulab,12,14,base_lr_clickstream,0.05,cutoff_valid_to_activity,cutoff_valid_to_activity,0.8153409090909091,1148,1408
time,oulab,14,16,base_lr_clickstream,0.05,cutoff_valid_to_activity,cutoff_valid_to_activity,0.8569321533923304,1162,1356
time,oulab,2,4,base_lr_clickstream,0.1,cutoff_valid_to_activity,cutoff_valid_to_activity,0.2705049120402102,1184,4377
time,oulab,4,6,base_lr_clickstream,0.1,cutoff_valid_to_activity,cutoff_valid_to_activity,0.6317678731678134,2112,3343
time,oulab,6,8,base_lr_clickstream,0.1,cutoff_valid_to_activity,cutoff_valid_to_activity,0.633811412877632,2077,3277
time,oulab,8,10,base_lr_clickstream,0.1,cutoff_valid_to_activity,cutoff_valid_to_activity,0.7215314136125655,2205,3056
time,oulab,10,12,base_lr_clickstream,0.1,cutoff_valid_to_activity,cutoff_valid_to_activity,0.9096940656100257,2468,2713
time,oulab,12,14,base_lr_clickstream,0.1,cutoff_valid_to_activity,cutoff_valid_to_activity,0.8848708487084871,2398,2710
time,oulab,14,16,base_lr_clickstream,0.1,cutoff_valid_to_activity,cutoff_valid_to_activity,0.8927361686112156,2372,2657
time,oulab,2,4,base_lr_clickstream,0.2,cutoff_valid_to_activity,cutoff_valid_to_activity,0.3665970259309328,2983,8137
time,oulab,4,6,base_lr_clickstream,0.2,cutoff_valid_to_activity,cutoff_valid_to_activity,0.6979458450046685,4485,6426
time,oulab,6,8,base_lr_clickstream,0.2,cutoff_valid_to_activity,cutoff_valid_to_activity,0.7077683841122986,4437,6269
time,oulab,8,10,base_lr_clickstream,0.2,cutoff_valid_to_activity,cutoff_valid_to_activity,0.7658217223434615,4562,5957
time,oulab,10,12,base_lr_clickstream,0.2,cutoff_valid_to_activity,cutoff_valid_to_activity,0.9197851055946646,4965,5398
time,oulab,12,14,base_lr_clickstream,0.2,cutoff_valid_to_activity,cutoff_valid_to_activity,0.888539741219963,4807,5410
time,oulab,14,16,base_lr_clickstream,0.2,cutoff_valid_to_activity,cutoff_valid_to_activity,0.9014936660994517,4768,5289
time,oulab,2,4,base_lr_profile,0.01,cutoff_valid_to_activity,cutoff_valid_to_activity,0.767515923566879,241,314
time,oulab,4,6,base_lr_profile,0.01,cutoff_valid_to_activity,cutoff_valid_to_activity,0.8532423208191127,250,293
time,oulab,6,8,base_lr_profile,0.01,cutoff_valid_to_activity,cutoff_valid_to_activity,0.867595818815331,249,287
time,oulab,8,10,base_lr_profile,0.01,cutoff_valid_to_activity,cutoff_valid_to_activity,0.8821428571428571,247,280
time,oulab,10,12,base_lr_profile,0.01,cutoff_valid_to_activity,cutoff_valid_to_activity,0.9256505576208178,249,269
time,oulab,12,14,base_lr_profile,0.01,cutoff_valid_to_activity,cutoff_valid_to_activity,0.9,243,270
time,oulab,14,16,base_lr_profile,0.01,cutoff_valid_to_activity,cutoff_valid_to_activity,0.8951310861423221,239,267
time,oulab,2,4,base_lr_profile,0.05,cutoff_valid_to_activity,cutoff_valid_to_activity,0.8145003265839321,1247,1531
time,oulab,4,6,base_lr_profile,0.05,cutoff_valid_to_activity,cutoff_valid_to_activity,0.9049615653389238,1295,1431
time,oulab,6,8,base_lr_profile,0.05,cutoff_valid_to_activity,cutoff_valid_to_activity,0.9287257019438445,1290,1389
time,oulab,8,10,base_lr_profile,0.05,cutoff_valid_to_activity,cutoff_valid_to_activity,0.9359351988217968,1271,1358
time,oulab,10,12,base_lr_profile,0.05,cutoff_valid_to_activity,cutoff_valid_to_activity,0.9658314350797267,1272,1317
time,oulab,12,14,base_lr_profile,0.05,cutoff_valid_to_activity,cutoff_valid_to_activity,0.9218045112781955,1226,1330
time,oulab,14,16,base_lr_profile,0.05,cutoff_valid_to_activity,cutoff_valid_to_activity,0.9459041731066461,1224,1294
time,oulab,2,4,base_lr_profile,0.1,cutoff_valid_to_activity,cutoff_valid_to_activity,0.8202945990180033,2506,3055
time,oulab,4,6,base_lr_profile,0.1,cutoff_valid_to_activity,cutoff_valid_to_activity,0.9160519845451353,2608,2847
time,oulab,6,8,base_lr_profile,0.1,cutoff_valid_to_activity,cutoff_valid_to_activity,0.9300648882480173,2580,2774
time,oulab,8,10,base_lr_profile,0.1,cutoff_valid_to_activity,cutoff_valid_to_activity,0.934902537697683,2542,2719
time,oulab,10,12,base_lr_profile,0.1,cutoff_valid_to_activity,cutoff_valid_to_activity,0.9610143830431491,2539,2642
time,oulab,12,14,base_lr_profile,0.1,cutoff_valid_to_activity,cutoff_valid_to_activity,0.9275471698113208,2458,2650
time,oulab,14,16,base_lr_profile,0.1,cutoff_valid_to_activity,cutoff_valid_to_activity,0.9484695854320031,2448,2581
time,oulab,2,4,base_lr_profile,0.2,cutoff_valid_to_activity,cutoff_valid_to_activity,0.8447246184472462,5092,6028
time,oulab,4,6,base_lr_profile,0.2,cutoff_valid_to_activity,cutoff_valid_to_activity,0.929101838755304,5255,5656
time,oulab,6,8,base_lr_profile,0.2,cutoff_valid_to_activity,cutoff_valid_to_activity,0.9497359315243125,5215,5491
time,oulab,8,10,base_lr_profile,0.2,cutoff_valid_to_activity,cutoff_valid_to_activity,0.947962962962963,5119,5400
time,oulab,10,12,base_lr_profile,0.2,cutoff_valid_to_activity,cutoff_valid_to_activity,0.9716514459665144,5107,5256
time,oulab,12,14,base_lr_profile,0.2,cutoff_valid_to_activity,cutoff_valid_to_activity,0.9501813323153273,4978,5239
time,oulab,14,16,base_lr_profile,0.2,cutoff_valid_to_activity,cutoff_valid_to_activity,0.9528155339805825,4907,5150
time,oulab,2,4,base_lr_weekly,0.01,cutoff_valid_to_activity,cutoff_valid_to_activity,0.08187134502923976,42,513
time,oulab,4,6,base_lr_weekly,0.01,cutoff_valid_to_activity,cutoff_valid_to_activity,0.08167330677290836,41,502
time,oulab,6,8,base_lr_weekly,0.01,cutoff_valid_to_activity,cutoff_valid_to_activity,0.4105263157894737,156,380
time,oulab,8,10,base_lr_weekly,0.01,cutoff_valid_to_activity,cutoff_valid_to_activity,0.45179063360881544,164,363
time,oulab,10,12,base_lr_weekly,0.01,cutoff_valid_to_activity,cutoff_valid_to_activity,0.7152317880794702,216,302
time,oulab,12,14,base_lr_weekly,0.01,cutoff_valid_to_activity,cutoff_valid_to_activity,0.5592705167173252,184,329
time,oulab,14,16,base_lr_weekly,0.01,cutoff_valid_to_activity,cutoff_valid_to_activity,0.6063492063492063,191,315
time,oulab,2,4,base_lr_weekly,0.05,cutoff_valid_to_activity,cutoff_valid_to_activity,0.21416083916083917,490,2288
time,oulab,4,6,base_lr_weekly,0.05,cutoff_valid_to_activity,cutoff_valid_to_activity,0.2516069788797062,548,2178
time,oulab,6,8,base_lr_weekly,0.05,cutoff_valid_to_activity,cutoff_valid_to_activity,0.3996865203761755,765,1914
time,oulab,8,10,base_lr_weekly,0.05,cutoff_valid_to_activity,cutoff_valid_to_activity,0.5338389731621938,915,1714
time,oulab,10,12,base_lr_weekly,0.05,cutoff_valid_to_activity,cutoff_valid_to_activity,0.7588315217391305,1117,1472
time,oulab,12,14,base_lr_weekly,0.05,cutoff_valid_to_activity,cutoff_valid_to_activity,0.5787523162445954,937,1619
time,oulab,14,16,base_lr_weekly,0.05,cutoff_valid_to_activity,cutoff_valid_to_activity,0.6742021276595744,1014,1504
time,oulab,2,4,base_lr_weekly,0.1,cutoff_valid_to_activity,cutoff_valid_to_activity,0.27692307692307694,1206,4355
time,oulab,4,6,base_lr_weekly,0.1,cutoff_valid_to_activity,cutoff_valid_to_activity,0.3891010949834479,1528,3927
time,oulab,6,8,base_lr_weekly,0.1,cutoff_valid_to_activity,cutoff_valid_to_activity,0.4741189427312775,1722,3632
time,oulab,8,10,base_lr_weekly,0.1,cutoff_valid_to_activity,cutoff_valid_to_activity,0.5803544607990387,1932,3329
time,oulab,10,12,base_lr_weekly,0.1,cutoff_valid_to_activity,cutoff_valid_to_activity,0.8033414549251653,2308,2873
time,oulab,12,14,base_lr_weekly,0.1,cutoff_valid_to_activity,cutoff_valid_to_activity,0.6387552133461661,1991,3117
time,oulab,14,16,base_lr_weekly,0.1,cutoff_valid_to_activity,cutoff_valid_to_activity,0.6881503860355824,2050,2979
time,oulab,2,4,base_lr_weekly,0.2,cutoff_valid_to_activity,cutoff_valid_to_activity,0.3782845810609817,3052,8068
time,oulab,4,6,base_lr_weekly,0.2,cutoff_valid_to_activity,cutoff_valid_to_activity,0.5043430304701503,3658,7253
time,oulab,6,8,base_lr_weekly,0.2,cutoff_valid_to_activity,cutoff_valid_to_activity,0.5626915778718435,3855,6851
time,oulab,8,10,base_lr_weekly,0.2,cutoff_valid_to_activity,cutoff_valid_to_activity,0.6678293959093071,4212,6307
time,oulab,10,12,base_lr_weekly,0.2,cutoff_valid_to_activity,cutoff_valid_to_activity,0.8648551376642073,4806,5557
time,oulab,12,14,base_lr_weekly,0.2,cutoff_valid_to_activity,cutoff_valid_to_activity,0.7548952250085881,4395,5822
time,oulab,14,16,base_lr_weekly,0.2,cutoff_valid_to_activity,cutoff_valid_to_activity,0.764695560624671,4358,5699
time,oulab,2,4,base_rf_entropy,0.01,cutoff_valid_to_activity,cutoff_valid_to_activity,0.09683794466403162,49,506
time,oulab,4,6,base_rf_entropy,0.01,cutoff_valid_to_activity,cutoff_valid_to_activity,0.4177545691906005,160,383
time,oulab,6,8,base_rf_entropy,0.01,cutoff_valid_to_activity,cutoff_valid_to_activity,0.3922077922077922,151,385
time,oulab,8,10,base_rf_entropy,0.01,cutoff_valid_to_activity,cutoff_valid_to_activity,0.3723958333333333,143,384
time,oulab,10,12,base_rf_entropy,0.01,cutoff_valid_to_activity,cutoff_valid_to_activity,0.5462686567164179,183,335
time,oulab,12,14,base_rf_entropy,0.01,cutoff_valid_to_activity,cutoff_valid_to_activity,0.4016393442622951,147,366
time,oulab,14,16,base_rf_entropy,0.01,cutoff_valid_to_activity,cutoff_valid_to_activity,0.33157894736842103,126,380
time,oulab,2,4,base_rf_entropy,0.05,cutoff_valid_to_activity,cutoff_valid_to_activity,0.23576512455516013,530,2248
time,oulab,4,6,base_rf_entropy,0.05,cutoff_valid_to_activity,cutoff_valid_to_activity,0.4791101465002713,883,1843
time,oulab,6,8,base_rf_entropy,0.05,cutoff_valid_to_activity,cutoff_valid_to_activity,0.5212947189097104,918,1761
time,oulab,8,10,base_rf_entropy,0.05,cutoff_valid_to_activity,cutoff_valid_to_activity,0.5885196374622357,974,1655
time,oulab,10,12,base_rf_entropy,0.05,cutoff_valid_to_activity,cutoff_valid_to_activity,0.774503084304318,1130,1459
time,oulab,12,14,base_rf_entropy,0.05,cutoff_valid_to_activity,cutoff_valid_to_activity,0.6177215189873417,976,1580
time,oulab,14,16,base_rf_entropy,0.05,cutoff_valid_to_activity,cutoff_valid_to_activity,0.6245161290322581,968,1550
time,oulab,2,4,base_rf_entropy,0.1,cutoff_valid_to_activity,cutoff_valid_to_activity,0.3060122123062471,1303,4258
time,oulab,4,6,base_rf_entropy,0.1,cutoff_valid_to_activity,cutoff_valid_to_activity,0.5271556550951848,1883,3572
time,oulab,6,8,base_rf_entropy,0.1,cutoff_valid_to_activity,cutoff_valid_to_activity,0.5723935389133628,1949,3405
time,oulab,8,10,base_rf_entropy,0.1,cutoff_valid_to_activity,cutoff_valid_to_activity,0.6760114686205798,2122,3139
time,oulab,10,12,base_rf_entropy,0.1,cutoff_valid_to_activity,cutoff_valid_to_activity,0.8703971119133574,2411,2770
time,oulab,12,14,base_rf_entropy,0.1,cutoff_valid_to_activity,cutoff_valid_to_activity,0.7547234627275851,2197,2911
time,oulab,14,16,base_rf_entropy,0.1,cutoff_valid_to_activity,cutoff_valid_to_activity,0.7751500176491352,2196,2833
time,oulab,2,4,base_rf_entropy,0.2,cutoff_valid_to_activity,cutoff_valid_to_activity,0.39034758689672416,3122,7998
time,oulab,4,6,base_rf_entropy,0.2,cutoff_valid_to_activity,cutoff_valid_to_activity,0.5751407535729753,3984,6927
time,oulab,6,8,base_rf_entropy,0.2,cutoff_valid_to_activity,cutoff_valid_to_activity,0.5844309604854225,3949,6757
time,oulab,8,10,base_rf_entropy,0.2,cutoff_valid_to_activity,cutoff_valid_to_activity,0.7112412558971856,4372,6147
time,oulab,10,12,base_rf_entropy,0.2,cutoff_valid_to_activity,cutoff_valid_to_activity,0.8983330280271112,4904,5459
time,oulab,12,14,base_rf_entropy,0.2,cutoff_valid_to_activity,cutoff_valid_to_activity,0.8277280858676207,4627,5590
time,oulab,14,16,base_rf_entropy,0.2,cutoff_valid_to_activity,cutoff_valid_to_activity,0.8463374334496053,4610,5447
time,oulab,2,4,base_rf_gini,0.01,cutoff_valid_to_activity,cutoff_valid_to_activity,0.10557768924302789,53,502
time,oulab,4,6,base_rf_gini,0.01,cutoff_valid_to_activity,cutoff_valid_to_activity,0.4214659685863874,161,382
time,oulab,6,8,base_rf_gini,0.01,cutoff_valid_to_activity,cutoff_valid_to_activity,0.444743935309973,165,371
time,oulab,8,10,base_rf_gini,0.01,cutoff_valid_to_activity,cutoff_valid_to_activity,0.36528497409326427,141,386
time,oulab,10,12,base_rf_gini,0.01,cutoff_valid_to_activity,cutoff_valid_to_activity,0.5555555555555556,185,333
time,oulab,12,14,base_rf_gini,0.01,cutoff_valid_to_activity,cutoff_valid_to_activity,0.3864864864864865,143,370
time,oulab,14,16,base_rf_gini,0.01,cutoff_valid_to_activity,cutoff_valid_to_activity,0.3602150537634409,134,372
time,oulab,2,4,base_rf_gini,0.05,cutoff_valid_to_activity,cutoff_valid_to_activity,0.24128686327077747,540,2238
time,oulab,4,6,base_rf_gini,0.05,cutoff_valid_to_activity,cutoff_valid_to_activity,0.49206349206349204,899,1827
time,oulab,6,8,base_rf_gini,0.05,cutoff_valid_to_activity,cutoff_valid_to_activity,0.532608695652174,931,1748
time,oulab,8,10,base_rf_gini,0.05,cutoff_valid_to_activity,cutoff_valid_to_activity,0.5933333333333334,979,1650
time,oulab,10,12,base_rf_gini,0.05,cutoff_valid_to_activity,cutoff_valid_to_activity,0.805439330543933,1155,1434
time,oulab,12,14,base_rf_gini,0.05,cutoff_valid_to_activity,cutoff_valid_to_activity,0.6342710997442456,992,1564
time,oulab,14,16,base_rf_gini,0.05,cutoff_valid_to_activity,cutoff_valid_to_activity,0.6318859364873622,975,1543
time,oulab,2,4,base_rf_gini,0.1,cutoff_valid_to_activity,cutoff_valid_to_activity,0.3090866290018832,1313,4248
time,oulab,4,6,base_rf_gini,0.1,cutoff_valid_to_activity,cutoff_valid_to_activity,0.5427036199095022,1919,3536
time,oulab,6,8,base_rf_gini,0.1,cutoff_valid_to_activity,cutoff_valid_to_activity,0.577954612437371,1961,3393
time,oulab,8,10,base_rf_gini,0.1,cutoff_valid_to_activity,cutoff_valid_to_activity,0.6792211937440154,2128,3133
time,oulab,10,12,base_rf_gini,0.1,cutoff_valid_to_activity,cutoff_valid_to_activity,0.8731019522776573,2415,2766
time,oulab,12,14,base_rf_gini,0.1,cutoff_valid_to_activity,cutoff_valid_to_activity,0.7607721475353326,2207,2901
time,oulab,14,16,base_rf_gini,0.1,cutoff_valid_to_activity,cutoff_valid_to_activity,0.782701169797944,2208,2821
time,oulab,2,4,base_rf_gini,0.2,cutoff_valid_to_activity,cutoff_valid_to_activity,0.39017377172146517,3121,7999
time,oulab,4,6,base_rf_gini,0.2,cutoff_valid_to_activity,cutoff_valid_to_activity,0.5810752064918128,4010,6901
time,oulab,6,8,base_rf_gini,0.2,cutoff_valid_to_activity,cutoff_valid_to_activity,0.5877205991398488,3963,6743
time,oulab,8,10,base_rf_gini,0.2,cutoff_valid_to_activity,cutoff_valid_to_activity,0.7104065040650407,4369,6150
time,oulab,10,12,base_rf_gini,0.2,cutoff_valid_to_activity,cutoff_valid_to_activity,0.8959019392608855,4897,5466
time,oulab,12,14,base_rf_gini,0.2,cutoff_valid_to_activity,cutoff_valid_to_activity,0.8333034272384712,4644,5573
time,oulab,14,16,base_rf_gini,0.2,cutoff_valid_to_activity,cutoff_valid_to_activity,0.8446441672780631,4605,5452
time,oulab,2,4,base_svm,0.01,cutoff_valid_to_activity,cutoff_valid_to_activity,0.11895161290322581,59,496
time,oulab,4,6,base_svm,0.01,cutoff_valid_to_activity,cutoff_valid_to_activity,0.4441489361702128,167,376
time,oulab,6,8,base_svm,0.01,cutoff_valid_to_activity,cutoff_valid_to_activity,0.3922077922077922,151,385
time,oulab,8,10,base_svm,0.01,cutoff_valid_to_activity,cutoff_valid_to_activity,0.467966573816156,168,359
time,oulab,10,12,base_svm,0.01,cutoff_valid_to_activity,cutoff_valid_to_activity,0.7559322033898305,223,295
time,oulab,12,14,base_svm,0.01,cutoff_valid_to_activity,cutoff_valid_to_activity,0.6764705882352942,207,306
time,oulab,14,16,base_svm,0.01,cutoff_valid_to_activity,cutoff_valid_to_activity,0.738831615120275,215,291
time,oulab,2,4,base_svm,0.05,cutoff_valid_to_activity,cutoff_valid_to_activity,0.20051858254105445,464,2314
time,oulab,4,6,base_svm,0.05,cutoff_valid_to_activity,cutoff_valid_to_activity,0.5711815561959654,991,1735
time,oulab,6,8,base_svm,0.05,cutoff_valid_to_activity,cutoff_valid_to_activity,0.5414269275028769,941,1738
time,oulab,8,10,base_svm,0.05,cutoff_valid_to_activity,cutoff_valid_to_activity,0.6586750788643533,1044,1585
time,oulab,10,12,base_svm,0.05,cutoff_valid_to_activity,cutoff_valid_to_activity,0.8679653679653679,1203,1386
time,oulab,12,14,base_svm,0.05,cutoff_valid_to_activity,cutoff_valid_to_activity,0.830945558739255,1160,1396
time,oulab,14,16,base_svm,0.05,cutoff_valid_to_activity,cutoff_valid_to_activity,0.8419897585954645,1151,1367
time,oulab,2,4,base_svm,0.1,cutoff_valid_to_activity,cutoff_valid_to_activity,0.27516624627379044,1200,4361
time,oulab,4,6,base_svm,0.1,cutoff_valid_to_activity,cutoff_valid_to_activity,0.6244788564621798,2097,3358
time,oulab,6,8,base_svm,0.1,cutoff_valid_to_activity,cutoff_valid_to_activity,0.6288408883480378,2067,3287
time,oulab,8,10,base_svm,0.1,cutoff_valid_to_activity,cutoff_valid_to_activity,0.7237876802096985,2209,3052
time,oulab,10,12,base_svm,0.1,cutoff_valid_to_activity,cutoff_valid_to_activity,0.9181784524250277,2480,2701
time,oulab,12,14,base_svm,0.1,cutoff_valid_to_activity,cutoff_valid_to_activity,0.8925527973323453,2409,2699
time,oulab,14,16,base_svm,0.1,cutoff_valid_to_activity,cutoff_valid_to_activity,0.8927361686112156,2372,2657
time,oulab,2,4,base_svm,0.2,cutoff_valid_to_activity,cutoff_valid_to_activity,0.3647520864015709,2972,8148
time,oulab,4,6,base_svm,0.2,cutoff_valid_to_activity,cutoff_valid_to_activity,0.70484375,4511,6400
time,oulab,6,8,base_svm,0.2,cutoff_valid_to_activity,cutoff_valid_to_activity,0.7132341174587934,4457,6249
time,oulab,8,10,base_svm,0.2,cutoff_valid_to_activity,cutoff_valid_to_activity,0.7575605680868839,4534,5985
time,oulab,10,12,base_svm,0.2,cutoff_valid_to_activity,cutoff_valid_to_activity,0.9323140033563304,5000,5363
time,oulab,12,14,base_svm,0.2,cutoff_valid_to_activity,cutoff_valid_to_activity,0.8990706319702603,4837,5380
time,oulab,14,16,base_svm,0.2,cutoff_valid_to_activity,cutoff_valid_to_activity,0.9170796797560046,4811,5246
time,oulab,2,4,flat_hgb,0.01,cutoff_valid_to_activity,cutoff_valid_to_activity,0.08610567514677103,44,511
time,oulab,4,6,flat_hgb,0.01,cutoff_valid_to_activity,cutoff_valid_to_activity,0.22850678733031674,101,442
time,oulab,6,8,flat_hgb,0.01,cutoff_valid_to_activity,cutoff_valid_to_activity,0.2822966507177033,118,418
time,oulab,8,10,flat_hgb,0.01,cutoff_valid_to_activity,cutoff_valid_to_activity,0.3208020050125313,128,399
time,oulab,10,12,flat_hgb,0.01,cutoff_valid_to_activity,cutoff_valid_to_activity,0.430939226519337,156,362
time,oulab,12,14,flat_hgb,0.01,cutoff_valid_to_activity,cutoff_valid_to_activity,0.33246753246753247,128,385
time,oulab,14,16,flat_hgb,0.01,cutoff_valid_to_activity,cutoff_valid_to_activity,0.3602150537634409,134,372
time,oulab,2,4,flat_hgb,0.05,cutoff_valid_to_activity,cutoff_valid_to_activity,0.1498344370860927,362,2416
time,oulab,4,6,flat_hgb,0.05,cutoff_valid_to_activity,cutoff_valid_to_activity,0.3936605316973415,770,1956
time,oulab,6,8,flat_hgb,0.05,cutoff_valid_to_activity,cutoff_valid_to_activity,0.44420485175202157,824,1855
time,oulab,8,10,flat_hgb,0.05,cutoff_valid_to_activity,cutoff_valid_to_activity,0.44054794520547946,804,1825
time,oulab,10,12,flat_hgb,0.05,cutoff_valid_to_activity,cutoff_valid_to_activity,0.6500956022944551,1020,1569
time,oulab,12,14,flat_hgb,0.05,cutoff_valid_to_activity,cutoff_valid_to_activity,0.5305389221556887,886,1670
time,oulab,14,16,flat_hgb,0.05,cutoff_valid_to_activity,cutoff_valid_to_activity,0.6058673469387755,950,1568
time,oulab,2,4,flat_hgb,0.1,cutoff_valid_to_activity,cutoff_valid_to_activity,0.2086502934144751,960,4601
time,oulab,4,6,flat_hgb,0.1,cutoff_valid_to_activity,cutoff_valid_to_activity,0.4945205479452055,1805,3650
time,oulab,6,8,flat_hgb,0.1,cutoff_valid_to_activity,cutoff_valid_to_activity,0.49636668529904976,1776,3578
time,oulab,8,10,flat_hgb,0.1,cutoff_valid_to_activity,cutoff_valid_to_activity,0.5135212888377445,1785,3476
time,oulab,10,12,flat_hgb,0.1,cutoff_valid_to_activity,cutoff_valid_to_activity,0.7479757085020243,2217,2964
time,oulab,12,14,flat_hgb,0.1,cutoff_valid_to_activity,cutoff_valid_to_activity,0.6925115970841617,2090,3018
time,oulab,14,16,flat_hgb,0.1,cutoff_valid_to_activity,cutoff_valid_to_activity,0.7299621603027175,2122,2907
time,oulab,2,4,flat_hgb,0.2,cutoff_valid_to_activity,cutoff_valid_to_activity,0.30746619635508526,2615,8505
time,oulab,4,6,flat_hgb,0.2,cutoff_valid_to_activity,cutoff_valid_to_activity,0.5928467153284671,4061,6850
time,oulab,6,8,flat_hgb,0.2,cutoff_valid_to_activity,cutoff_valid_to_activity,0.5691044994870291,3883,6823
time,oulab,8,10,flat_hgb,0.2,cutoff_valid_to_activity,cutoff_valid_to_activity,0.6150775372332259,4006,6513
time,oulab,10,12,flat_hgb,0.2,cutoff_valid_to_activity,cutoff_valid_to_activity,0.8488849241748438,4758,5605
time,oulab,12,14,flat_hgb,0.2,cutoff_valid_to_activity,cutoff_valid_to_activity,0.8247901410966244,4618,5599
time,oulab,14,16,flat_hgb,0.2,cutoff_valid_to_activity,cutoff_valid_to_activity,0.8065385306269086,4490,5567
time,oulab,2,4,stack_7_full,0.01,cutoff_valid_to_activity,cutoff_valid_to_activity,0.15625,75,480
time,oulab,4,6,stack_7_full,0.01,cutoff_valid_to_activity,cutoff_valid_to_activity,0.35074626865671643,141,402
time,oulab,6,8,stack_7_full,0.01,cutoff_valid_to_activity,cutoff_valid_to_activity,0.4068241469816273,155,381
time,oulab,8,10,stack_7_full,0.01,cutoff_valid_to_activity,cutoff_valid_to_activity,0.42048517520215634,156,371
time,oulab,10,12,stack_7_full,0.01,cutoff_valid_to_activity,cutoff_valid_to_activity,0.3631578947368421,138,380
time,oulab,12,14,stack_7_full,0.01,cutoff_valid_to_activity,cutoff_valid_to_activity,0.2889447236180904,115,398
time,oulab,14,16,stack_7_full,0.01,cutoff_valid_to_activity,cutoff_valid_to_activity,0.35656836461126007,133,373
time,oulab,2,4,stack_7_full,0.05,cutoff_valid_to_activity,cutoff_valid_to_activity,0.22378854625550662,508,2270
time,oulab,4,6,stack_7_full,0.05,cutoff_valid_to_activity,cutoff_valid_to_activity,0.5110864745011087,922,1804
time,oulab,6,8,stack_7_full,0.05,cutoff_valid_to_activity,cutoff_valid_to_activity,0.5566531086577571,958,1721
time,oulab,8,10,stack_7_full,0.05,cutoff_valid_to_activity,cutoff_valid_to_activity,0.5492044784914555,932,1697
time,oulab,10,12,stack_7_full,0.05,cutoff_valid_to_activity,cutoff_valid_to_activity,0.612079701120797,983,1606
time,oulab,12,14,stack_7_full,0.05,cutoff_valid_to_activity,cutoff_valid_to_activity,0.5323741007194245,888,1668
time,oulab,14,16,stack_7_full,0.05,cutoff_valid_to_activity,cutoff_valid_to_activity,0.5205314009661836,862,1656
time,oulab,2,4,stack_7_full,0.1,cutoff_valid_to_activity,cutoff_valid_to_activity,0.27428964252978916,1197,4364
time,oulab,4,6,stack_7_full,0.1,cutoff_valid_to_activity,cutoff_valid_to_activity,0.5688812194420477,1978,3477
time,oulab,6,8,stack_7_full,0.1,cutoff_valid_to_activity,cutoff_valid_to_activity,0.6068427370948379,2022,3332
time,oulab,8,10,stack_7_full,0.1,cutoff_valid_to_activity,cutoff_valid_to_activity,0.6098531211750307,1993,3268
time,oulab,10,12,stack_7_full,0.1,cutoff_valid_to_activity,cutoff_valid_to_activity,0.7694672131147541,2253,2928
time,oulab,12,14,stack_7_full,0.1,cutoff_valid_to_activity,cutoff_valid_to_activity,0.7338764426340801,2162,2946
time,oulab,14,16,stack_7_full,0.1,cutoff_valid_to_activity,cutoff_valid_to_activity,0.6757747417527491,2028,3001
time,oulab,2,4,stack_7_full,0.2,cutoff_valid_to_activity,cutoff_valid_to_activity,0.3632462915287483,2963,8157
time,oulab,4,6,stack_7_full,0.2,cutoff_valid_to_activity,cutoff_valid_to_activity,0.618122497404716,4168,6743
time,oulab,6,8,stack_7_full,0.2,cutoff_valid_to_activity,cutoff_valid_to_activity,0.6046163069544365,4034,6672
time,oulab,8,10,stack_7_full,0.2,cutoff_valid_to_activity,cutoff_valid_to_activity,0.6988049095607235,4327,6192
time,oulab,10,12,stack_7_full,0.2,cutoff_valid_to_activity,cutoff_valid_to_activity,0.8595011663376996,4790,5573
time,oulab,12,14,stack_7_full,0.2,cutoff_valid_to_activity,cutoff_valid_to_activity,0.827074391988555,4625,5592
time,oulab,14,16,stack_7_full,0.2,cutoff_valid_to_activity,cutoff_valid_to_activity,0.7987837596136648,4466,5591
time,oulab,2,4,temporal_hgb,0.01,cutoff_valid_to_activity,cutoff_valid_to_activity,0.06118546845124283,32,523
time,oulab,4,6,temporal_hgb,0.01,cutoff_valid_to_activity,cutoff_valid_to_activity,0.2039911308203991,92,451
time,oulab,6,8,temporal_hgb,0.01,cutoff_valid_to_activity,cutoff_valid_to_activity,0.18061674008810572,82,454
time,oulab,8,10,temporal_hgb,0.01,cutoff_valid_to_activity,cutoff_valid_to_activity,0.3582474226804124,139,388
time,oulab,10,12,temporal_hgb,0.01,cutoff_valid_to_activity,cutoff_valid_to_activity,0.6086956521739131,196,322
time,oulab,12,14,temporal_hgb,0.01,cutoff_valid_to_activity,cutoff_valid_to_activity,0.5043988269794721,172,341
time,oulab,14,16,temporal_hgb,0.01,cutoff_valid_to_activity,cutoff_valid_to_activity,0.556923076923077,181,325
time,oulab,2,4,temporal_hgb,0.05,cutoff_valid_to_activity,cutoff_valid_to_activity,0.1512639867384998,365,2413
time,oulab,4,6,temporal_hgb,0.05,cutoff_valid_to_activity,cutoff_valid_to_activity,0.3233009708737864,666,2060
time,oulab,6,8,temporal_hgb,0.05,cutoff_valid_to_activity,cutoff_valid_to_activity,0.2960812772133527,612,2067
time,oulab,8,10,temporal_hgb,0.05,cutoff_valid_to_activity,cutoff_valid_to_activity,0.49544937428896474,871,1758
time,oulab,10,12,temporal_hgb,0.05,cutoff_valid_to_activity,cutoff_valid_to_activity,0.7191235059760956,1083,1506
time,oulab,12,14,temporal_hgb,0.05,cutoff_valid_to_activity,cutoff_valid_to_activity,0.5905413814561294,949,1607
time,oulab,14,16,temporal_hgb,0.05,cutoff_valid_to_activity,cutoff_valid_to_activity,0.6708692767086928,1011,1507
time,oulab,2,4,temporal_hgb,0.1,cutoff_valid_to_activity,cutoff_valid_to_activity,0.22488986784140969,1021,4540
time,oulab,4,6,temporal_hgb,0.1,cutoff_valid_to_activity,cutoff_valid_to_activity,0.4276367443077728,1634,3821
time,oulab,6,8,temporal_hgb,0.1,cutoff_valid_to_activity,cutoff_valid_to_activity,0.4273527059450813,1603,3751
time,oulab,8,10,temporal_hgb,0.1,cutoff_valid_to_activity,cutoff_valid_to_activity,0.5699791107132199,1910,3351
time,oulab,10,12,temporal_hgb,0.1,cutoff_valid_to_activity,cutoff_valid_to_activity,0.7694672131147541,2253,2928
time,oulab,12,14,temporal_hgb,0.1,cutoff_valid_to_activity,cutoff_valid_to_activity,0.6687357072852009,2047,3061
time,oulab,14,16,temporal_hgb,0.1,cutoff_valid_to_activity,cutoff_valid_to_activity,0.7199042407660738,2105,2924
time,oulab,2,4,temporal_hgb,0.2,cutoff_valid_to_activity,cutoff_valid_to_activity,0.3242824818387519,2723,8397
time,oulab,4,6,temporal_hgb,0.2,cutoff_valid_to_activity,cutoff_valid_to_activity,0.49383899233296824,3607,7304
time,oulab,6,8,temporal_hgb,0.2,cutoff_valid_to_activity,cutoff_valid_to_activity,0.5160011328235627,3644,7062
time,oulab,8,10,temporal_hgb,0.2,cutoff_valid_to_activity,cutoff_valid_to_activity,0.6433369785970942,4118,6401
time,oulab,10,12,temporal_hgb,0.2,cutoff_valid_to_activity,cutoff_valid_to_activity,0.8783759289468914,4846,5517
time,oulab,12,14,temporal_hgb,0.2,cutoff_valid_to_activity,cutoff_valid_to_activity,0.789630408127518,4508,5709
time,oulab,14,16,temporal_hgb,0.2,cutoff_valid_to_activity,cutoff_valid_to_activity,0.8120720720720721,4507,5550
time,oulab,2,4,base_dffnn,0.01,static_full,static_full,0.4566929133858268,174,381
time,oulab,4,6,base_dffnn,0.01,static_full,static_full,0.48360655737704916,177,366
time,oulab,6,8,base_dffnn,0.01,static_full,static_full,0.4105263157894737,156,380
time,oulab,8,10,base_dffnn,0.01,static_full,static_full,0.34782608695652173,136,391
time,oulab,10,12,base_dffnn,0.01,static_full,static_full,0.4191780821917808,153,365
time,oulab,12,14,base_dffnn,0.01,static_full,static_full,0.3716577540106952,139,374
time,oulab,14,16,base_dffnn,0.01,static_full,static_full,0.34933333333333333,131,375
time,oulab,2,4,base_dffnn,0.05,static_full,static_full,0.5399113082039911,974,1804
time,oulab,4,6,base_dffnn,0.05,static_full,static_full,0.6333133612941881,1057,1669
time,oulab,6,8,base_dffnn,0.05,static_full,static_full,0.609009009009009,1014,1665
time,oulab,8,10,base_dffnn,0.05,static_full,static_full,0.5866022933011467,972,1657
time,oulab,10,12,base_dffnn,0.05,static_full,static_full,0.6090739589807334,980,1609
time,oulab,12,14,base_dffnn,0.05,static_full,static_full,0.5925233644859813,951,1605
time,oulab,14,16,base_dffnn,0.05,static_full,static_full,0.5639751552795031,908,1610
time,oulab,2,4,base_dffnn,0.1,static_full,static_full,0.582977512097922,2048,3513
time,oulab,4,6,base_dffnn,0.1,static_full,static_full,0.7127158555729984,2270,3185
time,oulab,6,8,base_dffnn,0.1,static_full,static_full,0.726539825862625,2253,3101
time,oulab,8,10,base_dffnn,0.1,static_full,static_full,0.6829814459373,2135,3126
time,oulab,10,12,base_dffnn,0.1,static_full,static_full,0.7485656429294634,2218,2963
time,oulab,12,14,base_dffnn,0.1,static_full,static_full,0.7204445941394408,2139,2969
time,oulab,14,16,base_dffnn,0.1,static_full,static_full,0.6763333333333333,2029,3000
time,oulab,2,4,base_dffnn,0.2,static_full,static_full,0.5954088952654233,4150,6970
time,oulab,4,6,base_dffnn,0.2,static_full,static_full,0.7704040240142788,4748,6163
time,oulab,6,8,base_dffnn,0.2,static_full,static_full,0.8063101062932343,4779,5927
time,oulab,8,10,base_dffnn,0.2,static_full,static_full,0.7862115809135677,4630,5889
time,oulab,10,12,base_dffnn,0.2,static_full,static_full,0.8357838795394155,4718,5645
time,oulab,12,14,base_dffnn,0.2,static_full,static_full,0.8212121212121212,4607,5610
time,oulab,14,16,base_dffnn,0.2,static_full,static_full,0.8029759770527071,4479,5578
time,oulab,2,4,base_knn,0.01,static_full,static_full,0.23059866962305986,104,451
time,oulab,4,6,base_knn,0.01,static_full,static_full,0.6404833836858006,212,331
time,oulab,6,8,base_knn,0.01,static_full,static_full,0.6242424242424243,206,330
time,oulab,8,10,base_knn,0.01,static_full,static_full,0.38320209973753283,146,381
time,oulab,10,12,base_knn,0.01,static_full,static_full,0.6602564102564102,206,312
time,oulab,12,14,base_knn,0.01,static_full,static_full,0.3394255874673629,130,383
time,oulab,14,16,base_knn,0.01,static_full,static_full,0.8267148014440433,229,277
time,oulab,2,4,base_knn,0.05,static_full,static_full,0.42242703533026116,825,1953
time,oulab,4,6,base_knn,0.05,static_full,static_full,0.8295302013422818,1236,1490
time,oulab,6,8,base_knn,0.05,static_full,static_full,0.8028263795423957,1193,1486
time,oulab,8,10,base_knn,0.05,static_full,static_full,0.621838371375694,1008,1621
time,oulab,10,12,base_knn,0.05,static_full,static_full,0.7708618331053352,1127,1462
time,oulab,12,14,base_knn,0.05,static_full,static_full,0.5856079404466501,944,1612
time,oulab,14,16,base_knn,0.05,static_full,static_full,0.8102084831056794,1127,1391
time,oulab,2,4,base_knn,0.1,static_full,static_full,0.5131972789115646,1886,3675
time,oulab,4,6,base_knn,0.1,static_full,static_full,0.8700719917723688,2538,2917
time,oulab,6,8,base_knn,0.1,static_full,static_full,0.8442990010334137,2451,2903
time,oulab,8,10,base_knn,0.1,static_full,static_full,0.7243526712553261,2210,3051
time,oulab,10,12,base_knn,0.1,static_full,static_full,0.8418059011731248,2368,2813
time,oulab,12,14,base_knn,0.1,static_full,static_full,0.7529169526424159,2194,2914
time,oulab,14,16,base_knn,0.1,static_full,static_full,0.8109470651782499,2252,2777
time,oulab,2,4,base_knn,0.2,static_full,static_full,0.5842712637127796,4101,7019
time,oulab,4,6,base_knn,0.2,static_full,static_full,0.8154742096505824,4901,6010
time,oulab,6,8,base_knn,0.2,static_full,static_full,0.8401512547267103,4888,5818
time,oulab,8,10,base_knn,0.2,static_full,static_full,0.7673051075268817,4567,5952
time,oulab,10,12,base_knn,0.2,static_full,static_full,0.87226738934056,4828,5535
time,oulab,12,14,base_knn,0.2,static_full,static_full,0.8415645277577506,4669,5548
time,oulab,14,16,base_knn,0.2,static_full,static_full,0.8362242103341245,4580,5477
time,oulab,2,4,base_lr_clickstream,0.01,static_full,static_full,0.5811965811965812,204,351
time,oulab,4,6,base_lr_clickstream,0.01,static_full,static_full,0.89198606271777,256,287
time,oulab,6,8,base_lr_clickstream,0.01,static_full,static_full,0.9350180505415162,259,277
time,oulab,8,10,base_lr_clickstream,0.01,static_full,static_full,0.8687943262411347,245,282
time,oulab,10,12,base_lr_clickstream,0.01,static_full,static_full,0.9621212121212122,254,264
time,oulab,12,14,base_lr_clickstream,0.01,static_full,static_full,0.9730769230769231,253,260
time,oulab,14,16,base_lr_clickstream,0.01,static_full,static_full,0.9688715953307393,249,257
time,oulab,2,4,base_lr_clickstream,0.05,static_full,static_full,0.5947187141216992,1036,1742
time,oulab,4,6,base_lr_clickstream,0.05,static_full,static_full,0.8904299583911235,1284,1442
time,oulab,6,8,base_lr_clickstream,0.05,static_full,static_full,0.9301152737752162,1291,1388
time,oulab,8,10,base_lr_clickstream,0.05,static_full,static_full,0.9231894659839064,1262,1367
time,oulab,10,12,base_lr_clickstream,0.05,static_full,static_full,0.9823889739663093,1283,1306
time,oulab,12,14,base_lr_clickstream,0.05,static_full,static_full,0.9798605731990705,1265,1291
time,oulab,14,16,base_lr_clickstream,0.05,static_full,static_full,0.9733542319749217,1242,1276
time,oulab,2,4,base_lr_clickstream,0.1,static_full,static_full,0.5989074180563543,2083,3478
time,oulab,4,6,base_lr_clickstream,0.1,static_full,static_full,0.906009783368274,2593,2862
time,oulab,6,8,base_lr_clickstream,0.1,static_full,static_full,0.9363471971066908,2589,2765
time,oulab,8,10,base_lr_clickstream,0.1,static_full,static_full,0.934902537697683,2542,2719
time,oulab,10,12,base_lr_clickstream,0.1,static_full,static_full,0.9789915966386554,2563,2618
time,oulab,12,14,base_lr_clickstream,0.1,static_full,static_full,0.9744878237340548,2521,2587
time,oulab,14,16,base_lr_clickstream,0.1,static_full,static_full,0.9775855289028706,2486,2543
time,oulab,2,4,base_lr_clickstream,0.2,static_full,static_full,0.6444838805087252,4358,6762
time,oulab,4,6,base_lr_clickstream,0.2,static_full,static_full,0.8559278788909679,5032,5879
time,oulab,6,8,base_lr_clickstream,0.2,static_full,static_full,0.881215955016693,5015,5691
time,oulab,8,10,base_lr_clickstream,0.2,static_full,static_full,0.8783928571428572,4919,5600
time,oulab,10,12,base_lr_clickstream,0.2,static_full,static_full,0.952703975880912,5056,5307
time,oulab,12,14,base_lr_clickstream,0.2,static_full,static_full,0.9554066985645933,4992,5225
time,oulab,14,16,base_lr_clickstream,0.2,static_full,static_full,0.9600467745078932,4926,5131
time,oulab,2,4,base_lr_profile,0.01,static_full,static_full,0.6869300911854104,226,329
time,oulab,4,6,base_lr_profile,0.01,static_full,static_full,0.865979381443299,252,291
time,oulab,6,8,base_lr_profile,0.01,static_full,static_full,0.900709219858156,254,282
time,oulab,8,10,base_lr_profile,0.01,static_full,static_full,0.9233576642335767,253,274
time,oulab,10,12,base_lr_profile,0.01,static_full,static_full,0.9923076923076923,258,260
time,oulab,12,14,base_lr_profile,0.01,static_full,static_full,0.9213483146067416,246,267
time,oulab,14,16,base_lr_profile,0.01,static_full,static_full,0.9386973180076629,245,261
time,oulab,2,4,base_lr_profile,0.05,static_full,static_full,0.6704750450992183,1115,1663
time,oulab,4,6,base_lr_profile,0.05,static_full,static_full,0.900976290097629,1292,1434
time,oulab,6,8,base_lr_profile,0.05,static_full,static_full,0.939898624185373,1298,1381
time,oulab,8,10,base_lr_profile,0.05,static_full,static_full,0.9302496328928047,1267,1362
time,oulab,10,12,base_lr_profile,0.05,static_full,static_full,0.9808722264728386,1282,1307
time,oulab,12,14,base_lr_profile,0.05,static_full,static_full,0.9737451737451738,1261,1295
time,oulab,14,16,base_lr_profile,0.05,static_full,static_full,0.9764521193092621,1244,1274
time,oulab,2,4,base_lr_profile,0.1,static_full,static_full,0.6755046700813498,2242,3319
time,oulab,4,6,base_lr_profile,0.1,static_full,static_full,0.9160519845451353,2608,2847
time,oulab,6,8,base_lr_profile,0.1,static_full,static_full,0.9426705370101597,2598,2756
time,oulab,8,10,base_lr_profile,0.1,static_full,static_full,0.937039764359352,2545,2716
time,oulab,10,12,base_lr_profile,0.1,static_full,static_full,0.9820198928844682,2567,2614
time,oulab,12,14,base_lr_profile,0.1,static_full,static_full,0.9783113865220759,2526,2582
time,oulab,14,16,base_lr_profile,0.1,static_full,static_full,0.9791420700511609,2488,2541
time,oulab,2,4,base_lr_profile,0.2,static_full,static_full,0.6792509815765629,4498,6622
time,oulab,4,6,base_lr_profile,0.2,static_full,static_full,0.9308087064236419,5260,5651
time,oulab,6,8,base_lr_profile,0.2,static_full,static_full,0.9604468046145395,5245,5461
time,oulab,8,10,base_lr_profile,0.2,static_full,static_full,0.957751721570817,5146,5373
time,oulab,10,12,base_lr_profile,0.2,static_full,static_full,0.9852490421455938,5143,5220
time,oulab,12,14,base_lr_profile,0.2,static_full,static_full,0.9834983498349835,5066,5151
time,oulab,14,16,base_lr_profile,0.2,static_full,static_full,0.9836291913214991,4987,5070
time,oulab,2,4,base_lr_weekly,0.01,static_full,static_full,0.5722379603399433,202,353
time,oulab,4,6,base_lr_weekly,0.01,static_full,static_full,0.8344594594594594,247,296
time,oulab,6,8,base_lr_weekly,0.01,static_full,static_full,0.8741258741258742,250,286
time,oulab,8,10,base_lr_weekly,0.01,static_full,static_full,0.8235294117647058,238,289
time,oulab,10,12,base_lr_weekly,0.01,static_full,static_full,0.9695817490494296,255,263
time,oulab,12,14,base_lr_weekly,0.01,static_full,static_full,0.9655172413793104,252,261
time,oulab,14,16,base_lr_weekly,0.01,static_full,static_full,0.9688715953307393,249,257
time,oulab,2,4,base_lr_weekly,0.05,static_full,static_full,0.5938037865748709,1035,1743
time,oulab,4,6,base_lr_weekly,0.05,static_full,static_full,0.8774104683195593,1274,1452
time,oulab,6,8,base_lr_weekly,0.05,static_full,static_full,0.9204301075268817,1284,1395
time,oulab,8,10,base_lr_weekly,0.05,static_full,static_full,0.9092229484386347,1252,1377
time,oulab,10,12,base_lr_weekly,0.05,static_full,static_full,0.9763358778625955,1279,1310
time,oulab,12,14,base_lr_weekly,0.05,static_full,static_full,0.9737451737451738,1261,1295
time,oulab,14,16,base_lr_weekly,0.05,static_full,static_full,0.9687255668491008,1239,1279
time,oulab,2,4,base_lr_weekly,0.1,static_full,static_full,0.5984478298361599,2082,3479
time,oulab,4,6,base_lr_weekly,0.1,static_full,static_full,0.8947551233067037,2576,2879
time,oulab,6,8,base_lr_weekly,0.1,static_full,static_full,0.923132183908046,2570,2784
time,oulab,8,10,base_lr_weekly,0.1,static_full,static_full,0.9249908525429931,2528,2733
time,oulab,10,12,base_lr_weekly,0.1,static_full,static_full,0.9774809160305343,2561,2620
time,oulab,12,14,base_lr_weekly,0.1,static_full,static_full,0.9615975422427036,2504,2604
time,oulab,14,16,base_lr_weekly,0.1,static_full,static_full,0.9659890539483972,2471,2558
time,oulab,2,4,base_lr_weekly,0.2,static_full,static_full,0.6340925789860397,4315,6805
time,oulab,4,6,base_lr_weekly,0.2,static_full,static_full,0.74576,4661,6250
time,oulab,6,8,base_lr_weekly,0.2,static_full,static_full,0.8032676435910392,4769,5937
time,oulab,8,10,base_lr_weekly,0.2,static_full,static_full,0.8490068553348568,4830,5689
time,oulab,10,12,base_lr_weekly,0.2,static_full,static_full,0.935923781057351,5010,5353
time,oulab,12,14,base_lr_weekly,0.2,static_full,static_full,0.8822770817980841,4789,5428
time,oulab,14,16,base_lr_weekly,0.2,static_full,static_full,0.9025728339008702,4771,5286
time,oulab,2,4,base_rf_entropy,0.01,static_full,static_full,0.25565610859728505,113,442
time,oulab,4,6,base_rf_entropy,0.01,static_full,static_full,0.40310077519379844,156,387
time,oulab,6,8,base_rf_entropy,0.01,static_full,static_full,0.4725274725274725,172,364
time,oulab,8,10,base_rf_entropy,0.01,static_full,static_full,0.3175,127,400
time,oulab,10,12,base_rf_entropy,0.01,static_full,static_full,0.4428969359331476,159,359
time,oulab,12,14,base_rf_entropy,0.01,static_full,static_full,0.4016393442622951,147,366
time,oulab,14,16,base_rf_entropy,0.01,static_full,static_full,0.28426395939086296,112,394
time,oulab,2,4,base_rf_entropy,0.05,static_full,static_full,0.4605678233438486,876,1902
time,oulab,4,6,base_rf_entropy,0.05,static_full,static_full,0.6601705237515225,1084,1642
time,oulab,6,8,base_rf_entropy,0.05,static_full,static_full,0.6365302382406842,1042,1637
time,oulab,8,10,base_rf_entropy,0.05,static_full,static_full,0.5100516944284894,888,1741
time,oulab,10,12,base_rf_entropy,0.05,static_full,static_full,0.6596153846153846,1029,1560
time,oulab,12,14,base_rf_entropy,0.05,static_full,static_full,0.5856079404466501,944,1612
time,oulab,14,16,base_rf_entropy,0.05,static_full,static_full,0.5086878370281606,849,1669
time,oulab,2,4,base_rf_entropy,0.1,static_full,static_full,0.5678037778404286,2014,3547
time,oulab,4,6,base_rf_entropy,0.1,static_full,static_full,0.7728306792330192,2378,3077
time,oulab,6,8,base_rf_entropy,0.1,static_full,static_full,0.7259832366215345,2252,3102
time,oulab,8,10,base_rf_entropy,0.1,static_full,static_full,0.6435488909715714,2060,3201
time,oulab,10,12,base_rf_entropy,0.1,static_full,static_full,0.7914937759336099,2289,2892
time,oulab,12,14,base_rf_entropy,0.1,static_full,static_full,0.6846965699208444,2076,3032
time,oulab,14,16,base_rf_entropy,0.1,static_full,static_full,0.6483120288430023,1978,3051
time,oulab,2,4,base_rf_entropy,0.2,static_full,static_full,0.6113606723663237,4219,6901
time,oulab,4,6,base_rf_entropy,0.2,static_full,static_full,0.8007922099356329,4852,6059
time,oulab,6,8,base_rf_entropy,0.2,static_full,static_full,0.7990253738867418,4755,5951
time,oulab,8,10,base_rf_entropy,0.2,static_full,static_full,0.7813717188823032,4614,5905
time,oulab,10,12,base_rf_entropy,0.2,static_full,static_full,0.9074176329836187,4930,5433
time,oulab,12,14,base_rf_entropy,0.2,static_full,static_full,0.8306755061816878,4636,5581
time,oulab,14,16,base_rf_entropy,0.2,static_full,static_full,0.8052414288278585,4486,5571
time,oulab,2,4,base_rf_gini,0.01,static_full,static_full,0.25565610859728505,113,442
time,oulab,4,6,base_rf_gini,0.01,static_full,static_full,0.39948453608247425,155,388
time,oulab,6,8,base_rf_gini,0.01,static_full,static_full,0.39947780678851175,153,383
time,oulab,8,10,base_rf_gini,0.01,static_full,static_full,0.3208020050125313,128,399
time,oulab,10,12,base_rf_gini,0.01,static_full,static_full,0.430939226519337,156,362
time,oulab,12,14,base_rf_gini,0.01,static_full,static_full,0.3464566929133858,132,381
time,oulab,14,16,base_rf_gini,0.01,static_full,static_full,0.25870646766169153,104,402
time,oulab,2,4,base_rf_gini,0.05,static_full,static_full,0.4613361388742767,877,1901
time,oulab,4,6,base_rf_gini,0.05,static_full,static_full,0.6333133612941881,1057,1669
time,oulab,6,8,base_rf_gini,0.05,static_full,static_full,0.6315468940316687,1037,1642
time,oulab,8,10,base_rf_gini,0.05,static_full,static_full,0.4861503674392312,860,1769
time,oulab,10,12,base_rf_gini,0.05,static_full,static_full,0.644853875476493,1015,1574
time,oulab,12,14,base_rf_gini,0.05,static_full,static_full,0.5259701492537313,881,1675
time,oulab,14,16,base_rf_gini,0.05,static_full,static_full,0.47683284457478003,813,1705
time,oulab,2,4,base_rf_gini,0.1,static_full,static_full,0.5647158131682611,2007,3554
time,oulab,4,6,base_rf_gini,0.1,static_full,static_full,0.7820973538059458,2394,3061
time,oulab,6,8,base_rf_gini,0.1,static_full,static_full,0.7215434083601286,2244,3110
time,oulab,8,10,base_rf_gini,0.1,static_full,static_full,0.6182713011381114,2010,3251
time,oulab,10,12,base_rf_gini,0.1,static_full,static_full,0.7791895604395604,2269,2912
time,oulab,12,14,base_rf_gini,0.1,static_full,static_full,0.6692810457516339,2048,3060
time,oulab,14,16,base_rf_gini,0.1,static_full,static_full,0.6333225073075673,1950,3079
time,oulab,2,4,base_rf_gini,0.2,static_full,static_full,0.6122952008119472,4223,6897
time,oulab,4,6,base_rf_gini,0.2,static_full,static_full,0.8079536039768019,4876,6035
time,oulab,6,8,base_rf_gini,0.2,static_full,static_full,0.8044833979437047,4773,5933
time,oulab,8,10,base_rf_gini,0.2,static_full,static_full,0.7696837146702558,4575,5944
time,oulab,10,12,base_rf_gini,0.2,static_full,static_full,0.8965959004392386,4899,5464
time,oulab,12,14,base_rf_gini,0.2,static_full,static_full,0.827074391988555,4625,5592
time,oulab,14,16,base_rf_gini,0.2,static_full,static_full,0.8049174443646806,4485,5572
time,oulab,2,4,base_svm,0.01,static_full,static_full,0.5289256198347108,192,363
time,oulab,4,6,base_svm,0.01,static_full,static_full,0.8344594594594594,247,296
time,oulab,6,8,base_svm,0.01,static_full,static_full,0.8293515358361775,243,293
time,oulab,8,10,base_svm,0.01,static_full,static_full,0.7508305647840532,226,301
time,oulab,10,12,base_svm,0.01,static_full,static_full,0.85,238,280
time,oulab,12,14,base_svm,0.01,static_full,static_full,0.78125,225,288
time,oulab,14,16,base_svm,0.01,static_full,static_full,0.7448275862068966,216,290
time,oulab,2,4,base_svm,0.05,static_full,static_full,0.5510887772194305,987,1791
time,oulab,4,6,base_svm,0.05,static_full,static_full,0.8607508532423208,1261,1465
time,oulab,6,8,base_svm,0.05,static_full,static_full,0.8604166666666667,1239,1440
time,oulab,8,10,base_svm,0.05,static_full,static_full,0.8527131782945736,1210,1419
time,oulab,10,12,base_svm,0.05,static_full,static_full,0.937874251497006,1253,1336
time,oulab,12,14,base_svm,0.05,static_full,static_full,0.9246987951807228,1228,1328
time,oulab,14,16,base_svm,0.05,static_full,static_full,0.8805078416728902,1179,1339
time,oulab,2,4,base_svm,0.1,static_full,static_full,0.5934097421203438,2071,3490
time,oulab,4,6,base_svm,0.1,static_full,static_full,0.8914701803051318,2571,2884
time,oulab,6,8,base_svm,0.1,static_full,static_full,0.9006034788782392,2537,2817
time,oulab,8,10,base_svm,0.1,static_full,static_full,0.8979076479076479,2489,2772
time,oulab,10,12,base_svm,0.1,static_full,static_full,0.9558323895809739,2532,2649
time,oulab,12,14,base_svm,0.1,static_full,static_full,0.9466463414634146,2484,2624
time,oulab,14,16,base_svm,0.1,static_full,static_full,0.9260819609345079,2418,2611
time,oulab,2,4,base_svm,0.2,static_full,static_full,0.6469194312796208,4368,6752
time,oulab,4,6,base_svm,0.2,static_full,static_full,0.865766073871409,5063,5848
time,oulab,6,8,base_svm,0.2,static_full,static_full,0.8716783216783217,4986,5720
time,oulab,8,10,base_svm,0.2,static_full,static_full,0.8720412884854957,4900,5619
time,oulab,10,12,base_svm,0.2,static_full,static_full,0.9516007532956685,5053,5310
time,oulab,12,14,base_svm,0.2,static_full,static_full,0.9561554662071606,4994,5223
time,oulab,14,16,base_svm,0.2,static_full,static_full,0.9512999611951882,4903,5154
time,oulab,2,4,flat_hgb,0.01,static_full,static_full,0.5722379603399433,202,353
time,oulab,4,6,flat_hgb,0.01,static_full,static_full,0.8788927335640139,254,289
time,oulab,6,8,flat_hgb,0.01,static_full,static_full,0.900709219858156,254,282
time,oulab,8,10,flat_hgb,0.01,static_full,static_full,0.8821428571428571,247,280
time,oulab,10,12,flat_hgb,0.01,static_full,static_full,0.9695817490494296,255,263
time,oulab,12,14,flat_hgb,0.01,static_full,static_full,0.9806949806949807,254,259
time,oulab,14,16,flat_hgb,0.01,static_full,static_full,0.9765625,250,256
time,oulab,2,4,flat_hgb,0.05,static_full,static_full,0.5956346927053418,1037,1741
time,oulab,4,6,flat_hgb,0.05,static_full,static_full,0.8891198891198892,1283,1443
time,oulab,6,8,flat_hgb,0.05,static_full,static_full,0.9315068493150684,1292,1387
time,oulab,8,10,flat_hgb,0.05,static_full,static_full,0.924597364568082,1263,1366
time,oulab,10,12,flat_hgb,0.05,static_full,static_full,0.9793577981651376,1281,1308
time,oulab,12,14,flat_hgb,0.05,static_full,static_full,0.978328173374613,1264,1292
time,oulab,14,16,flat_hgb,0.05,static_full,static_full,0.9687255668491008,1239,1279
time,oulab,2,4,flat_hgb,0.1,static_full,static_full,0.5961538461538461,2077,3484
time,oulab,4,6,flat_hgb,0.1,static_full,static_full,0.9066759874169871,2594,2861
time,oulab,6,8,flat_hgb,0.1,static_full,static_full,0.9286743515850144,2578,2776
time,oulab,8,10,flat_hgb,0.1,static_full,static_full,0.92993396918562,2535,2726
time,oulab,10,12,flat_hgb,0.1,static_full,static_full,0.9707112970711297,2552,2629
time,oulab,12,14,flat_hgb,0.1,static_full,static_full,0.9676425269645609,2512,2596
time,oulab,14,16,flat_hgb,0.1,static_full,static_full,0.964453125,2469,2560
time,oulab,2,4,flat_hgb,0.2,static_full,static_full,0.6219369894982497,4264,6856
time,oulab,4,6,flat_hgb,0.2,static_full,static_full,0.8331653225806451,4959,5952
time,oulab,6,8,flat_hgb,0.2,static_full,static_full,0.8619130434782609,4956,5750
time,oulab,8,10,flat_hgb,0.2,static_full,static_full,0.8262152777777778,4759,5760
time,oulab,10,12,flat_hgb,0.2,static_full,static_full,0.9172987974098057,4958,5405
time,oulab,12,14,flat_hgb,0.2,static_full,static_full,0.9065124090315357,4858,5359
time,oulab,14,16,flat_hgb,0.2,static_full,static_full,0.907987099222159,4786,5271
time,oulab,2,4,stack_7_full,0.01,static_full,static_full,0.3602941176470588,147,408
time,oulab,4,6,stack_7_full,0.01,static_full,static_full,0.5426136363636364,191,352
time,oulab,6,8,stack_7_full,0.01,static_full,static_full,0.5098591549295775,181,355
time,oulab,8,10,stack_7_full,0.01,static_full,static_full,0.4166666666666667,155,372
time,oulab,10,12,stack_7_full,0.01,static_full,static_full,0.35958005249343833,137,381
time,oulab,12,14,stack_7_full,0.01,static_full,static_full,0.25121951219512195,103,410
time,oulab,14,16,stack_7_full,0.01,static_full,static_full,0.26184538653366585,105,401
time,oulab,2,4,stack_7_full,0.05,static_full,static_full,0.47295864262990456,892,1886
time,oulab,4,6,stack_7_full,0.05,static_full,static_full,0.6632092739475289,1087,1639
time,oulab,6,8,stack_7_full,0.05,static_full,static_full,0.6733291692692067,1078,1601
time,oulab,8,10,stack_7_full,0.05,static_full,static_full,0.6928525434642627,1076,1553
time,oulab,10,12,stack_7_full,0.05,static_full,static_full,0.5624622812311406,932,1657
time,oulab,12,14,stack_7_full,0.05,static_full,static_full,0.46981023576768255,817,1739
time,oulab,14,16,stack_7_full,0.05,static_full,static_full,0.6058673469387755,950,1568
time,oulab,2,4,stack_7_full,0.1,static_full,static_full,0.5235616438356164,1911,3650
time,oulab,4,6,stack_7_full,0.1,static_full,static_full,0.743925831202046,2327,3128
time,oulab,6,8,stack_7_full,0.1,static_full,static_full,0.7664137248432861,2323,3031
time,oulab,8,10,stack_7_full,0.1,static_full,static_full,0.7414763323402846,2240,3021
time,oulab,10,12,stack_7_full,0.1,static_full,static_full,0.729305740987984,2185,2996
time,oulab,12,14,stack_7_full,0.1,static_full,static_full,0.6283072999681224,1971,3137
time,oulab,14,16,stack_7_full,0.1,static_full,static_full,0.7246227709190672,2113,2916
time,oulab,2,4,stack_7_full,0.2,static_full,static_full,0.6106604866743917,4216,6904
time,oulab,4,6,stack_7_full,0.2,static_full,static_full,0.7770358306188925,4771,6140
time,oulab,6,8,stack_7_full,0.2,static_full,static_full,0.8090571138898276,4788,5918
time,oulab,8,10,stack_7_full,0.2,static_full,static_full,0.8170668509241665,4730,5789
time,oulab,10,12,stack_7_full,0.2,static_full,static_full,0.8732827187274042,4831,5532
time,oulab,12,14,stack_7_full,0.2,static_full,static_full,0.840569266798775,4666,5551
time,oulab,14,16,stack_7_full,0.2,static_full,static_full,0.8278807706288622,4555,5502
time,oulab,2,4,temporal_hgb,0.01,static_full,static_full,0.5722379603399433,202,353
time,oulab,4,6,temporal_hgb,0.01,static_full,static_full,0.8986013986013986,257,286
time,oulab,6,8,temporal_hgb,0.01,static_full,static_full,0.900709219858156,254,282
time,oulab,8,10,temporal_hgb,0.01,static_full,static_full,0.8687943262411347,245,282
time,oulab,10,12,temporal_hgb,0.01,static_full,static_full,0.8566308243727598,239,279
time,oulab,12,14,temporal_hgb,0.01,static_full,static_full,0.8586956521739131,237,276
time,oulab,14,16,temporal_hgb,0.01,static_full,static_full,0.8951310861423221,239,267
time,oulab,2,4,temporal_hgb,0.05,static_full,static_full,0.5928899082568807,1034,1744
time,oulab,4,6,temporal_hgb,0.05,static_full,static_full,0.8878116343490304,1282,1444
time,oulab,6,8,temporal_hgb,0.05,static_full,static_full,0.9245689655172413,1287,1392
time,oulab,8,10,temporal_hgb,0.05,static_full,static_full,0.9175784099197666,1258,1371
time,oulab,10,12,temporal_hgb,0.05,static_full,static_full,0.9569160997732427,1266,1323
time,oulab,12,14,temporal_hgb,0.05,static_full,static_full,0.9556235654169855,1249,1307
time,oulab,14,16,temporal_hgb,0.05,static_full,static_full,0.9595330739299611,1233,1285
time,oulab,2,4,temporal_hgb,0.1,static_full,static_full,0.5975294455616202,2080,3481
time,oulab,4,6,temporal_hgb,0.1,static_full,static_full,0.8980514961725817,2581,2874
time,oulab,6,8,temporal_hgb,0.1,static_full,static_full,0.9162491052254832,2560,2794
time,oulab,8,10,temporal_hgb,0.1,static_full,static_full,0.9264005858659832,2530,2731
time,oulab,10,12,temporal_hgb,0.1,static_full,static_full,0.9625,2541,2640
time,oulab,12,14,temporal_hgb,0.1,static_full,static_full,0.9578382522039095,2499,2609
time,oulab,14,16,temporal_hgb,0.1,static_full,static_full,0.965220789370848,2470,2559
time,oulab,2,4,temporal_hgb,0.2,static_full,static_full,0.6090290840688757,4209,6911
time,oulab,4,6,temporal_hgb,0.2,static_full,static_full,0.7857610474631751,4801,6110
time,oulab,6,8,temporal_hgb,0.2,static_full,static_full,0.7978169605373635,4751,5955
time,oulab,8,10,temporal_hgb,0.2,static_full,static_full,0.8431750481864377,4812,5707
time,oulab,10,12,temporal_hgb,0.2,static_full,static_full,0.924777117384844,4979,5384
time,oulab,12,14,temporal_hgb,0.2,static_full,static_full,0.8973073351903436,4832,5385
time,oulab,14,16,temporal_hgb,0.2,static_full,static_full,0.8971892095830976,4756,5301
