dataset,week,model,protocol,reference_protocol,metric,delta,ci_low,ci_high,n_clusters
oulab,2,base_dffnn,activity_conditioned,cutoff_valid,auc,-0.007078660955078253,-0.015271169583370223,0.000315261325587954,22
oulab,2,base_dffnn,activity_conditioned,cutoff_valid,pr_auc_risk,-0.012284398919947703,-0.03489109403202849,0.007690505380948947,22
oulab,2,base_dffnn,activity_conditioned,cutoff_valid,brier,0.0015722221227165711,-0.001030660335625315,0.004183549545510214,22
oulab,2,base_dffnn,activity_conditioned,cutoff_valid,ece,-0.001293841613109567,-0.007759730049779191,0.004141337337325011,22
oulab,2,base_dffnn,activity_to_cutoff_valid,cutoff_valid,auc,-2.686370982663e-05,-0.0030731463105067467,0.002689511235795415,22
oulab,2,base_dffnn,activity_to_cutoff_valid,cutoff_valid,pr_auc_risk,0.0014082440308892386,-0.004936203270582898,0.008709452389131456,22
oulab,2,base_dffnn,activity_to_cutoff_valid,cutoff_valid,brier,0.00045066804859353327,-0.0006905416407316491,0.0018556225064568861,22
oulab,2,base_dffnn,activity_to_cutoff_valid,cutoff_valid,ece,0.009428348417039718,-0.009699706649029916,0.014216918267702099,22
oulab,2,base_dffnn,cutoff_valid_to_activity,cutoff_valid,auc,-0.007587636794634145,-0.01569773817781616,-0.00012100625899652431,22
oulab,2,base_dffnn,cutoff_valid_to_activity,cutoff_valid,pr_auc_risk,-0.014298110340326797,-0.03538115607525774,0.0058485811083103,22
oulab,2,base_dffnn,cutoff_valid_to_activity,cutoff_valid,brier,0.0016909313603645504,-0.0013982471920415726,0.004502464974411928,22
oulab,2,base_dffnn,cutoff_valid_to_activity,cutoff_valid,ece,-0.008006951497548718,-0.0201162951357746,0.01531546486726607,22
oulab,2,base_dffnn,static_full,cutoff_valid,auc,0.06034201341348211,0.049178973051973045,0.07177221578808472,22
oulab,2,base_dffnn,static_full,cutoff_valid,pr_auc_risk,0.133943542913731,0.10820084577761126,0.16107858537201503,22
oulab,2,base_dffnn,static_full,cutoff_valid,brier,-0.021284895536348797,-0.02518968093528897,-0.01671758510190577,22
oulab,2,base_dffnn,static_full,cutoff_valid,ece,-0.005697567992455951,-0.01826989965855702,0.008455184396700802,22
oulab,2,base_knn,activity_conditioned,cutoff_valid,auc,-0.013414678140846403,-0.020566989077230903,-0.006731071897891924,22
oulab,2,base_knn,activity_conditioned,cutoff_valid,pr_auc_risk,-0.018816453312687553,-0.040233034710362894,-0.00032658990544608184,22
oulab,2,base_knn,activity_conditioned,cutoff_valid,brier,0.002697526351947699,0.0007733459194203596,0.00423414729979368,22
oulab,2,base_knn,activity_conditioned,cutoff_valid,ece,0.0009677285607229778,-0.008288600071085415,0.0074148595434664075,22
oulab,2,base_knn,activity_to_cutoff_valid,cutoff_valid,auc,-0.009024321329148544,-0.011365157904584358,-0.006949458028285661,22
oulab,2,base_knn,activity_to_cutoff_valid,cutoff_valid,pr_auc_risk,-0.021850972062044116,-0.03349254206710792,-0.010378625197898683,22
oulab,2,base_knn,activity_to_cutoff_valid,cutoff_valid,brier,0.0025282006484021458,0.0013679546913968215,0.003487767898861359,22
oulab,2,base_knn,activity_to_cutoff_valid,cutoff_valid,ece,0.016795183298300664,-0.0019278104603415508,0.021708096477772342,22
oulab,2,base_knn,cutoff_valid_to_activity,cutoff_valid,auc,-0.01581560352756095,-0.0228766668626746,-0.009088299307526339,22
oulab,2,base_knn,cutoff_valid_to_activity,cutoff_valid,pr_auc_risk,-0.022748274246892852,-0.04398596139794941,-0.003916614978696206,22
oulab,2,base_knn,cutoff_valid_to_activity,cutoff_valid,brier,0.0034755745210680866,0.0006308235738973219,0.005835059007512761,22
oulab,2,base_knn,cutoff_valid_to_activity,cutoff_valid,ece,0.010459008288922277,-0.017470096130635895,0.020187112682384743,22
oulab,2,base_knn,static_full,cutoff_valid,auc,0.06535217491500434,0.055476095456759966,0.07456368317482562,22
oulab,2,base_knn,static_full,cutoff_valid,pr_auc_risk,0.15081944058977603,0.1277495470810641,0.17063039569819946,22
oulab,2,base_knn,static_full,cutoff_valid,brier,-0.018784987138561,-0.02195279558119222,-0.015139781683920963,22
oulab,2,base_knn,static_full,cutoff_valid,ece,0.012309006423597637,-0.008424753788512315,0.021542777740726077,22
oulab,2,base_lr_clickstream,activity_conditioned,cutoff_valid,auc,-0.015471153125591997,-0.02399649030826653,-0.008215037599546083,22
oulab,2,base_lr_clickstream,activity_conditioned,cutoff_valid,pr_auc_risk,-0.029168112589244455,-0.05042265049710217,-0.012411907551369597,22
oulab,2,base_lr_clickstream,activity_conditioned,cutoff_valid,brier,0.003525402440147013,0.0015236555722344433,0.005341230478719356,22
oulab,2,base_lr_clickstream,activity_conditioned,cutoff_valid,ece,-0.0006858788767367847,-0.006907836595079352,0.00785999211638675,22
oulab,2,base_lr_clickstream,activity_to_cutoff_valid,cutoff_valid,auc,-0.000684870918030267,-0.0019701211559397386,0.0004849367124783006,22
oulab,2,base_lr_clickstream,activity_to_cutoff_valid,cutoff_valid,pr_auc_risk,-0.0038173388995313973,-0.009209231312276089,0.001187413958307097,22
oulab,2,base_lr_clickstream,activity_to_cutoff_valid,cutoff_valid,brier,0.0012306775609320364,0.0002653219043280655,0.002297905788703745,22
oulab,2,base_lr_clickstream,activity_to_cutoff_valid,cutoff_valid,ece,0.015050494765789357,-0.0052084127013981634,0.022074101561067087,22
oulab,2,base_lr_clickstream,cutoff_valid_to_activity,cutoff_valid,auc,-0.015716288602786066,-0.024181907322759003,-0.008475056846062506,22
oulab,2,base_lr_clickstream,cutoff_valid_to_activity,cutoff_valid,pr_auc_risk,-0.02975078003359166,-0.05136180012366722,-0.012424688911169593,22
oulab,2,base_lr_clickstream,cutoff_valid_to_activity,cutoff_valid,brier,0.0038370422293168838,0.0006025371118026133,0.006513039514458148,22
oulab,2,base_lr_clickstream,cutoff_valid_to_activity,cutoff_valid,ece,0.006161410622456006,-0.022470222190446008,0.021623902162237436,22
oulab,2,base_lr_clickstream,static_full,cutoff_valid,auc,0.06266537239574987,0.05145989468623287,0.07409183022824493,22
oulab,2,base_lr_clickstream,static_full,cutoff_valid,pr_auc_risk,0.14060457270546967,0.11276270450410107,0.17127348171332937,22
oulab,2,base_lr_clickstream,static_full,cutoff_valid,brier,-0.019852330920829886,-0.024029188510220876,-0.014463588435585711,22
oulab,2,base_lr_clickstream,static_full,cutoff_valid,ece,0.0026225555974205943,-0.006949524429645227,0.010986071718099408,22
oulab,2,base_lr_profile,activity_conditioned,cutoff_valid,auc,-0.02461683942569537,-0.03404292668376626,-0.015931255684149062,22
oulab,2,base_lr_profile,activity_conditioned,cutoff_valid,pr_auc_risk,-0.04654690749805401,-0.06902477835252617,-0.02666878450029913,22
oulab,2,base_lr_profile,activity_conditioned,cutoff_valid,brier,0.005975689613295088,0.0037156395915014747,0.008111068272174742,22
oulab,2,base_lr_profile,activity_conditioned,cutoff_valid,ece,-0.002444240091795698,-0.00892679065939855,0.0044627648818160465,22
oulab,2,base_lr_profile,activity_to_cutoff_valid,cutoff_valid,auc,-0.029394741048693218,-0.0367605476682179,-0.02236569054557516,22
oulab,2,base_lr_profile,activity_to_cutoff_valid,cutoff_valid,pr_auc_risk,-0.04502495441248089,-0.05748947427983388,-0.03357704872186228,22
oulab,2,base_lr_profile,activity_to_cutoff_valid,cutoff_valid,brier,0.0075228159290068874,0.005444824421759111,0.009693729695245698,22
oulab,2,base_lr_profile,activity_to_cutoff_valid,cutoff_valid,ece,-0.0033183298003863805,-0.010430446014081178,0.008376642836226042,22
oulab,2,base_lr_profile,cutoff_valid_to_activity,cutoff_valid,auc,-0.026082543618003773,-0.03464954571258462,-0.01787178750491041,22
oulab,2,base_lr_profile,cutoff_valid_to_activity,cutoff_valid,pr_auc_risk,-0.04761712574427823,-0.06869421282938021,-0.028675557365353235,22
oulab,2,base_lr_profile,cutoff_valid_to_activity,cutoff_valid,brier,0.00650061068429536,0.0037733951572238612,0.008888850909416875,22
oulab,2,base_lr_profile,cutoff_valid_to_activity,cutoff_valid,ece,0.007696189990195803,-0.02229355714536853,0.021958615241880877,22
oulab,2,base_lr_profile,static_full,cutoff_valid,auc,0.06521970149719669,0.0519333004720727,0.07766023815929991,22
oulab,2,base_lr_profile,static_full,cutoff_valid,pr_auc_risk,0.14413444366609995,0.11696074189055058,0.17021195275053896,22
oulab,2,base_lr_profile,static_full,cutoff_valid,brier,-0.018839888391419368,-0.023117385054877603,-0.013839755820191748,22
oulab,2,base_lr_profile,static_full,cutoff_valid,ece,0.0009542698344243081,-0.006960670081096525,0.006446868979760015,22
oulab,2,base_lr_weekly,activity_conditioned,cutoff_valid,auc,-0.012738490114046153,-0.02185021717396277,-0.005329007645151568,22
oulab,2,base_lr_weekly,activity_conditioned,cutoff_valid,pr_auc_risk,-0.02154225539558352,-0.043312018581663475,-0.005029130533290539,22
oulab,2,base_lr_weekly,activity_conditioned,cutoff_valid,brier,0.002740401981067342,0.0008076557004028338,0.004554803244623164,22
oulab,2,base_lr_weekly,activity_conditioned,cutoff_valid,ece,0.0011056651291441672,-0.006984313041911494,0.006866937743917041,22
oulab,2,base_lr_weekly,activity_to_cutoff_valid,cutoff_valid,auc,0.00022764996204960308,-0.0005071713032072933,0.0008747035349912859,22
oulab,2,base_lr_weekly,activity_to_cutoff_valid,cutoff_valid,pr_auc_risk,-0.00047970399400565356,-0.0030001190311552987,0.0025985162224796492,22
oulab,2,base_lr_weekly,activity_to_cutoff_valid,cutoff_valid,brier,0.00042189738191480974,-0.001045678238696434,0.0022180545954656765,22
oulab,2,base_lr_weekly,activity_to_cutoff_valid,cutoff_valid,ece,0.01357026228319698,-0.01600977519143676,0.017337177955570646,22
oulab,2,base_lr_weekly,cutoff_valid_to_activity,cutoff_valid,auc,-0.01332132545623943,-0.02245087728903201,-0.005841796108019082,22
oulab,2,base_lr_weekly,cutoff_valid_to_activity,cutoff_valid,pr_auc_risk,-0.02331143217655296,-0.044434237025690354,-0.006723453799891605,22
oulab,2,base_lr_weekly,cutoff_valid_to_activity,cutoff_valid,brier,0.003138233371554361,-1.197789161392139e-05,0.005820241300406324,22
oulab,2,base_lr_weekly,cutoff_valid_to_activity,cutoff_valid,ece,0.011827549253088918,-0.02373773664785613,0.021569976933989744,22
oulab,2,base_lr_weekly,static_full,cutoff_valid,auc,0.06471531444917389,0.05378293287064221,0.07591054516471653,22
oulab,2,base_lr_weekly,static_full,cutoff_valid,pr_auc_risk,0.1411835832094983,0.11369182044452836,0.17115952443525392,22
oulab,2,base_lr_weekly,static_full,cutoff_valid,brier,-0.020499352684923172,-0.024529481203063978,-0.015172408083200927,22
oulab,2,base_lr_weekly,static_full,cutoff_valid,ece,0.0058443467678019,-0.0075972580449077684,0.012746988345363624,22
oulab,2,base_rf_entropy,activity_conditioned,cutoff_valid,auc,-0.005578495000684303,-0.0143141238906349,0.002373213004049654,22
oulab,2,base_rf_entropy,activity_conditioned,cutoff_valid,pr_auc_risk,-0.009960430193941217,-0.03321094729423106,0.010860904282985836,22
oulab,2,base_rf_entropy,activity_conditioned,cutoff_valid,brier,0.0014354699043893082,-0.0010138301071175783,0.004061451227171255,22
oulab,2,base_rf_entropy,activity_conditioned,cutoff_valid,ece,0.002799082922212162,-0.0031103840707279594,0.008663459389308249,22
oulab,2,base_rf_entropy,activity_to_cutoff_valid,cutoff_valid,auc,-2.2949927540594217e-05,-0.0018743625462479484,0.001561140299308616,22
oulab,2,base_rf_entropy,activity_to_cutoff_valid,cutoff_valid,pr_auc_risk,0.0010509247829727508,-0.004085583772945764,0.005407651414709044,22
oulab,2,base_rf_entropy,activity_to_cutoff_valid,cutoff_valid,brier,0.000976419673368728,-2.4453976636278073e-05,0.001996557638054315,22
oulab,2,base_rf_entropy,activity_to_cutoff_valid,cutoff_valid,ece,0.011287539390416747,0.005513880928839926,0.013850162325716385,22
oulab,2,base_rf_entropy,cutoff_valid_to_activity,cutoff_valid,auc,-0.007086314014590922,-0.01540489223000543,0.00033770459692607625,22
oulab,2,base_rf_entropy,cutoff_valid_to_activity,cutoff_valid,pr_auc_risk,-0.01207160700806209,-0.03509995299389082,0.008172620264880763,22
oulab,2,base_rf_entropy,cutoff_valid_to_activity,cutoff_valid,brier,0.0009838314713488672,-0.001991580857962237,0.0038402069116061865,22
oulab,2,base_rf_entropy,cutoff_valid_to_activity,cutoff_valid,ece,-0.010192898715681596,-0.020084712138877765,0.006454718478548329,22
oulab,2,base_rf_entropy,static_full,cutoff_valid,auc,0.06005326588625026,0.04991747392822277,0.07001516179893529,22
oulab,2,base_rf_entropy,static_full,cutoff_valid,pr_auc_risk,0.1372367186764566,0.11180349348819012,0.1631972728558836,22
oulab,2,base_rf_entropy,static_full,cutoff_valid,brier,-0.022406313723389748,-0.026241660651480855,-0.018249479583259252,22
oulab,2,base_rf_entropy,static_full,cutoff_valid,ece,-0.027387538189579064,-0.04607989277774145,0.025063890683676628,22
oulab,2,base_rf_gini,activity_conditioned,cutoff_valid,auc,-0.005243153152385438,-0.013890858689165267,0.002594139294293798,22
oulab,2,base_rf_gini,activity_conditioned,cutoff_valid,pr_auc_risk,-0.00934818438424767,-0.03219892740371333,0.01111861204605337,22
oulab,2,base_rf_gini,activity_conditioned,cutoff_valid,brier,0.001334435461756267,-0.001063180636547769,0.003943699572879327,22
oulab,2,base_rf_gini,activity_conditioned,cutoff_valid,ece,0.002546981223827946,-0.0035498223398223025,0.008479438971985508,22
oulab,2,base_rf_gini,activity_to_cutoff_valid,cutoff_valid,auc,0.00013828868168797026,-0.0019044504926617773,0.0016966411912616192,22
oulab,2,base_rf_gini,activity_to_cutoff_valid,cutoff_valid,pr_auc_risk,0.001249918204352607,-0.004070593276241247,0.005386094179147025,22
oulab,2,base_rf_gini,activity_to_cutoff_valid,cutoff_valid,brier,0.0009117026993905597,-5.765097684811565e-05,0.0019256580129515897,22
oulab,2,base_rf_gini,activity_to_cutoff_valid,cutoff_valid,ece,0.010566099082428795,0.004624495572990238,0.013072662058603102,22
oulab,2,base_rf_gini,cutoff_valid_to_activity,cutoff_valid,auc,-0.007066810264301893,-0.015363061473747525,0.00035267047646478855,22
oulab,2,base_rf_gini,cutoff_valid_to_activity,cutoff_valid,pr_auc_risk,-0.012049091641200937,-0.03478298779993978,0.007910779289244729,22
oulab,2,base_rf_gini,cutoff_valid_to_activity,cutoff_valid,brier,0.0009783613614314512,-0.002027672765842336,0.0038340586814821637,22
oulab,2,base_rf_gini,cutoff_valid_to_activity,cutoff_valid,ece,-0.009397816916193798,-0.01986254603377584,0.005748481941108222,22
oulab,2,base_rf_gini,static_full,cutoff_valid,auc,0.06030480487680634,0.05002309154331347,0.07039118798119466,22
oulab,2,base_rf_gini,static_full,cutoff_valid,pr_auc_risk,0.13791113477213646,0.11254324763495155,0.16413178615392213,22
oulab,2,base_rf_gini,static_full,cutoff_valid,brier,-0.02255484207984884,-0.026417479516353357,-0.018361757076862727,22
oulab,2,base_rf_gini,static_full,cutoff_valid,ece,-0.027861896281137253,-0.046669654381123436,0.0222838721624147,22
oulab,2,base_svm,activity_conditioned,cutoff_valid,auc,-0.0176341801330564,-0.026553094695840208,-0.009652293148993648,22
oulab,2,base_svm,activity_conditioned,cutoff_valid,pr_auc_risk,-0.03849811306405082,-0.05936722913949997,-0.020175327891028345,22
oulab,2,base_svm,activity_conditioned,cutoff_valid,brier,0.003969349089933627,0.0024992248947704036,0.005366300712608279,22
oulab,2,base_svm,activity_conditioned,cutoff_valid,ece,0.0015853124226068438,-0.0055440657232179846,0.010003594173213502,22
oulab,2,base_svm,activity_to_cutoff_valid,cutoff_valid,auc,-0.0026029008667429743,-0.005652359476226318,0.0004878026358235346,22
oulab,2,base_svm,activity_to_cutoff_valid,cutoff_valid,pr_auc_risk,-0.009324727691518597,-0.017076300406817728,-0.001486071234610912,22
oulab,2,base_svm,activity_to_cutoff_valid,cutoff_valid,brier,0.0020501586755882206,0.0012714091809408108,0.002751186978485243,22
oulab,2,base_svm,activity_to_cutoff_valid,cutoff_valid,ece,0.010495122781323953,0.0016035369287011414,0.015582544348661265,22
oulab,2,base_svm,cutoff_valid_to_activity,cutoff_valid,auc,-0.01683878429787211,-0.025494170752277043,-0.008988750914085462,22
oulab,2,base_svm,cutoff_valid_to_activity,cutoff_valid,pr_auc_risk,-0.03730864474217255,-0.058621176295532366,-0.01649888803022799,22
oulab,2,base_svm,cutoff_valid_to_activity,cutoff_valid,brier,0.004058449766175587,0.001921740595854151,0.005846277780410735,22
oulab,2,base_svm,cutoff_valid_to_activity,cutoff_valid,ece,-0.0030297414082675056,-0.009562931205320103,0.01223979576114099,22
oulab,2,base_svm,static_full,cutoff_valid,auc,0.06498336701319563,0.052738385517431485,0.07723733475822694,22
oulab,2,base_svm,static_full,cutoff_valid,pr_auc_risk,0.15466097492867714,0.12245114807867674,0.18313310276868536,22
oulab,2,base_svm,static_full,cutoff_valid,brier,-0.018554674585280484,-0.023156331422714876,-0.012840881181913205,22
oulab,2,base_svm,static_full,cutoff_valid,ece,0.003886176266992579,-0.0018111260498022439,0.02892740414054496,22
oulab,2,flat_hgb,activity_conditioned,cutoff_valid,auc,-0.013591665539412157,-0.021519283593675644,-0.006305978739916063,22
oulab,2,flat_hgb,activity_conditioned,cutoff_valid,pr_auc_risk,-0.011292944717386622,-0.03601576889117214,0.006750492654736591,22
oulab,2,flat_hgb,activity_conditioned,cutoff_valid,brier,0.0029269930783477893,0.0009231109801945373,0.004703596483890909,22
oulab,2,flat_hgb,activity_conditioned,cutoff_valid,ece,-0.0008393870807292588,-0.008465450042979742,0.0047780782021338356,22
oulab,2,flat_hgb,activity_to_cutoff_valid,cutoff_valid,auc,-0.002325603756755501,-0.0036319635890871673,-0.0009460000051362836,22
oulab,2,flat_hgb,activity_to_cutoff_valid,cutoff_valid,pr_auc_risk,-0.0020794752430669527,-0.009645382523483853,0.002611779326261132,22
oulab,2,flat_hgb,activity_to_cutoff_valid,cutoff_valid,brier,0.0007679592343656783,5.5502433130239646e-05,0.0016118707304908582,22
oulab,2,flat_hgb,activity_to_cutoff_valid,cutoff_valid,ece,0.010519372806727626,-0.006895746727808857,0.012273991676716185,22
oulab,2,flat_hgb,cutoff_valid_to_activity,cutoff_valid,auc,-0.013183738748118623,-0.02125727311878866,-0.005808654235862985,22
oulab,2,flat_hgb,cutoff_valid_to_activity,cutoff_valid,pr_auc_risk,-0.01113383907871135,-0.03704781587520523,0.008073225910352064,22
oulab,2,flat_hgb,cutoff_valid_to_activity,cutoff_valid,brier,0.003033500634116809,7.470423231750185e-05,0.005469573473480101,22
oulab,2,flat_hgb,cutoff_valid_to_activity,cutoff_valid,ece,0.000860074781731765,-0.021839444336061675,0.018234085373370863,22
oulab,2,flat_hgb,static_full,cutoff_valid,auc,0.05918545169535139,0.049458705931464335,0.0687308910798396,22
oulab,2,flat_hgb,static_full,cutoff_valid,pr_auc_risk,0.13371146558952485,0.10762528048585561,0.16146664989724702,22
oulab,2,flat_hgb,static_full,cutoff_valid,brier,-0.019772577512979506,-0.023888481937184687,-0.014594710861326486,22
oulab,2,flat_hgb,static_full,cutoff_valid,ece,-0.0030976179560706484,-0.009266910846596718,0.005820650750405435,22
oulab,2,stack_7_full,activity_conditioned,cutoff_valid,auc,-0.005820704291093937,-0.014615422962476182,0.0022463926864502944,22
oulab,2,stack_7_full,activity_conditioned,cutoff_valid,pr_auc_risk,-0.010171345301430379,-0.03374474981230885,0.010988359646168212,22
oulab,2,stack_7_full,activity_conditioned,cutoff_valid,brier,0.0011840246964991696,-0.0013884830399166132,0.0036432416024944187,22
oulab,2,stack_7_full,activity_conditioned,cutoff_valid,ece,-0.0026363012159285317,-0.008908071828110254,0.005730672936347782,22
oulab,2,stack_7_full,activity_to_cutoff_valid,cutoff_valid,auc,-0.007553953281775105,-0.0106382105152889,-0.005002706914478333,22
oulab,2,stack_7_full,activity_to_cutoff_valid,cutoff_valid,pr_auc_risk,-0.017599086035978595,-0.026289310983239944,-0.009897779120951272,22
oulab,2,stack_7_full,activity_to_cutoff_valid,cutoff_valid,brier,0.0028153678047326824,0.0016484325180730086,0.004073263420104951,22
oulab,2,stack_7_full,activity_to_cutoff_valid,cutoff_valid,ece,-0.0023863652731118063,-0.010046674736309972,0.008125823147578341,22
oulab,2,stack_7_full,cutoff_valid_to_activity,cutoff_valid,auc,-0.007115688927285202,-0.01529434659333764,0.0008902892893070789,22
oulab,2,stack_7_full,cutoff_valid_to_activity,cutoff_valid,pr_auc_risk,-0.012090744439902879,-0.03381295943905914,0.008046356375035106,22
oulab,2,stack_7_full,cutoff_valid_to_activity,cutoff_valid,brier,0.001691444914620338,-0.0013930704507927674,0.004564001297973584,22
oulab,2,stack_7_full,cutoff_valid_to_activity,cutoff_valid,ece,-0.001082485387437276,-0.01586264928607434,0.017225008668979594,22
oulab,2,stack_7_full,static_full,cutoff_valid,auc,0.06050343252120072,0.04831102194414526,0.0718315816719114,22
oulab,2,stack_7_full,static_full,cutoff_valid,pr_auc_risk,0.13523696250305928,0.10793106989756573,0.16249962762373443,22
oulab,2,stack_7_full,static_full,cutoff_valid,brier,-0.021467877691508624,-0.025410011744199722,-0.016739481625830627,22
oulab,2,stack_7_full,static_full,cutoff_valid,ece,-0.0012655348258409395,-0.011704317216231436,0.004868205273945051,22
oulab,2,temporal_hgb,activity_conditioned,cutoff_valid,auc,-0.0125836965844347,-0.021476852367299074,-0.005305766676899174,22
oulab,2,temporal_hgb,activity_conditioned,cutoff_valid,pr_auc_risk,-0.025841669301481796,-0.04806377003913794,-0.007557367718483468,22
oulab,2,temporal_hgb,activity_conditioned,cutoff_valid,brier,0.0026268656322188666,0.0008041437781686915,0.004390458044990599,22
oulab,2,temporal_hgb,activity_conditioned,cutoff_valid,ece,-0.0013463037836504545,-0.0074089539593509505,0.00652245907642193,22
oulab,2,temporal_hgb,activity_to_cutoff_valid,cutoff_valid,auc,-0.001705125827383358,-0.003853416402593279,-2.3014689984654513e-06,22
oulab,2,temporal_hgb,activity_to_cutoff_valid,cutoff_valid,pr_auc_risk,-0.012926795178122452,-0.016687766100590074,-0.0073647821240079405,22
oulab,2,temporal_hgb,activity_to_cutoff_valid,cutoff_valid,brier,0.0005503051907895518,-0.00048183627577448525,0.001809426222505552,22
oulab,2,temporal_hgb,activity_to_cutoff_valid,cutoff_valid,ece,0.0097168502638423,-0.011039886075988792,0.013508407032203596,22
oulab,2,temporal_hgb,cutoff_valid_to_activity,cutoff_valid,auc,-0.01361101800411324,-0.022628843641477263,-0.006179819695417611,22
oulab,2,temporal_hgb,cutoff_valid_to_activity,cutoff_valid,pr_auc_risk,-0.0257844134532782,-0.048452529292654506,-0.007668107592553456,22
oulab,2,temporal_hgb,cutoff_valid_to_activity,cutoff_valid,brier,0.003142770339146894,0.00021312410853486577,0.00562299245764629,22
oulab,2,temporal_hgb,cutoff_valid_to_activity,cutoff_valid,ece,0.008871313431268676,-0.022073598024684143,0.019463147447024553,22
oulab,2,temporal_hgb,static_full,cutoff_valid,auc,0.06427151992966718,0.054357729972655096,0.07408813594977087,22
oulab,2,temporal_hgb,static_full,cutoff_valid,pr_auc_risk,0.13982395292495897,0.115368028380778,0.16558332111542054,22
oulab,2,temporal_hgb,static_full,cutoff_valid,brier,-0.020463948478390948,-0.02438756807167839,-0.015292073884797652,22
oulab,2,temporal_hgb,static_full,cutoff_valid,ece,0.0008558623269669507,-0.008187128268716714,0.007157472921183629,22
oulab,4,base_dffnn,activity_conditioned,cutoff_valid,auc,0.009590310929933343,0.0034246548628668132,0.015088839475586735,22
oulab,4,base_dffnn,activity_conditioned,cutoff_valid,pr_auc_risk,0.02403858627840627,0.007233586832139177,0.03858857744601877,22
oulab,4,base_dffnn,activity_conditioned,cutoff_valid,brier,-0.0028989068449442323,-0.005150598892490363,-0.0003118556961070846,22
oulab,4,base_dffnn,activity_conditioned,cutoff_valid,ece,-0.0007381525753173412,-0.007434939684331602,0.005663832151552412,22
oulab,4,base_dffnn,activity_to_cutoff_valid,cutoff_valid,auc,-0.0018710798674814733,-0.004462309290011085,0.000663612558577414,22
oulab,4,base_dffnn,activity_to_cutoff_valid,cutoff_valid,pr_auc_risk,-0.004830196907834816,-0.01125698638264851,0.00020825820152551544,22
oulab,4,base_dffnn,activity_to_cutoff_valid,cutoff_valid,brier,0.0014071220260837014,-0.00012236608046321885,0.003443128093669864,22
oulab,4,base_dffnn,activity_to_cutoff_valid,cutoff_valid,ece,0.005485088524248588,-0.003940636427388031,0.010914666310438692,22
oulab,4,base_dffnn,cutoff_valid_to_activity,cutoff_valid,auc,0.009417600489421307,0.0033817457958283115,0.01446401241084573,22
oulab,4,base_dffnn,cutoff_valid_to_activity,cutoff_valid,pr_auc_risk,0.022286527541767853,0.006106047935989106,0.03615705320279174,22
oulab,4,base_dffnn,cutoff_valid_to_activity,cutoff_valid,brier,-0.0034088484734838553,-0.005308444339580361,-0.001397590335761119,22
oulab,4,base_dffnn,cutoff_valid_to_activity,cutoff_valid,ece,-0.008235597472043651,-0.01291443412161716,0.008965059295207883,22
oulab,4,base_dffnn,static_full,cutoff_valid,auc,0.0694232036040554,0.056334585695633585,0.08546796881733744,22
oulab,4,base_dffnn,static_full,cutoff_valid,pr_auc_risk,0.14385823795300312,0.10856872960137366,0.18673413854313883,22
oulab,4,base_dffnn,static_full,cutoff_valid,brier,-0.028708171171472674,-0.034599231996881884,-0.023312290996033602,22
oulab,4,base_dffnn,static_full,cutoff_valid,ece,-0.014979125110107749,-0.023943619048813605,-0.0058103350667764436,22
oulab,4,base_knn,activity_conditioned,cutoff_valid,auc,0.005255399818791973,-0.00223268073283846,0.010514626316024058,22
oulab,4,base_knn,activity_conditioned,cutoff_valid,pr_auc_risk,0.015258668316145418,-0.006982717307341885,0.04093893921602134,22
oulab,4,base_knn,activity_conditioned,cutoff_valid,brier,-0.0012716031828343966,-0.003485958644037853,0.0010493151808999945,22
oulab,4,base_knn,activity_conditioned,cutoff_valid,ece,-0.004126525852103512,-0.00994399745872184,0.004728572156473776,22
oulab,4,base_knn,activity_to_cutoff_valid,cutoff_valid,auc,-0.00022129251905467218,-0.0027545177051714193,0.0022474150931955862,22
oulab,4,base_knn,activity_to_cutoff_valid,cutoff_valid,pr_auc_risk,-0.009027730582060856,-0.021491487057507072,0.008208057654278528,22
oulab,4,base_knn,activity_to_cutoff_valid,cutoff_valid,brier,0.00033284299981847787,-0.0014481178194453055,0.0025909956901545577,22
oulab,4,base_knn,activity_to_cutoff_valid,cutoff_valid,ece,0.010993426548029806,-0.011889889745947615,0.015892331216399828,22
oulab,4,base_knn,cutoff_valid_to_activity,cutoff_valid,auc,0.002947259657475554,-0.0038215059779233645,0.008524427317709266,22
oulab,4,base_knn,cutoff_valid_to_activity,cutoff_valid,pr_auc_risk,0.006141008250083457,-0.015014616198429875,0.03774043120681277,22
oulab,4,base_knn,cutoff_valid_to_activity,cutoff_valid,brier,-0.00041541645802473104,-0.0033807146835488646,0.0019372167843057016,22
oulab,4,base_knn,cutoff_valid_to_activity,cutoff_valid,ece,0.00027337406568610917,-0.02544100667118614,0.01994182697112293,22
oulab,4,base_knn,static_full,cutoff_valid,auc,0.0719727986312021,0.05850339774809715,0.08999019140273452,22
oulab,4,base_knn,static_full,cutoff_valid,pr_auc_risk,0.1702882332490735,0.1264849535005897,0.22030457079681667,22
oulab,4,base_knn,static_full,cutoff_valid,brier,-0.02665352391111614,-0.0330138436604355,-0.02093029703042247,22
oulab,4,base_knn,static_full,cutoff_valid,ece,-0.00449662955553911,-0.016900447288805964,0.002383837084099944,22
oulab,4,base_lr_clickstream,activity_conditioned,cutoff_valid,auc,-0.00018178002858371123,-0.010638840349496036,0.008398411696267039,22
oulab,4,base_lr_clickstream,activity_conditioned,cutoff_valid,pr_auc_risk,0.0003542444781503562,-0.02003643318004895,0.02244665666105948,22
oulab,4,base_lr_clickstream,activity_conditioned,cutoff_valid,brier,0.00135642566470362,-0.0018735472052939406,0.005551845393043965,22
oulab,4,base_lr_clickstream,activity_conditioned,cutoff_valid,ece,-0.00281602923551192,-0.005437696463814751,0.011241855854734565,22
oulab,4,base_lr_clickstream,activity_to_cutoff_valid,cutoff_valid,auc,-0.006172975413090587,-0.01080822961467103,-0.0007585475140060462,22
oulab,4,base_lr_clickstream,activity_to_cutoff_valid,cutoff_valid,pr_auc_risk,-0.019119190274423326,-0.024430051156184487,-0.0033227457073846645,22
oulab,4,base_lr_clickstream,activity_to_cutoff_valid,cutoff_valid,brier,0.0026634979854333607,-0.0008608728104442062,0.007025127246170654,22
oulab,4,base_lr_clickstream,activity_to_cutoff_valid,cutoff_valid,ece,0.008173043170363395,-0.011767180970680016,0.023848782308494198,22
oulab,4,base_lr_clickstream,cutoff_valid_to_activity,cutoff_valid,auc,0.0029941807953355326,-0.005706111002602698,0.00925710702444875,22
oulab,4,base_lr_clickstream,cutoff_valid_to_activity,cutoff_valid,pr_auc_risk,0.002726772631074681,-0.015707694037160838,0.0227664550464253,22
oulab,4,base_lr_clickstream,cutoff_valid_to_activity,cutoff_valid,brier,0.0012139448414989207,-0.0009694765008795486,0.003113238912589095,22
oulab,4,base_lr_clickstream,cutoff_valid_to_activity,cutoff_valid,ece,0.012487134409258367,-0.02297509334721261,0.025587018457899846,22
oulab,4,base_lr_clickstream,static_full,cutoff_valid,auc,0.06917439992064245,0.05790184640709939,0.08231568483942203,22
oulab,4,base_lr_clickstream,static_full,cutoff_valid,pr_auc_risk,0.1745431938742431,0.1305576616994514,0.22143849088005452,22
oulab,4,base_lr_clickstream,static_full,cutoff_valid,brier,-0.024469200529247392,-0.02962983328882155,-0.017856436548284265,22
oulab,4,base_lr_clickstream,static_full,cutoff_valid,ece,-0.005825557538529414,-0.01206853748942259,0.006626121422235133,22
oulab,4,base_lr_profile,activity_conditioned,cutoff_valid,auc,-0.017246746347035824,-0.023309239712870893,-0.011376716008629934,22
oulab,4,base_lr_profile,activity_conditioned,cutoff_valid,pr_auc_risk,-0.024778830040618205,-0.04253617150231212,-0.00846789405928306,22
oulab,4,base_lr_profile,activity_conditioned,cutoff_valid,brier,0.007014471756612961,0.005018138499108626,0.008869993997835958,22
oulab,4,base_lr_profile,activity_conditioned,cutoff_valid,ece,-9.799664966228874e-05,-0.006140973077779219,0.007011577219520361,22
oulab,4,base_lr_profile,activity_to_cutoff_valid,cutoff_valid,auc,-0.022307478771377065,-0.028338716683616767,-0.017626938689819436,22
oulab,4,base_lr_profile,activity_to_cutoff_valid,cutoff_valid,pr_auc_risk,-0.04351597706583388,-0.05439504223445516,-0.03389786270399743,22
oulab,4,base_lr_profile,activity_to_cutoff_valid,cutoff_valid,brier,0.006802443045368589,0.004538563776871688,0.00903998693068868,22
oulab,4,base_lr_profile,activity_to_cutoff_valid,cutoff_valid,ece,0.012084250171143741,-0.012229635054876705,0.015048455042939047,22
oulab,4,base_lr_profile,cutoff_valid_to_activity,cutoff_valid,auc,-0.018598885331060577,-0.024656725762653355,-0.012469442339544732,22
oulab,4,base_lr_profile,cutoff_valid_to_activity,cutoff_valid,pr_auc_risk,-0.02595011953491755,-0.043348516481972944,-0.009628059950754303,22
oulab,4,base_lr_profile,cutoff_valid_to_activity,cutoff_valid,brier,0.007945354676819089,0.005718285552728346,0.010046564529284797,22
oulab,4,base_lr_profile,cutoff_valid_to_activity,cutoff_valid,ece,0.01894714287342545,-0.025769272878508727,0.032947652328590496,22
oulab,4,base_lr_profile,static_full,cutoff_valid,auc,0.07087124731836081,0.05946409064120026,0.08232040907253435,22
oulab,4,base_lr_profile,static_full,cutoff_valid,pr_auc_risk,0.1650879830351044,0.14288018954265058,0.18817866975112135,22
oulab,4,base_lr_profile,static_full,cutoff_valid,brier,-0.020761064332665752,-0.024595329915964005,-0.015955522560000972,22
oulab,4,base_lr_profile,static_full,cutoff_valid,ece,-0.0014928320583835536,-0.006772899805962246,0.0056275500012567875,22
oulab,4,base_lr_weekly,activity_conditioned,cutoff_valid,auc,0.002627386219673955,-0.007493888971779694,0.011279664993868366,22
oulab,4,base_lr_weekly,activity_conditioned,cutoff_valid,pr_auc_risk,0.0034955119365402965,-0.017032279976616056,0.02629344060755016,22
oulab,4,base_lr_weekly,activity_conditioned,cutoff_valid,brier,0.0010830878081359574,-0.002469361640963082,0.005686991909829681,22
oulab,4,base_lr_weekly,activity_conditioned,cutoff_valid,ece,0.005665799226853303,-0.0058635806570189455,0.014593987555614273,22
oulab,4,base_lr_weekly,activity_to_cutoff_valid,cutoff_valid,auc,-0.004187293622125998,-0.007994951772961192,0.00037729455091253236,22
oulab,4,base_lr_weekly,activity_to_cutoff_valid,cutoff_valid,pr_auc_risk,-0.014312710723419886,-0.019436206847257817,0.0007373129181972846,22
oulab,4,base_lr_weekly,activity_to_cutoff_valid,cutoff_valid,brier,0.003004872814191456,-0.0008408415282453334,0.007672097156763484,22
oulab,4,base_lr_weekly,activity_to_cutoff_valid,cutoff_valid,ece,0.02154954397273475,-0.013769997715127921,0.027537580419339423,22
oulab,4,base_lr_weekly,cutoff_valid_to_activity,cutoff_valid,auc,0.0030104869445902738,-0.006310960173483751,0.010242878637309404,22
oulab,4,base_lr_weekly,cutoff_valid_to_activity,cutoff_valid,pr_auc_risk,-3.164594700399981e-06,-0.020328180798970252,0.019687912815819126,22
oulab,4,base_lr_weekly,cutoff_valid_to_activity,cutoff_valid,brier,0.0007119752672760382,-0.0014730729176919046,0.002701455122751313,22
oulab,4,base_lr_weekly,cutoff_valid_to_activity,cutoff_valid,ece,0.00872500947024591,-0.024189869987174553,0.02533200887976639,22
oulab,4,base_lr_weekly,static_full,cutoff_valid,auc,0.074949533992828,0.06378581397333213,0.08760979916068336,22
oulab,4,base_lr_weekly,static_full,cutoff_valid,pr_auc_risk,0.17807896903682752,0.1412589907096032,0.22036323990866022,22
oulab,4,base_lr_weekly,static_full,cutoff_valid,brier,-0.02515701019153488,-0.029945678142320124,-0.01852882298117215,22
oulab,4,base_lr_weekly,static_full,cutoff_valid,ece,0.0013268451118698364,-0.010885161901184536,0.008265008279948407,22
oulab,4,base_rf_entropy,activity_conditioned,cutoff_valid,auc,0.009782887034497367,0.0025968805350788634,0.015626502724271008,22
oulab,4,base_rf_entropy,activity_conditioned,cutoff_valid,pr_auc_risk,0.02626744562318528,0.008829737603256902,0.04026432673522735,22
oulab,4,base_rf_entropy,activity_conditioned,cutoff_valid,brier,-0.0034401009773275815,-0.00583002584111818,-0.0008095785967293244,22
oulab,4,base_rf_entropy,activity_conditioned,cutoff_valid,ece,-0.005576990051674814,-0.00968756886401717,0.0008199023433141237,22
oulab,4,base_rf_entropy,activity_to_cutoff_valid,cutoff_valid,auc,-0.0010143616865697647,-0.003406183397025439,0.0010101605579897206,22
oulab,4,base_rf_entropy,activity_to_cutoff_valid,cutoff_valid,pr_auc_risk,-0.001344556239033956,-0.006827051539431273,0.003058162659431498,22
oulab,4,base_rf_entropy,activity_to_cutoff_valid,cutoff_valid,brier,0.0005248540671911328,-0.0007594838930703715,0.0022876608095112154,22
oulab,4,base_rf_entropy,activity_to_cutoff_valid,cutoff_valid,ece,0.0034302552005187822,-0.003877474258418357,0.0069879652879405296,22
oulab,4,base_rf_entropy,cutoff_valid_to_activity,cutoff_valid,auc,0.009216160144957075,0.002411430276020446,0.01452589308476722,22
oulab,4,base_rf_entropy,cutoff_valid_to_activity,cutoff_valid,pr_auc_risk,0.0232011532471601,0.0067202548494633835,0.036901902874513996,22
oulab,4,base_rf_entropy,cutoff_valid_to_activity,cutoff_valid,brier,-0.0029228544848463878,-0.0047395168455618124,-0.0011382770485746944,22
oulab,4,base_rf_entropy,cutoff_valid_to_activity,cutoff_valid,ece,-0.003840588833383063,-0.01571425490433656,0.007929583888720004,22
oulab,4,base_rf_entropy,static_full,cutoff_valid,auc,0.06455489759961408,0.055126670622210446,0.07468404832739137,22
oulab,4,base_rf_entropy,static_full,cutoff_valid,pr_auc_risk,0.13631605715713446,0.11411727112559085,0.16132473438639983,22
oulab,4,base_rf_entropy,static_full,cutoff_valid,brier,-0.027916968159881456,-0.032248851048878965,-0.023515821686358317,22
oulab,4,base_rf_entropy,static_full,cutoff_valid,ece,-0.030053303477694703,-0.04337044323865264,0.005906560880662593,22
oulab,4,base_rf_gini,activity_conditioned,cutoff_valid,auc,0.010039390030569195,0.0027799302890155336,0.015890354760528125,22
oulab,4,base_rf_gini,activity_conditioned,cutoff_valid,pr_auc_risk,0.02652699612851306,0.008947990561292678,0.040678685851392025,22
oulab,4,base_rf_gini,activity_conditioned,cutoff_valid,brier,-0.003589734419520735,-0.005945667470129276,-0.0009846085964699703,22
oulab,4,base_rf_gini,activity_conditioned,cutoff_valid,ece,-0.006468320028067187,-0.01061548313234896,0.001311414306861482,22
oulab,4,base_rf_gini,activity_to_cutoff_valid,cutoff_valid,auc,-0.0007418942695261999,-0.0032417536721358942,0.001189654978787896,22
oulab,4,base_rf_gini,activity_to_cutoff_valid,cutoff_valid,pr_auc_risk,-0.0012647104020706568,-0.006724429364242421,0.0030753036266415678,22
oulab,4,base_rf_gini,activity_to_cutoff_valid,cutoff_valid,brier,0.0003619578649703692,-0.0008599407953798231,0.0020795141286778797,22
oulab,4,base_rf_gini,activity_to_cutoff_valid,cutoff_valid,ece,0.0032208820122577864,-0.003746703924902517,0.006210236328610945,22
oulab,4,base_rf_gini,cutoff_valid_to_activity,cutoff_valid,auc,0.009247845564661628,0.0024616262439933175,0.014602732358319432,22
oulab,4,base_rf_gini,cutoff_valid_to_activity,cutoff_valid,pr_auc_risk,0.023203083859809404,0.0066597982154461026,0.036937813138466294,22
oulab,4,base_rf_gini,cutoff_valid_to_activity,cutoff_valid,brier,-0.002932451166626354,-0.00474513535812217,-0.0011488319186038,22
oulab,4,base_rf_gini,cutoff_valid_to_activity,cutoff_valid,ece,-0.003591972784489486,-0.016341663293650884,0.008066489355187504,22
oulab,4,base_rf_gini,static_full,cutoff_valid,auc,0.06505228874643953,0.05577825395090858,0.07503420936125836,22
oulab,4,base_rf_gini,static_full,cutoff_valid,pr_auc_risk,0.13717181481923313,0.11469184146672307,0.16237867668954478,22
oulab,4,base_rf_gini,static_full,cutoff_valid,brier,-0.028196193491736216,-0.032490350510430116,-0.023766826035764587,22
oulab,4,base_rf_gini,static_full,cutoff_valid,ece,-0.030116057025090365,-0.044329838991134365,0.004124575807975828,22
oulab,4,base_svm,activity_conditioned,cutoff_valid,auc,-0.0013939976796455422,-0.012291278803572997,0.00828165116775036,22
oulab,4,base_svm,activity_conditioned,cutoff_valid,pr_auc_risk,-0.005871073388797221,-0.02866456203136577,0.01871953623951877,22
oulab,4,base_svm,activity_conditioned,cutoff_valid,brier,0.0025917179662066914,0.0007256943085170116,0.0046566530077833705,22
oulab,4,base_svm,activity_conditioned,cutoff_valid,ece,0.013563846604776393,-0.003948749947403282,0.018356426642390494,22
oulab,4,base_svm,activity_to_cutoff_valid,cutoff_valid,auc,-0.007445340533829281,-0.012919268694446354,-0.0012146380189198226,22
oulab,4,base_svm,activity_to_cutoff_valid,cutoff_valid,pr_auc_risk,-0.02511226059560212,-0.03203220214330195,-0.002742112803311619,22
oulab,4,base_svm,activity_to_cutoff_valid,cutoff_valid,brier,0.002285146818203715,0.00044523759909368413,0.00452699767482547,22
oulab,4,base_svm,activity_to_cutoff_valid,cutoff_valid,ece,0.010454310677370127,-0.006164665296629953,0.016693500296670452,22
oulab,4,base_svm,cutoff_valid_to_activity,cutoff_valid,auc,0.003274230162121916,-0.005126190382522283,0.009756770870763667,22
oulab,4,base_svm,cutoff_valid_to_activity,cutoff_valid,pr_auc_risk,-1.641236666605206e-05,-0.01949639685090602,0.022432968179235176,22
oulab,4,base_svm,cutoff_valid_to_activity,cutoff_valid,brier,0.0025405291354830273,0.001205834359971863,0.0038625597704688495,22
oulab,4,base_svm,cutoff_valid_to_activity,cutoff_valid,ece,0.020143427305418002,0.0029196799693659947,0.022820425629958462,22
oulab,4,base_svm,static_full,cutoff_valid,auc,0.06937178792836907,0.0581306112350609,0.08150442262359309,22
oulab,4,base_svm,static_full,cutoff_valid,pr_auc_risk,0.1761853977596105,0.1333518661632402,0.2127909920839257,22
oulab,4,base_svm,static_full,cutoff_valid,brier,-0.02127175119154112,-0.02726226301062995,-0.013582380550081641,22
oulab,4,base_svm,static_full,cutoff_valid,ece,0.010050706640775703,-0.01420271433008356,0.021010395593257257,22
oulab,4,flat_hgb,activity_conditioned,cutoff_valid,auc,0.006361180080064366,-0.0011585938419468782,0.011424907576752559,22
oulab,4,flat_hgb,activity_conditioned,cutoff_valid,pr_auc_risk,0.029652026645567653,0.013185280180805187,0.04202745515552017,22
oulab,4,flat_hgb,activity_conditioned,cutoff_valid,brier,-0.001217976574160784,-0.0035476597174404116,0.0017276421803435265,22
oulab,4,flat_hgb,activity_conditioned,cutoff_valid,ece,0.002017180178511605,-0.004819169459890443,0.00824451893090211,22
oulab,4,flat_hgb,activity_to_cutoff_valid,cutoff_valid,auc,-0.0012655369868111999,-0.004715649557873011,0.0017938411101866638,22
oulab,4,flat_hgb,activity_to_cutoff_valid,cutoff_valid,pr_auc_risk,0.0017438975562207304,-0.0068815265664795375,0.008236583822424067,22
oulab,4,flat_hgb,activity_to_cutoff_valid,cutoff_valid,brier,0.0017854311843760462,-0.00041292911175267317,0.0046921568212617846,22
oulab,4,flat_hgb,activity_to_cutoff_valid,cutoff_valid,ece,0.014805101757114771,-0.0021827923037615682,0.01934539629542352,22
oulab,4,flat_hgb,cutoff_valid_to_activity,cutoff_valid,auc,0.005533466980183088,-0.0011684457909656276,0.010660168376073966,22
oulab,4,flat_hgb,cutoff_valid_to_activity,cutoff_valid,pr_auc_risk,0.022903519377539316,0.0040104022862187064,0.03942681817325252,22
oulab,4,flat_hgb,cutoff_valid_to_activity,cutoff_valid,brier,-0.001617875299496807,-0.0037395687948261836,0.00022920914549252587,22
oulab,4,flat_hgb,cutoff_valid_to_activity,cutoff_valid,ece,-0.015113751259754143,-0.022134512921314235,0.014684972841043236,22
oulab,4,flat_hgb,static_full,cutoff_valid,auc,0.06327261624180947,0.0515671286411989,0.07728195565740248,22
oulab,4,flat_hgb,static_full,cutoff_valid,pr_auc_risk,0.13722121171069557,0.10587505707244688,0.17833153482373243,22
oulab,4,flat_hgb,static_full,cutoff_valid,brier,-0.023776980913454038,-0.027972199423009093,-0.01810282336240136,22
oulab,4,flat_hgb,static_full,cutoff_valid,ece,-0.0003958182740027606,-0.007047217147914104,0.004993259562784487,22
oulab,4,stack_7_full,activity_conditioned,cutoff_valid,auc,0.010823231994911198,0.004556158460542262,0.01571460560257796,22
oulab,4,stack_7_full,activity_conditioned,cutoff_valid,pr_auc_risk,0.02813393802553532,0.013764141851146213,0.04005406064432626,22
oulab,4,stack_7_full,activity_conditioned,cutoff_valid,brier,-0.003977595860270466,-0.006196200395495498,-0.0015860303760876898,22
oulab,4,stack_7_full,activity_conditioned,cutoff_valid,ece,-0.001217633688434517,-0.0054003816512854606,0.002282413979432146,22
oulab,4,stack_7_full,activity_to_cutoff_valid,cutoff_valid,auc,-0.0032812138901906485,-0.006985024996481307,-0.0011159670545585647,22
oulab,4,stack_7_full,activity_to_cutoff_valid,cutoff_valid,pr_auc_risk,-0.006993320064321296,-0.01231706680317619,-0.0032255262287427065,22
oulab,4,stack_7_full,activity_to_cutoff_valid,cutoff_valid,brier,0.001456357737609465,0.0005423601622480915,0.002648388909625495,22
oulab,4,stack_7_full,activity_to_cutoff_valid,cutoff_valid,ece,0.0002647112184501199,-0.006412904952253602,0.0030588838115164383,22
oulab,4,stack_7_full,cutoff_valid_to_activity,cutoff_valid,auc,0.010190722420817089,0.0039152248363103935,0.015177085220626687,22
oulab,4,stack_7_full,cutoff_valid_to_activity,cutoff_valid,pr_auc_risk,0.02635883514948023,0.012316199738304886,0.03797963334609768,22
oulab,4,stack_7_full,cutoff_valid_to_activity,cutoff_valid,brier,-0.0033135521303131465,-0.005203487635206002,-0.0012633913290351995,22
oulab,4,stack_7_full,cutoff_valid_to_activity,cutoff_valid,ece,0.0019248081999082567,-0.007216548226110444,0.011077748831119841,22
oulab,4,stack_7_full,static_full,cutoff_valid,auc,0.05985934610454435,0.0500840841573465,0.0716930350803721,22
oulab,4,stack_7_full,static_full,cutoff_valid,pr_auc_risk,0.12107749748029162,0.09977101369284497,0.14718261591476603,22
oulab,4,stack_7_full,static_full,cutoff_valid,brier,-0.02569618217583247,-0.029569011137524297,-0.02126661387802147,22
oulab,4,stack_7_full,static_full,cutoff_valid,ece,-0.003393831155340938,-0.010763903201230465,0.001140484009937412,22
oulab,4,temporal_hgb,activity_conditioned,cutoff_valid,auc,0.006341389057258673,-0.0020961783480896307,0.012776900162532629,22
oulab,4,temporal_hgb,activity_conditioned,cutoff_valid,pr_auc_risk,0.01094708615442297,-0.010775767463732763,0.029231363212142928,22
oulab,4,temporal_hgb,activity_conditioned,cutoff_valid,brier,-0.0009330869558606125,-0.003448963783868334,0.0026056201060010446,22
oulab,4,temporal_hgb,activity_conditioned,cutoff_valid,ece,-0.0017393461603205894,-0.0055551348484904955,0.008526891542924141,22
oulab,4,temporal_hgb,activity_to_cutoff_valid,cutoff_valid,auc,-0.001490097809688673,-0.00517994633992803,0.001954584584802921,22
oulab,4,temporal_hgb,activity_to_cutoff_valid,cutoff_valid,pr_auc_risk,-0.014929837171485216,-0.021920794546401064,-0.0003023039092597823,22
oulab,4,temporal_hgb,activity_to_cutoff_valid,cutoff_valid,brier,0.0016679678786279128,-0.0012179669683989752,0.005375268357325619,22
oulab,4,temporal_hgb,activity_to_cutoff_valid,cutoff_valid,ece,0.013081530852698725,-0.008622879487098702,0.019772969014588856,22
oulab,4,temporal_hgb,cutoff_valid_to_activity,cutoff_valid,auc,0.003914890523224912,-0.00430151336535021,0.009805756127061803,22
oulab,4,temporal_hgb,cutoff_valid_to_activity,cutoff_valid,pr_auc_risk,0.008653299499024047,-0.016104780101845184,0.029107463888579693,22
oulab,4,temporal_hgb,cutoff_valid_to_activity,cutoff_valid,brier,-0.0002869525134470141,-0.002400161303044418,0.0015717450605169448,22
oulab,4,temporal_hgb,cutoff_valid_to_activity,cutoff_valid,ece,-0.0057967489263025754,-0.023528803855365522,0.02261258960075576,22
oulab,4,temporal_hgb,static_full,cutoff_valid,auc,0.06951533885995032,0.057145845040611265,0.08363980209892805,22
oulab,4,temporal_hgb,static_full,cutoff_valid,pr_auc_risk,0.15871012614176672,0.12354904594849836,0.19987287865167597,22
oulab,4,temporal_hgb,static_full,cutoff_valid,brier,-0.025543648002292113,-0.030624865659233908,-0.018847436396210723,22
oulab,4,temporal_hgb,static_full,cutoff_valid,ece,-0.002667556042131352,-0.009017133449164902,0.00429551339133452,22
oulab,6,base_dffnn,activity_conditioned,cutoff_valid,auc,0.01609095280255257,0.008088664673903331,0.02389591781697207,22
oulab,6,base_dffnn,activity_conditioned,cutoff_valid,pr_auc_risk,0.04123587942260032,0.024454790024538604,0.05725411097775786,22
oulab,6,base_dffnn,activity_conditioned,cutoff_valid,brier,-0.004357761099946955,-0.008924972808323741,0.0011423377484423016,22
oulab,6,base_dffnn,activity_conditioned,cutoff_valid,ece,0.003997951110149733,-0.002234650276964627,0.013118962281338341,22
oulab,6,base_dffnn,activity_to_cutoff_valid,cutoff_valid,auc,-0.004838457635899296,-0.009337403819238598,-1.0130431393887463e-05,22
oulab,6,base_dffnn,activity_to_cutoff_valid,cutoff_valid,pr_auc_risk,-0.007816973518422143,-0.019802775872154087,0.0039968721630133115,22
oulab,6,base_dffnn,activity_to_cutoff_valid,cutoff_valid,brier,0.0034044762048484056,-0.00014231096931908508,0.008568960191697035,22
oulab,6,base_dffnn,activity_to_cutoff_valid,cutoff_valid,ece,0.01230104987151041,0.00022570553319710385,0.021967448870549012,22
oulab,6,base_dffnn,cutoff_valid_to_activity,cutoff_valid,auc,0.01935149036915118,0.012015411413519722,0.025708741115492144,22
oulab,6,base_dffnn,cutoff_valid_to_activity,cutoff_valid,pr_auc_risk,0.04478515791326465,0.028669471917063295,0.05850398647981302,22
oulab,6,base_dffnn,cutoff_valid_to_activity,cutoff_valid,brier,-0.00670549702447909,-0.009020592758664065,-0.004191759427899453,22
oulab,6,base_dffnn,cutoff_valid_to_activity,cutoff_valid,ece,-0.007996064374417213,-0.016474645677423228,0.01371328690283234,22
oulab,6,base_dffnn,static_full,cutoff_valid,auc,0.06623734819434979,0.05671491623234179,0.07685659256725605,22
oulab,6,base_dffnn,static_full,cutoff_valid,pr_auc_risk,0.13479959671605857,0.11092167046043443,0.1642378529213447,22
oulab,6,base_dffnn,static_full,cutoff_valid,brier,-0.02684344005262848,-0.02999436431743016,-0.022976261954784014,22
oulab,6,base_dffnn,static_full,cutoff_valid,ece,0.0016969271565057571,-0.013803742082271907,0.013397136174930123,22
oulab,6,base_knn,activity_conditioned,cutoff_valid,auc,0.013182144355597503,0.00353884209075053,0.02046187076639222,22
oulab,6,base_knn,activity_conditioned,cutoff_valid,pr_auc_risk,0.03728858215403463,0.0109672962754791,0.06159589029348849,22
oulab,6,base_knn,activity_conditioned,cutoff_valid,brier,-0.003259491184636143,-0.0060089919005939085,0.00037837610004811724,22
oulab,6,base_knn,activity_conditioned,cutoff_valid,ece,-0.0015341343102065717,-0.00774120563416639,0.00601493366829979,22
oulab,6,base_knn,activity_to_cutoff_valid,cutoff_valid,auc,0.0007177333581451784,-0.0014143108838924278,0.002805413650335025,22
oulab,6,base_knn,activity_to_cutoff_valid,cutoff_valid,pr_auc_risk,0.00040683691209153494,-0.010302395294586838,0.010494583335517367,22
oulab,6,base_knn,activity_to_cutoff_valid,cutoff_valid,brier,0.0003458781733402805,-0.0017776271750422998,0.0029126045037903203,22
oulab,6,base_knn,activity_to_cutoff_valid,cutoff_valid,ece,0.00786218636666423,-0.012824926934944053,0.018281022169057113,22
oulab,6,base_knn,cutoff_valid_to_activity,cutoff_valid,auc,0.010022395245878668,0.0014575333592311197,0.01703311938634112,22
oulab,6,base_knn,cutoff_valid_to_activity,cutoff_valid,pr_auc_risk,0.02510549156897901,0.0011759486145838855,0.0550927114494258,22
oulab,6,base_knn,cutoff_valid_to_activity,cutoff_valid,brier,-0.0014015199646744136,-0.003842953489319955,0.0006037403343888576,22
oulab,6,base_knn,cutoff_valid_to_activity,cutoff_valid,ece,0.01408818085247861,-0.020802862794204822,0.024525678993743916,22
oulab,6,base_knn,static_full,cutoff_valid,auc,0.07158132327570199,0.06148089146629761,0.08346106323937351,22
oulab,6,base_knn,static_full,cutoff_valid,pr_auc_risk,0.1721634725002561,0.1348459606272951,0.21331900851606192,22
oulab,6,base_knn,static_full,cutoff_valid,brier,-0.027236450319612027,-0.031437801787011006,-0.02240203453259985,22
oulab,6,base_knn,static_full,cutoff_valid,ece,-0.0015189334438430978,-0.0075003522466931885,0.0024315937576823723,22
oulab,6,base_lr_clickstream,activity_conditioned,cutoff_valid,auc,0.009314562722128272,-0.0016239653483424738,0.017821957789369566,22
oulab,6,base_lr_clickstream,activity_conditioned,cutoff_valid,pr_auc_risk,0.01673289780052123,-0.007854485897158755,0.04567456568010338,22
oulab,6,base_lr_clickstream,activity_conditioned,cutoff_valid,brier,-0.001190366423966388,-0.004990496531316514,0.0038701977782492443,22
oulab,6,base_lr_clickstream,activity_conditioned,cutoff_valid,ece,-0.003421895199747789,-0.007218906674548729,0.01249845099189075,22
oulab,6,base_lr_clickstream,activity_to_cutoff_valid,cutoff_valid,auc,-0.004904052387336266,-0.010223006380421427,0.0006603244255928697,22
oulab,6,base_lr_clickstream,activity_to_cutoff_valid,cutoff_valid,pr_auc_risk,-0.023312658980036427,-0.03164577273949793,0.0007499637328377348,22
oulab,6,base_lr_clickstream,activity_to_cutoff_valid,cutoff_valid,brier,0.002618880500148607,-0.0016334770427100297,0.007843172403156027,22
oulab,6,base_lr_clickstream,activity_to_cutoff_valid,cutoff_valid,ece,0.005332304643021507,-0.014620442219577916,0.028838790770105885,22
oulab,6,base_lr_clickstream,cutoff_valid_to_activity,cutoff_valid,auc,0.010391953256998043,0.0008636496002909695,0.018002453950720934,22
oulab,6,base_lr_clickstream,cutoff_valid_to_activity,cutoff_valid,pr_auc_risk,0.01617917854682105,-0.006018471821305241,0.04314781164748273,22
oulab,6,base_lr_clickstream,cutoff_valid_to_activity,cutoff_valid,brier,-0.00022730875065177236,-0.0021975550300653056,0.0016512740350961474,22
oulab,6,base_lr_clickstream,cutoff_valid_to_activity,cutoff_valid,ece,0.018309810899050517,-0.02052743076450597,0.029559618714131104,22
oulab,6,base_lr_clickstream,static_full,cutoff_valid,auc,0.0708789607874265,0.060879889554546186,0.08212764766505418,22
oulab,6,base_lr_clickstream,static_full,cutoff_valid,pr_auc_risk,0.1816585877708241,0.14014986404847488,0.2213540732092076,22
oulab,6,base_lr_clickstream,static_full,cutoff_valid,brier,-0.02597296516624112,-0.030918629413462986,-0.018937127494078963,22
oulab,6,base_lr_clickstream,static_full,cutoff_valid,ece,-0.00766698203250506,-0.013227522634488913,0.006305854727390522,22
oulab,6,base_lr_profile,activity_conditioned,cutoff_valid,auc,-0.01600941461296701,-0.02126493747404213,-0.010409462408848706,22
oulab,6,base_lr_profile,activity_conditioned,cutoff_valid,pr_auc_risk,-0.011543744046822901,-0.02984650089311371,0.005578785409813539,22
oulab,6,base_lr_profile,activity_conditioned,cutoff_valid,brier,0.008253048518496842,0.006206312745126985,0.010227597863569039,22
oulab,6,base_lr_profile,activity_conditioned,cutoff_valid,ece,-2.7722875223805746e-05,-0.005760595464099846,0.009596035303080537,22
oulab,6,base_lr_profile,activity_to_cutoff_valid,cutoff_valid,auc,-0.020054063590662974,-0.025702523531271632,-0.015437277430693432,22
oulab,6,base_lr_profile,activity_to_cutoff_valid,cutoff_valid,pr_auc_risk,-0.0417449036729971,-0.05231818647942197,-0.03282617066960224,22
oulab,6,base_lr_profile,activity_to_cutoff_valid,cutoff_valid,brier,0.00694206306373879,0.004332517881802572,0.009587759512339849,22
oulab,6,base_lr_profile,activity_to_cutoff_valid,cutoff_valid,ece,0.022488793517474723,-0.017012222602954995,0.027040721402775213,22
oulab,6,base_lr_profile,cutoff_valid_to_activity,cutoff_valid,auc,-0.017555579609020766,-0.022860450827987495,-0.012013281573593292,22
oulab,6,base_lr_profile,cutoff_valid_to_activity,cutoff_valid,pr_auc_risk,-0.012964740828173227,-0.030681833379269698,0.003998710152650516,22
oulab,6,base_lr_profile,cutoff_valid_to_activity,cutoff_valid,brier,0.009873151333131353,0.00734099368081778,0.012508412502618844,22
oulab,6,base_lr_profile,cutoff_valid_to_activity,cutoff_valid,ece,0.02928290719616973,-0.021360862566498544,0.04576880010792293,22
oulab,6,base_lr_profile,static_full,cutoff_valid,auc,0.07090807550411782,0.05969626326091941,0.0830037896411157,22
oulab,6,base_lr_profile,static_full,cutoff_valid,pr_auc_risk,0.17574539350125162,0.15331765281643803,0.19917126129430324,22
oulab,6,base_lr_profile,static_full,cutoff_valid,brier,-0.019749128674564825,-0.02346263242710286,-0.015349917378030074,22
oulab,6,base_lr_profile,static_full,cutoff_valid,ece,-0.0010480214672950036,-0.006210573769030956,0.006942041602138806,22
oulab,6,base_lr_weekly,activity_conditioned,cutoff_valid,auc,0.01666330870293331,0.006009401577788906,0.02406685463110811,22
oulab,6,base_lr_weekly,activity_conditioned,cutoff_valid,pr_auc_risk,0.03460748210285858,0.007858806535807367,0.055258135653920015,22
oulab,6,base_lr_weekly,activity_conditioned,cutoff_valid,brier,-0.003439607317246629,-0.007710315141635332,0.002248353821637036,22
oulab,6,base_lr_weekly,activity_conditioned,cutoff_valid,ece,0.005513456741826791,-0.004424639090166533,0.014320379080292626,22
oulab,6,base_lr_weekly,activity_to_cutoff_valid,cutoff_valid,auc,-0.003035917217357187,-0.007128308073121389,0.0007511413448722914,22
oulab,6,base_lr_weekly,activity_to_cutoff_valid,cutoff_valid,pr_auc_risk,-0.014083058311511354,-0.023117672119021646,0.0003954761061360625,22
oulab,6,base_lr_weekly,activity_to_cutoff_valid,cutoff_valid,brier,0.00295078715959321,-0.0013611410204240608,0.008186192151025048,22
oulab,6,base_lr_weekly,activity_to_cutoff_valid,cutoff_valid,ece,0.021028903474498973,-0.010851694036546415,0.02662014635482815,22
oulab,6,base_lr_weekly,cutoff_valid_to_activity,cutoff_valid,auc,0.015406985457239841,0.005362855474491088,0.022634827411466094,22
oulab,6,base_lr_weekly,cutoff_valid_to_activity,cutoff_valid,pr_auc_risk,0.027644331903590946,0.0024431301324053805,0.04804538626163217,22
oulab,6,base_lr_weekly,cutoff_valid_to_activity,cutoff_valid,brier,-0.0030843553204601415,-0.005438733235364411,-0.0008338609064619052,22
oulab,6,base_lr_weekly,cutoff_valid_to_activity,cutoff_valid,ece,0.002830853449933061,-0.027987697319538464,0.0253382989495422,22
oulab,6,base_lr_weekly,static_full,cutoff_valid,auc,0.07555444482842377,0.06457102147172958,0.0878252832227789,22
oulab,6,base_lr_weekly,static_full,cutoff_valid,pr_auc_risk,0.17506148820400558,0.13896570530798893,0.21404511651317115,22
oulab,6,base_lr_weekly,static_full,cutoff_valid,brier,-0.027606652202904508,-0.0321805414844973,-0.021014525558541164,22
oulab,6,base_lr_weekly,static_full,cutoff_valid,ece,0.0018643762577856514,-0.008368819535782343,0.008377939612366556,22
oulab,6,base_rf_entropy,activity_conditioned,cutoff_valid,auc,0.019749321832452704,0.012109738333101028,0.0258858438867481,22
oulab,6,base_rf_entropy,activity_conditioned,cutoff_valid,pr_auc_risk,0.048568148556278445,0.031124279859790778,0.06314345290766742,22
oulab,6,base_rf_entropy,activity_conditioned,cutoff_valid,brier,-0.007811390615259706,-0.010520355408969766,-0.004945055609339618,22
oulab,6,base_rf_entropy,activity_conditioned,cutoff_valid,ece,-0.009247288791699192,-0.016035762339460302,-0.0004800137402984533,22
oulab,6,base_rf_entropy,activity_to_cutoff_valid,cutoff_valid,auc,-0.0005651257308132429,-0.002305937411440734,0.0008351751546611052,22
oulab,6,base_rf_entropy,activity_to_cutoff_valid,cutoff_valid,pr_auc_risk,-0.0009247407642868355,-0.005347792267713325,0.002449704603165783,22
oulab,6,base_rf_entropy,activity_to_cutoff_valid,cutoff_valid,brier,-0.0002014006970419424,-0.0010812516359723064,0.0009434458354596152,22
oulab,6,base_rf_entropy,activity_to_cutoff_valid,cutoff_valid,ece,-0.0017494450750701468,-0.00771766199896173,0.0015156597722705137,22
oulab,6,base_rf_entropy,cutoff_valid_to_activity,cutoff_valid,auc,0.01958572809019543,0.012136837985720652,0.025679072726540894,22
oulab,6,base_rf_entropy,cutoff_valid_to_activity,cutoff_valid,pr_auc_risk,0.047184216615785424,0.030015037986722923,0.06167773579851256,22
oulab,6,base_rf_entropy,cutoff_valid_to_activity,cutoff_valid,brier,-0.006915122244984778,-0.009258427321332094,-0.004425557387446794,22
oulab,6,base_rf_entropy,cutoff_valid_to_activity,cutoff_valid,ece,-0.0004384202050150554,-0.013700884628188598,0.009539448101663486,22
oulab,6,base_rf_entropy,static_full,cutoff_valid,auc,0.06573153724453618,0.056327812017290146,0.0757383536292641,22
oulab,6,base_rf_entropy,static_full,cutoff_valid,pr_auc_risk,0.13678626102828073,0.11374520335770326,0.16286332403447243,22
oulab,6,base_rf_entropy,static_full,cutoff_valid,brier,-0.030215042188525054,-0.03494452924100964,-0.025491635712050282,22
oulab,6,base_rf_entropy,static_full,cutoff_valid,ece,-0.027038129283942666,-0.04822589310802311,-0.002267771712425393,22
oulab,6,base_rf_gini,activity_conditioned,cutoff_valid,auc,0.01955508409547757,0.012089304260937683,0.02551050905672665,22
oulab,6,base_rf_gini,activity_conditioned,cutoff_valid,pr_auc_risk,0.04910358623281241,0.031711608549277105,0.06355622703305566,22
oulab,6,base_rf_gini,activity_conditioned,cutoff_valid,brier,-0.0078093984230430125,-0.010423807478860507,-0.005112467344438608,22
oulab,6,base_rf_gini,activity_conditioned,cutoff_valid,ece,-0.01004748120101396,-0.016828525413237882,0.0008869450372010073,22
oulab,6,base_rf_gini,activity_to_cutoff_valid,cutoff_valid,auc,-0.0007138127523121929,-0.0019278871523047442,0.00025962990738367513,22
oulab,6,base_rf_gini,activity_to_cutoff_valid,cutoff_valid,pr_auc_risk,-0.0003793674537916347,-0.0036754347784792502,0.0022009513850321373,22
oulab,6,base_rf_gini,activity_to_cutoff_valid,cutoff_valid,brier,-0.0002385038119118721,-0.0009258073681440472,0.0006191144402889627,22
oulab,6,base_rf_gini,activity_to_cutoff_valid,cutoff_valid,ece,-0.0019553101974322806,-0.007456599041506665,0.0007405886674294419,22
oulab,6,base_rf_gini,cutoff_valid_to_activity,cutoff_valid,auc,0.019543296563564905,0.012104842051177872,0.025589417467457118,22
oulab,6,base_rf_gini,cutoff_valid_to_activity,cutoff_valid,pr_auc_risk,0.04705852075053296,0.02994198038308559,0.0615120619337083,22
oulab,6,base_rf_gini,cutoff_valid_to_activity,cutoff_valid,brier,-0.006903573163464322,-0.00922715371424462,-0.004439678470814911,22
oulab,6,base_rf_gini,cutoff_valid_to_activity,cutoff_valid,ece,-0.0007119529205885933,-0.015224701994635817,0.009414294487144164,22
oulab,6,base_rf_gini,static_full,cutoff_valid,auc,0.06557321026616769,0.05624570936156073,0.07569831629899403,22
oulab,6,base_rf_gini,static_full,cutoff_valid,pr_auc_risk,0.13755635946567435,0.11413374802505219,0.16402365967542337,22
oulab,6,base_rf_gini,static_full,cutoff_valid,brier,-0.03030958377990997,-0.035096297756254835,-0.02559720775637609,22
oulab,6,base_rf_gini,static_full,cutoff_valid,ece,-0.026782839189051475,-0.04900327585233109,-0.003117868556289981,22
oulab,6,base_svm,activity_conditioned,cutoff_valid,auc,0.008134328336487973,-0.003321891888520406,0.01728721823863769,22
oulab,6,base_svm,activity_conditioned,cutoff_valid,pr_auc_risk,0.012619871110278957,-0.01334719882958502,0.04051138512110631,22
oulab,6,base_svm,activity_conditioned,cutoff_valid,brier,0.0002338945989399377,-0.002792184413871063,0.003967925317186771,22
oulab,6,base_svm,activity_conditioned,cutoff_valid,ece,0.019033532083479417,0.0017243961394301215,0.02789850809853444,22
oulab,6,base_svm,activity_to_cutoff_valid,cutoff_valid,auc,-0.0058098854669285105,-0.010727097631786444,-0.0006197768446196822,22
oulab,6,base_svm,activity_to_cutoff_valid,cutoff_valid,pr_auc_risk,-0.025684383556596635,-0.03350958375250958,-0.0013785891195017745,22
oulab,6,base_svm,activity_to_cutoff_valid,cutoff_valid,brier,0.0018921060626081176,-0.0013261296955238088,0.005688354000817858,22
oulab,6,base_svm,activity_to_cutoff_valid,cutoff_valid,ece,0.012031161230744464,-0.01024708779466234,0.02856168298418276,22
oulab,6,base_svm,cutoff_valid_to_activity,cutoff_valid,auc,0.010659121550673945,0.0010084202777777967,0.018587931048284333,22
oulab,6,base_svm,cutoff_valid_to_activity,cutoff_valid,pr_auc_risk,0.016121605383306647,-0.006729348493160392,0.04348470542676246,22
oulab,6,base_svm,cutoff_valid_to_activity,cutoff_valid,brier,0.001659728986758896,0.00018786585871081662,0.003267044064614687,22
oulab,6,base_svm,cutoff_valid_to_activity,cutoff_valid,ece,0.025146227781070306,-0.0010165754562208816,0.028402131156731535,22
oulab,6,base_svm,static_full,cutoff_valid,auc,0.06881884598138266,0.05785711969817239,0.07971155826417807,22
oulab,6,base_svm,static_full,cutoff_valid,pr_auc_risk,0.17965595167230097,0.13854575464757368,0.21344379662216129,22
oulab,6,base_svm,static_full,cutoff_valid,brier,-0.021769869327763924,-0.02846865000454057,-0.013104610139237681,22
oulab,6,base_svm,static_full,cutoff_valid,ece,0.005350453209851058,-0.015332157828992426,0.025955026659231054,22
oulab,6,flat_hgb,activity_conditioned,cutoff_valid,auc,0.014127818982273999,0.00630841136727216,0.020085844565620924,22
oulab,6,flat_hgb,activity_conditioned,cutoff_valid,pr_auc_risk,0.04729209642322951,0.027603902529640033,0.06404954454126208,22
oulab,6,flat_hgb,activity_conditioned,cutoff_valid,brier,-0.0034004114965175414,-0.0066235491027662186,0.0007844967528966465,22
oulab,6,flat_hgb,activity_conditioned,cutoff_valid,ece,0.0018493829562689253,-0.004152208385992401,0.006953112415587537,22
oulab,6,flat_hgb,activity_to_cutoff_valid,cutoff_valid,auc,-0.001416729347957335,-0.0036096800630830927,0.0007698616793293526,22
oulab,6,flat_hgb,activity_to_cutoff_valid,cutoff_valid,pr_auc_risk,-0.0008590231928931047,-0.010796050757164482,0.006940445446401498,22
oulab,6,flat_hgb,activity_to_cutoff_valid,cutoff_valid,brier,0.001949411464739842,-0.0005075666284562296,0.004871031530932577,22
oulab,6,flat_hgb,activity_to_cutoff_valid,cutoff_valid,ece,0.018842949289284858,-0.008392210260193362,0.02208430256934953,22
oulab,6,flat_hgb,cutoff_valid_to_activity,cutoff_valid,auc,0.01378543924096387,0.006960435752100147,0.019465266324256176,22
oulab,6,flat_hgb,cutoff_valid_to_activity,cutoff_valid,pr_auc_risk,0.04392522684699396,0.02595051701038166,0.06127015124134779,22
oulab,6,flat_hgb,cutoff_valid_to_activity,cutoff_valid,brier,-0.0034659218042089324,-0.005482696647091094,-0.0015570381961155927,22
oulab,6,flat_hgb,cutoff_valid_to_activity,cutoff_valid,ece,-0.009418670770119864,-0.02486481421456423,0.020865157889471058,22
oulab,6,flat_hgb,static_full,cutoff_valid,auc,0.06473433103101778,0.05536439480312986,0.07498497855469442,22
oulab,6,flat_hgb,static_full,cutoff_valid,pr_auc_risk,0.14241767459115395,0.11772990528997977,0.1742794158228282,22
oulab,6,flat_hgb,static_full,cutoff_valid,brier,-0.025728098361000873,-0.029568610288873864,-0.020721065086346874,22
oulab,6,flat_hgb,static_full,cutoff_valid,ece,-0.0002951593665699581,-0.006381046277562901,0.004415122512761315,22
oulab,6,stack_7_full,activity_conditioned,cutoff_valid,auc,0.01889375567479501,0.011972444611143895,0.024723463382264492,22
oulab,6,stack_7_full,activity_conditioned,cutoff_valid,pr_auc_risk,0.045043555808710334,0.030640057151633183,0.05701734725160688,22
oulab,6,stack_7_full,activity_conditioned,cutoff_valid,brier,-0.0072064869217356164,-0.01012434111034561,-0.004068135715025124,22
oulab,6,stack_7_full,activity_conditioned,cutoff_valid,ece,-0.0009356947778969543,-0.00499073664332499,0.0032123481253925716,22
oulab,6,stack_7_full,activity_to_cutoff_valid,cutoff_valid,auc,-0.0027777827421409107,-0.0062755536142624245,-0.0006154435699606363,22
oulab,6,stack_7_full,activity_to_cutoff_valid,cutoff_valid,pr_auc_risk,-0.006244121602719588,-0.010419298381467079,-0.0035741708752531414,22
oulab,6,stack_7_full,activity_to_cutoff_valid,cutoff_valid,brier,0.001496956504472735,0.0006173297095526401,0.0026573694098198488,22
oulab,6,stack_7_full,activity_to_cutoff_valid,cutoff_valid,ece,0.0004191395365098251,-0.00517913848401645,0.0053362909290378,22
oulab,6,stack_7_full,cutoff_valid_to_activity,cutoff_valid,auc,0.01832266746021982,0.011185353600921603,0.02443724117557381,22
oulab,6,stack_7_full,cutoff_valid_to_activity,cutoff_valid,pr_auc_risk,0.043591883250882146,0.028868660957468057,0.05585406442873657,22
oulab,6,stack_7_full,cutoff_valid_to_activity,cutoff_valid,brier,-0.0065890129544187714,-0.009510968938194427,-0.003719020952161365,22
oulab,6,stack_7_full,cutoff_valid_to_activity,cutoff_valid,ece,0.002396578086908305,-0.0065469388428790335,0.010945246531047111,22
oulab,6,stack_7_full,static_full,cutoff_valid,auc,0.06072077371805251,0.05286324602494814,0.06927131509703655,22
oulab,6,stack_7_full,static_full,cutoff_valid,pr_auc_risk,0.11975089657310456,0.10316468517055193,0.13924407575004588,22
oulab,6,stack_7_full,static_full,cutoff_valid,brier,-0.027189015740777533,-0.030760764691081393,-0.022998010744273344,22
oulab,6,stack_7_full,static_full,cutoff_valid,ece,-0.004595452270010058,-0.010301341498078487,0.002067415883469933,22
oulab,6,temporal_hgb,activity_conditioned,cutoff_valid,auc,0.018686093322686892,0.010447508042315664,0.02492560257659568,22
oulab,6,temporal_hgb,activity_conditioned,cutoff_valid,pr_auc_risk,0.04870213693588732,0.02503899957493555,0.06522003258902652,22
oulab,6,temporal_hgb,activity_conditioned,cutoff_valid,brier,-0.005341354861264552,-0.00894559737876173,-0.0007750597381139297,22
oulab,6,temporal_hgb,activity_conditioned,cutoff_valid,ece,0.0007075125093991361,-0.004216782259265182,0.006436307724844821,22
oulab,6,temporal_hgb,activity_to_cutoff_valid,cutoff_valid,auc,-0.0012237707560335265,-0.0038104806203220765,0.0014316895165734475,22
oulab,6,temporal_hgb,activity_to_cutoff_valid,cutoff_valid,pr_auc_risk,-0.00934145732467373,-0.017345075653890242,0.0024168235614690186,22
oulab,6,temporal_hgb,activity_to_cutoff_valid,cutoff_valid,brier,0.0015697061384667421,-0.0015444454800872137,0.0056061448460154465,22
oulab,6,temporal_hgb,activity_to_cutoff_valid,cutoff_valid,ece,0.016518829693593244,-0.011836521514176229,0.021618201750693372,22
oulab,6,temporal_hgb,cutoff_valid_to_activity,cutoff_valid,auc,0.01727624885664092,0.008934645659579108,0.02309743697088242,22
oulab,6,temporal_hgb,cutoff_valid_to_activity,cutoff_valid,pr_auc_risk,0.04403610663876767,0.019541486167952628,0.059390852963017035,22
oulab,6,temporal_hgb,cutoff_valid_to_activity,cutoff_valid,brier,-0.004314712232313084,-0.006766021345960318,-0.0019644763019102673,22
oulab,6,temporal_hgb,cutoff_valid_to_activity,cutoff_valid,ece,0.002825681633005405,-0.023663420177450278,0.022360288442319225,22
oulab,6,temporal_hgb,static_full,cutoff_valid,auc,0.06963641412121824,0.05986319321629065,0.08049809142804572,22
oulab,6,temporal_hgb,static_full,cutoff_valid,pr_auc_risk,0.15337214583982706,0.1253743613390142,0.18133340831562786,22
oulab,6,temporal_hgb,static_full,cutoff_valid,brier,-0.027776638743680082,-0.03168201082920083,-0.022359606008796096,22
oulab,6,temporal_hgb,static_full,cutoff_valid,ece,-0.0014548654911007743,-0.008316977084852113,0.004036234996853893,22
oulab,8,base_dffnn,activity_conditioned,cutoff_valid,auc,0.028187030171085592,0.019341535688787968,0.035353336891980884,22
oulab,8,base_dffnn,activity_conditioned,cutoff_valid,pr_auc_risk,0.059055129148835706,0.04258335595084404,0.07333337577612277,22
oulab,8,base_dffnn,activity_conditioned,cutoff_valid,brier,-0.010253818363280653,-0.01394562417410559,-0.006315281315725542,22
oulab,8,base_dffnn,activity_conditioned,cutoff_valid,ece,-0.0010433383769022225,-0.00911927589182576,0.007110666216071459,22
oulab,8,base_dffnn,activity_to_cutoff_valid,cutoff_valid,auc,-0.0007965939974090563,-0.003897393329830509,0.002501044718552206,22
oulab,8,base_dffnn,activity_to_cutoff_valid,cutoff_valid,pr_auc_risk,-0.0010331763566552299,-0.004452947592318787,0.0022403530815484633,22
oulab,8,base_dffnn,activity_to_cutoff_valid,cutoff_valid,brier,0.0011439134246272742,-0.0005867372760316472,0.003109103754939228,22
oulab,8,base_dffnn,activity_to_cutoff_valid,cutoff_valid,ece,0.005978275730485136,-0.0015686645259153512,0.011366033030748172,22
oulab,8,base_dffnn,cutoff_valid_to_activity,cutoff_valid,auc,0.027944067631294756,0.019881256982453566,0.03495196314604358,22
oulab,8,base_dffnn,cutoff_valid_to_activity,cutoff_valid,pr_auc_risk,0.05769841551779342,0.04178414081543282,0.07159122250278993,22
oulab,8,base_dffnn,cutoff_valid_to_activity,cutoff_valid,brier,-0.01068616699743083,-0.014233615158171743,-0.007155671875089783,22
oulab,8,base_dffnn,cutoff_valid_to_activity,cutoff_valid,ece,-0.006262788929759056,-0.013276236305243197,0.007181836880897302,22
oulab,8,base_dffnn,static_full,cutoff_valid,auc,0.07325679257323081,0.05974040018173204,0.08805260796008978,22
oulab,8,base_dffnn,static_full,cutoff_valid,pr_auc_risk,0.13101752246369303,0.10674838871351483,0.15967194562451353,22
oulab,8,base_dffnn,static_full,cutoff_valid,brier,-0.03275253056692348,-0.039497765672954314,-0.026471383997729164,22
oulab,8,base_dffnn,static_full,cutoff_valid,ece,-0.008677013820177885,-0.02191222354296834,-8.922455049373798e-05,22
oulab,8,base_knn,activity_conditioned,cutoff_valid,auc,0.022580717234548908,0.014184407910029681,0.028507482069123225,22
oulab,8,base_knn,activity_conditioned,cutoff_valid,pr_auc_risk,0.061257304444819694,0.044121884626862846,0.07464562301422578,22
oulab,8,base_knn,activity_conditioned,cutoff_valid,brier,-0.005986499461968525,-0.0087985895720701,-0.0022298297030385393,22
oulab,8,base_knn,activity_conditioned,cutoff_valid,ece,-0.0033325476443804743,-0.00658970685220415,0.004694038152228937,22
oulab,8,base_knn,activity_to_cutoff_valid,cutoff_valid,auc,0.0007029899867109224,-0.002383889034511466,0.004023638137121065,22
oulab,8,base_knn,activity_to_cutoff_valid,cutoff_valid,pr_auc_risk,0.005467070142097352,-0.0018847719505497406,0.01076910851606511,22
oulab,8,base_knn,activity_to_cutoff_valid,cutoff_valid,brier,0.00038264087772874045,-0.0014809960853712993,0.0025451457631645493,22
oulab,8,base_knn,activity_to_cutoff_valid,cutoff_valid,ece,0.014637409041209526,-0.013087055609809422,0.021568005521425015,22
oulab,8,base_knn,cutoff_valid_to_activity,cutoff_valid,auc,0.019344741063049065,0.009746284290956378,0.02619286771343331,22
oulab,8,base_knn,cutoff_valid_to_activity,cutoff_valid,pr_auc_risk,0.04912515857973787,0.02757986515899902,0.06585061119994551,22
oulab,8,base_knn,cutoff_valid_to_activity,cutoff_valid,brier,-0.00360664940902114,-0.005539963114693355,-0.0015827738903912672,22
oulab,8,base_knn,cutoff_valid_to_activity,cutoff_valid,ece,0.006951109256431411,-0.023784738900162923,0.026298102906626902,22
oulab,8,base_knn,static_full,cutoff_valid,auc,0.07521915862315098,0.06160383493129513,0.09162874881151331,22
oulab,8,base_knn,static_full,cutoff_valid,pr_auc_risk,0.16313058144809622,0.12795205351002611,0.20409078845890977,22
oulab,8,base_knn,static_full,cutoff_valid,brier,-0.02906619796793211,-0.03434656131426114,-0.02349681111004161,22
oulab,8,base_knn,static_full,cutoff_valid,ece,-0.0042276118246242535,-0.013110608907500473,0.0015282789470758191,22
oulab,8,base_lr_clickstream,activity_conditioned,cutoff_valid,auc,0.019573984913194842,0.007454740240973862,0.027819058477056336,22
oulab,8,base_lr_clickstream,activity_conditioned,cutoff_valid,pr_auc_risk,0.04380317245927334,0.013690425622953015,0.06451481757433986,22
oulab,8,base_lr_clickstream,activity_conditioned,cutoff_valid,brier,-0.004503285775824067,-0.009254183140518289,0.0023607459842911326,22
oulab,8,base_lr_clickstream,activity_conditioned,cutoff_valid,ece,-0.0020335840692631037,-0.008357263157669067,0.011040282714006993,22
oulab,8,base_lr_clickstream,activity_to_cutoff_valid,cutoff_valid,auc,-0.0019751840893464934,-0.006597101921057757,0.0027637278678099625,22
oulab,8,base_lr_clickstream,activity_to_cutoff_valid,cutoff_valid,pr_auc_risk,-0.013278718023457814,-0.02301549580256465,0.0010003323949164852,22
oulab,8,base_lr_clickstream,activity_to_cutoff_valid,cutoff_valid,brier,0.0025875200004370214,-0.0023140600575023455,0.009163974050869656,22
oulab,8,base_lr_clickstream,activity_to_cutoff_valid,cutoff_valid,ece,0.01736194503970402,-0.015047466207648472,0.031856769012846925,22
oulab,8,base_lr_clickstream,cutoff_valid_to_activity,cutoff_valid,auc,0.01824456658003404,0.008006121418979528,0.02595831672086946,22
oulab,8,base_lr_clickstream,cutoff_valid_to_activity,cutoff_valid,pr_auc_risk,0.0365158408618228,0.010464907185068845,0.057835514248984574,22
oulab,8,base_lr_clickstream,cutoff_valid_to_activity,cutoff_valid,brier,-0.0032670607906233884,-0.005332305751639165,-0.0011049200600066716,22
oulab,8,base_lr_clickstream,cutoff_valid_to_activity,cutoff_valid,ece,0.007691890190839067,-0.02653143242175133,0.03018795989155431,22
oulab,8,base_lr_clickstream,static_full,cutoff_valid,auc,0.07306650139554771,0.06303103100427199,0.08497648943063045,22
oulab,8,base_lr_clickstream,static_full,cutoff_valid,pr_auc_risk,0.17742881325738646,0.13869524932647714,0.20913259800808498,22
oulab,8,base_lr_clickstream,static_full,cutoff_valid,brier,-0.027978883784751413,-0.03308083974125661,-0.021045734301917737,22
oulab,8,base_lr_clickstream,static_full,cutoff_valid,ece,-0.004839425788909054,-0.012037252788828647,0.004952222775186838,22
oulab,8,base_lr_profile,activity_conditioned,cutoff_valid,auc,-0.0169722131236133,-0.02270810738990759,-0.010782348636549598,22
oulab,8,base_lr_profile,activity_conditioned,cutoff_valid,pr_auc_risk,-0.004952997653460023,-0.02526613509826778,0.013549545235092197,22
oulab,8,base_lr_profile,activity_conditioned,cutoff_valid,brier,0.010463603275216227,0.008031248551415203,0.012763688760806396,22
oulab,8,base_lr_profile,activity_conditioned,cutoff_valid,ece,-3.262315442219971e-05,-0.005195733048071456,0.011456452331739626,22
oulab,8,base_lr_profile,activity_to_cutoff_valid,cutoff_valid,auc,-0.020767707873232344,-0.02662772093985104,-0.01579631505927778,22
oulab,8,base_lr_profile,activity_to_cutoff_valid,cutoff_valid,pr_auc_risk,-0.04663340729510668,-0.05758535312198711,-0.0377353566641705,22
oulab,8,base_lr_profile,activity_to_cutoff_valid,cutoff_valid,brier,0.00832553002847003,0.005351272462282457,0.011330370880442392,22
oulab,8,base_lr_profile,activity_to_cutoff_valid,cutoff_valid,ece,0.031059227319461803,-0.011846972396785189,0.038708652543399884,22
oulab,8,base_lr_profile,cutoff_valid_to_activity,cutoff_valid,auc,-0.018877233287863615,-0.024802228228284658,-0.012850338450362517,22
oulab,8,base_lr_profile,cutoff_valid_to_activity,cutoff_valid,pr_auc_risk,-0.00689306099716569,-0.026773144326410047,0.010993207474190832,22
oulab,8,base_lr_profile,cutoff_valid_to_activity,cutoff_valid,brier,0.013054080411023156,0.010137336711918797,0.016459884985759662,22
oulab,8,base_lr_profile,cutoff_valid_to_activity,cutoff_valid,ece,0.039793119905269944,-0.015293602890229628,0.0572058072167059,22
oulab,8,base_lr_profile,static_full,cutoff_valid,auc,0.070492582142334,0.05977899236490689,0.0821306821812598,22
oulab,8,base_lr_profile,static_full,cutoff_valid,pr_auc_risk,0.18400044988615927,0.1610148679779989,0.20780890522028556,22
oulab,8,base_lr_profile,static_full,cutoff_valid,brier,-0.018186330336212392,-0.021727734589007952,-0.01391624781770583,22
oulab,8,base_lr_profile,static_full,cutoff_valid,ece,-0.0009466950966902192,-0.005872376710871488,0.008353988753544166,22
oulab,8,base_lr_weekly,activity_conditioned,cutoff_valid,auc,0.027760888347357904,0.017262961350405885,0.03521723961806233,22
oulab,8,base_lr_weekly,activity_conditioned,cutoff_valid,pr_auc_risk,0.06368800445153744,0.03776156323492865,0.079360741928684,22
oulab,8,base_lr_weekly,activity_conditioned,cutoff_valid,brier,-0.007392182761149085,-0.011860186465662958,-0.001379660650098711,22
oulab,8,base_lr_weekly,activity_conditioned,cutoff_valid,ece,0.00830675828822846,0.0007713449764330345,0.014446803080779634,22
oulab,8,base_lr_weekly,activity_to_cutoff_valid,cutoff_valid,auc,-0.001830550400102382,-0.005313353036080715,0.0012360251532252072,22
oulab,8,base_lr_weekly,activity_to_cutoff_valid,cutoff_valid,pr_auc_risk,-0.007859370210517969,-0.01837656167950292,0.002120251078126211,22
oulab,8,base_lr_weekly,activity_to_cutoff_valid,cutoff_valid,brier,0.0033248097806598265,-0.0008732079845067228,0.008326749711880682,22
oulab,8,base_lr_weekly,activity_to_cutoff_valid,cutoff_valid,ece,0.022592350693672623,0.0006397526712471426,0.02749684969561754,22
oulab,8,base_lr_weekly,cutoff_valid_to_activity,cutoff_valid,auc,0.025683683803331636,0.016324785732366065,0.032205679532074684,22
oulab,8,base_lr_weekly,cutoff_valid_to_activity,cutoff_valid,pr_auc_risk,0.05287127012101778,0.028865609996530095,0.06828352162370453,22
oulab,8,base_lr_weekly,cutoff_valid_to_activity,cutoff_valid,brier,-0.007323809108782359,-0.010719349429495473,-0.004211315924806681,22
oulab,8,base_lr_weekly,cutoff_valid_to_activity,cutoff_valid,ece,0.0009565885151205447,-0.02784300331787642,0.02106607728019204,22
oulab,8,base_lr_weekly,static_full,cutoff_valid,auc,0.07745738100490862,0.06695902768944935,0.08845447857604964,22
oulab,8,base_lr_weekly,static_full,cutoff_valid,pr_auc_risk,0.16510841180575664,0.137309179817543,0.19369569832807668,22
oulab,8,base_lr_weekly,static_full,cutoff_valid,brier,-0.030100767268674306,-0.03481518527015489,-0.023704646731766775,22
oulab,8,base_lr_weekly,static_full,cutoff_valid,ece,0.00263358105719292,-0.007181382091711797,0.009446629820889953,22
oulab,8,base_rf_entropy,activity_conditioned,cutoff_valid,auc,0.026917495015219783,0.02016123964157659,0.03252336937176429,22
oulab,8,base_rf_entropy,activity_conditioned,cutoff_valid,pr_auc_risk,0.05910313844078752,0.044851752883459585,0.07124254336962686,22
oulab,8,base_rf_entropy,activity_conditioned,cutoff_valid,brier,-0.01175990113731945,-0.014933663319342415,-0.008587708985465577,22
oulab,8,base_rf_entropy,activity_conditioned,cutoff_valid,ece,-0.011086684085514775,-0.017242372645534364,-0.006244548840817969,22
oulab,8,base_rf_entropy,activity_to_cutoff_valid,cutoff_valid,auc,-0.0005553627897372237,-0.0019861636564460134,0.0005928650348220762,22
oulab,8,base_rf_entropy,activity_to_cutoff_valid,cutoff_valid,pr_auc_risk,-0.0003335905637219527,-0.0026087182500882378,0.0015453678132038024,22
oulab,8,base_rf_entropy,activity_to_cutoff_valid,cutoff_valid,brier,-0.0007808126221707234,-0.0016861803025957447,0.00011838268108614264,22
oulab,8,base_rf_entropy,activity_to_cutoff_valid,cutoff_valid,ece,-0.007542847782693901,-0.010994644590785385,-0.004378375596848551,22
oulab,8,base_rf_entropy,cutoff_valid_to_activity,cutoff_valid,auc,0.027018479816959484,0.019623512557009115,0.03331538976145909,22
oulab,8,base_rf_entropy,cutoff_valid_to_activity,cutoff_valid,pr_auc_risk,0.058598871402909314,0.043608101577276244,0.07147435871206433,22
oulab,8,base_rf_entropy,cutoff_valid_to_activity,cutoff_valid,brier,-0.010624798018565862,-0.014187263288443797,-0.007165290399196237,22
oulab,8,base_rf_entropy,cutoff_valid_to_activity,cutoff_valid,ece,0.0006389415512788876,-0.0071541965241423144,0.004547900760707284,22
oulab,8,base_rf_entropy,static_full,cutoff_valid,auc,0.06639193820803557,0.05785870652789415,0.07525226868099567,22
oulab,8,base_rf_entropy,static_full,cutoff_valid,pr_auc_risk,0.1258578732432294,0.10955809827519539,0.14400787757382597,22
oulab,8,base_rf_entropy,static_full,cutoff_valid,brier,-0.032604045886447386,-0.03771232651990211,-0.027208732398905092,22
oulab,8,base_rf_entropy,static_full,cutoff_valid,ece,-0.030317341023291346,-0.04287971003083714,-0.007832861303845024,22
oulab,8,base_rf_gini,activity_conditioned,cutoff_valid,auc,0.02693714832087346,0.019917375377501486,0.03271688967495638,22
oulab,8,base_rf_gini,activity_conditioned,cutoff_valid,pr_auc_risk,0.05914592978193012,0.04489182946531818,0.07134764517144866,22
oulab,8,base_rf_gini,activity_conditioned,cutoff_valid,brier,-0.011838603813680765,-0.015109458978235976,-0.008581360338678063,22
oulab,8,base_rf_gini,activity_conditioned,cutoff_valid,ece,-0.011575308226659996,-0.01776154914834695,-0.005393376760356375,22
oulab,8,base_rf_gini,activity_to_cutoff_valid,cutoff_valid,auc,-0.0005130568812801162,-0.0018929228453291897,0.0005803927539814844,22
oulab,8,base_rf_gini,activity_to_cutoff_valid,cutoff_valid,pr_auc_risk,-0.00024718161220949053,-0.0024228093429528195,0.00155295266334233,22
oulab,8,base_rf_gini,activity_to_cutoff_valid,cutoff_valid,brier,-0.0008790131584898164,-0.0017749169799940409,-4.173894313327254e-06,22
oulab,8,base_rf_gini,activity_to_cutoff_valid,cutoff_valid,ece,-0.008149500364247976,-0.011285056140251635,-0.004687333353652683,22
oulab,8,base_rf_gini,cutoff_valid_to_activity,cutoff_valid,auc,0.02693351108200115,0.01947234310074162,0.03324285901056194,22
oulab,8,base_rf_gini,cutoff_valid_to_activity,cutoff_valid,pr_auc_risk,0.05840712292660666,0.04339207990725507,0.07119265592046743,22
oulab,8,base_rf_gini,cutoff_valid_to_activity,cutoff_valid,brier,-0.010590726406004058,-0.014137882575088941,-0.007159859764801165,22
oulab,8,base_rf_gini,cutoff_valid_to_activity,cutoff_valid,ece,-0.00018713052459389673,-0.008061184656798302,0.0047483580467325495,22
oulab,8,base_rf_gini,static_full,cutoff_valid,auc,0.06632710141339426,0.05759370578589802,0.07540184445658178,22
oulab,8,base_rf_gini,static_full,cutoff_valid,pr_auc_risk,0.12607570585861638,0.10964053937527678,0.14451946558032167,22
oulab,8,base_rf_gini,static_full,cutoff_valid,brier,-0.03279445952124396,-0.037967374751093665,-0.02734651901463194,22
oulab,8,base_rf_gini,static_full,cutoff_valid,ece,-0.0299877734402295,-0.044644101207106046,-0.008818520611470848,22
oulab,8,base_svm,activity_conditioned,cutoff_valid,auc,0.017916343912095956,0.004546784243280255,0.027725133243079732,22
oulab,8,base_svm,activity_conditioned,cutoff_valid,pr_auc_risk,0.036338448587715955,0.002987072713860281,0.06619919332510081,22
oulab,8,base_svm,activity_conditioned,cutoff_valid,brier,-0.0024689836670593046,-0.006619842812224093,0.0030751016174295934,22
oulab,8,base_svm,activity_conditioned,cutoff_valid,ece,0.014539050062643194,0.002324544635321458,0.02188069160444102,22
oulab,8,base_svm,activity_to_cutoff_valid,cutoff_valid,auc,-0.004149649431068436,-0.009119765283395156,0.0009366574363242639,22
oulab,8,base_svm,activity_to_cutoff_valid,cutoff_valid,pr_auc_risk,-0.018552360379525457,-0.029700744020728226,0.0034956783533201113,22
oulab,8,base_svm,activity_to_cutoff_valid,cutoff_valid,brier,0.002242951843484303,-0.001897012086795842,0.0075828607262179515,22
oulab,8,base_svm,activity_to_cutoff_valid,cutoff_valid,ece,0.006572796492508727,-0.007391480327689914,0.03533783628897576,22
oulab,8,base_svm,cutoff_valid_to_activity,cutoff_valid,auc,0.019613128388244028,0.009303412018981747,0.027081094914069008,22
oulab,8,base_svm,cutoff_valid_to_activity,cutoff_valid,pr_auc_risk,0.04128810863219745,0.014249622499666522,0.06150218565246517,22
oulab,8,base_svm,cutoff_valid_to_activity,cutoff_valid,brier,-0.0009192644690754759,-0.002669876109274088,0.0009293828265835355,22
oulab,8,base_svm,cutoff_valid_to_activity,cutoff_valid,ece,0.023988271730979303,-0.010721853878422326,0.029800369246195897,22
oulab,8,base_svm,static_full,cutoff_valid,auc,0.06838909808458382,0.055746288793434295,0.08143050561990642,22
oulab,8,base_svm,static_full,cutoff_valid,pr_auc_risk,0.1714155433059964,0.1332952142013679,0.2026234001008831,22
oulab,8,base_svm,static_full,cutoff_valid,brier,-0.021973274318716873,-0.029149763077823642,-0.012520311327281522,22
oulab,8,base_svm,static_full,cutoff_valid,ece,0.025262185841519506,-0.0031908741007488414,0.03559358122217627,22
oulab,8,flat_hgb,activity_conditioned,cutoff_valid,auc,0.021533102265967607,0.013236984990560535,0.027286587300748993,22
oulab,8,flat_hgb,activity_conditioned,cutoff_valid,pr_auc_risk,0.06371087687928234,0.043056500016293006,0.08223168096995888,22
oulab,8,flat_hgb,activity_conditioned,cutoff_valid,brier,-0.005557587519622126,-0.00942940779536473,-0.00020262168956479502,22
oulab,8,flat_hgb,activity_conditioned,cutoff_valid,ece,0.0015599277114960487,-0.006040935160313494,0.006934710177752404,22
oulab,8,flat_hgb,activity_to_cutoff_valid,cutoff_valid,auc,-0.0004257666627131007,-0.003655138310141623,0.0032756277131510145,22
oulab,8,flat_hgb,activity_to_cutoff_valid,cutoff_valid,pr_auc_risk,0.003260405242511477,-0.007251911811580478,0.013380411482775634,22
oulab,8,flat_hgb,activity_to_cutoff_valid,cutoff_valid,brier,0.002813664159357826,-0.00014336291528422999,0.0065786275199882695,22
oulab,8,flat_hgb,activity_to_cutoff_valid,cutoff_valid,ece,0.01918298790682678,-0.008751045301424601,0.022932181386808904,22
oulab,8,flat_hgb,cutoff_valid_to_activity,cutoff_valid,auc,0.020004917607975403,0.009629274594970108,0.026320939370464504,22
oulab,8,flat_hgb,cutoff_valid_to_activity,cutoff_valid,pr_auc_risk,0.056508874325522096,0.037071228015345896,0.07058469714573033,22
oulab,8,flat_hgb,cutoff_valid_to_activity,cutoff_valid,brier,-0.006267247104029566,-0.008402302561378765,-0.003761356461547938,22
oulab,8,flat_hgb,cutoff_valid_to_activity,cutoff_valid,ece,-0.01131872374800863,-0.02462871450262686,0.019531735351267496,22
oulab,8,flat_hgb,static_full,cutoff_valid,auc,0.06887406430780463,0.05412400884266038,0.08756749716370414,22
oulab,8,flat_hgb,static_full,cutoff_valid,pr_auc_risk,0.15207735883649987,0.11073943518834875,0.20497402718579616,22
oulab,8,flat_hgb,static_full,cutoff_valid,brier,-0.027792000236684822,-0.033188755508547586,-0.021884783271655533,22
oulab,8,flat_hgb,static_full,cutoff_valid,ece,-0.00336752690689519,-0.01277231409021779,0.002362546999586555,22
oulab,8,stack_7_full,activity_conditioned,cutoff_valid,auc,0.024452097224265,0.017225302701349827,0.03069447732720287,22
oulab,8,stack_7_full,activity_conditioned,cutoff_valid,pr_auc_risk,0.05295009165946052,0.03977815475604919,0.06466742198971022,22
oulab,8,stack_7_full,activity_conditioned,cutoff_valid,brier,-0.009887164296010859,-0.012996749271088869,-0.00658034888852885,22
oulab,8,stack_7_full,activity_conditioned,cutoff_valid,ece,0.00011420134913019304,-0.0037490577478382467,0.003721163429273412,22
oulab,8,stack_7_full,activity_to_cutoff_valid,cutoff_valid,auc,-0.0015012528792672786,-0.0036954776561811593,0.00032014892536551205,22
oulab,8,stack_7_full,activity_to_cutoff_valid,cutoff_valid,pr_auc_risk,-0.0038049946444675964,-0.007502375902323869,-0.0008013870180497818,22
oulab,8,stack_7_full,activity_to_cutoff_valid,cutoff_valid,brier,0.001101662418420024,5.5323708296232266e-05,0.002194117344353026,22
oulab,8,stack_7_full,activity_to_cutoff_valid,cutoff_valid,ece,0.0016118470792739446,-0.0018954703703293505,0.0059925388396765596,22
oulab,8,stack_7_full,cutoff_valid_to_activity,cutoff_valid,auc,0.024412298305679814,0.017814744833822414,0.030322959961435473,22
oulab,8,stack_7_full,cutoff_valid_to_activity,cutoff_valid,pr_auc_risk,0.05269030567959598,0.03959646920223363,0.06436412781186623,22
oulab,8,stack_7_full,cutoff_valid_to_activity,cutoff_valid,brier,-0.00982611924870505,-0.01290063290382609,-0.0067948581143611785,22
oulab,8,stack_7_full,cutoff_valid_to_activity,cutoff_valid,ece,0.0011217960051180705,-0.004612815654507379,0.00889276276660321,22
oulab,8,stack_7_full,static_full,cutoff_valid,auc,0.05971657809515718,0.05268446235728055,0.06686852272308813,22
oulab,8,stack_7_full,static_full,cutoff_valid,pr_auc_risk,0.1125697944594688,0.09769652286338747,0.13012372285333138,22
oulab,8,stack_7_full,static_full,cutoff_valid,brier,-0.028196951697903205,-0.03183880319067276,-0.023958343680132308,22
oulab,8,stack_7_full,static_full,cutoff_valid,ece,-0.00360253045159588,-0.008233062341096213,0.0009431966251583814,22
oulab,8,temporal_hgb,activity_conditioned,cutoff_valid,auc,0.02739900259745265,0.019403748096872515,0.03369057353968805,22
oulab,8,temporal_hgb,activity_conditioned,cutoff_valid,pr_auc_risk,0.07044650642139993,0.0515911812217391,0.08445734204453216,22
oulab,8,temporal_hgb,activity_conditioned,cutoff_valid,brier,-0.009527639195595294,-0.012821637376904178,-0.005468820021647044,22
oulab,8,temporal_hgb,activity_conditioned,cutoff_valid,ece,-0.003403618861650963,-0.005488435034873263,0.004664359637912722,22
oulab,8,temporal_hgb,activity_to_cutoff_valid,cutoff_valid,auc,-0.0009382050024349109,-0.002316744161860523,0.0005504797174721107,22
oulab,8,temporal_hgb,activity_to_cutoff_valid,cutoff_valid,pr_auc_risk,-0.0007139111331563308,-0.006398569382587943,0.0030677951062583982,22
oulab,8,temporal_hgb,activity_to_cutoff_valid,cutoff_valid,brier,0.0013225935165990799,-0.0009474320212818326,0.004037409586522372,22
oulab,8,temporal_hgb,activity_to_cutoff_valid,cutoff_valid,ece,0.006142222049020603,-0.008561639027001055,0.017451806608063176,22
oulab,8,temporal_hgb,cutoff_valid_to_activity,cutoff_valid,auc,0.02697171733381465,0.01902353446784765,0.03324181777020084,22
oulab,8,temporal_hgb,cutoff_valid_to_activity,cutoff_valid,pr_auc_risk,0.0666933481354216,0.0468961313739539,0.08099519578635168,22
oulab,8,temporal_hgb,cutoff_valid_to_activity,cutoff_valid,brier,-0.00892353330083795,-0.012389807378439737,-0.0057500081110851255,22
oulab,8,temporal_hgb,cutoff_valid_to_activity,cutoff_valid,ece,0.0036909509975025442,-0.015073093857076648,0.01566275792865835,22
oulab,8,temporal_hgb,static_full,cutoff_valid,auc,0.07020563281879488,0.06075307824033614,0.07964463569253315,22
oulab,8,temporal_hgb,static_full,cutoff_valid,pr_auc_risk,0.1448886558939113,0.12138268365687244,0.1665825364142332,22
oulab,8,temporal_hgb,static_full,cutoff_valid,brier,-0.0304647580894562,-0.034702697836583564,-0.02532126686048377,22
oulab,8,temporal_hgb,static_full,cutoff_valid,ece,-0.006121156519056925,-0.012346956698932016,0.0018078047789307574,22
oulab,10,base_dffnn,activity_conditioned,cutoff_valid,auc,0.030157851189506535,0.0226817959376339,0.03639551698687586,22
oulab,10,base_dffnn,activity_conditioned,cutoff_valid,pr_auc_risk,0.06293039298910985,0.04980826567008617,0.07465607153194241,22
oulab,10,base_dffnn,activity_conditioned,cutoff_valid,brier,-0.01144773659797138,-0.014699683572360336,-0.007782847367942739,22
oulab,10,base_dffnn,activity_conditioned,cutoff_valid,ece,0.0013589073689269267,-0.006570136847489027,0.007065726376619185,22
oulab,10,base_dffnn,activity_to_cutoff_valid,cutoff_valid,auc,-0.002130943446031597,-0.005049097913514345,0.001391045148775166,22
oulab,10,base_dffnn,activity_to_cutoff_valid,cutoff_valid,pr_auc_risk,-0.00146886546079672,-0.004441012123919882,0.0014310015909445193,22
oulab,10,base_dffnn,activity_to_cutoff_valid,cutoff_valid,brier,0.001326162113604673,-0.00035677089720632173,0.0030633244476445487,22
oulab,10,base_dffnn,activity_to_cutoff_valid,cutoff_valid,ece,0.007893174113270729,-0.004324614227443978,0.01277394491561444,22
oulab,10,base_dffnn,cutoff_valid_to_activity,cutoff_valid,auc,0.03169691944497677,0.023521535646161135,0.038889480409652434,22
oulab,10,base_dffnn,cutoff_valid_to_activity,cutoff_valid,pr_auc_risk,0.06338880635811017,0.04901169300153973,0.0763246324961752,22
oulab,10,base_dffnn,cutoff_valid_to_activity,cutoff_valid,brier,-0.012360885417709688,-0.016024921098733352,-0.008473948818985264,22
oulab,10,base_dffnn,cutoff_valid_to_activity,cutoff_valid,ece,-0.0008904894582639628,-0.008357393844749277,0.006168645876967408,22
oulab,10,base_dffnn,static_full,cutoff_valid,auc,0.06787484711054581,0.060070765057376754,0.07803626532789297,22
oulab,10,base_dffnn,static_full,cutoff_valid,pr_auc_risk,0.12031237225482572,0.10310162038778199,0.14050432998975254,22
oulab,10,base_dffnn,static_full,cutoff_valid,brier,-0.030374403748489653,-0.03391386533663599,-0.026886121124739027,22
oulab,10,base_dffnn,static_full,cutoff_valid,ece,0.004312918161976993,-0.014198337891837182,0.013614063588566743,22
oulab,10,base_knn,activity_conditioned,cutoff_valid,auc,0.028031099599300946,0.019367694964204856,0.03493315518617554,22
oulab,10,base_knn,activity_conditioned,cutoff_valid,pr_auc_risk,0.07045537132595969,0.05106358462465743,0.08837383508774295,22
oulab,10,base_knn,activity_conditioned,cutoff_valid,brier,-0.008777407753574024,-0.01268691558270555,-0.004103773557415393,22
oulab,10,base_knn,activity_conditioned,cutoff_valid,ece,-0.00011676354312922105,-0.0039291148454266185,0.0033720425952059262,22
oulab,10,base_knn,activity_to_cutoff_valid,cutoff_valid,auc,-0.0004996411735090911,-0.0014105927282490132,0.0003217973354927154,22
oulab,10,base_knn,activity_to_cutoff_valid,cutoff_valid,pr_auc_risk,0.001382470843514838,-0.00157821893841385,0.004723657373589234,22
oulab,10,base_knn,activity_to_cutoff_valid,cutoff_valid,brier,0.0008297971236816692,-0.0007269072027272366,0.003402172482346842,22
oulab,10,base_knn,activity_to_cutoff_valid,cutoff_valid,ece,0.005237507190795784,-0.008067593285438896,0.014562003563134649,22
oulab,10,base_knn,cutoff_valid_to_activity,cutoff_valid,auc,0.02740823667079073,0.018854628936980124,0.034028023464858184,22
oulab,10,base_knn,cutoff_valid_to_activity,cutoff_valid,pr_auc_risk,0.06622418809404995,0.048550216046634634,0.08135791752761669,22
oulab,10,base_knn,cutoff_valid_to_activity,cutoff_valid,brier,-0.008215431819438485,-0.011001473342177714,-0.005237389639764476,22
oulab,10,base_knn,cutoff_valid_to_activity,cutoff_valid,ece,0.0008647296663563397,-0.016072303060219586,0.01798967126649412,22
oulab,10,base_knn,static_full,cutoff_valid,auc,0.071109440977011,0.05982061823391236,0.08477523664455833,22
oulab,10,base_knn,static_full,cutoff_valid,pr_auc_risk,0.14798489314760166,0.1168922682897343,0.18668081830962283,22
oulab,10,base_knn,static_full,cutoff_valid,brier,-0.029721878943446717,-0.03449459244127171,-0.02480424430625001,22
oulab,10,base_knn,static_full,cutoff_valid,ece,-0.003027586283298361,-0.011044473569057673,0.0024798859505651806,22
oulab,10,base_lr_clickstream,activity_conditioned,cutoff_valid,auc,0.0258547014196453,0.016597444146388064,0.03277358877587151,22
oulab,10,base_lr_clickstream,activity_conditioned,cutoff_valid,pr_auc_risk,0.06922053275698203,0.04679461837675705,0.08647501920390663,22
oulab,10,base_lr_clickstream,activity_conditioned,cutoff_valid,brier,-0.006216670729537049,-0.01106983897193978,0.0006336188777717053,22
oulab,10,base_lr_clickstream,activity_conditioned,cutoff_valid,ece,0.011749692281545564,-0.003586132605596859,0.01663525199570291,22
oulab,10,base_lr_clickstream,activity_to_cutoff_valid,cutoff_valid,auc,-0.0026531685939257255,-0.007008249630476043,0.0017714664247149344,22
oulab,10,base_lr_clickstream,activity_to_cutoff_valid,cutoff_valid,pr_auc_risk,-0.00017837324407543598,-0.009485422863639922,0.007023284229792814,22
oulab,10,base_lr_clickstream,activity_to_cutoff_valid,cutoff_valid,brier,0.0033316338875188645,-0.0008048976015852138,0.008857351216440849,22
oulab,10,base_lr_clickstream,activity_to_cutoff_valid,cutoff_valid,ece,0.022554596249701714,-0.00459053447931397,0.03159826624913644,22
oulab,10,base_lr_clickstream,cutoff_valid_to_activity,cutoff_valid,auc,0.026000161531119614,0.016947985166428953,0.033755372946613356,22
oulab,10,base_lr_clickstream,cutoff_valid_to_activity,cutoff_valid,pr_auc_risk,0.05555685737586413,0.03365304893686487,0.07397020791921707,22
oulab,10,base_lr_clickstream,cutoff_valid_to_activity,cutoff_valid,brier,-0.006012097275777062,-0.008469977820819425,-0.0034503271622114994,22
oulab,10,base_lr_clickstream,cutoff_valid_to_activity,cutoff_valid,ece,0.007740992707434644,-0.022402849952505743,0.027512555274000355,22
oulab,10,base_lr_clickstream,static_full,cutoff_valid,auc,0.07240342493076979,0.06239017447870106,0.08440829429420132,22
oulab,10,base_lr_clickstream,static_full,cutoff_valid,pr_auc_risk,0.16400727735388188,0.12597423781171477,0.20434807198059085,22
oulab,10,base_lr_clickstream,static_full,cutoff_valid,brier,-0.02848299624001399,-0.03367341308352856,-0.02150297240398685,22
oulab,10,base_lr_clickstream,static_full,cutoff_valid,ece,0.007451285543846095,-0.008619113335197855,0.010109800213969455,22
oulab,10,base_lr_profile,activity_conditioned,cutoff_valid,auc,-0.01681650059910189,-0.02235359376777516,-0.010964543973295248,22
oulab,10,base_lr_profile,activity_conditioned,cutoff_valid,pr_auc_risk,0.002930849110637457,-0.01778261678127042,0.022577676015721245,22
oulab,10,base_lr_profile,activity_conditioned,cutoff_valid,brier,0.012500963672482684,0.009952376480075317,0.014913853982696752,22
oulab,10,base_lr_profile,activity_conditioned,cutoff_valid,ece,-0.0003818853799666677,-0.005753738055890884,0.01320106450351875,22
oulab,10,base_lr_profile,activity_to_cutoff_valid,cutoff_valid,auc,-0.020891176457927596,-0.02699807592650958,-0.015498330864261606,22
oulab,10,base_lr_profile,activity_to_cutoff_valid,cutoff_valid,pr_auc_risk,-0.050163161434469195,-0.06139748018192202,-0.0403643923218561,22
oulab,10,base_lr_profile,activity_to_cutoff_valid,cutoff_valid,brier,0.009758573533924647,0.006185617562114933,0.013300897164791136,22
oulab,10,base_lr_profile,activity_to_cutoff_valid,cutoff_valid,ece,0.04029933105048302,-0.004988298985134198,0.048889625576685324,22
oulab,10,base_lr_profile,cutoff_valid_to_activity,cutoff_valid,auc,-0.01949744019905575,-0.02516567523607367,-0.013608025655497718,22
oulab,10,base_lr_profile,cutoff_valid_to_activity,cutoff_valid,pr_auc_risk,0.00033700764774435843,-0.02029470894493177,0.019486943225109993,22
oulab,10,base_lr_profile,cutoff_valid_to_activity,cutoff_valid,brier,0.016245683724830817,0.013025520837889406,0.020241552646926623,22
oulab,10,base_lr_profile,cutoff_valid_to_activity,cutoff_valid,ece,0.048967014977592406,-0.0050305871922246125,0.06830899505543452,22
oulab,10,base_lr_profile,static_full,cutoff_valid,auc,0.07101176337859205,0.060646389245981557,0.08252730198212468,22
oulab,10,base_lr_profile,static_full,cutoff_valid,pr_auc_risk,0.19305388496279396,0.16864034398326166,0.21690108115768342,22
oulab,10,base_lr_profile,static_full,cutoff_valid,brier,-0.01670059747634195,-0.020309164337228416,-0.012606140663520948,22
oulab,10,base_lr_profile,static_full,cutoff_valid,ece,-0.001456783871918256,-0.007286137762617743,0.008953310986308628,22
oulab,10,base_lr_weekly,activity_conditioned,cutoff_valid,auc,0.03212358376103441,0.02394410840495074,0.03894200401613057,22
oulab,10,base_lr_weekly,activity_conditioned,cutoff_valid,pr_auc_risk,0.07247410116048414,0.05632374528775967,0.08604255013240418,22
oulab,10,base_lr_weekly,activity_conditioned,cutoff_valid,brier,-0.010346381828687218,-0.014290391381765691,-0.005641103252178002,22
oulab,10,base_lr_weekly,activity_conditioned,cutoff_valid,ece,0.007396591771191188,0.0036180046397696008,0.011722056090168092,22
oulab,10,base_lr_weekly,activity_to_cutoff_valid,cutoff_valid,auc,-0.001729767063252008,-0.0032153846524693775,-0.00020321566595145422,22
oulab,10,base_lr_weekly,activity_to_cutoff_valid,cutoff_valid,pr_auc_risk,0.0024337582127333945,-0.0009761797344903205,0.0050608198655891,22
oulab,10,base_lr_weekly,activity_to_cutoff_valid,cutoff_valid,brier,0.0025841232040661466,0.0004957159065395594,0.005280811672070331,22
oulab,10,base_lr_weekly,activity_to_cutoff_valid,cutoff_valid,ece,0.009774447703978499,0.003945239001898743,0.020692978517297737,22
oulab,10,base_lr_weekly,cutoff_valid_to_activity,cutoff_valid,auc,0.032711853438200045,0.02470504632636417,0.03927342124770098,22
oulab,10,base_lr_weekly,cutoff_valid_to_activity,cutoff_valid,pr_auc_risk,0.06802195741317618,0.05154289292611611,0.08049016874034992,22
oulab,10,base_lr_weekly,cutoff_valid_to_activity,cutoff_valid,brier,-0.011046510332579695,-0.01436401267572102,-0.007366099227706039,22
oulab,10,base_lr_weekly,cutoff_valid_to_activity,cutoff_valid,ece,0.004545033702176751,4.931434703613319e-05,0.012288705394724387,22
oulab,10,base_lr_weekly,static_full,cutoff_valid,auc,0.0718601656400929,0.06187956623455061,0.08339131248829508,22
oulab,10,base_lr_weekly,static_full,cutoff_valid,pr_auc_risk,0.13516975215205684,0.1127412327101831,0.16087311138305083,22
oulab,10,base_lr_weekly,static_full,cutoff_valid,brier,-0.03059084928558653,-0.034890915044271255,-0.025500599647312598,22
oulab,10,base_lr_weekly,static_full,cutoff_valid,ece,7.429019801347136e-05,-0.004593597620270377,0.00423106619033494,22
oulab,10,base_rf_entropy,activity_conditioned,cutoff_valid,auc,0.030477823915528335,0.023411227792829115,0.03638826360118326,22
oulab,10,base_rf_entropy,activity_conditioned,cutoff_valid,pr_auc_risk,0.06358613326245255,0.05065676359624588,0.07483146861399728,22
oulab,10,base_rf_entropy,activity_conditioned,cutoff_valid,brier,-0.013509185078327463,-0.01697083378417018,-0.009744088503854623,22
oulab,10,base_rf_entropy,activity_conditioned,cutoff_valid,ece,-0.013971476113081235,-0.018982663909278056,-0.004015391181164048,22
oulab,10,base_rf_entropy,activity_to_cutoff_valid,cutoff_valid,auc,0.00010053805368981372,-0.0005459119605165542,0.0008098407050514316,22
oulab,10,base_rf_entropy,activity_to_cutoff_valid,cutoff_valid,pr_auc_risk,0.0007548337063467692,-8.870131651989854e-05,0.0016489971797262078,22
oulab,10,base_rf_entropy,activity_to_cutoff_valid,cutoff_valid,brier,-0.0010855291198894335,-0.0020433561944065226,-0.0003014009129778364,22
oulab,10,base_rf_entropy,activity_to_cutoff_valid,cutoff_valid,ece,-0.010306008882090281,-0.012549602382572984,-0.004180917831876422,22
oulab,10,base_rf_entropy,cutoff_valid_to_activity,cutoff_valid,auc,0.03014537783604565,0.022940177289634274,0.036087573498839585,22
oulab,10,base_rf_entropy,cutoff_valid_to_activity,cutoff_valid,pr_auc_risk,0.06288182167761946,0.04970910183519311,0.07422908508090098,22
oulab,10,base_rf_entropy,cutoff_valid_to_activity,cutoff_valid,brier,-0.012347719818803865,-0.01580568656068767,-0.008594884627266753,22
oulab,10,base_rf_entropy,cutoff_valid_to_activity,cutoff_valid,ece,-0.0021487220749316915,-0.006350437255902682,0.002168652869186282,22
oulab,10,base_rf_entropy,static_full,cutoff_valid,auc,0.06447914818496014,0.05619678844122372,0.07367137445126795,22
oulab,10,base_rf_entropy,static_full,cutoff_valid,pr_auc_risk,0.11798779007011273,0.10197671972143701,0.13583257379557823,22
oulab,10,base_rf_entropy,static_full,cutoff_valid,brier,-0.03241660070422536,-0.037519395377747795,-0.027929647899630716,22
oulab,10,base_rf_entropy,static_full,cutoff_valid,ece,-0.026631928663650075,-0.04045593859357781,-0.003523252854934558,22
oulab,10,base_rf_gini,activity_conditioned,cutoff_valid,auc,0.030765216897877368,0.023554836663182317,0.036816502786554045,22
oulab,10,base_rf_gini,activity_conditioned,cutoff_valid,pr_auc_risk,0.06396370292808573,0.05090740863674287,0.07537548467114041,22
oulab,10,base_rf_gini,activity_conditioned,cutoff_valid,brier,-0.013784336751359094,-0.017362611142710174,-0.009969693655171336,22
oulab,10,base_rf_gini,activity_conditioned,cutoff_valid,ece,-0.015156045578544518,-0.020254949702911824,-0.006500517449530098,22
oulab,10,base_rf_gini,activity_to_cutoff_valid,cutoff_valid,auc,0.0003852073940266987,-0.0003425748329628192,0.0010730852530733994,22
oulab,10,base_rf_gini,activity_to_cutoff_valid,cutoff_valid,pr_auc_risk,0.0011134828885229764,-3.176912524729402e-05,0.002227686035915244,22
oulab,10,base_rf_gini,activity_to_cutoff_valid,cutoff_valid,brier,-0.0013497676663399294,-0.00242804274533207,-0.0004883867232622773,22
oulab,10,base_rf_gini,activity_to_cutoff_valid,cutoff_valid,ece,-0.010973620573161542,-0.012831689606636354,-0.006308041820385387,22
oulab,10,base_rf_gini,cutoff_valid_to_activity,cutoff_valid,auc,0.030217725492214464,0.022947011236834645,0.036260757593999715,22
oulab,10,base_rf_gini,cutoff_valid_to_activity,cutoff_valid,pr_auc_risk,0.063055333545734,0.04988437876201425,0.07438094161147452,22
oulab,10,base_rf_gini,cutoff_valid_to_activity,cutoff_valid,brier,-0.012380498230620651,-0.015847674338851814,-0.008621271892902451,22
oulab,10,base_rf_gini,cutoff_valid_to_activity,cutoff_valid,ece,-0.002423403354793033,-0.006942997361833713,0.0019039031014360603,22
oulab,10,base_rf_gini,static_full,cutoff_valid,auc,0.06467682938522779,0.05627353534418811,0.0739901898961257,22
oulab,10,base_rf_gini,static_full,cutoff_valid,pr_auc_risk,0.11838469830632758,0.10249319391628038,0.1363338923210689,22
oulab,10,base_rf_gini,static_full,cutoff_valid,brier,-0.03279501378919911,-0.038074899813837416,-0.02812610767572322,22
oulab,10,base_rf_gini,static_full,cutoff_valid,ece,-0.026633031224281022,-0.043323071973012474,-0.006198973603009406,22
oulab,10,base_svm,activity_conditioned,cutoff_valid,auc,0.023950934064302487,0.013094123119255636,0.032390072061250004,22
oulab,10,base_svm,activity_conditioned,cutoff_valid,pr_auc_risk,0.06612857139201445,0.03797552855971341,0.08824047812237638,22
oulab,10,base_svm,activity_conditioned,cutoff_valid,brier,-0.004122587407691114,-0.009081492989448799,0.0019063713370533499,22
oulab,10,base_svm,activity_conditioned,cutoff_valid,ece,0.01953589866456488,0.004250861130563213,0.025428241409631906,22
oulab,10,base_svm,activity_to_cutoff_valid,cutoff_valid,auc,-0.005373693914254574,-0.009848590725779854,-0.0007488009005122339,22
oulab,10,base_svm,activity_to_cutoff_valid,cutoff_valid,pr_auc_risk,-0.004762068722330981,-0.017156367564807293,0.008022057080332743,22
oulab,10,base_svm,activity_to_cutoff_valid,cutoff_valid,brier,0.002668126994189196,-0.0015228388595757258,0.007847011350565506,22
oulab,10,base_svm,activity_to_cutoff_valid,cutoff_valid,ece,0.017267065503694022,-0.006822843043097812,0.035406694041100015,22
oulab,10,base_svm,cutoff_valid_to_activity,cutoff_valid,auc,0.027390488066635577,0.01835560483534332,0.034916470990071356,22
oulab,10,base_svm,cutoff_valid_to_activity,cutoff_valid,pr_auc_risk,0.06465217598157602,0.04319794920476306,0.08122818275003967,22
oulab,10,base_svm,cutoff_valid_to_activity,cutoff_valid,brier,-0.0026516949262587464,-0.004781665186166151,-0.0005410272769149288,22
oulab,10,base_svm,cutoff_valid_to_activity,cutoff_valid,ece,0.023970760636606726,-0.007827290043693435,0.029629429058602327,22
oulab,10,base_svm,static_full,cutoff_valid,auc,0.06872252072493534,0.05766550886314195,0.08124650114355184,22
oulab,10,base_svm,static_full,cutoff_valid,pr_auc_risk,0.15792238865562624,0.12420345873745393,0.1947319379916368,22
oulab,10,base_svm,static_full,cutoff_valid,brier,-0.022327799417694,-0.02989912662976187,-0.013482726644715436,22
oulab,10,base_svm,static_full,cutoff_valid,ece,0.0384691524763451,0.01723223796236414,0.04455012201611469,22
oulab,10,flat_hgb,activity_conditioned,cutoff_valid,auc,0.027388221284464387,0.01983250479799971,0.03372039284904041,22
oulab,10,flat_hgb,activity_conditioned,cutoff_valid,pr_auc_risk,0.0704320424003626,0.05045228957309322,0.08784338812065412,22
oulab,10,flat_hgb,activity_conditioned,cutoff_valid,brier,-0.008261683029806732,-0.013261477665143228,-0.0011462266475784056,22
oulab,10,flat_hgb,activity_conditioned,cutoff_valid,ece,0.002820693244504374,-0.003270340541311607,0.007201749548194482,22
oulab,10,flat_hgb,activity_to_cutoff_valid,cutoff_valid,auc,-0.000675825965467558,-0.002036924153643116,0.0005315805329411753,22
oulab,10,flat_hgb,activity_to_cutoff_valid,cutoff_valid,pr_auc_risk,-0.0004628521325292789,-0.0030780318412310576,0.0020720931579406242,22
oulab,10,flat_hgb,activity_to_cutoff_valid,cutoff_valid,brier,0.003315068378252628,-0.000506190763843939,0.010633811986590221,22
oulab,10,flat_hgb,activity_to_cutoff_valid,cutoff_valid,ece,0.013071673694052065,-0.008291388101958931,0.020091224507497403,22
oulab,10,flat_hgb,cutoff_valid_to_activity,cutoff_valid,auc,0.027223508366486238,0.0195859752042279,0.033487773368673125,22
oulab,10,flat_hgb,cutoff_valid_to_activity,cutoff_valid,pr_auc_risk,0.06777589476459167,0.04826911525231936,0.08372399294010545,22
oulab,10,flat_hgb,cutoff_valid_to_activity,cutoff_valid,brier,-0.010223696039370012,-0.013697572203608838,-0.006886522244075693,22
oulab,10,flat_hgb,cutoff_valid_to_activity,cutoff_valid,ece,-0.004310104301643372,-0.016845234564233865,0.015537230472423363,22
oulab,10,flat_hgb,static_full,cutoff_valid,auc,0.06794800663853717,0.05519128163242981,0.08529082657122576,22
oulab,10,flat_hgb,static_full,cutoff_valid,pr_auc_risk,0.14522146485042753,0.10655235796362503,0.18775011764391095,22
oulab,10,flat_hgb,static_full,cutoff_valid,brier,-0.02921266698023145,-0.033506137081823234,-0.024917763682962862,22
oulab,10,flat_hgb,static_full,cutoff_valid,ece,-0.0028125442184458276,-0.01132964151332018,0.00013930775285328747,22
oulab,10,stack_7_full,activity_conditioned,cutoff_valid,auc,0.027842633656083193,0.020848287897788014,0.03390594196193482,22
oulab,10,stack_7_full,activity_conditioned,cutoff_valid,pr_auc_risk,0.05834140055569881,0.045618591793777016,0.06976799207775765,22
oulab,10,stack_7_full,activity_conditioned,cutoff_valid,brier,-0.011893257694698428,-0.015552759555630865,-0.008230050865612511,22
oulab,10,stack_7_full,activity_conditioned,cutoff_valid,ece,-0.0005033409952119924,-0.006438703817913677,0.004130422956193236,22
oulab,10,stack_7_full,activity_to_cutoff_valid,cutoff_valid,auc,-0.00018686726416039523,-0.0013979478262151179,0.0009156362725088982,22
oulab,10,stack_7_full,activity_to_cutoff_valid,cutoff_valid,pr_auc_risk,-0.0003939909651178297,-0.0018201996907371675,0.000912215276109264,22
oulab,10,stack_7_full,activity_to_cutoff_valid,cutoff_valid,brier,0.00022347342903833445,-0.0006412472234311447,0.001201987256373743,22
oulab,10,stack_7_full,activity_to_cutoff_valid,cutoff_valid,ece,0.0013341415628445197,-0.008160137772543916,0.009242186793508737,22
oulab,10,stack_7_full,cutoff_valid_to_activity,cutoff_valid,auc,0.027689159433074262,0.02081912381580585,0.0337527752295923,22
oulab,10,stack_7_full,cutoff_valid_to_activity,cutoff_valid,pr_auc_risk,0.05802387417962629,0.045520220258720566,0.06950625488202375,22
oulab,10,stack_7_full,cutoff_valid_to_activity,cutoff_valid,brier,-0.01167364886864189,-0.015020771327419745,-0.00822034119562964,22
oulab,10,stack_7_full,cutoff_valid_to_activity,cutoff_valid,ece,0.0023105403360739445,-0.0020780220803245123,0.006999129418543906,22
oulab,10,stack_7_full,static_full,cutoff_valid,auc,0.05826270896007835,0.05118118475760303,0.06528278992855581,22
oulab,10,stack_7_full,static_full,cutoff_valid,pr_auc_risk,0.10778382427798228,0.09350878564556692,0.12299378398059914,22
oulab,10,stack_7_full,static_full,cutoff_valid,brier,-0.029174566462517232,-0.032782679527298055,-0.025209595259065503,22
oulab,10,stack_7_full,static_full,cutoff_valid,ece,-0.003004713567573491,-0.00769709959483689,0.0007955890012520584,22
oulab,10,temporal_hgb,activity_conditioned,cutoff_valid,auc,0.031436636551585684,0.0241796144445423,0.03754372759912738,22
oulab,10,temporal_hgb,activity_conditioned,cutoff_valid,pr_auc_risk,0.06771128667197435,0.054362682866190046,0.07914681217908397,22
oulab,10,temporal_hgb,activity_conditioned,cutoff_valid,brier,-0.012313442946154801,-0.015803458489194625,-0.00858082431083404,22
oulab,10,temporal_hgb,activity_conditioned,cutoff_valid,ece,-0.001173857031101476,-0.006155042340525294,0.002117971286679261,22
oulab,10,temporal_hgb,activity_to_cutoff_valid,cutoff_valid,auc,0.00041759224785953286,-0.0005582423170793216,0.0012679935437787226,22
oulab,10,temporal_hgb,activity_to_cutoff_valid,cutoff_valid,pr_auc_risk,0.0020162566566578333,0.00046846288048882915,0.003632565024770712,22
oulab,10,temporal_hgb,activity_to_cutoff_valid,cutoff_valid,brier,7.727575720659074e-05,-0.0006851737199512695,0.0009175179058766807,22
oulab,10,temporal_hgb,activity_to_cutoff_valid,cutoff_valid,ece,0.001065622689189659,-0.01201451749741408,0.009319924539527479,22
oulab,10,temporal_hgb,cutoff_valid_to_activity,cutoff_valid,auc,0.0308748587959764,0.023621740470806108,0.0371352864121512,22
oulab,10,temporal_hgb,cutoff_valid_to_activity,cutoff_valid,pr_auc_risk,0.06657328480580649,0.0532239310221156,0.07815406614200736,22
oulab,10,temporal_hgb,cutoff_valid_to_activity,cutoff_valid,brier,-0.011797380667695062,-0.015126304481847735,-0.008144296428577827,22
oulab,10,temporal_hgb,cutoff_valid_to_activity,cutoff_valid,ece,0.004319109295167984,-0.003174315561397767,0.010475335577874606,22
oulab,10,temporal_hgb,static_full,cutoff_valid,auc,0.06574289731723115,0.05682823743029729,0.0758153527187347,22
oulab,10,temporal_hgb,static_full,cutoff_valid,pr_auc_risk,0.12056393817247302,0.10297545032757618,0.1400139147218675,22
oulab,10,temporal_hgb,static_full,cutoff_valid,brier,-0.03070603523254173,-0.03442881523550414,-0.02640810647749143,22
oulab,10,temporal_hgb,static_full,cutoff_valid,ece,-0.00275412078162195,-0.009579521830361986,-0.00032247800965352213,22
oulab,12,base_dffnn,activity_conditioned,cutoff_valid,auc,0.0326623425840874,0.023838307920717308,0.04034049987397616,22
oulab,12,base_dffnn,activity_conditioned,cutoff_valid,pr_auc_risk,0.06840658603131344,0.05383947784888899,0.08130709970249468,22
oulab,12,base_dffnn,activity_conditioned,cutoff_valid,brier,-0.010976325346645499,-0.016308555809005046,-0.004947022920972575,22
oulab,12,base_dffnn,activity_conditioned,cutoff_valid,ece,-0.001087842344315415,-0.010259128802047827,0.006913656223785613,22
oulab,12,base_dffnn,activity_to_cutoff_valid,cutoff_valid,auc,-0.002145544497468621,-0.007002994828910092,0.0017493269636371298,22
oulab,12,base_dffnn,activity_to_cutoff_valid,cutoff_valid,pr_auc_risk,-0.003535986087731313,-0.011590095834706734,0.0025519037915148132,22
oulab,12,base_dffnn,activity_to_cutoff_valid,cutoff_valid,brier,0.002584237416230012,-0.0010614594845256306,0.00821211509420634,22
oulab,12,base_dffnn,activity_to_cutoff_valid,cutoff_valid,ece,0.006349800712712524,-0.010104798241215945,0.01870557473110376,22
oulab,12,base_dffnn,cutoff_valid_to_activity,cutoff_valid,auc,0.03385187235922393,0.024611210132590766,0.04193802943595553,22
oulab,12,base_dffnn,cutoff_valid_to_activity,cutoff_valid,pr_auc_risk,0.06988095448424736,0.054008406535358496,0.08429377738680903,22
oulab,12,base_dffnn,cutoff_valid_to_activity,cutoff_valid,brier,-0.012647396821627521,-0.016634411627195693,-0.008131171813817816,22
oulab,12,base_dffnn,cutoff_valid_to_activity,cutoff_valid,ece,-0.003470902523289132,-0.010415503291061173,0.005943965026605913,22
oulab,12,base_dffnn,static_full,cutoff_valid,auc,0.07028411790903422,0.05899063602696265,0.0814798787766637,22
oulab,12,base_dffnn,static_full,cutoff_valid,pr_auc_risk,0.12561602400425886,0.10632451416676816,0.1447063005604216,22
oulab,12,base_dffnn,static_full,cutoff_valid,brier,-0.030360829591540794,-0.034868573694744345,-0.025488345215489837,22
oulab,12,base_dffnn,static_full,cutoff_valid,ece,-0.0017645875434661382,-0.012821872924911222,0.004477833574476624,22
oulab,12,base_knn,activity_conditioned,cutoff_valid,auc,0.030579432900494807,0.021126589886994833,0.03831474797393586,22
oulab,12,base_knn,activity_conditioned,cutoff_valid,pr_auc_risk,0.07684799829073818,0.05658797941172146,0.0947241589347624,22
oulab,12,base_knn,activity_conditioned,cutoff_valid,brier,-0.008758673284219753,-0.0130137096895551,-0.00398610765738122,22
oulab,12,base_knn,activity_conditioned,cutoff_valid,ece,-0.0007579812921126895,-0.005308815328584827,0.004197618942096854,22
oulab,12,base_knn,activity_to_cutoff_valid,cutoff_valid,auc,-0.00011635119827224649,-0.0013131210012713695,0.001051290208819366,22
oulab,12,base_knn,activity_to_cutoff_valid,cutoff_valid,pr_auc_risk,0.0004160993119883827,-0.002436153772751798,0.0027139505690521497,22
oulab,12,base_knn,activity_to_cutoff_valid,cutoff_valid,brier,0.0009100013214660418,-0.0008992505512356343,0.003303079142386365,22
oulab,12,base_knn,activity_to_cutoff_valid,cutoff_valid,ece,0.01084301760659179,-0.009827758189962928,0.01905935552716692,22
oulab,12,base_knn,cutoff_valid_to_activity,cutoff_valid,auc,0.029600374906191607,0.02076256436427927,0.03706356564212736,22
oulab,12,base_knn,cutoff_valid_to_activity,cutoff_valid,pr_auc_risk,0.07345064006579871,0.05443110357534962,0.08985396089927553,22
oulab,12,base_knn,cutoff_valid_to_activity,cutoff_valid,brier,-0.007994674550443198,-0.01126151315934471,-0.004492337644058695,22
oulab,12,base_knn,cutoff_valid_to_activity,cutoff_valid,ece,0.0018934906926926162,-0.01837084854972765,0.020105745920244663,22
oulab,12,base_knn,static_full,cutoff_valid,auc,0.07330534454190951,0.06282076203654167,0.0859613693301516,22
oulab,12,base_knn,static_full,cutoff_valid,pr_auc_risk,0.15232913977852625,0.12342504327245128,0.18678220388570432,22
oulab,12,base_knn,static_full,cutoff_valid,brier,-0.029631871600648868,-0.03422927088072083,-0.02484820917967124,22
oulab,12,base_knn,static_full,cutoff_valid,ece,-0.005285069342206718,-0.00956832602591513,0.0001688477086182899,22
oulab,12,base_lr_clickstream,activity_conditioned,cutoff_valid,auc,0.0274605795491355,0.017572915801891874,0.03500729848864373,22
oulab,12,base_lr_clickstream,activity_conditioned,cutoff_valid,pr_auc_risk,0.07654119762826783,0.053526670067902876,0.09433579539391845,22
oulab,12,base_lr_clickstream,activity_conditioned,cutoff_valid,brier,-0.006611495135512263,-0.011929516875794906,0.00029718477239726554,22
oulab,12,base_lr_clickstream,activity_conditioned,cutoff_valid,ece,0.012874983091829294,-0.0063294362830335115,0.016716452588644206,22
oulab,12,base_lr_clickstream,activity_to_cutoff_valid,cutoff_valid,auc,-0.0018845224567803909,-0.005932535026651397,0.00265496893618087,22
oulab,12,base_lr_clickstream,activity_to_cutoff_valid,cutoff_valid,pr_auc_risk,0.00032309328970758777,-0.008740223857694771,0.008367570160278592,22
oulab,12,base_lr_clickstream,activity_to_cutoff_valid,cutoff_valid,brier,0.0034830920882032435,-0.0009819395096635215,0.009205855185302354,22
oulab,12,base_lr_clickstream,activity_to_cutoff_valid,cutoff_valid,ece,0.028574644157044173,-0.0011871844529655615,0.03419001295541102,22
oulab,12,base_lr_clickstream,cutoff_valid_to_activity,cutoff_valid,auc,0.0268718761691642,0.017822308136291716,0.03457098301200787,22
oulab,12,base_lr_clickstream,cutoff_valid_to_activity,cutoff_valid,pr_auc_risk,0.062281438595789385,0.040841166730160666,0.08047106392364246,22
oulab,12,base_lr_clickstream,cutoff_valid_to_activity,cutoff_valid,brier,-0.006189032559356156,-0.00910327488872031,-0.0030955377176457547,22
oulab,12,base_lr_clickstream,cutoff_valid_to_activity,cutoff_valid,ece,0.007598435845949287,-0.026956397733776616,0.031725569026727005,22
oulab,12,base_lr_clickstream,static_full,cutoff_valid,auc,0.07158044615124937,0.06148103729217886,0.08357097759226143,22
oulab,12,base_lr_clickstream,static_full,cutoff_valid,pr_auc_risk,0.16742492149592814,0.1284569691505496,0.20790948803045503,22
oulab,12,base_lr_clickstream,static_full,cutoff_valid,brier,-0.028344015378221843,-0.03379308308316335,-0.02173797445950224,22
oulab,12,base_lr_clickstream,static_full,cutoff_valid,ece,0.008580916959217193,-0.011515521340685148,0.01115116289779122,22
oulab,12,base_lr_profile,activity_conditioned,cutoff_valid,auc,-0.01833500570160085,-0.024037562906784073,-0.011915151558394581,22
oulab,12,base_lr_profile,activity_conditioned,cutoff_valid,pr_auc_risk,0.007910852996018236,-0.013448324129323386,0.028416551501326718,22
oulab,12,base_lr_profile,activity_conditioned,cutoff_valid,brier,0.014340027364331875,0.011487948515389198,0.017149280311336477,22
oulab,12,base_lr_profile,activity_conditioned,cutoff_valid,ece,0.0006436090104633297,-0.0055708353594047175,0.01416318775274586,22
oulab,12,base_lr_profile,activity_to_cutoff_valid,cutoff_valid,auc,-0.021387118413687678,-0.027452852153243102,-0.015939278349017982,22
oulab,12,base_lr_profile,activity_to_cutoff_valid,cutoff_valid,pr_auc_risk,-0.05211159429492307,-0.06344228449972747,-0.04206861791323202,22
oulab,12,base_lr_profile,activity_to_cutoff_valid,cutoff_valid,brier,0.010821571748095088,0.006825500777616527,0.014827468903337315,22
oulab,12,base_lr_profile,activity_to_cutoff_valid,cutoff_valid,ece,0.048943840213324,0.0008319901741979778,0.0578205549033438,22
oulab,12,base_lr_profile,cutoff_valid_to_activity,cutoff_valid,auc,-0.02137623390469101,-0.027288025839532676,-0.015077251982460488,22
oulab,12,base_lr_profile,cutoff_valid_to_activity,cutoff_valid,pr_auc_risk,0.005009893500061868,-0.016268038193879533,0.025302016928336668,22
oulab,12,base_lr_profile,cutoff_valid_to_activity,cutoff_valid,brier,0.019165742945048886,0.015557522021660004,0.023390436009669825,22
oulab,12,base_lr_profile,cutoff_valid_to_activity,cutoff_valid,ece,0.05824892826247195,0.004009684631619504,0.07629477114999493,22
oulab,12,base_lr_profile,static_full,cutoff_valid,auc,0.06957069038075292,0.05918467407472976,0.08091882437908501,22
oulab,12,base_lr_profile,static_full,cutoff_valid,pr_auc_risk,0.19828035443547865,0.17381042764241866,0.22241510788034835,22
oulab,12,base_lr_profile,static_full,cutoff_valid,brier,-0.014923294213769173,-0.01857284649353281,-0.010755853401280446,22
oulab,12,base_lr_profile,static_full,cutoff_valid,ece,-0.0003403609170790321,-0.0069451925082153225,0.010342946703840897,22
oulab,12,base_lr_weekly,activity_conditioned,cutoff_valid,auc,0.033787639401851144,0.024793179547246254,0.04100936513054954,22
oulab,12,base_lr_weekly,activity_conditioned,cutoff_valid,pr_auc_risk,0.07953320739927672,0.06234108027686875,0.0940292632050368,22
oulab,12,base_lr_weekly,activity_conditioned,cutoff_valid,brier,-0.009610290708440938,-0.014171580702919774,-0.004158309895001461,22
oulab,12,base_lr_weekly,activity_conditioned,cutoff_valid,ece,0.010381051089954657,0.006257202968498002,0.017260055030277346,22
oulab,12,base_lr_weekly,activity_to_cutoff_valid,cutoff_valid,auc,-0.002066583146651202,-0.0036163659998715873,-0.00032594646956767074,22
oulab,12,base_lr_weekly,activity_to_cutoff_valid,cutoff_valid,pr_auc_risk,0.0025320250665904487,-0.0011312917437201807,0.005960057513803334,22
oulab,12,base_lr_weekly,activity_to_cutoff_valid,cutoff_valid,brier,0.004232831318125241,0.0011628099863761003,0.008257641220968014,22
oulab,12,base_lr_weekly,activity_to_cutoff_valid,cutoff_valid,ece,0.01762237330117547,0.008185803017947762,0.027207366979565915,22
oulab,12,base_lr_weekly,cutoff_valid_to_activity,cutoff_valid,auc,0.03422378404912607,0.02551121020503469,0.0411165862725992,22
oulab,12,base_lr_weekly,cutoff_valid_to_activity,cutoff_valid,pr_auc_risk,0.07325389845847585,0.05584008341189156,0.08699386313320571,22
oulab,12,base_lr_weekly,cutoff_valid_to_activity,cutoff_valid,brier,-0.011565202717750994,-0.01545254105700113,-0.007303917614200019,22
oulab,12,base_lr_weekly,cutoff_valid_to_activity,cutoff_valid,ece,0.00338839423075165,-0.00879411124723845,0.01194187657813609,22
oulab,12,base_lr_weekly,static_full,cutoff_valid,auc,0.07306039639388151,0.06289121437918048,0.08455250945806311,22
oulab,12,base_lr_weekly,static_full,cutoff_valid,pr_auc_risk,0.14189588822212418,0.11901486683190922,0.16872695624879325,22
oulab,12,base_lr_weekly,static_full,cutoff_valid,brier,-0.030076546648721003,-0.03451152211474738,-0.025092783821310558,22
oulab,12,base_lr_weekly,static_full,cutoff_valid,ece,0.0016844766279708809,-0.003336772071192438,0.0068155507175542305,22
oulab,12,base_rf_entropy,activity_conditioned,cutoff_valid,auc,0.032114305919575536,0.02424263008493165,0.03853786640531765,22
oulab,12,base_rf_entropy,activity_conditioned,cutoff_valid,pr_auc_risk,0.06947205021001746,0.05534095948108049,0.0816751462148349,22
oulab,12,base_rf_entropy,activity_conditioned,cutoff_valid,brier,-0.014023427766329893,-0.017943194224726844,-0.009869885294461284,22
oulab,12,base_rf_entropy,activity_conditioned,cutoff_valid,ece,-0.015800198953099455,-0.02227757269712077,-0.009455445101517981,22
oulab,12,base_rf_entropy,activity_to_cutoff_valid,cutoff_valid,auc,-0.0009283024776767235,-0.0021446503417024837,0.00023942340564240264,22
oulab,12,base_rf_entropy,activity_to_cutoff_valid,cutoff_valid,pr_auc_risk,-8.433844315558492e-05,-0.0015420045266166748,0.0013617150049540945,22
oulab,12,base_rf_entropy,activity_to_cutoff_valid,cutoff_valid,brier,-0.0008464967325130801,-0.0018800595114393075,0.00014127016304083147,22
oulab,12,base_rf_entropy,activity_to_cutoff_valid,cutoff_valid,ece,-0.009842706602704553,-0.012024485734562416,-0.005787869136809007,22
oulab,12,base_rf_entropy,cutoff_valid_to_activity,cutoff_valid,auc,0.032364815028935734,0.024061901517491067,0.03890599162106838,22
oulab,12,base_rf_entropy,cutoff_valid_to_activity,cutoff_valid,pr_auc_risk,0.06916872101444527,0.05471729311657678,0.08143935315874234,22
oulab,12,base_rf_entropy,cutoff_valid_to_activity,cutoff_valid,brier,-0.013006091496828992,-0.01686152622891535,-0.008804598980125542,22
oulab,12,base_rf_entropy,cutoff_valid_to_activity,cutoff_valid,ece,-0.005689612904050331,-0.011678806588716352,-0.0016991761783328686,22
oulab,12,base_rf_entropy,static_full,cutoff_valid,auc,0.0665701702426531,0.05816150503301246,0.07654860404002406,22
oulab,12,base_rf_entropy,static_full,cutoff_valid,pr_auc_risk,0.12314784600240625,0.1058823608918518,0.14246133743786668,22
oulab,12,base_rf_entropy,static_full,cutoff_valid,brier,-0.0335218065659626,-0.03950455283786236,-0.028234975957602933,22
oulab,12,base_rf_entropy,static_full,cutoff_valid,ece,-0.03240242365598836,-0.046848312527200536,-0.009006401655445253,22
oulab,12,base_rf_gini,activity_conditioned,cutoff_valid,auc,0.03217589259668441,0.024226939840142202,0.038731857178633776,22
oulab,12,base_rf_gini,activity_conditioned,cutoff_valid,pr_auc_risk,0.06986627705271431,0.05574820772467285,0.08197730947824297,22
oulab,12,base_rf_gini,activity_conditioned,cutoff_valid,brier,-0.014241562664647656,-0.018216307644669395,-0.010044309392617193,22
oulab,12,base_rf_gini,activity_conditioned,cutoff_valid,ece,-0.016608997490913657,-0.02383606400409528,-0.009058252396361864,22
oulab,12,base_rf_gini,activity_to_cutoff_valid,cutoff_valid,auc,-0.0010582888274447422,-0.0022380711898806888,9.044890095841719e-05,22
oulab,12,base_rf_gini,activity_to_cutoff_valid,cutoff_valid,pr_auc_risk,6.772263684151625e-05,-0.0015180405833075227,0.0016846566916683616,22
oulab,12,base_rf_gini,activity_to_cutoff_valid,cutoff_valid,brier,-0.0010160423484670555,-0.0020749996917870063,9.4562878679882e-06,22
oulab,12,base_rf_gini,activity_to_cutoff_valid,cutoff_valid,ece,-0.010240239438722772,-0.012411975361904234,-0.006749003998401504,22
oulab,12,base_rf_gini,cutoff_valid_to_activity,cutoff_valid,auc,0.032473643612006886,0.024135174603849324,0.039079457628500895,22
oulab,12,base_rf_gini,cutoff_valid_to_activity,cutoff_valid,pr_auc_risk,0.06942379563470724,0.05493380656055811,0.08170121898307836,22
oulab,12,base_rf_gini,cutoff_valid_to_activity,cutoff_valid,brier,-0.013069582097031657,-0.016940291932747834,-0.008870001920318778,22
oulab,12,base_rf_gini,cutoff_valid_to_activity,cutoff_valid,ece,-0.006076372730451564,-0.013124214060546624,-0.0017679581022298006,22
oulab,12,base_rf_gini,static_full,cutoff_valid,auc,0.06650335228766246,0.057867775108517074,0.07663784885634978,22
oulab,12,base_rf_gini,static_full,cutoff_valid,pr_auc_risk,0.12382820763715241,0.10612063668978369,0.14331195158950372,22
oulab,12,base_rf_gini,static_full,cutoff_valid,brier,-0.03382584386536322,-0.03994850912431506,-0.028396020280937174,22
oulab,12,base_rf_gini,static_full,cutoff_valid,ece,-0.0335342974858188,-0.04897736982784901,-0.012035134962621213,22
oulab,12,base_svm,activity_conditioned,cutoff_valid,auc,0.025117268766587597,0.013454356192913635,0.03401152655173476,22
oulab,12,base_svm,activity_conditioned,cutoff_valid,pr_auc_risk,0.07141228828010215,0.042001074216395776,0.09355699666931848,22
oulab,12,base_svm,activity_conditioned,cutoff_valid,brier,-0.0037318115891196435,-0.008784789284075556,0.002376297275719537,22
oulab,12,base_svm,activity_conditioned,cutoff_valid,ece,0.02048480118230439,0.002906203199954673,0.02703985578102648,22
oulab,12,base_svm,activity_to_cutoff_valid,cutoff_valid,auc,-0.004834170167193452,-0.008927916635332192,-0.0006913324774250445,22
oulab,12,base_svm,activity_to_cutoff_valid,cutoff_valid,pr_auc_risk,-0.006015963076802966,-0.01890531958386347,0.006603123381564176,22
oulab,12,base_svm,activity_to_cutoff_valid,cutoff_valid,brier,0.0037140453682024954,-0.0008465473829574119,0.009103968609739818,22
oulab,12,base_svm,activity_to_cutoff_valid,cutoff_valid,ece,0.020738222775259392,-0.0009373839719458199,0.04492712291647217,22
oulab,12,base_svm,cutoff_valid_to_activity,cutoff_valid,auc,0.028374031628466634,0.018958806602977114,0.03627305518214741,22
oulab,12,base_svm,cutoff_valid_to_activity,cutoff_valid,pr_auc_risk,0.07171517090624557,0.04997693511761794,0.0887774629468063,22
oulab,12,base_svm,cutoff_valid_to_activity,cutoff_valid,brier,-0.00306636127136109,-0.005616161730181302,-0.00037259787161768456,22
oulab,12,base_svm,cutoff_valid_to_activity,cutoff_valid,ece,0.0229852739661525,-0.016143936443082367,0.031941046674796345,22
oulab,12,base_svm,static_full,cutoff_valid,auc,0.0669404167846801,0.056378595327107206,0.07904496800408528,22
oulab,12,base_svm,static_full,cutoff_valid,pr_auc_risk,0.15782546259959673,0.1243507180620786,0.19242184073392737,22
oulab,12,base_svm,static_full,cutoff_valid,brier,-0.021325876042515096,-0.028880668284417172,-0.012644385297871801,22
oulab,12,base_svm,static_full,cutoff_valid,ece,0.037944597069730905,0.01660436311890645,0.04611181017530657,22
oulab,12,flat_hgb,activity_conditioned,cutoff_valid,auc,0.026138597059023327,0.016761981801177467,0.03326724453650948,22
oulab,12,flat_hgb,activity_conditioned,cutoff_valid,pr_auc_risk,0.07262890210210826,0.05443415948177751,0.08893588188556756,22
oulab,12,flat_hgb,activity_conditioned,cutoff_valid,brier,-0.006554123860710165,-0.01310019045917354,0.0030791944363389796,22
oulab,12,flat_hgb,activity_conditioned,cutoff_valid,ece,0.00473628976771287,-0.0030624244855790503,0.014387838881704754,22
oulab,12,flat_hgb,activity_to_cutoff_valid,cutoff_valid,auc,-0.003658735281262482,-0.009367413586567069,0.0007652328517707047,22
oulab,12,flat_hgb,activity_to_cutoff_valid,cutoff_valid,pr_auc_risk,-0.00409137227767753,-0.010121912180806644,0.0017446890761254328,22
oulab,12,flat_hgb,activity_to_cutoff_valid,cutoff_valid,brier,0.005664573191805022,-0.0004780169935780669,0.015492446808762333,22
oulab,12,flat_hgb,activity_to_cutoff_valid,cutoff_valid,ece,0.02100455044455568,-0.008061899329442235,0.031312534578858665,22
oulab,12,flat_hgb,cutoff_valid_to_activity,cutoff_valid,auc,0.028678657622499326,0.020944145389432605,0.034897097432047906,22
oulab,12,flat_hgb,cutoff_valid_to_activity,cutoff_valid,pr_auc_risk,0.07316041207544932,0.05431252276224041,0.08895059949481782,22
oulab,12,flat_hgb,cutoff_valid_to_activity,cutoff_valid,brier,-0.010489573663462842,-0.013929989776454123,-0.006821300975983206,22
oulab,12,flat_hgb,cutoff_valid_to_activity,cutoff_valid,ece,-0.010873845591985256,-0.023590854966293456,0.017019478421726738,22
oulab,12,flat_hgb,static_full,cutoff_valid,auc,0.06622037580759454,0.0568008975759518,0.07778435718135972,22
oulab,12,flat_hgb,static_full,cutoff_valid,pr_auc_risk,0.14547393215830973,0.11243029565199539,0.18394701293620022,22
oulab,12,flat_hgb,static_full,cutoff_valid,brier,-0.027802668779336376,-0.031714450818540615,-0.02352786000378388,22
oulab,12,flat_hgb,static_full,cutoff_valid,ece,0.00020394473939545563,-0.006546582094890412,0.004541203611353956,22
oulab,12,stack_7_full,activity_conditioned,cutoff_valid,auc,0.029883090019460212,0.022995748804425606,0.03579258940858197,22
oulab,12,stack_7_full,activity_conditioned,cutoff_valid,pr_auc_risk,0.06283920595534442,0.04999080848449793,0.07417018555711201,22
oulab,12,stack_7_full,activity_conditioned,cutoff_valid,brier,-0.012100287876231353,-0.01585792217196588,-0.008303878687811394,22
oulab,12,stack_7_full,activity_conditioned,cutoff_valid,ece,-0.0003809954597400571,-0.0044384383844302076,0.0031362619152734044,22
oulab,12,stack_7_full,activity_to_cutoff_valid,cutoff_valid,auc,-0.0010259226222115725,-0.0025315415364416003,0.0009073190660415061,22
oulab,12,stack_7_full,activity_to_cutoff_valid,cutoff_valid,pr_auc_risk,-0.0012978002703118996,-0.0028369699129011244,0.0004609867801015007,22
oulab,12,stack_7_full,activity_to_cutoff_valid,cutoff_valid,brier,0.001063726721499153,-0.00018937776769788612,0.002355959046255718,22
oulab,12,stack_7_full,activity_to_cutoff_valid,cutoff_valid,ece,0.005522821648660602,-0.0036362480137362464,0.011209674733727387,22
oulab,12,stack_7_full,cutoff_valid_to_activity,cutoff_valid,auc,0.030333843049464182,0.022901926010658585,0.03650547196913991,22
oulab,12,stack_7_full,cutoff_valid_to_activity,cutoff_valid,pr_auc_risk,0.06320403772027039,0.050193774104686464,0.07464625204693685,22
oulab,12,stack_7_full,cutoff_valid_to_activity,cutoff_valid,brier,-0.012600423615260675,-0.0162960324776336,-0.008776669242096214,22
oulab,12,stack_7_full,cutoff_valid_to_activity,cutoff_valid,ece,-0.0033146894926541944,-0.007398442600037312,0.006573124805142093,22
oulab,12,stack_7_full,static_full,cutoff_valid,auc,0.05994104834101155,0.053132665157902575,0.06631411204793135,22
oulab,12,stack_7_full,static_full,cutoff_valid,pr_auc_risk,0.10973150380669439,0.09608284470007215,0.1239256317744376,22
oulab,12,stack_7_full,static_full,cutoff_valid,brier,-0.029202115286409536,-0.03282211786021119,-0.025221344722876786,22
oulab,12,stack_7_full,static_full,cutoff_valid,ece,-0.004154825008846969,-0.0098353820428326,0.001618856765246972,22
oulab,12,temporal_hgb,activity_conditioned,cutoff_valid,auc,0.03407563378995404,0.026071208944959005,0.040634539078850854,22
oulab,12,temporal_hgb,activity_conditioned,cutoff_valid,pr_auc_risk,0.07445131970758012,0.06042054212204982,0.0871272638671533,22
oulab,12,temporal_hgb,activity_conditioned,cutoff_valid,brier,-0.012656331202717114,-0.016375782682439267,-0.008621265272444245,22
oulab,12,temporal_hgb,activity_conditioned,cutoff_valid,ece,0.0005163454974014478,-0.0051617594520170585,0.0034161712958935037,22
oulab,12,temporal_hgb,activity_to_cutoff_valid,cutoff_valid,auc,0.00040233122132982135,-0.0011591458681479178,0.0018017101272338586,22
oulab,12,temporal_hgb,activity_to_cutoff_valid,cutoff_valid,pr_auc_risk,0.0022971212438667177,0.000982779242507384,0.0036197665430655265,22
oulab,12,temporal_hgb,activity_to_cutoff_valid,cutoff_valid,brier,0.0005062875400683731,-0.0006751856739699815,0.0016092834709051102,22
oulab,12,temporal_hgb,activity_to_cutoff_valid,cutoff_valid,ece,0.005736528866015708,-0.009694040550410635,0.011737413024831092,22
oulab,12,temporal_hgb,cutoff_valid_to_activity,cutoff_valid,auc,0.03331508891092527,0.024855389009981306,0.039790192218402444,22
oulab,12,temporal_hgb,cutoff_valid_to_activity,cutoff_valid,pr_auc_risk,0.07310485299309732,0.058677141600967306,0.08579526406330613,22
oulab,12,temporal_hgb,cutoff_valid_to_activity,cutoff_valid,brier,-0.012344110444019646,-0.01607578596058297,-0.008178752074634022,22
oulab,12,temporal_hgb,cutoff_valid_to_activity,cutoff_valid,ece,0.003025912352997224,-0.006488754355892771,0.011970131117752275,22
oulab,12,temporal_hgb,static_full,cutoff_valid,auc,0.06819066756074899,0.05941867242747944,0.07884161713472145,22
oulab,12,temporal_hgb,static_full,cutoff_valid,pr_auc_risk,0.12607555430741035,0.10772078369373674,0.14690644782885,22
oulab,12,temporal_hgb,static_full,cutoff_valid,brier,-0.03095732304386023,-0.034921145684162325,-0.02674665731095862,22
oulab,12,temporal_hgb,static_full,cutoff_valid,ece,-0.0017686959698686097,-0.012061198051766302,0.000704829445117642,22
oulab,14,base_dffnn,activity_conditioned,cutoff_valid,auc,0.038675363539310004,0.030736279205654422,0.044984864164798785,22
oulab,14,base_dffnn,activity_conditioned,cutoff_valid,pr_auc_risk,0.07543915724309314,0.06089328620778493,0.09019178895791626,22
oulab,14,base_dffnn,activity_conditioned,cutoff_valid,brier,-0.01587990988059554,-0.019559473351988425,-0.011602891125879977,22
oulab,14,base_dffnn,activity_conditioned,cutoff_valid,ece,-0.009967415329933435,-0.017969317582219556,-0.0016020826677288554,22
oulab,14,base_dffnn,activity_to_cutoff_valid,cutoff_valid,auc,0.003691111034611838,-0.0004832441441030899,0.007493909265875661,22
oulab,14,base_dffnn,activity_to_cutoff_valid,cutoff_valid,pr_auc_risk,0.0036127720633313265,-0.0006412771702642456,0.006884143777959403,22
oulab,14,base_dffnn,activity_to_cutoff_valid,cutoff_valid,brier,-0.0012362517948961427,-0.003246329794733142,0.0010077659656506878,22
oulab,14,base_dffnn,activity_to_cutoff_valid,cutoff_valid,ece,-0.0007187461877028803,-0.01117434773696643,0.009392580411247542,22
oulab,14,base_dffnn,cutoff_valid_to_activity,cutoff_valid,auc,0.034894312305948416,0.0267868836337775,0.04174865800463842,22
oulab,14,base_dffnn,cutoff_valid_to_activity,cutoff_valid,pr_auc_risk,0.07208110798521561,0.0571830884208037,0.08642073517002728,22
oulab,14,base_dffnn,cutoff_valid_to_activity,cutoff_valid,brier,-0.014109216036863187,-0.018025248727577103,-0.009588797883783882,22
oulab,14,base_dffnn,cutoff_valid_to_activity,cutoff_valid,ece,-0.007528447974584199,-0.014803292292430516,0.0025860427614467375,22
oulab,14,base_dffnn,static_full,cutoff_valid,auc,0.06681284390518649,0.056079278554938106,0.07825637708758444,22
oulab,14,base_dffnn,static_full,cutoff_valid,pr_auc_risk,0.12117536022975328,0.10053632246960995,0.14512419117285433,22
oulab,14,base_dffnn,static_full,cutoff_valid,brier,-0.03215347784335208,-0.03828450542309584,-0.02601704236207556,22
oulab,14,base_dffnn,static_full,cutoff_valid,ece,-0.008559539481038402,-0.02081435465545413,0.0008022119991834702,22
oulab,14,base_knn,activity_conditioned,cutoff_valid,auc,0.03294343042843717,0.024603654062392268,0.039794678265104,22
oulab,14,base_knn,activity_conditioned,cutoff_valid,pr_auc_risk,0.07820245165448547,0.05991141125280827,0.09495376200225412,22
oulab,14,base_knn,activity_conditioned,cutoff_valid,brier,-0.00904613759774095,-0.013522934952125091,-0.003782038617280488,22
oulab,14,base_knn,activity_conditioned,cutoff_valid,ece,-0.0009967219939883368,-0.005748251384316564,0.0035622450097930708,22
oulab,14,base_knn,activity_to_cutoff_valid,cutoff_valid,auc,-0.00014299268058981518,-0.0017249704067131527,0.0013862825106090294,22
oulab,14,base_knn,activity_to_cutoff_valid,cutoff_valid,pr_auc_risk,-0.0019178398063935953,-0.006672837601348172,0.001795517879268519,22
oulab,14,base_knn,activity_to_cutoff_valid,cutoff_valid,brier,0.0009566124477400073,-0.0015242973939900227,0.004508186781774792,22
oulab,14,base_knn,activity_to_cutoff_valid,cutoff_valid,ece,0.012897373195551036,-0.01516938836462271,0.020885837316374216,22
oulab,14,base_knn,cutoff_valid_to_activity,cutoff_valid,auc,0.03175058943649689,0.023490500677867197,0.03851345021142647,22
oulab,14,base_knn,cutoff_valid_to_activity,cutoff_valid,pr_auc_risk,0.07602077807896268,0.05756417020974553,0.09196528895041974,22
oulab,14,base_knn,cutoff_valid_to_activity,cutoff_valid,brier,-0.007764133520985483,-0.010806833854376715,-0.004375953001813362,22
oulab,14,base_knn,cutoff_valid_to_activity,cutoff_valid,ece,0.009912956785796597,-0.01891431481856326,0.023814789457743533,22
oulab,14,base_knn,static_full,cutoff_valid,auc,0.07095304703716832,0.05910829799114498,0.08467410303931953,22
oulab,14,base_knn,static_full,cutoff_valid,pr_auc_risk,0.14522086305908088,0.11429031510804316,0.18074393259826194,22
oulab,14,base_knn,static_full,cutoff_valid,brier,-0.028576832625856863,-0.032845237831599546,-0.024063201483465333,22
oulab,14,base_knn,static_full,cutoff_valid,ece,-0.00308980158236093,-0.010310001742561106,0.001461830586980817,22
oulab,14,base_lr_clickstream,activity_conditioned,cutoff_valid,auc,0.02933644073103281,0.020004681878578835,0.03666676649996858,22
oulab,14,base_lr_clickstream,activity_conditioned,cutoff_valid,pr_auc_risk,0.08182847399099025,0.05840654019996272,0.10003620860871824,22
oulab,14,base_lr_clickstream,activity_conditioned,cutoff_valid,brier,-0.0076523794508679965,-0.012546110481882825,-0.001405219787559308,22
oulab,14,base_lr_clickstream,activity_conditioned,cutoff_valid,ece,0.011628631641721475,-0.0020267831015903905,0.013816340321605988,22
oulab,14,base_lr_clickstream,activity_to_cutoff_valid,cutoff_valid,auc,-0.0013358132118664878,-0.005327129535791661,0.0029641418203537936,22
oulab,14,base_lr_clickstream,activity_to_cutoff_valid,cutoff_valid,pr_auc_risk,0.002879160614385423,-0.006534603633613556,0.010135981446615204,22
oulab,14,base_lr_clickstream,activity_to_cutoff_valid,cutoff_valid,brier,0.003293156378366774,-0.0007254867628809739,0.007888737314636744,22
oulab,14,base_lr_clickstream,activity_to_cutoff_valid,cutoff_valid,ece,0.03088281270463024,0.00021836696553931243,0.03666770444589768,22
oulab,14,base_lr_clickstream,cutoff_valid_to_activity,cutoff_valid,auc,0.02822763575182441,0.020202492085842776,0.0353136086593756,22
oulab,14,base_lr_clickstream,cutoff_valid_to_activity,cutoff_valid,pr_auc_risk,0.06781189215455574,0.048603875630713264,0.08391304109292982,22
oulab,14,base_lr_clickstream,cutoff_valid_to_activity,cutoff_valid,brier,-0.006752711828516583,-0.010087222380205624,-0.0031806964554511297,22
oulab,14,base_lr_clickstream,cutoff_valid_to_activity,cutoff_valid,ece,0.007216458237962027,-0.030343384925267933,0.031262515311493475,22
oulab,14,base_lr_clickstream,static_full,cutoff_valid,auc,0.06870133404771284,0.05887727415774803,0.08091298674842663,22
oulab,14,base_lr_clickstream,static_full,cutoff_valid,pr_auc_risk,0.16067353706316423,0.12498157919085551,0.20010095486533724,22
oulab,14,base_lr_clickstream,static_full,cutoff_valid,brier,-0.02812183894612902,-0.033355271231541236,-0.02204819897962056,22
oulab,14,base_lr_clickstream,static_full,cutoff_valid,ece,0.007315392056238712,-0.007738155696192632,0.008683157802749093,22
oulab,14,base_lr_profile,activity_conditioned,cutoff_valid,auc,-0.018188381780197216,-0.024672530617214656,-0.011264580756783589,22
oulab,14,base_lr_profile,activity_conditioned,cutoff_valid,pr_auc_risk,0.014211050392744728,-0.00932269178777288,0.036239543762275325,22
oulab,14,base_lr_profile,activity_conditioned,cutoff_valid,brier,0.01623358318280224,0.012958350691179104,0.019208666091944077,22
oulab,14,base_lr_profile,activity_conditioned,cutoff_valid,ece,0.0017832270058086757,-0.004241032153696661,0.01383931445314827,22
oulab,14,base_lr_profile,activity_to_cutoff_valid,cutoff_valid,auc,-0.022414477572081593,-0.028972102477175216,-0.016483655040799905,22
oulab,14,base_lr_profile,activity_to_cutoff_valid,cutoff_valid,pr_auc_risk,-0.055770238470654654,-0.06764414820488246,-0.04469228959293154,22
oulab,14,base_lr_profile,activity_to_cutoff_valid,cutoff_valid,brier,0.012270792007304743,0.007710109037562304,0.016598577627390945,22
oulab,14,base_lr_profile,activity_to_cutoff_valid,cutoff_valid,ece,0.05845321126559366,0.008262111127232621,0.06636611754086202,22
oulab,14,base_lr_profile,cutoff_valid_to_activity,cutoff_valid,auc,-0.02226298350304956,-0.028850361911815017,-0.015342947850750506,22
oulab,14,base_lr_profile,cutoff_valid_to_activity,cutoff_valid,pr_auc_risk,0.010044999110686126,-0.012362081618030245,0.03172612944578243,22
oulab,14,base_lr_profile,cutoff_valid_to_activity,cutoff_valid,brier,0.02249425490575266,0.018597820950021583,0.027022910574416317,22
oulab,14,base_lr_profile,cutoff_valid_to_activity,cutoff_valid,ece,0.06824242269290859,0.012835894355689994,0.08553717529849464,22
oulab,14,base_lr_profile,static_full,cutoff_valid,auc,0.06976121379105027,0.059278764320167765,0.08084030629641402,22
oulab,14,base_lr_profile,static_full,cutoff_valid,pr_auc_risk,0.205398245050472,0.18180867266012207,0.22872558585912317,22
oulab,14,base_lr_profile,static_full,cutoff_valid,brier,-0.013113906342834492,-0.017108270815790107,-0.008735253993270896,22
oulab,14,base_lr_profile,static_full,cutoff_valid,ece,0.0009080530950092321,-0.0058115651881844145,0.010056559844191064,22
oulab,14,base_lr_weekly,activity_conditioned,cutoff_valid,auc,0.036565430639153296,0.02818214183455129,0.043533767123563875,22
oulab,14,base_lr_weekly,activity_conditioned,cutoff_valid,pr_auc_risk,0.082018047366329,0.06560224155906873,0.09688667097698253,22
oulab,14,base_lr_weekly,activity_conditioned,cutoff_valid,brier,-0.011313284000494528,-0.01570506689316516,-0.006150061475884775,22
oulab,14,base_lr_weekly,activity_conditioned,cutoff_valid,ece,0.0114972151473344,0.003943974550101297,0.0162743862842719,22
oulab,14,base_lr_weekly,activity_to_cutoff_valid,cutoff_valid,auc,-0.0010979375985470385,-0.002482657502665531,0.0003958999108988942,22
oulab,14,base_lr_weekly,activity_to_cutoff_valid,cutoff_valid,pr_auc_risk,0.0014877342188394094,-0.002311438067800986,0.004834539547751595,22
oulab,14,base_lr_weekly,activity_to_cutoff_valid,cutoff_valid,brier,0.00439984254755682,0.001314776507340143,0.008288585504417955,22
oulab,14,base_lr_weekly,activity_to_cutoff_valid,cutoff_valid,ece,0.01909123469601734,0.008035878983078785,0.025437444105822483,22
oulab,14,base_lr_weekly,cutoff_valid_to_activity,cutoff_valid,auc,0.036107567257101736,0.027893141059440883,0.042964880131384775,22
oulab,14,base_lr_weekly,cutoff_valid_to_activity,cutoff_valid,pr_auc_risk,0.07642326618212347,0.06014189374121576,0.0903911321638476,22
oulab,14,base_lr_weekly,cutoff_valid_to_activity,cutoff_valid,brier,-0.01346617522396426,-0.017842832660307218,-0.008778585782085324,22
oulab,14,base_lr_weekly,cutoff_valid_to_activity,cutoff_valid,ece,0.001454643078584797,-0.0136884666015192,0.0061587230897462725,22
oulab,14,base_lr_weekly,static_full,cutoff_valid,auc,0.0709431839582424,0.060698797963601094,0.0822529512217866,22
oulab,14,base_lr_weekly,static_full,cutoff_valid,pr_auc_risk,0.13710833897184682,0.1142691764138564,0.16336613467921246,22
oulab,14,base_lr_weekly,static_full,cutoff_valid,brier,-0.030663634240186033,-0.03532491642237472,-0.02544063429803196,22
oulab,14,base_lr_weekly,static_full,cutoff_valid,ece,0.0017501948899864006,-0.006118396518815606,0.00544141975416128,22
oulab,14,base_rf_entropy,activity_conditioned,cutoff_valid,auc,0.03590588124679828,0.028992939143176088,0.04183598766746313,22
oulab,14,base_rf_entropy,activity_conditioned,cutoff_valid,pr_auc_risk,0.07317739470640106,0.05983443629712686,0.08516028441221923,22
oulab,14,base_rf_entropy,activity_conditioned,cutoff_valid,brier,-0.01650383290426513,-0.02036026081395206,-0.012452348326685478,22
oulab,14,base_rf_entropy,activity_conditioned,cutoff_valid,ece,-0.01773749353085776,-0.02556782052067671,-0.006452747802726382,22
oulab,14,base_rf_entropy,activity_to_cutoff_valid,cutoff_valid,auc,0.0005880159980721222,-0.0006844852726878043,0.0015346126797817243,22
oulab,14,base_rf_entropy,activity_to_cutoff_valid,cutoff_valid,pr_auc_risk,0.0005168157031680831,-0.0015642132297430695,0.002037978398296237,22
oulab,14,base_rf_entropy,activity_to_cutoff_valid,cutoff_valid,brier,-0.001721430354999054,-0.002732388401885481,-0.0008580741595999325,22
oulab,14,base_rf_entropy,activity_to_cutoff_valid,cutoff_valid,ece,-0.011706486645972083,-0.012707515859599568,-0.0073510995304920754,22
oulab,14,base_rf_entropy,cutoff_valid_to_activity,cutoff_valid,auc,0.03490301320739975,0.027415954774202052,0.04134474954636406,22
oulab,14,base_rf_entropy,cutoff_valid_to_activity,cutoff_valid,pr_auc_risk,0.07220026001623925,0.05803750677945303,0.08512884941841364,22
oulab,14,base_rf_entropy,cutoff_valid_to_activity,cutoff_valid,brier,-0.014617437946677192,-0.01863305283701811,-0.010297874978448585,22
oulab,14,base_rf_entropy,cutoff_valid_to_activity,cutoff_valid,ece,-0.007438932482725126,-0.014237250476169649,0.001006557603370834,22
oulab,14,base_rf_entropy,static_full,cutoff_valid,auc,0.06542133894390523,0.05658777124474515,0.07495508650808601,22
oulab,14,base_rf_entropy,static_full,cutoff_valid,pr_auc_risk,0.1190091649615268,0.10117528692470638,0.1384446817517896,22
oulab,14,base_rf_entropy,static_full,cutoff_valid,brier,-0.03480089293631336,-0.040968745341686055,-0.029539035822368158,22
oulab,14,base_rf_entropy,static_full,cutoff_valid,ece,-0.0313761661428065,-0.05077447880517884,-0.011364304325863347,22
oulab,14,base_rf_gini,activity_conditioned,cutoff_valid,auc,0.03577157613249504,0.028929934853657004,0.04163613016286878,22
oulab,14,base_rf_gini,activity_conditioned,cutoff_valid,pr_auc_risk,0.07342444641224943,0.06016585617809011,0.08566150041529814,22
oulab,14,base_rf_gini,activity_conditioned,cutoff_valid,brier,-0.016722398747651163,-0.020561899696368048,-0.012721285253598625,22
oulab,14,base_rf_gini,activity_conditioned,cutoff_valid,ece,-0.018831572759572153,-0.027462055559799487,-0.005879760194795946,22
oulab,14,base_rf_gini,activity_to_cutoff_valid,cutoff_valid,auc,0.00033283026406283334,-0.0009620518050445948,0.0014370549469892005,22
oulab,14,base_rf_gini,activity_to_cutoff_valid,cutoff_valid,pr_auc_risk,0.0004906109057655206,-0.0017665956079664148,0.0023875911345824586,22
oulab,14,base_rf_gini,activity_to_cutoff_valid,cutoff_valid,brier,-0.001896817499376563,-0.0030824347665081033,-0.0008872419765226884,22
oulab,14,base_rf_gini,activity_to_cutoff_valid,cutoff_valid,ece,-0.01282639775244996,-0.013653737418144466,-0.006941577727793673,22
oulab,14,base_rf_gini,cutoff_valid_to_activity,cutoff_valid,auc,0.03490831811229533,0.02745018959076448,0.04134716484800337,22
oulab,14,base_rf_gini,cutoff_valid_to_activity,cutoff_valid,pr_auc_risk,0.0723625277977169,0.05820115956085285,0.08530787069282067,22
oulab,14,base_rf_gini,cutoff_valid_to_activity,cutoff_valid,brier,-0.014670811149038815,-0.018689817994311936,-0.010345073720801415,22
oulab,14,base_rf_gini,cutoff_valid_to_activity,cutoff_valid,ece,-0.008905446843254387,-0.015493685875268682,0.0006679611972429966,22
oulab,14,base_rf_gini,static_full,cutoff_valid,auc,0.06522981228539693,0.05621460446190017,0.07492446629369347,22
oulab,14,base_rf_gini,static_full,cutoff_valid,pr_auc_risk,0.1193844272085639,0.10123573437366908,0.13897438257889902,22
oulab,14,base_rf_gini,static_full,cutoff_valid,brier,-0.03508545054911123,-0.041593783254733875,-0.029661895366096726,22
oulab,14,base_rf_gini,static_full,cutoff_valid,ece,-0.033025424298548545,-0.054061764061486065,-0.010946088177709663,22
oulab,14,base_svm,activity_conditioned,cutoff_valid,auc,0.027162456614748143,0.01649380703441929,0.03545647599201238,22
oulab,14,base_svm,activity_conditioned,cutoff_valid,pr_auc_risk,0.07539596633353118,0.050474444825185774,0.09607188741840608,22
oulab,14,base_svm,activity_conditioned,cutoff_valid,brier,-0.0038790669106214537,-0.008888134209957125,0.00206969137505964,22
oulab,14,base_svm,activity_conditioned,cutoff_valid,ece,0.020127846392334586,0.008171735126196544,0.0274161403904214,22
oulab,14,base_svm,activity_to_cutoff_valid,cutoff_valid,auc,-0.004713268771473045,-0.008760951258453798,-0.000451124775970964,22
oulab,14,base_svm,activity_to_cutoff_valid,cutoff_valid,pr_auc_risk,-0.004976957839271434,-0.01611002238846431,0.005728828666438654,22
oulab,14,base_svm,activity_to_cutoff_valid,cutoff_valid,brier,0.0043639895121619365,-0.0004455932152050576,0.009732304981045586,22
oulab,14,base_svm,activity_to_cutoff_valid,cutoff_valid,ece,0.01659609253100018,0.0036885259475148238,0.04670828686213092,22
oulab,14,base_svm,cutoff_valid_to_activity,cutoff_valid,auc,0.030263214185442977,0.021489083810309517,0.03742591618655891,22
oulab,14,base_svm,cutoff_valid_to_activity,cutoff_valid,pr_auc_risk,0.07656969065316066,0.05774845458062144,0.09233420453661227,22
oulab,14,base_svm,cutoff_valid_to_activity,cutoff_valid,brier,-0.0031084583188220605,-0.006092738841209695,-3.4508602901540286e-05,22
oulab,14,base_svm,cutoff_valid_to_activity,cutoff_valid,ece,0.01822097946316492,-0.008076078239518602,0.02932129184995179,22
oulab,14,base_svm,static_full,cutoff_valid,auc,0.06439634153078977,0.05460550122642335,0.07615256577708295,22
oulab,14,base_svm,static_full,cutoff_valid,pr_auc_risk,0.14867515813887078,0.12007289651556773,0.18200732239134546,22
oulab,14,base_svm,static_full,cutoff_valid,brier,-0.020171880124029318,-0.02783745244045782,-0.011181086936945226,22
oulab,14,base_svm,static_full,cutoff_valid,ece,0.03602521947196223,0.023293705360009936,0.04558406096069168,22
oulab,14,flat_hgb,activity_conditioned,cutoff_valid,auc,0.02851295870022852,0.02086229671302722,0.03456830587804452,22
oulab,14,flat_hgb,activity_conditioned,cutoff_valid,pr_auc_risk,0.07206500630620483,0.05495666109373065,0.0877470253763026,22
oulab,14,flat_hgb,activity_conditioned,cutoff_valid,brier,-0.008636945787692973,-0.01409294135274093,-0.0009254630154644502,22
oulab,14,flat_hgb,activity_conditioned,cutoff_valid,ece,-0.00018466528001302024,-0.004255711976611027,0.006831560564936193,22
oulab,14,flat_hgb,activity_to_cutoff_valid,cutoff_valid,auc,-0.0030395430962675274,-0.007467888676313192,0.0004646984323830481,22
oulab,14,flat_hgb,activity_to_cutoff_valid,cutoff_valid,pr_auc_risk,-0.00672075536241834,-0.01547467424404515,0.0011328767920271198,22
oulab,14,flat_hgb,activity_to_cutoff_valid,cutoff_valid,brier,0.004340179167984848,-0.0007119070502269952,0.012873291753058671,22
oulab,14,flat_hgb,activity_to_cutoff_valid,cutoff_valid,ece,0.01993412520418124,-0.011192897078148127,0.029469212488225375,22
oulab,14,flat_hgb,cutoff_valid_to_activity,cutoff_valid,auc,0.03041030893319141,0.02349452604456515,0.035748129380224605,22
oulab,14,flat_hgb,cutoff_valid_to_activity,cutoff_valid,pr_auc_risk,0.07434345987679336,0.05614130156791673,0.09071567505022884,22
oulab,14,flat_hgb,cutoff_valid_to_activity,cutoff_valid,brier,-0.010935138171407899,-0.014310504930106209,-0.007297216663750637,22
oulab,14,flat_hgb,cutoff_valid_to_activity,cutoff_valid,ece,-0.011489170542234972,-0.028026765417353834,0.01851191459855991,22
oulab,14,flat_hgb,static_full,cutoff_valid,auc,0.06319532140925344,0.05311531203812858,0.07552884684767121,22
oulab,14,flat_hgb,static_full,cutoff_valid,pr_auc_risk,0.1356247163148433,0.10162083300074512,0.17651589905831852,22
oulab,14,flat_hgb,static_full,cutoff_valid,brier,-0.027851234898837562,-0.03141437133433438,-0.023836451995294453,22
oulab,14,flat_hgb,static_full,cutoff_valid,ece,-0.0032335533974592497,-0.0099548291678612,0.0014638547043267615,22
oulab,14,stack_7_full,activity_conditioned,cutoff_valid,auc,0.029753736423787536,0.023377805487005982,0.03571610649949351,22
oulab,14,stack_7_full,activity_conditioned,cutoff_valid,pr_auc_risk,0.0615877582856037,0.050252980964158644,0.07290922191555513,22
oulab,14,stack_7_full,activity_conditioned,cutoff_valid,brier,-0.013244520066151094,-0.016597135080014876,-0.009586207954304225,22
oulab,14,stack_7_full,activity_conditioned,cutoff_valid,ece,0.00026380826718871465,-0.0035426729115970667,0.002055997810365976,22
oulab,14,stack_7_full,activity_to_cutoff_valid,cutoff_valid,auc,-0.0009148838872311549,-0.002213483723887319,0.0004108105278754291,22
oulab,14,stack_7_full,activity_to_cutoff_valid,cutoff_valid,pr_auc_risk,-0.000958133785176507,-0.002307180411596618,0.0005936402445353286,22
oulab,14,stack_7_full,activity_to_cutoff_valid,cutoff_valid,brier,0.0006923819660402397,-0.00020410750256788304,0.001592183232855976,22
oulab,14,stack_7_full,activity_to_cutoff_valid,cutoff_valid,ece,0.005893930393172408,-0.005269890627233215,0.00977459679517676,22
oulab,14,stack_7_full,cutoff_valid_to_activity,cutoff_valid,auc,0.030186688091760616,0.02366616833637147,0.03605925247602982,22
oulab,14,stack_7_full,cutoff_valid_to_activity,cutoff_valid,pr_auc_risk,0.06181738076619514,0.05024134974416057,0.0731963615992514,22
oulab,14,stack_7_full,cutoff_valid_to_activity,cutoff_valid,brier,-0.013472617037165319,-0.01702478761612241,-0.00980320705710233,22
oulab,14,stack_7_full,cutoff_valid_to_activity,cutoff_valid,ece,-0.0009628762331409402,-0.006282214018353528,0.005999220122081002,22
oulab,14,stack_7_full,static_full,cutoff_valid,auc,0.054027753917892385,0.04716572167737508,0.061207101168685586,22
oulab,14,stack_7_full,static_full,cutoff_valid,pr_auc_risk,0.09890251208472634,0.08502739034701881,0.11342672162674161,22
oulab,14,stack_7_full,static_full,cutoff_valid,brier,-0.02848244291111296,-0.03216204147608808,-0.02443291479546926,22
oulab,14,stack_7_full,static_full,cutoff_valid,ece,-0.0013912556203861063,-0.006198551949321904,0.000577799227149064,22
oulab,14,temporal_hgb,activity_conditioned,cutoff_valid,auc,0.03620571255015159,0.02929927777823433,0.04236486519327904,22
oulab,14,temporal_hgb,activity_conditioned,cutoff_valid,pr_auc_risk,0.07524931204502516,0.06138015052185031,0.08806549242576796,22
oulab,14,temporal_hgb,activity_conditioned,cutoff_valid,brier,-0.014170891240718048,-0.017785928853699295,-0.01008327845001906,22
oulab,14,temporal_hgb,activity_conditioned,cutoff_valid,ece,0.0007303252042711351,-0.005891569308500204,0.0024297574752904136,22
oulab,14,temporal_hgb,activity_to_cutoff_valid,cutoff_valid,auc,0.0013961019824946241,0.0001974444194259295,0.0024705231263392586,22
oulab,14,temporal_hgb,activity_to_cutoff_valid,cutoff_valid,pr_auc_risk,0.0026596778473487737,0.0009754295377153278,0.004285692488502546,22
oulab,14,temporal_hgb,activity_to_cutoff_valid,cutoff_valid,brier,0.0003279308470489073,-0.0012509342140522802,0.0021808330124563815,22
oulab,14,temporal_hgb,activity_to_cutoff_valid,cutoff_valid,ece,0.007959667640876404,-0.009059854693345448,0.011409688092437543,22
oulab,14,temporal_hgb,cutoff_valid_to_activity,cutoff_valid,auc,0.0346984916934161,0.027214521948499774,0.04111967168458392,22
oulab,14,temporal_hgb,cutoff_valid_to_activity,cutoff_valid,pr_auc_risk,0.07371512106203448,0.059526740261179226,0.08684192252427325,22
oulab,14,temporal_hgb,cutoff_valid_to_activity,cutoff_valid,brier,-0.013655169449137722,-0.01755931352777297,-0.009394824853875602,22
oulab,14,temporal_hgb,cutoff_valid_to_activity,cutoff_valid,ece,-0.003582195323955241,-0.007997117758313481,0.010401165467617346,22
oulab,14,temporal_hgb,static_full,cutoff_valid,auc,0.06572307137261468,0.05622269041321315,0.07629625180210337,22
oulab,14,temporal_hgb,static_full,cutoff_valid,pr_auc_risk,0.11933346804101252,0.10013367049486466,0.14107565937915234,22
oulab,14,temporal_hgb,static_full,cutoff_valid,brier,-0.03142457934106002,-0.03550181167662307,-0.027057247760569687,22
oulab,14,temporal_hgb,static_full,cutoff_valid,ece,-0.0029345487407187627,-0.011873467095456447,-0.0002961905364119851,22
oulab,16,base_dffnn,activity_conditioned,cutoff_valid,auc,0.041308667539526556,0.033685122493040995,0.048179689995764226,22
oulab,16,base_dffnn,activity_conditioned,cutoff_valid,pr_auc_risk,0.0767324185862428,0.063915989641056,0.08937681038705161,22
oulab,16,base_dffnn,activity_conditioned,cutoff_valid,brier,-0.016046942928481273,-0.02000739466369855,-0.011676273022233733,22
oulab,16,base_dffnn,activity_conditioned,cutoff_valid,ece,-0.005034661738900121,-0.010979337210337886,0.0006638240608821233,22
oulab,16,base_dffnn,activity_to_cutoff_valid,cutoff_valid,auc,0.0042959408535196975,0.0010015112878377474,0.0074929313599387554,22
oulab,16,base_dffnn,activity_to_cutoff_valid,cutoff_valid,pr_auc_risk,0.003451743015299602,0.0009116946264136477,0.006196157102941118,22
oulab,16,base_dffnn,activity_to_cutoff_valid,cutoff_valid,brier,-0.0005835814264664729,-0.0026137980152735655,0.0012972117779453728,22
oulab,16,base_dffnn,activity_to_cutoff_valid,cutoff_valid,ece,0.0037826017254188604,-0.004603020159064813,0.009971364709090607,22
oulab,16,base_dffnn,cutoff_valid_to_activity,cutoff_valid,auc,0.03738637533469913,0.02950609180554644,0.044114783384387346,22
oulab,16,base_dffnn,cutoff_valid_to_activity,cutoff_valid,pr_auc_risk,0.07382364365246075,0.06020914522139112,0.0867760311061192,22
oulab,16,base_dffnn,cutoff_valid_to_activity,cutoff_valid,brier,-0.014652163987574268,-0.018429836888131493,-0.010274375870289874,22
oulab,16,base_dffnn,cutoff_valid_to_activity,cutoff_valid,ece,-0.0037347696929219167,-0.008644757363491616,0.005761371069158497,22
oulab,16,base_dffnn,static_full,cutoff_valid,auc,0.06494652035153203,0.05679636748905371,0.07307670275513796,22
oulab,16,base_dffnn,static_full,cutoff_valid,pr_auc_risk,0.11490330069147259,0.09889806976280852,0.13104603936281345,22
oulab,16,base_dffnn,static_full,cutoff_valid,brier,-0.030566024740845008,-0.03492254942185979,-0.025686889490456045,22
oulab,16,base_dffnn,static_full,cutoff_valid,ece,-0.005301010525137158,-0.014470901311067732,-0.0004271333612509313,22
oulab,16,base_knn,activity_conditioned,cutoff_valid,auc,0.035328356610281886,0.02703925026151347,0.04222264710271074,22
oulab,16,base_knn,activity_conditioned,cutoff_valid,pr_auc_risk,0.08233262275990805,0.0630252899471434,0.10021545722763794,22
oulab,16,base_knn,activity_conditioned,cutoff_valid,brier,-0.010136062872521195,-0.014459494532799806,-0.005546694754532972,22
oulab,16,base_knn,activity_conditioned,cutoff_valid,ece,-0.0017822456713966553,-0.004019944584404797,0.004423976515450313,22
oulab,16,base_knn,activity_to_cutoff_valid,cutoff_valid,auc,0.0007841645072543812,-0.0005521521041805699,0.0020746942041802606,22
oulab,16,base_knn,activity_to_cutoff_valid,cutoff_valid,pr_auc_risk,-0.0007172171640829061,-0.0044702411392048,0.0021441825115394546,22
oulab,16,base_knn,activity_to_cutoff_valid,cutoff_valid,brier,0.00021591627571274086,-0.0018750147448624722,0.0033063839606417922,22
oulab,16,base_knn,activity_to_cutoff_valid,cutoff_valid,ece,0.012520469946669797,-0.01549680319530251,0.02293505192770187,22
oulab,16,base_knn,cutoff_valid_to_activity,cutoff_valid,auc,0.033393648822158006,0.02470269102323018,0.0406974666234452,22
oulab,16,base_knn,cutoff_valid_to_activity,cutoff_valid,pr_auc_risk,0.07969028774414044,0.060534574398132,0.09664466957769459,22
oulab,16,base_knn,cutoff_valid_to_activity,cutoff_valid,brier,-0.007797409784063847,-0.011225489706854191,-0.004186378185432759,22
oulab,16,base_knn,cutoff_valid_to_activity,cutoff_valid,ece,0.01853899603243453,-0.005005149353312532,0.02669626741028476,22
oulab,16,base_knn,static_full,cutoff_valid,auc,0.06867651649254902,0.05829740837611297,0.08239582782952032,22
oulab,16,base_knn,static_full,cutoff_valid,pr_auc_risk,0.14014754120408257,0.11327184599011968,0.17254019554867658,22
oulab,16,base_knn,static_full,cutoff_valid,brier,-0.028483259417398432,-0.03272961430969964,-0.02363392347306915,22
oulab,16,base_knn,static_full,cutoff_valid,ece,-0.004919519946898288,-0.010057667429782343,0.001986595310508565,22
oulab,16,base_lr_clickstream,activity_conditioned,cutoff_valid,auc,0.030587382005872965,0.021199338730262057,0.03808728709872806,22
oulab,16,base_lr_clickstream,activity_conditioned,cutoff_valid,pr_auc_risk,0.08353732686837945,0.06102601889204588,0.10263641745367208,22
oulab,16,base_lr_clickstream,activity_conditioned,cutoff_valid,brier,-0.00776315061788635,-0.012708164375510556,-0.0016747423126638036,22
oulab,16,base_lr_clickstream,activity_conditioned,cutoff_valid,ece,0.00968022310475438,0.004687421063345798,0.016855561685756446,22
oulab,16,base_lr_clickstream,activity_to_cutoff_valid,cutoff_valid,auc,-0.0018159950020507631,-0.005684603916966196,0.002447022460717513,22
oulab,16,base_lr_clickstream,activity_to_cutoff_valid,cutoff_valid,pr_auc_risk,0.0022440799740243156,-0.008218901602153378,0.01219888183954377,22
oulab,16,base_lr_clickstream,activity_to_cutoff_valid,cutoff_valid,brier,0.003969601635539055,0.00034646734750077847,0.008464182187597638,22
oulab,16,base_lr_clickstream,activity_to_cutoff_valid,cutoff_valid,ece,0.03049730299090539,0.005796330138663169,0.03889015051268792,22
oulab,16,base_lr_clickstream,cutoff_valid_to_activity,cutoff_valid,auc,0.030256059195643892,0.021813836290687866,0.03709338162582114,22
oulab,16,base_lr_clickstream,cutoff_valid_to_activity,cutoff_valid,pr_auc_risk,0.07584350518462357,0.05708831770174073,0.09124914020522358,22
oulab,16,base_lr_clickstream,cutoff_valid_to_activity,cutoff_valid,brier,-0.007234213699173125,-0.010788764790639768,-0.0034415474486461446,22
oulab,16,base_lr_clickstream,cutoff_valid_to_activity,cutoff_valid,ece,0.0008235189179387724,-0.023407909963352614,0.033030013869580994,22
oulab,16,base_lr_clickstream,static_full,cutoff_valid,auc,0.06551759865814277,0.05658191625349582,0.07564124510245117,22
oulab,16,base_lr_clickstream,static_full,cutoff_valid,pr_auc_risk,0.14864828292475385,0.12271050823233716,0.1790381880448131,22
oulab,16,base_lr_clickstream,static_full,cutoff_valid,brier,-0.027022999208667936,-0.03215676583629142,-0.02097674879128759,22
oulab,16,base_lr_clickstream,static_full,cutoff_valid,ece,0.004786920072030493,-0.0006332881718050566,0.010153110720469845,22
oulab,16,base_lr_profile,activity_conditioned,cutoff_valid,auc,-0.020514325197982353,-0.028062158298167442,-0.012950232406115996,22
oulab,16,base_lr_profile,activity_conditioned,cutoff_valid,pr_auc_risk,0.020854903604316632,-0.004498125945857195,0.043419828301552006,22
oulab,16,base_lr_profile,activity_conditioned,cutoff_valid,brier,0.018945435613619666,0.015117361699972857,0.02233032890588693,22
oulab,16,base_lr_profile,activity_conditioned,cutoff_valid,ece,0.001126813827235805,-0.00508480765453454,0.015716814202551225,22
oulab,16,base_lr_profile,activity_to_cutoff_valid,cutoff_valid,auc,-0.02340811298641543,-0.030715470878429657,-0.017067897627826796,22
oulab,16,base_lr_profile,activity_to_cutoff_valid,cutoff_valid,pr_auc_risk,-0.058403780465562494,-0.07189820446554346,-0.04689195059250259,22
oulab,16,base_lr_profile,activity_to_cutoff_valid,cutoff_valid,brier,0.014061025550453216,0.009083201819613097,0.018834032837228742,22
oulab,16,base_lr_profile,activity_to_cutoff_valid,cutoff_valid,ece,0.06766664613422324,0.020825574913268058,0.07679218364653599,22
oulab,16,base_lr_profile,cutoff_valid_to_activity,cutoff_valid,auc,-0.025282236411312442,-0.03276522141757515,-0.01797721737112902,22
oulab,16,base_lr_profile,cutoff_valid_to_activity,cutoff_valid,pr_auc_risk,0.016161735897199603,-0.008267751316965036,0.03830944810507329,22
oulab,16,base_lr_profile,cutoff_valid_to_activity,cutoff_valid,brier,0.027000144727724967,0.02222767751040443,0.03247667892072035,22
oulab,16,base_lr_profile,cutoff_valid_to_activity,cutoff_valid,ece,0.07790494842717523,0.026267811848578907,0.0979621142671011,22
oulab,16,base_lr_profile,static_full,cutoff_valid,auc,0.06728568401958002,0.05710704446577543,0.07813860740882093,22
oulab,16,base_lr_profile,static_full,cutoff_valid,pr_auc_risk,0.21202589281709872,0.1886263569655046,0.2357269921775317,22
oulab,16,base_lr_profile,static_full,cutoff_valid,brier,-0.010415666047669109,-0.014676783306910702,-0.005691644818111715,22
oulab,16,base_lr_profile,static_full,cutoff_valid,ece,6.277866409210974e-05,-0.006662027764798372,0.01127616208510709,22
oulab,16,base_lr_weekly,activity_conditioned,cutoff_valid,auc,0.03713279389467217,0.029472512899334266,0.043366180151842244,22
oulab,16,base_lr_weekly,activity_conditioned,cutoff_valid,pr_auc_risk,0.08011126944456382,0.06565437223531455,0.09344688523982143,22
oulab,16,base_lr_weekly,activity_conditioned,cutoff_valid,brier,-0.012742505502629065,-0.017035857015959124,-0.0076750431794282165,22
oulab,16,base_lr_weekly,activity_conditioned,cutoff_valid,ece,0.009547917901741323,0.005858534494009188,0.013981867006469613,22
oulab,16,base_lr_weekly,activity_to_cutoff_valid,cutoff_valid,auc,-0.0009973855740481596,-0.0024490382656519203,0.0004395615055132109,22
oulab,16,base_lr_weekly,activity_to_cutoff_valid,cutoff_valid,pr_auc_risk,0.001292351969585881,-0.001272889185748785,0.003546743495297791,22
oulab,16,base_lr_weekly,activity_to_cutoff_valid,cutoff_valid,brier,0.00365984069978903,0.0017142037136494246,0.0060976276341523725,22
oulab,16,base_lr_weekly,activity_to_cutoff_valid,cutoff_valid,ece,0.017578537419354057,0.012009879899139873,0.024334273890540336,22
oulab,16,base_lr_weekly,cutoff_valid_to_activity,cutoff_valid,auc,0.03690481183301375,0.029262131236762672,0.04319547946643937,22
oulab,16,base_lr_weekly,cutoff_valid_to_activity,cutoff_valid,pr_auc_risk,0.07704459168229061,0.062400653021986593,0.09037748093488551,22
oulab,16,base_lr_weekly,cutoff_valid_to_activity,cutoff_valid,brier,-0.014233186504227613,-0.018005104035298872,-0.00995146359260358,22
oulab,16,base_lr_weekly,cutoff_valid_to_activity,cutoff_valid,ece,0.001932246427391808,-0.0028958604084401286,0.006997275936753582,22
oulab,16,base_lr_weekly,static_full,cutoff_valid,auc,0.06554346443608372,0.05733992592223172,0.07386797752338868,22
oulab,16,base_lr_weekly,static_full,cutoff_valid,pr_auc_risk,0.12420997132082334,0.10645746991974134,0.1432695952804685,22
oulab,16,base_lr_weekly,static_full,cutoff_valid,brier,-0.029989704918030227,-0.03408818264421927,-0.02501638355640674,22
oulab,16,base_lr_weekly,static_full,cutoff_valid,ece,0.0015333999419662458,-0.002234901072711754,0.005162793756991545,22
oulab,16,base_rf_entropy,activity_conditioned,cutoff_valid,auc,0.03596804259893438,0.0294044589751967,0.04144381911265876,22
oulab,16,base_rf_entropy,activity_conditioned,cutoff_valid,pr_auc_risk,0.07401836015319585,0.06131480804667858,0.08632473327169024,22
oulab,16,base_rf_entropy,activity_conditioned,cutoff_valid,brier,-0.017397799276922116,-0.02071418889863545,-0.013749855754783187,22
oulab,16,base_rf_entropy,activity_conditioned,cutoff_valid,ece,-0.018243503859697578,-0.02688149928684873,-0.009481353729463435,22
oulab,16,base_rf_entropy,activity_to_cutoff_valid,cutoff_valid,auc,-0.0005926594560694554,-0.0018301121472387271,0.0004030728523285842,22
oulab,16,base_rf_entropy,activity_to_cutoff_valid,cutoff_valid,pr_auc_risk,-0.00036681102737023963,-0.0021653502105074248,0.0010712005191906375,22
oulab,16,base_rf_entropy,activity_to_cutoff_valid,cutoff_valid,brier,-0.0015178942878349144,-0.002729868345781681,-0.0004912423631940729,22
oulab,16,base_rf_entropy,activity_to_cutoff_valid,cutoff_valid,ece,-0.013804664225566268,-0.015693430886562252,-0.008986593104150935,22
oulab,16,base_rf_entropy,cutoff_valid_to_activity,cutoff_valid,auc,0.03592214040362118,0.02898907119323414,0.041411925405613004,22
oulab,16,base_rf_entropy,cutoff_valid_to_activity,cutoff_valid,pr_auc_risk,0.07379488322243632,0.06072711621698299,0.08619182982709354,22
oulab,16,base_rf_entropy,cutoff_valid_to_activity,cutoff_valid,brier,-0.015786064180764864,-0.019395614758442363,-0.011907252099571048,22
oulab,16,base_rf_entropy,cutoff_valid_to_activity,cutoff_valid,ece,-0.0072759399788877785,-0.013034609101326314,-0.0009410309156610695,22
oulab,16,base_rf_entropy,static_full,cutoff_valid,auc,0.06149986747210412,0.05459859626769901,0.06820555978608792,22
oulab,16,base_rf_entropy,static_full,cutoff_valid,pr_auc_risk,0.11289337684842438,0.09830892985830142,0.12784860430187256,22
oulab,16,base_rf_entropy,static_full,cutoff_valid,brier,-0.03421683029782767,-0.038373759183527215,-0.030317187141048554,22
oulab,16,base_rf_entropy,static_full,cutoff_valid,ece,-0.030771788148229264,-0.04839709181766497,-0.014353634988215614,22
oulab,16,base_rf_gini,activity_conditioned,cutoff_valid,auc,0.03633101314707177,0.029566931816898484,0.04189087821748057,22
oulab,16,base_rf_gini,activity_conditioned,cutoff_valid,pr_auc_risk,0.07431835821751331,0.06156578974078939,0.08687539442636977,22
oulab,16,base_rf_gini,activity_conditioned,cutoff_valid,brier,-0.01782320242788052,-0.021174362989975694,-0.014199526346165179,22
oulab,16,base_rf_gini,activity_conditioned,cutoff_valid,ece,-0.018530305182548612,-0.028050477446808664,-0.010533137181739623,22
oulab,16,base_rf_gini,activity_to_cutoff_valid,cutoff_valid,auc,-0.0004175026459593001,-0.002153952813413884,0.0011298637378273574,22
oulab,16,base_rf_gini,activity_to_cutoff_valid,cutoff_valid,pr_auc_risk,-0.00011758325328381503,-0.002266618486073521,0.0017305633743697696,22
oulab,16,base_rf_gini,activity_to_cutoff_valid,cutoff_valid,brier,-0.0019070585087600234,-0.0035171011309266544,-0.0005806174216462112,22
oulab,16,base_rf_gini,activity_to_cutoff_valid,cutoff_valid,ece,-0.013543284576822114,-0.01618476510090001,-0.008850797537509883,22
oulab,16,base_rf_gini,cutoff_valid_to_activity,cutoff_valid,auc,0.03617941726271212,0.029214358264195543,0.041703784880650845,22
oulab,16,base_rf_gini,cutoff_valid_to_activity,cutoff_valid,pr_auc_risk,0.07394357407551,0.0608376889006713,0.08640888616272181,22
oulab,16,base_rf_gini,cutoff_valid_to_activity,cutoff_valid,brier,-0.015896805719536916,-0.01953346617732729,-0.011996537988948501,22
oulab,16,base_rf_gini,cutoff_valid_to_activity,cutoff_valid,ece,-0.006572611149241063,-0.014039829165407693,-0.0012638421271314545,22
oulab,16,base_rf_gini,static_full,cutoff_valid,auc,0.0614338385782508,0.05448626053635035,0.06849116793360885,22
oulab,16,base_rf_gini,static_full,cutoff_valid,pr_auc_risk,0.11305353718009337,0.09816979409743794,0.12826835177304174,22
oulab,16,base_rf_gini,static_full,cutoff_valid,brier,-0.03454455971704412,-0.0389153406471072,-0.030480249492510346,22
oulab,16,base_rf_gini,static_full,cutoff_valid,ece,-0.03164729378770703,-0.050742378821590675,-0.01691794314583914,22
oulab,16,base_svm,activity_conditioned,cutoff_valid,auc,0.028964382268355515,0.018510921985774996,0.0376743066809831,22
oulab,16,base_svm,activity_conditioned,cutoff_valid,pr_auc_risk,0.07865850371796568,0.05514304709524988,0.09973685535435195,22
oulab,16,base_svm,activity_conditioned,cutoff_valid,brier,-0.004212809830815928,-0.009719667877530532,0.0022955649091966025,22
oulab,16,base_svm,activity_conditioned,cutoff_valid,ece,0.025231990087634437,0.012947020189834799,0.03135653701130061,22
oulab,16,base_svm,activity_to_cutoff_valid,cutoff_valid,auc,-0.004227275519702922,-0.008098311947280754,-1.635308386322187e-05,22
oulab,16,base_svm,activity_to_cutoff_valid,cutoff_valid,pr_auc_risk,-0.0047949733483244605,-0.016290693568283634,0.006747444659279612,22
oulab,16,base_svm,activity_to_cutoff_valid,cutoff_valid,brier,0.004530626580010161,-0.0004239164076934962,0.010488927357637207,22
oulab,16,base_svm,activity_to_cutoff_valid,cutoff_valid,ece,0.022196688227718198,0.0117442247783659,0.044618569902195655,22
oulab,16,base_svm,cutoff_valid_to_activity,cutoff_valid,auc,0.03149217501262169,0.02290358919920809,0.03857280239597678,22
oulab,16,base_svm,cutoff_valid_to_activity,cutoff_valid,pr_auc_risk,0.07990180017463644,0.060836595464776065,0.096207810521038,22
oulab,16,base_svm,cutoff_valid_to_activity,cutoff_valid,brier,-0.0028571760766652188,-0.006045301559724209,0.000425838764451751,22
oulab,16,base_svm,cutoff_valid_to_activity,cutoff_valid,ece,0.014751552570750129,-0.001888021859888983,0.03327270918372636,22
oulab,16,base_svm,static_full,cutoff_valid,auc,0.0626127450144851,0.05286735291977597,0.07285308903811376,22
oulab,16,base_svm,static_full,cutoff_valid,pr_auc_risk,0.14293591614208545,0.11903973632414878,0.17081039420335117,22
oulab,16,base_svm,static_full,cutoff_valid,brier,-0.0197581473574564,-0.027528053128267685,-0.010428250283462753,22
oulab,16,base_svm,static_full,cutoff_valid,ece,0.036630737757354453,0.025161793706411806,0.04578608102494793,22
oulab,16,flat_hgb,activity_conditioned,cutoff_valid,auc,0.03391290020743931,0.025981585069771947,0.041150532643727464,22
oulab,16,flat_hgb,activity_conditioned,cutoff_valid,pr_auc_risk,0.08070103739607304,0.06024686235454069,0.09901568807996883,22
oulab,16,flat_hgb,activity_conditioned,cutoff_valid,brier,-0.011944655612369959,-0.015364346797255495,-0.007958061629125969,22
oulab,16,flat_hgb,activity_conditioned,cutoff_valid,ece,-0.0043911543321045465,-0.009856727251079264,0.0027811847737896846,22
oulab,16,flat_hgb,activity_to_cutoff_valid,cutoff_valid,auc,0.00010253197720733187,-0.002235894217191875,0.0023136955695098774,22
oulab,16,flat_hgb,activity_to_cutoff_valid,cutoff_valid,pr_auc_risk,0.0017843225144391628,-0.002238940156993921,0.005276615925376042,22
oulab,16,flat_hgb,activity_to_cutoff_valid,cutoff_valid,brier,0.0012962355181710405,-0.001107445416242151,0.0047822011558565245,22
oulab,16,flat_hgb,activity_to_cutoff_valid,cutoff_valid,ece,0.009772439378178736,-0.013259768532543334,0.019595814918456612,22
oulab,16,flat_hgb,cutoff_valid_to_activity,cutoff_valid,auc,0.03270472980530614,0.02517652332496439,0.039109367082130406,22
oulab,16,flat_hgb,cutoff_valid_to_activity,cutoff_valid,pr_auc_risk,0.07806332098915658,0.05898108011497383,0.0948552575304252,22
oulab,16,flat_hgb,cutoff_valid_to_activity,cutoff_valid,brier,-0.011191705331426716,-0.01484379608269387,-0.007207307870254758,22
oulab,16,flat_hgb,cutoff_valid_to_activity,cutoff_valid,ece,0.002048106594126995,-0.014904644493880757,0.02204591352804542,22
oulab,16,flat_hgb,static_full,cutoff_valid,auc,0.0634692656138921,0.05142030147498039,0.07979119885515257,22
oulab,16,flat_hgb,static_full,cutoff_valid,pr_auc_risk,0.13148267401314695,0.1013654710199956,0.16534189736870408,22
oulab,16,flat_hgb,static_full,cutoff_valid,brier,-0.029324171380841674,-0.034341731264475796,-0.024273438044542586,22
oulab,16,flat_hgb,static_full,cutoff_valid,ece,-0.006396898735851482,-0.017427197084137543,0.0012103883613206923,22
oulab,16,stack_7_full,activity_conditioned,cutoff_valid,auc,0.03205023741302604,0.026038846648115194,0.0374727893342352,22
oulab,16,stack_7_full,activity_conditioned,cutoff_valid,pr_auc_risk,0.0645279705512235,0.052871993869574925,0.07611620952053413,22
oulab,16,stack_7_full,activity_conditioned,cutoff_valid,brier,-0.01474398252189367,-0.01847285022175888,-0.010814254391138029,22
oulab,16,stack_7_full,activity_conditioned,cutoff_valid,ece,-0.001080204591655986,-0.004727956339978963,0.0012160488529588747,22
oulab,16,stack_7_full,activity_to_cutoff_valid,cutoff_valid,auc,0.00036593391215045123,-0.00044559639176165456,0.0010988599365138823,22
oulab,16,stack_7_full,activity_to_cutoff_valid,cutoff_valid,pr_auc_risk,-0.00014405435437137015,-0.0013283956397897895,0.0009443005900675555,22
oulab,16,stack_7_full,activity_to_cutoff_valid,cutoff_valid,brier,0.00028233105484318233,-0.0003102730321974008,0.0009597069927219549,22
oulab,16,stack_7_full,activity_to_cutoff_valid,cutoff_valid,ece,0.0013043918564757308,-0.0031973502322919793,0.006257838223956633,22
oulab,16,stack_7_full,cutoff_valid_to_activity,cutoff_valid,auc,0.03155235222996888,0.025294187539544453,0.03719899073665364,22
oulab,16,stack_7_full,cutoff_valid_to_activity,cutoff_valid,pr_auc_risk,0.06426411334851567,0.05237353858400901,0.0759501490186962,22
oulab,16,stack_7_full,cutoff_valid_to_activity,cutoff_valid,brier,-0.01463759325987292,-0.018375991008919765,-0.010723893189681559,22
oulab,16,stack_7_full,cutoff_valid_to_activity,cutoff_valid,ece,0.0005645728076411408,-0.005131892251753336,0.004676116722248976,22
oulab,16,stack_7_full,static_full,cutoff_valid,auc,0.053321895436942435,0.04686158467280667,0.060176480772948016,22
oulab,16,stack_7_full,static_full,cutoff_valid,pr_auc_risk,0.09695348627647882,0.08335702360004438,0.11224672776497664,22
oulab,16,stack_7_full,static_full,cutoff_valid,brier,-0.02920898967293832,-0.032799936839922016,-0.02512199680913019,22
oulab,16,stack_7_full,static_full,cutoff_valid,ece,-0.0022008821402870887,-0.006837830360987387,-0.0006511960491856258,22
oulab,16,temporal_hgb,activity_conditioned,cutoff_valid,auc,0.03617751919527701,0.02999175455072684,0.04132144412547872,22
oulab,16,temporal_hgb,activity_conditioned,cutoff_valid,pr_auc_risk,0.07480253470281073,0.06185634608368332,0.08727299220070169,22
oulab,16,temporal_hgb,activity_conditioned,cutoff_valid,brier,-0.014979741448812783,-0.01874636642853913,-0.010934607985110307,22
oulab,16,temporal_hgb,activity_conditioned,cutoff_valid,ece,-0.00018038455891328416,-0.00590735485328815,0.0013120984966585908,22
oulab,16,temporal_hgb,activity_to_cutoff_valid,cutoff_valid,auc,0.00029904763161747727,-0.0010645365553681174,0.0015950132807322848,22
oulab,16,temporal_hgb,activity_to_cutoff_valid,cutoff_valid,pr_auc_risk,0.0013646205593048633,-0.0006578512165040906,0.0035953672379220995,22
oulab,16,temporal_hgb,activity_to_cutoff_valid,cutoff_valid,brier,0.000560403068422699,-0.000775230780899807,0.0023077060587738197,22
oulab,16,temporal_hgb,activity_to_cutoff_valid,cutoff_valid,ece,0.005898670487233911,-0.010185179390111052,0.009930249492180996,22
oulab,16,temporal_hgb,cutoff_valid_to_activity,cutoff_valid,auc,0.035435342697538674,0.028714277006859946,0.04093388373705277,22
oulab,16,temporal_hgb,cutoff_valid_to_activity,cutoff_valid,pr_auc_risk,0.07398235273488474,0.06108626456025383,0.08652597630812554,22
oulab,16,temporal_hgb,cutoff_valid_to_activity,cutoff_valid,brier,-0.014607226202859258,-0.01810404377323335,-0.010702776162506668,22
oulab,16,temporal_hgb,cutoff_valid_to_activity,cutoff_valid,ece,0.000970947853144279,-0.007065815056310575,0.010496085142797776,22
oulab,16,temporal_hgb,static_full,cutoff_valid,auc,0.06153555388437815,0.053887970197374756,0.06904187955565327,22
oulab,16,temporal_hgb,static_full,cutoff_valid,pr_auc_risk,0.11238002740693709,0.09642956125480155,0.12946203203841838,22
oulab,16,temporal_hgb,static_full,cutoff_valid,brier,-0.030885261394267588,-0.03437402252422044,-0.026634128173113614,22
oulab,16,temporal_hgb,static_full,cutoff_valid,ece,-0.0011677228091552059,-0.010503790565468008,-0.0003260583420502277,22
