dataset,week,model,protocol,reference_protocol,budget,n_candidates,n_reference,n_flagged,n_actionable_candidates,n_actionable_flagged,n_invalid_flagged,precision,actionable_precision,precision_among_actionable,wasted_budget_rate,recall_protocol,coverage_adjusted_recall,candidate_coverage
oulab,2,base_lr_profile,activity_conditioned,cutoff_valid,0.01,26490,28069,281,25429,256,25,0.7615658362989324,0.6725978647686833,0.73828125,0.08896797153024912,0.018088073704674162,0.014872521246458924,0.905946061491325
oulab,2,base_lr_profile,activity_to_cutoff_valid,cutoff_valid,0.01,28069,28069,281,28069,281,0,0.7402135231316725,0.7402135231316725,0.7402135231316725,0.0,0.016367642429965377,0.016367642429965377,1.0
oulab,2,base_lr_profile,cutoff_valid,cutoff_valid,0.01,28069,28069,281,28069,281,0,0.8576512455516014,0.8576512455516014,0.8576512455516014,0.0,0.01896443185395027,0.01896443185395027,1.0
oulab,2,base_lr_profile,cutoff_valid_to_activity,cutoff_valid,0.01,26490,28069,281,25429,258,23,0.7508896797153025,0.6690391459074733,0.7286821705426356,0.08185053380782918,0.017834502577973123,0.014793830657853321,0.905946061491325
oulab,2,base_lr_profile,static_full,cutoff_valid,0.01,32593,28069,281,28069,102,179,0.9466192170818505,0.3096085409252669,0.8529411764705882,0.6370106761565836,0.015457926545792654,0.006846081208687441,1.0
oulab,2,base_lr_profile,activity_conditioned,cutoff_valid,0.05,26490,28069,1404,25429,1284,120,0.6823361823361823,0.5968660968660968,0.6526479750778816,0.08547008547008547,0.080973713126532,0.06594271325149512,0.905946061491325
oulab,2,base_lr_profile,activity_to_cutoff_valid,cutoff_valid,0.05,28069,28069,1404,28069,1404,0,0.6823361823361823,0.6823361823361823,0.6823361823361823,0.0,0.07538558388416745,0.07538558388416745,1.0
oulab,2,base_lr_profile,cutoff_valid,cutoff_valid,0.05,28069,28069,1404,28069,1404,0,0.8190883190883191,0.8190883190883191,0.8190883190883191,0.0,0.09049417689644318,0.09049417689644318,1.0
oulab,2,base_lr_profile,cutoff_valid_to_activity,cutoff_valid,0.05,26490,28069,1404,25429,1303,101,0.6837606837606838,0.6118233618233618,0.659247889485802,0.07193732193732194,0.08114276054433268,0.06759521561221278,0.905946061491325
oulab,2,base_lr_profile,static_full,cutoff_valid,0.05,32593,28069,1404,28069,575,829,0.9287749287749287,0.3383190883190883,0.8260869565217391,0.5904558404558404,0.07577870757787075,0.037378029587661316,1.0
oulab,2,base_lr_profile,activity_conditioned,cutoff_valid,0.1,26490,28069,2808,25429,2594,214,0.6502849002849003,0.5740740740740741,0.6214340786430224,0.07621082621082621,0.1543402924520328,0.12684922883223165,0.905946061491325
oulab,2,base_lr_profile,activity_to_cutoff_valid,cutoff_valid,0.1,28069,28069,2808,28069,2808,0,0.6556267806267806,0.6556267806267806,0.6556267806267806,0.0,0.1448693736229147,0.1448693736229147,1.0
oulab,2,base_lr_profile,cutoff_valid,cutoff_valid,0.1,28069,28069,2808,28069,2808,0,0.7571225071225072,0.7571225071225072,0.7571225071225072,0.0,0.1672961913755115,0.1672961913755115,1.0
oulab,2,base_lr_profile,cutoff_valid_to_activity,cutoff_valid,0.1,26490,28069,2808,25429,2617,191,0.6509971509971509,0.582977207977208,0.6255254107756973,0.06801994301994302,0.15450933986983348,0.12881649354737174,0.905946061491325
oulab,2,base_lr_profile,static_full,cutoff_valid,0.1,32593,28069,2808,28069,1156,1652,0.917022792022792,0.32905982905982906,0.7993079584775087,0.5883190883190883,0.14963970246397024,0.07271010387157696,1.0
oulab,2,base_lr_profile,activity_conditioned,cutoff_valid,0.2,26490,28069,5612,25429,5242,370,0.6042409123307199,0.5383107626514612,0.5763067531476536,0.06593014967925873,0.28661989688107514,0.23772426817752595,0.905946061491325
oulab,2,base_lr_profile,activity_to_cutoff_valid,cutoff_valid,0.2,28069,28069,5612,28069,5612,0,0.6158232359230221,0.6158232359230221,0.6158232359230221,0.0,0.2719546742209632,0.2719546742209632,1.0
oulab,2,base_lr_profile,cutoff_valid,cutoff_valid,0.2,28069,28069,5612,28069,5612,0,0.6755167498218104,0.6755167498218104,0.6755167498218104,0.0,0.2983160214038401,0.2983160214038401,1.0
oulab,2,base_lr_profile,cutoff_valid_to_activity,cutoff_valid,0.2,26490,28069,5612,25429,5276,336,0.6013898788310763,0.5415181753385603,0.5760045489006823,0.05987170349251604,0.2852675175386696,0.23914069877242683,0.905946061491325
oulab,2,base_lr_profile,static_full,cutoff_valid,0.2,32593,28069,5612,28069,2639,2973,0.8807911617961511,0.3522808267997149,0.7491474043198181,0.5297576621525303,0.2872501162250116,0.15557129367327668,1.0
oulab,2,base_rf_gini,activity_conditioned,cutoff_valid,0.01,26490,28069,281,25429,234,47,0.8042704626334519,0.6370106761565836,0.7649572649572649,0.16725978647686832,0.01910235821147832,0.014085615360402896,0.905946061491325
oulab,2,base_rf_gini,activity_to_cutoff_valid,cutoff_valid,0.01,28069,28069,281,28069,281,0,0.800711743772242,0.800711743772242,0.800711743772242,0.0,0.017705382436260624,0.017705382436260624,1.0
oulab,2,base_rf_gini,cutoff_valid,cutoff_valid,0.01,28069,28069,281,28069,281,0,0.7864768683274022,0.7864768683274022,0.7864768683274022,0.0,0.017390620081838212,0.017390620081838212,1.0
oulab,2,base_rf_gini,cutoff_valid_to_activity,cutoff_valid,0.01,26490,28069,281,25429,242,39,0.8078291814946619,0.6690391459074733,0.7768595041322314,0.1387900355871886,0.019186881920378665,0.014793830657853321,0.905946061491325
oulab,2,base_rf_gini,static_full,cutoff_valid,0.01,32593,28069,281,28069,51,230,0.9608540925266904,0.1423487544483986,0.7843137254901961,0.8185053380782918,0.015690376569037656,0.0031476235442241107,1.0
oulab,2,base_rf_gini,activity_conditioned,cutoff_valid,0.05,26490,28069,1404,25429,1188,216,0.7955840455840456,0.6417378917378918,0.7584175084175084,0.15384615384615385,0.09441298284168709,0.0709002203336481,0.905946061491325
oulab,2,base_rf_gini,activity_to_cutoff_valid,cutoff_valid,0.05,28069,28069,1404,28069,1404,0,0.8005698005698005,0.8005698005698005,0.8005698005698005,0.0,0.08844822159269751,0.08844822159269751,1.0
oulab,2,base_rf_gini,cutoff_valid,cutoff_valid,0.05,28069,28069,1404,28069,1404,0,0.8048433048433048,0.8048433048433048,0.8048433048433048,0.0,0.08892036512433113,0.08892036512433113,1.0
oulab,2,base_rf_gini,cutoff_valid_to_activity,cutoff_valid,0.05,26490,28069,1404,25429,1206,198,0.7913105413105413,0.6502849002849003,0.7570480928689884,0.14102564102564102,0.09390584058828501,0.07184450739691534,0.905946061491325
oulab,2,base_rf_gini,static_full,cutoff_valid,0.05,32593,28069,1404,28069,379,1025,0.9344729344729344,0.20441595441595442,0.7572559366754618,0.73005698005698,0.07624360762436076,0.022584198929807994,1.0
oulab,2,base_rf_gini,activity_conditioned,cutoff_valid,0.1,26490,28069,2808,25429,2431,377,0.7567663817663818,0.6225071225071225,0.7190456602221308,0.13425925925925927,0.17961288141323642,0.13755114888259365,0.905946061491325
oulab,2,base_rf_gini,activity_to_cutoff_valid,cutoff_valid,0.1,28069,28069,2808,28069,2808,0,0.7802706552706553,0.7802706552706553,0.7802706552706553,0.0,0.17241107963487567,0.17241107963487567,1.0
oulab,2,base_rf_gini,cutoff_valid,cutoff_valid,0.1,28069,28069,2808,28069,2808,0,0.7788461538461539,0.7788461538461539,0.7788461538461539,0.0,0.17209631728045327,0.17209631728045327,1.0
oulab,2,base_rf_gini,cutoff_valid_to_activity,cutoff_valid,0.1,26490,28069,2808,25429,2454,354,0.7514245014245015,0.6253561253561254,0.7155664221678891,0.12606837606837606,0.17834502577973121,0.13818067359143846,0.905946061491325
oulab,2,base_rf_gini,static_full,cutoff_valid,0.1,32593,28069,2808,28069,933,1875,0.9195156695156695,0.2517806267806268,0.7577706323687031,0.6677350427350427,0.150046490004649,0.05563424614416116,1.0
oulab,2,base_rf_gini,activity_conditioned,cutoff_valid,0.2,26490,28069,5612,25429,5010,602,0.7036707056307911,0.5964005702066999,0.668063872255489,0.10727013542409124,0.3337841264474685,0.26337740006295246,0.905946061491325
oulab,2,base_rf_gini,activity_to_cutoff_valid,cutoff_valid,0.2,28069,28069,5612,28069,5612,0,0.727904490377762,0.727904490377762,0.727904490377762,0.0,0.32145105445388733,0.32145105445388733,1.0
oulab,2,base_rf_gini,cutoff_valid,cutoff_valid,0.2,28069,28069,5612,28069,5612,0,0.7327156094084105,0.7327156094084105,0.7327156094084105,0.0,0.3235757003462386,0.3235757003462386,1.0
oulab,2,base_rf_gini,cutoff_valid_to_activity,cutoff_valid,0.2,26490,28069,5612,25429,5043,569,0.6985032074126871,0.5971133285816108,0.6644854253420583,0.10138987883107627,0.33133293888935844,0.26369216241737486,0.905946061491325
oulab,2,base_rf_gini,static_full,cutoff_valid,0.2,32593,28069,5612,28069,2522,3090,0.8902352102637205,0.3396293656450463,0.7557494052339413,0.5506058446186742,0.2903300790330079,0.14998426188227887,1.0
oulab,2,stack_7_full,activity_conditioned,cutoff_valid,0.01,26490,28069,281,25429,220,61,0.8398576512455516,0.6227758007117438,0.7954545454545454,0.21708185053380782,0.019947595300481784,0.013770853005980485,0.905946061491325
oulab,2,stack_7_full,activity_to_cutoff_valid,cutoff_valid,0.01,28069,28069,281,28069,281,0,0.8078291814946619,0.8078291814946619,0.8078291814946619,0.0,0.01786276361347183,0.01786276361347183,1.0
oulab,2,stack_7_full,cutoff_valid,cutoff_valid,0.01,28069,28069,281,28069,281,0,0.8683274021352313,0.8683274021352313,0.8683274021352313,0.0,0.019200503619767075,0.019200503619767075,1.0
oulab,2,stack_7_full,cutoff_valid_to_activity,cutoff_valid,0.01,26490,28069,281,25429,235,46,0.8362989323843416,0.6725978647686833,0.8042553191489362,0.16370106761565836,0.01986307159158144,0.014872521246458924,0.905946061491325
oulab,2,stack_7_full,static_full,cutoff_valid,0.01,32593,28069,281,28069,52,229,0.9750889679715302,0.1601423487544484,0.8653846153846154,0.8149466192170819,0.015922826592282658,0.0035410764872521247,1.0
oulab,2,stack_7_full,activity_conditioned,cutoff_valid,0.05,26490,28069,1404,25429,1176,228,0.7998575498575499,0.6374643874643875,0.7610544217687075,0.1623931623931624,0.09492012509508917,0.07042807680201447,0.905946061491325
oulab,2,stack_7_full,activity_to_cutoff_valid,cutoff_valid,0.05,28069,28069,1404,28069,1404,0,0.7749287749287749,0.7749287749287749,0.7749287749287749,0.0,0.08561536040289582,0.08561536040289582,1.0
oulab,2,stack_7_full,cutoff_valid,cutoff_valid,0.05,28069,28069,1404,28069,1404,0,0.8169515669515669,0.8169515669515669,0.8169515669515669,0.0,0.09025810513062638,0.09025810513062638,1.0
oulab,2,stack_7_full,cutoff_valid_to_activity,cutoff_valid,0.05,26490,28069,1404,25429,1206,198,0.7856125356125356,0.6445868945868946,0.7504145936981758,0.14102564102564102,0.09322965091708224,0.07121498268807051,0.905946061491325
oulab,2,stack_7_full,static_full,cutoff_valid,0.05,32593,28069,1404,28069,394,1010,0.9415954415954416,0.2222222222222222,0.7918781725888325,0.7193732193732194,0.07682473268247327,0.024551463644948063,1.0
oulab,2,stack_7_full,activity_conditioned,cutoff_valid,0.1,26490,28069,2808,25429,2427,381,0.7653133903133903,0.6296296296296297,0.7284713638236506,0.13568376068376067,0.18164145042684474,0.1391249606547057,0.905946061491325
oulab,2,stack_7_full,activity_to_cutoff_valid,cutoff_valid,0.1,28069,28069,2808,28069,2808,0,0.7428774928774928,0.7428774928774928,0.7428774928774928,0.0,0.16414856783128737,0.16414856783128737,1.0
oulab,2,stack_7_full,cutoff_valid,cutoff_valid,0.1,28069,28069,2808,28069,2808,0,0.7884615384615384,0.7884615384615384,0.7884615384615384,0.0,0.17422096317280453,0.17422096317280453,1.0
oulab,2,stack_7_full,cutoff_valid_to_activity,cutoff_valid,0.1,26490,28069,2808,25429,2456,352,0.7685185185185185,0.6431623931623932,0.7353420195439739,0.12535612535612536,0.18240216380694785,0.1421152030217186,0.905946061491325
oulab,2,stack_7_full,static_full,cutoff_valid,0.1,32593,28069,2808,28069,972,1836,0.9241452991452992,0.2702991452991453,0.7808641975308642,0.6538461538461539,0.15080195258019527,0.0597261567516525,1.0
oulab,2,stack_7_full,activity_conditioned,cutoff_valid,0.2,26490,28069,5612,25429,5008,604,0.7104419101924447,0.602815395580898,0.6755191693290735,0.10762651461154668,0.3369960273856817,0.26621026125275415,0.905946061491325
oulab,2,stack_7_full,activity_to_cutoff_valid,cutoff_valid,0.2,28069,28069,5612,28069,5612,0,0.7083036350677121,0.7083036350677121,0.7083036350677121,0.0,0.312795089707271,0.312795089707271,1.0
oulab,2,stack_7_full,cutoff_valid,cutoff_valid,0.2,28069,28069,5612,28069,5612,0,0.7382394868139701,0.7382394868139701,0.7382394868139701,0.0,0.32601510859301225,0.32601510859301225,1.0
oulab,2,stack_7_full,cutoff_valid_to_activity,cutoff_valid,0.2,26490,28069,5612,25429,5042,570,0.7072344975053457,0.6056664290805417,0.6741372471241571,0.101568068424804,0.33547460062547546,0.2674693106704438,0.905946061491325
oulab,2,stack_7_full,static_full,cutoff_valid,0.2,32593,28069,5612,28069,2499,3113,0.8946899501069138,0.3403421240199572,0.7643057222889156,0.554704205274412,0.2917828916782892,0.1502990242367013,1.0
oulab,2,temporal_hgb,activity_conditioned,cutoff_valid,0.01,26490,28069,281,25429,241,40,0.6797153024911032,0.5373665480427047,0.6265560165975104,0.1423487544483986,0.01614402839996619,0.011882278879446019,0.905946061491325
oulab,2,temporal_hgb,activity_to_cutoff_valid,cutoff_valid,0.01,28069,28069,281,28069,281,0,0.6263345195729537,0.6263345195729537,0.6263345195729537,0.0,0.013849543594586088,0.013849543594586088,1.0
oulab,2,temporal_hgb,cutoff_valid,cutoff_valid,0.01,28069,28069,281,28069,281,0,0.7473309608540926,0.7473309608540926,0.7473309608540926,0.0,0.016525023607176583,0.016525023607176583,1.0
oulab,2,temporal_hgb,cutoff_valid_to_activity,cutoff_valid,0.01,26490,28069,281,25429,238,43,0.6903914590747331,0.5373665480427047,0.634453781512605,0.15302491103202848,0.01639759952666723,0.011882278879446019,0.905946061491325
oulab,2,temporal_hgb,static_full,cutoff_valid,0.01,32593,28069,281,28069,124,157,0.8505338078291815,0.2918149466192171,0.6612903225806451,0.5587188612099644,0.013888888888888888,0.006452628265659427,1.0
oulab,2,temporal_hgb,activity_conditioned,cutoff_valid,0.05,26490,28069,1404,25429,1211,193,0.7250712250712251,0.5876068376068376,0.6812551610239471,0.13746438746438747,0.08604513566055279,0.06491973559962229,0.905946061491325
oulab,2,temporal_hgb,activity_to_cutoff_valid,cutoff_valid,0.05,28069,28069,1404,28069,1404,0,0.73005698005698,0.73005698005698,0.73005698005698,0.0,0.08065785332074284,0.08065785332074284,1.0
oulab,2,temporal_hgb,cutoff_valid,cutoff_valid,0.05,28069,28069,1404,28069,1404,0,0.7521367521367521,0.7521367521367521,0.7521367521367521,0.0,0.08309726156751653,0.08309726156751653,1.0
oulab,2,temporal_hgb,cutoff_valid_to_activity,cutoff_valid,0.05,26490,28069,1404,25429,1220,184,0.7115384615384616,0.5804843304843305,0.6680327868852459,0.13105413105413105,0.0844391851914462,0.06413282971356626,0.905946061491325
oulab,2,temporal_hgb,static_full,cutoff_valid,0.05,32593,28069,1404,28069,625,779,0.8703703703703703,0.3190883190883191,0.7168,0.5548433048433048,0.07101348210134821,0.03525338369531004,1.0
oulab,2,temporal_hgb,activity_conditioned,cutoff_valid,0.1,26490,28069,2808,25429,2458,350,0.6969373219373219,0.5722934472934473,0.6537835638730676,0.12464387464387465,0.1654128983179782,0.12645577588920365,0.905946061491325
oulab,2,temporal_hgb,activity_to_cutoff_valid,cutoff_valid,0.1,28069,28069,2808,28069,2808,0,0.7371794871794872,0.7371794871794872,0.7371794871794872,0.0,0.16288951841359772,0.16288951841359772,1.0
oulab,2,temporal_hgb,cutoff_valid,cutoff_valid,0.1,28069,28069,2808,28069,2808,0,0.7368233618233618,0.7368233618233618,0.7368233618233618,0.0,0.16281082782499212,0.16281082782499212,1.0
oulab,2,temporal_hgb,cutoff_valid_to_activity,cutoff_valid,0.1,26490,28069,2808,25429,2458,350,0.7012108262108262,0.5765669515669516,0.6586655817737999,0.12464387464387465,0.16642718282478236,0.1274000629524709,0.905946061491325
oulab,2,temporal_hgb,static_full,cutoff_valid,0.1,32593,28069,2808,28069,1226,1582,0.8782051282051282,0.31873219373219375,0.7300163132137031,0.5633903133903134,0.14330543933054393,0.07042807680201447,1.0
oulab,2,temporal_hgb,activity_conditioned,cutoff_valid,0.2,26490,28069,5612,25429,5056,556,0.65751960085531,0.5584461867426942,0.6198575949367089,0.09907341411261582,0.31189248584227874,0.24661630468995907,0.905946061491325
oulab,2,temporal_hgb,activity_to_cutoff_valid,cutoff_valid,0.2,28069,28069,5612,28069,5612,0,0.7001069137562367,0.7001069137562367,0.7001069137562367,0.0,0.3091753226314133,0.3091753226314133,1.0
oulab,2,temporal_hgb,cutoff_valid,cutoff_valid,0.2,28069,28069,5612,28069,5612,0,0.7026015680684248,0.7026015680684248,0.7026015680684248,0.0,0.3102769908718917,0.3102769908718917,1.0
oulab,2,temporal_hgb,cutoff_valid_to_activity,cutoff_valid,0.2,26490,28069,5612,25429,5067,545,0.6576977904490378,0.5605844618674269,0.6208802052496546,0.09711332858161083,0.31197700955117913,0.2475605917532263,0.905946061491325
oulab,2,temporal_hgb,static_full,cutoff_valid,0.2,32593,28069,5612,28069,2636,2976,0.870456165359943,0.34390591589451175,0.7321699544764795,0.5302922309337135,0.2838795908879591,0.15187283600881335,1.0
oulab,4,base_lr_profile,activity_conditioned,cutoff_valid,0.01,27977,27535,274,26392,247,27,0.7518248175182481,0.6532846715328468,0.7246963562753036,0.09854014598540146,0.016120197198528835,0.01472523856531754,0.9584891955692755
oulab,4,base_lr_profile,activity_to_cutoff_valid,cutoff_valid,0.01,27535,27535,274,27535,274,0,0.7408759124087592,0.7408759124087592,0.7408759124087592,0.0,0.01669957222770648,0.01669957222770648,1.0
oulab,4,base_lr_profile,cutoff_valid,cutoff_valid,0.01,27535,27535,274,27535,274,0,0.916058394160584,0.916058394160584,0.916058394160584,0.0,0.02064823955248437,0.02064823955248437,1.0
oulab,4,base_lr_profile,cutoff_valid_to_activity,cutoff_valid,0.01,27977,27535,274,26392,249,25,0.7700729927007299,0.6788321167883211,0.7469879518072289,0.09124087591240876,0.016511464120823226,0.015301085883514315,0.9584891955692755
oulab,4,base_lr_profile,static_full,cutoff_valid,0.01,32593,27535,274,27535,78,196,0.9744525547445255,0.2591240875912409,0.9102564102564102,0.7153284671532847,0.015516039051603906,0.005840737084567292,1.0
oulab,4,base_lr_profile,activity_conditioned,cutoff_valid,0.05,27977,27535,1374,26392,1223,151,0.6921397379912664,0.5822416302765647,0.6541291905151267,0.1098981077147016,0.07441896862039284,0.06581112207963145,0.9584891955692755
oulab,4,base_lr_profile,activity_to_cutoff_valid,cutoff_valid,0.05,27535,27535,1374,27535,1374,0,0.6724890829694323,0.6724890829694323,0.6724890829694323,0.0,0.07601184600197433,0.07601184600197433,1.0
oulab,4,base_lr_profile,cutoff_valid,cutoff_valid,0.05,27535,27535,1374,27535,1374,0,0.8275109170305677,0.8275109170305677,0.8275109170305677,0.0,0.0935340572556762,0.0935340572556762,1.0
oulab,4,base_lr_profile,cutoff_valid_to_activity,cutoff_valid,0.05,27977,27535,1374,26392,1242,132,0.6935953420669578,0.5975254730713246,0.6610305958132046,0.09606986899563319,0.07457547538931059,0.06753866403422179,0.9584891955692755
oulab,4,base_lr_profile,static_full,cutoff_valid,0.05,32593,27535,1374,27535,381,993,0.9592430858806404,0.23726346433770015,0.8556430446194225,0.722707423580786,0.07659228265922827,0.02681803224744982,1.0
oulab,4,base_lr_profile,activity_conditioned,cutoff_valid,0.1,27977,27535,2753,26392,2479,274,0.6625499455139847,0.5630221576462041,0.6252521177894312,0.0995277878677806,0.1427341732529932,0.12750904902928595,0.9584891955692755
oulab,4,base_lr_profile,activity_to_cutoff_valid,cutoff_valid,0.1,27535,27535,2753,27535,2753,0,0.6469306211405739,0.6469306211405739,0.6469306211405739,0.0,0.14651201052977952,0.14651201052977952,1.0
oulab,4,base_lr_profile,cutoff_valid,cutoff_valid,0.1,27535,27535,2753,27535,2753,0,0.7384671267707955,0.7384671267707955,0.7384671267707955,0.0,0.16724251398486345,0.16724251398486345,1.0
oulab,4,base_lr_profile,cutoff_valid_to_activity,cutoff_valid,0.1,27977,27535,2753,26392,2520,233,0.6589175444969124,0.5742826007991282,0.6273809523809524,0.08463494369778424,0.1419516394084044,0.13005923000987166,0.9584891955692755
oulab,4,base_lr_profile,static_full,cutoff_valid,0.1,32593,27535,2753,27535,752,2001,0.9498728659644025,0.22411914275335998,0.8204787234042553,0.7268434435161641,0.15196420269642028,0.05075682790391576,1.0
oulab,4,base_lr_profile,activity_conditioned,cutoff_valid,0.2,27977,27535,5508,26392,5023,485,0.6207334785766159,0.5326797385620915,0.5841130798327693,0.08805374001452433,0.26754832146490337,0.24136229022704836,0.9584891955692755
oulab,4,base_lr_profile,activity_to_cutoff_valid,cutoff_valid,0.2,27535,27535,5508,27535,5508,0,0.6071169208424111,0.6071169208424111,0.6071169208424111,0.0,0.2750904902928595,0.2750904902928595,1.0
oulab,4,base_lr_profile,cutoff_valid,cutoff_valid,0.2,27535,27535,5508,27535,5508,0,0.65159767610748,0.65159767610748,0.65159767610748,0.0,0.29524514642974664,0.29524514642974664,1.0
oulab,4,base_lr_profile,cutoff_valid_to_activity,cutoff_valid,0.2,27977,27535,5508,26392,5055,453,0.6160130718954249,0.5337690631808278,0.5816023738872403,0.08224400871459694,0.26551373346897256,0.2418558736426456,0.9584891955692755
oulab,4,base_lr_profile,static_full,cutoff_valid,0.2,32593,27535,5508,27535,2141,3367,0.90159767610748,0.2910312273057371,0.7487155534796824,0.6112926652142339,0.2885867038586704,0.13186903586706153,1.0
oulab,4,base_rf_gini,activity_conditioned,cutoff_valid,0.01,27977,27535,274,26392,131,143,0.9525547445255474,0.4306569343065693,0.9007633587786259,0.5218978102189781,0.02042413334376712,0.00970714050674564,0.9584891955692755
oulab,4,base_rf_gini,activity_to_cutoff_valid,cutoff_valid,0.01,27535,27535,274,27535,274,0,0.9525547445255474,0.9525547445255474,0.9525547445255474,0.0,0.021470878578479763,0.021470878578479763,1.0
oulab,4,base_rf_gini,cutoff_valid,cutoff_valid,0.01,27535,27535,274,27535,274,0,0.9416058394160584,0.9416058394160584,0.9416058394160584,0.0,0.021224086870681145,0.021224086870681145,1.0
oulab,4,base_rf_gini,cutoff_valid_to_activity,cutoff_valid,0.01,27977,27535,274,26392,152,122,0.948905109489051,0.5036496350364964,0.9078947368421053,0.44525547445255476,0.02034587995930824,0.011352418558736426,0.9584891955692755
oulab,4,base_rf_gini,static_full,cutoff_valid,0.01,32593,27535,274,27535,43,231,0.9817518248175182,0.1386861313868613,0.8837209302325582,0.843065693430657,0.015632264063226407,0.0031260282987824943,1.0
oulab,4,base_rf_gini,activity_conditioned,cutoff_valid,0.05,27977,27535,1374,26392,771,603,0.9279475982532751,0.4890829694323144,0.8715953307392996,0.4388646288209607,0.09977306518506926,0.055281342546890426,0.9584891955692755
oulab,4,base_rf_gini,activity_to_cutoff_valid,cutoff_valid,0.05,27535,27535,1374,27535,1374,0,0.9090247452692868,0.9090247452692868,0.9090247452692868,0.0,0.10274761434682461,0.10274761434682461,1.0
oulab,4,base_rf_gini,cutoff_valid,cutoff_valid,0.05,27535,27535,1374,27535,1374,0,0.9068413391557496,0.9068413391557496,0.9068413391557496,0.0,0.10250082263902599,0.10250082263902599,1.0
oulab,4,base_rf_gini,cutoff_valid_to_activity,cutoff_valid,0.05,27977,27535,1374,26392,881,493,0.9163027656477438,0.5574963609898108,0.8694665153234961,0.35880640465793306,0.09852101103372721,0.06301414939124712,0.9584891955692755
oulab,4,base_rf_gini,static_full,cutoff_valid,0.05,32593,27535,1374,27535,255,1119,0.970160116448326,0.15574963609898107,0.8392156862745098,0.8144104803493449,0.07746397024639702,0.017604475156301414,1.0
oulab,4,base_rf_gini,activity_conditioned,cutoff_valid,0.1,27977,27535,2753,26392,1853,900,0.8757718852161278,0.5488557936796222,0.8154344306529951,0.32691609153650564,0.18866890993035448,0.12430075682790391,0.9584891955692755
oulab,4,base_rf_gini,activity_to_cutoff_valid,cutoff_valid,0.1,27535,27535,2753,27535,2753,0,0.8619687613512532,0.8619687613512532,0.8619687613512532,0.0,0.1952122408687068,0.1952122408687068,1.0
oulab,4,base_rf_gini,cutoff_valid,cutoff_valid,0.1,27535,27535,2753,27535,2753,0,0.8652379222666182,0.8652379222666182,0.8652379222666182,0.0,0.19595261599210267,0.19595261599210267,1.0
oulab,4,base_rf_gini,cutoff_valid_to_activity,cutoff_valid,0.1,27977,27535,2753,26392,1961,792,0.8710497638939338,0.5833636033418089,0.818969913309536,0.287686160552125,0.18765161593238908,0.13211582757486015,0.9584891955692755
oulab,4,base_rf_gini,static_full,cutoff_valid,0.1,32593,27535,2753,27535,580,2173,0.9622230294224482,0.17290228841264074,0.8206896551724138,0.7893207410098075,0.1539400278940028,0.039157617637380716,1.0
oulab,4,base_rf_gini,activity_conditioned,cutoff_valid,0.2,27977,27535,5508,26392,4339,1169,0.8119099491648512,0.5996732026143791,0.7612353076745794,0.21223674655047203,0.34994913530010174,0.27171767028627836,0.9584891955692755
oulab,4,base_rf_gini,activity_to_cutoff_valid,cutoff_valid,0.2,27535,27535,5508,27535,5508,0,0.7912127814088599,0.7912127814088599,0.7912127814088599,0.0,0.35850608752879237,0.35850608752879237,1.0
oulab,4,base_rf_gini,cutoff_valid,cutoff_valid,0.2,27535,27535,5508,27535,5508,0,0.7946623093681917,0.7946623093681917,0.7946623093681917,0.0,0.3600691016781836,0.3600691016781836,1.0
oulab,4,base_rf_gini,cutoff_valid_to_activity,cutoff_valid,0.2,27977,27535,5508,26392,4411,1097,0.8104575163398693,0.6112926652142339,0.7633189752890501,0.19916485112563545,0.3493231082244307,0.2769825600526489,0.9584891955692755
oulab,4,base_rf_gini,static_full,cutoff_valid,0.2,32593,27535,5508,27535,1783,3725,0.9458968772694263,0.2696078431372549,0.8328659562535053,0.6762890341321713,0.30276615527661555,0.1221618953603159,1.0
oulab,4,stack_7_full,activity_conditioned,cutoff_valid,0.01,27977,27535,274,26392,129,145,0.9416058394160584,0.4124087591240876,0.875968992248062,0.5291970802919708,0.020189373190390485,0.009295820993747943,0.9584891955692755
oulab,4,stack_7_full,activity_to_cutoff_valid,cutoff_valid,0.01,27535,27535,274,27535,274,0,0.9343065693430657,0.9343065693430657,0.9343065693430657,0.0,0.021059559065482066,0.021059559065482066,1.0
oulab,4,stack_7_full,cutoff_valid,cutoff_valid,0.01,27535,27535,274,27535,274,0,0.9635036496350365,0.9635036496350365,0.9635036496350365,0.0,0.02171767028627838,0.02171767028627838,1.0
oulab,4,stack_7_full,cutoff_valid_to_activity,cutoff_valid,0.01,27977,27535,274,26392,155,119,0.9379562043795621,0.5036496350364964,0.8903225806451613,0.4343065693430657,0.020111119805931606,0.011352418558736426,0.9584891955692755
oulab,4,stack_7_full,static_full,cutoff_valid,0.01,32593,27535,274,27535,40,234,0.9890510948905109,0.13503649635036497,0.925,0.8540145985401459,0.015748489074848906,0.003043764396182955,1.0
oulab,4,stack_7_full,activity_conditioned,cutoff_valid,0.05,27977,27535,1374,26392,787,587,0.9286754002911208,0.5014556040756915,0.8754764930114358,0.4272197962154294,0.09985131856952813,0.05667982889108259,0.9584891955692755
oulab,4,stack_7_full,activity_to_cutoff_valid,cutoff_valid,0.05,27535,27535,1374,27535,1374,0,0.888646288209607,0.888646288209607,0.888646288209607,0.0,0.10044422507403751,0.10044422507403751,1.0
oulab,4,stack_7_full,cutoff_valid,cutoff_valid,0.05,27535,27535,1374,27535,1374,0,0.9235807860262009,0.9235807860262009,0.9235807860262009,0.0,0.1043928923988154,0.1043928923988154,1.0
oulab,4,stack_7_full,cutoff_valid_to_activity,cutoff_valid,0.05,27977,27535,1374,26392,854,520,0.9264919941775837,0.5480349344978166,0.8817330210772834,0.3784570596797671,0.0996165584161515,0.06194471865745311,0.9584891955692755
oulab,4,stack_7_full,static_full,cutoff_valid,0.05,32593,27535,1374,27535,270,1104,0.9723435225618632,0.16885007278020378,0.8592592592592593,0.8034934497816594,0.07763830776383078,0.019085225403093122,1.0
oulab,4,stack_7_full,activity_conditioned,cutoff_valid,0.1,27977,27535,2753,26392,1797,956,0.8899382491827098,0.5426807119505993,0.8313856427378965,0.34725753723211045,0.19172079192425073,0.12290227048371175,0.9584891955692755
oulab,4,stack_7_full,activity_to_cutoff_valid,cutoff_valid,0.1,27535,27535,2753,27535,2753,0,0.8554304395205231,0.8554304395205231,0.8554304395205231,0.0,0.1937314906219151,0.1937314906219151,1.0
oulab,4,stack_7_full,cutoff_valid,cutoff_valid,0.1,27535,27535,2753,27535,2753,0,0.8786778060297857,0.8786778060297857,0.8786778060297857,0.0,0.19899638038828563,0.19899638038828563,1.0
oulab,4,stack_7_full,cutoff_valid_to_activity,cutoff_valid,0.1,27977,27535,2753,26392,1881,872,0.8848528877588085,0.5681075190701054,0.8314726209463051,0.31674536868870323,0.19062524454182644,0.1286607436656795,0.9584891955692755
oulab,4,stack_7_full,static_full,cutoff_valid,0.1,32593,27535,2753,27535,603,2150,0.9683981111514711,0.1874318924809299,0.8557213930348259,0.7809662186705413,0.15492794049279404,0.04244817374136229,1.0
oulab,4,stack_7_full,activity_conditioned,cutoff_valid,0.2,27977,27535,5508,26392,4281,1227,0.8193536673928831,0.5965867828612926,0.7675776687689793,0.2227668845315904,0.35315752406291573,0.2703191839420862,0.9584891955692755
oulab,4,stack_7_full,activity_to_cutoff_valid,cutoff_valid,0.2,27535,27535,5508,27535,5508,0,0.7908496732026143,0.7908496732026143,0.7908496732026143,0.0,0.3583415597235933,0.3583415597235933,1.0
oulab,4,stack_7_full,cutoff_valid,cutoff_valid,0.2,27535,27535,5508,27535,5508,0,0.8066448801742919,0.8066448801742919,0.8066448801742919,0.0,0.3654985192497532,0.3654985192497532,1.0
oulab,4,stack_7_full,cutoff_valid_to_activity,cutoff_valid,0.2,27977,27535,5508,26392,4320,1188,0.8186274509803921,0.6029411764705882,0.76875,0.21568627450980393,0.3528445105250802,0.2731984205330701,0.9584891955692755
oulab,4,stack_7_full,static_full,cutoff_valid,0.2,32593,27535,5508,27535,1770,3738,0.9497095134350036,0.27124183006535946,0.8440677966101695,0.6786492374727668,0.3039865178986518,0.12290227048371175,1.0
oulab,4,temporal_hgb,activity_conditioned,cutoff_valid,0.01,27977,27535,274,26392,191,83,0.8905109489051095,0.5875912408759124,0.8429319371727748,0.3029197080291971,0.019093825807966196,0.013244488318525831,0.9584891955692755
oulab,4,temporal_hgb,activity_to_cutoff_valid,cutoff_valid,0.01,27535,27535,274,27535,274,0,0.8503649635036497,0.8503649635036497,0.8503649635036497,0.0,0.01916748930569266,0.01916748930569266,1.0
oulab,4,temporal_hgb,cutoff_valid,cutoff_valid,0.01,27535,27535,274,27535,274,0,0.8686131386861314,0.8686131386861314,0.8686131386861314,0.0,0.019578808818690358,0.019578808818690358,1.0
oulab,4,temporal_hgb,cutoff_valid_to_activity,cutoff_valid,0.01,27977,27535,274,26392,241,33,0.843065693430657,0.7226277372262774,0.8215767634854771,0.12043795620437957,0.01807653181000078,0.016288252714708785,0.9584891955692755
oulab,4,temporal_hgb,static_full,cutoff_valid,0.01,32593,27535,274,27535,63,211,0.948905109489051,0.18248175182481752,0.7936507936507936,0.7700729927007299,0.015109251510925152,0.004113195129976966,1.0
oulab,4,temporal_hgb,activity_conditioned,cutoff_valid,0.05,27977,27535,1374,26392,963,411,0.8777292576419214,0.5786026200873362,0.8255451713395638,0.29912663755458513,0.09437358165740668,0.06539980256663376,0.9584891955692755
oulab,4,temporal_hgb,activity_to_cutoff_valid,cutoff_valid,0.05,27535,27535,1374,27535,1374,0,0.883551673944687,0.883551673944687,0.883551673944687,0.0,0.09986837775584073,0.09986837775584073,1.0
oulab,4,temporal_hgb,cutoff_valid,cutoff_valid,0.05,27535,27535,1374,27535,1374,0,0.8704512372634643,0.8704512372634643,0.8704512372634643,0.0,0.09838762750904903,0.09838762750904903,1.0
oulab,4,temporal_hgb,cutoff_valid_to_activity,cutoff_valid,0.05,27977,27535,1374,26392,1080,294,0.8457059679767104,0.6317321688500728,0.8037037037037037,0.21397379912663755,0.09093043274121605,0.07140506745640013,0.9584891955692755
oulab,4,temporal_hgb,static_full,cutoff_valid,0.05,32593,27535,1374,27535,347,1027,0.9585152838427947,0.21251819505094613,0.8414985590778098,0.74745269286754,0.07653417015341701,0.024021059559065482,1.0
oulab,4,temporal_hgb,activity_conditioned,cutoff_valid,0.1,27977,27535,2753,26392,2049,704,0.8492553577915002,0.5935343261896113,0.7974621766715471,0.25572103160188886,0.1829564128648564,0.13441921684764727,0.9584891955692755
oulab,4,temporal_hgb,activity_to_cutoff_valid,cutoff_valid,0.1,27535,27535,2753,27535,2753,0,0.8470759171812569,0.8470759171812569,0.8470759171812569,0.0,0.1918394208621257,0.1918394208621257,1.0
oulab,4,temporal_hgb,cutoff_valid,cutoff_valid,0.1,27535,27535,2753,27535,2753,0,0.8390846349436978,0.8390846349436978,0.8390846349436978,0.0,0.19002961500493584,0.19002961500493584,1.0
oulab,4,temporal_hgb,cutoff_valid_to_activity,cutoff_valid,0.1,27977,27535,2753,26392,2221,532,0.8270977115873592,0.6338539774791137,0.7856821251688428,0.19324373410824555,0.17818295641286486,0.14355051003619612,0.9584891955692755
oulab,4,temporal_hgb,static_full,cutoff_valid,0.1,32593,27535,2753,27535,719,2034,0.9524155466763531,0.21503814021067927,0.8233657858136301,0.7388303668725027,0.15237099023709902,0.04870023033892728,1.0
oulab,4,temporal_hgb,activity_conditioned,cutoff_valid,0.2,27977,27535,5508,26392,4469,1039,0.7890341321713871,0.60039941902687,0.7399865741776683,0.18863471314451707,0.34008920885828314,0.27204672589667656,0.9584891955692755
oulab,4,temporal_hgb,activity_to_cutoff_valid,cutoff_valid,0.2,27535,27535,5508,27535,5508,0,0.7763253449527959,0.7763253449527959,0.7763253449527959,0.0,0.3517604475156301,0.3517604475156301,1.0
oulab,4,temporal_hgb,cutoff_valid,cutoff_valid,0.2,27535,27535,5508,27535,5508,0,0.7723311546840959,0.7723311546840959,0.7723311546840959,0.0,0.34995064165844025,0.34995064165844025,1.0
oulab,4,temporal_hgb,cutoff_valid_to_activity,cutoff_valid,0.2,27977,27535,5508,26392,4601,907,0.7745098039215687,0.609840232389252,0.7300586828950228,0.16466957153231662,0.3338289381015729,0.2763244488318526,0.9584891955692755
oulab,4,temporal_hgb,static_full,cutoff_valid,0.2,32593,27535,5508,27535,1951,3557,0.9397240377632534,0.2950254175744372,0.8329062019477191,0.6457879448075526,0.300790330079033,0.1336788417242514,1.0
oulab,6,base_lr_profile,activity_conditioned,cutoff_valid,0.01,28214,27022,269,26143,234,35,0.7695167286245354,0.6394052044609665,0.7350427350427351,0.13011152416356878,0.015985790408525755,0.014774093798316441,0.9674709495966249
oulab,6,base_lr_profile,activity_to_cutoff_valid,cutoff_valid,0.01,27022,27022,269,27022,269,0,0.7286245353159851,0.7286245353159851,0.7286245353159851,0.0,0.01683559525854664,0.01683559525854664,1.0
oulab,6,base_lr_profile,cutoff_valid,cutoff_valid,0.01,27022,27022,269,27022,269,0,0.9182156133828996,0.9182156133828996,0.9182156133828996,0.0,0.02121628586153582,0.02121628586153582,1.0
oulab,6,base_lr_profile,cutoff_valid_to_activity,cutoff_valid,0.01,28214,27022,269,26143,243,26,0.7732342007434945,0.6765799256505576,0.7489711934156379,0.09665427509293681,0.016063016449146653,0.015633052740079024,0.9674709495966249
oulab,6,base_lr_profile,static_full,cutoff_valid,0.01,32593,27022,269,27022,71,198,0.9702602230483272,0.2379182156133829,0.9014084507042254,0.7360594795539034,0.015167364016736401,0.005497337227280536,1.0
oulab,6,base_lr_profile,activity_conditioned,cutoff_valid,0.05,28214,27022,1352,26143,1178,174,0.6982248520710059,0.5695266272189349,0.6536502546689303,0.128698224852071,0.07290138234612711,0.06613983851571895,0.9674709495966249
oulab,6,base_lr_profile,activity_to_cutoff_valid,cutoff_valid,0.05,27022,27022,1352,27022,1352,0,0.6642011834319527,0.6642011834319527,0.6642011834319527,0.0,0.07713451297028003,0.07713451297028003,1.0
oulab,6,base_lr_profile,cutoff_valid,cutoff_valid,0.05,27022,27022,1352,27022,1352,0,0.8039940828402367,0.8039940828402367,0.8039940828402367,0.0,0.09336883696959285,0.09336883696959285,1.0
oulab,6,base_lr_profile,cutoff_valid_to_activity,cutoff_valid,0.05,28214,27022,1352,26143,1212,140,0.6960059171597633,0.5924556213017751,0.6608910891089109,0.10355029585798817,0.07266970422426443,0.06880261123518296,0.9674709495966249
oulab,6,base_lr_profile,static_full,cutoff_valid,0.05,32593,27022,1352,27022,326,1026,0.9674556213017751,0.21079881656804733,0.8742331288343558,0.7588757396449705,0.07601115760111576,0.024480329840233638,1.0
oulab,6,base_lr_profile,activity_conditioned,cutoff_valid,0.1,28214,27022,2702,26143,2378,324,0.6658031088082902,0.5458919319022946,0.62026913372582,0.11991117690599556,0.13892964707699437,0.1266964439099811,0.9674709495966249
oulab,6,base_lr_profile,activity_to_cutoff_valid,cutoff_valid,0.1,27022,27022,2702,27022,2702,0,0.6365655070318282,0.6365655070318282,0.6365655070318282,0.0,0.1477409379831644,0.1477409379831644,1.0
oulab,6,base_lr_profile,cutoff_valid,cutoff_valid,0.1,27022,27022,2702,27022,2702,0,0.7242783123612139,0.7242783123612139,0.7242783123612139,0.0,0.16809826490293764,0.16809826490293764,1.0
oulab,6,base_lr_profile,cutoff_valid_to_activity,cutoff_valid,0.1,28214,27022,2702,26143,2432,270,0.65840118430792,0.5584752035529238,0.6204769736842105,0.0999259807549963,0.1373851262645764,0.1296169043119739,0.9674709495966249
oulab,6,base_lr_profile,static_full,cutoff_valid,0.1,32593,27022,2702,27022,641,2061,0.9578090303478904,0.19615099925980756,0.8268330733229329,0.7627683197631384,0.1503951650395165,0.04552482391341694,1.0
oulab,6,base_lr_profile,activity_conditioned,cutoff_valid,0.2,28214,27022,5403,26143,4795,608,0.6235424764019989,0.5110124005182306,0.575808133472367,0.11253007588376827,0.26017453085180325,0.23715856382064937,0.9674709495966249
oulab,6,base_lr_profile,activity_to_cutoff_valid,cutoff_valid,0.2,27022,27022,5403,27022,5403,0,0.5965204516009625,0.5965204516009625,0.5965204516009625,0.0,0.27684246693008074,0.27684246693008074,1.0
oulab,6,base_lr_profile,cutoff_valid,cutoff_valid,0.2,27022,27022,5403,27022,5403,0,0.6350175828243568,0.6350175828243568,0.6350175828243568,0.0,0.29470881291874246,0.29470881291874246,1.0
oulab,6,base_lr_profile,cutoff_valid_to_activity,cutoff_valid,0.2,28214,27022,5403,26143,4848,555,0.6220618175087914,0.5193411067925227,0.5787953795379538,0.10272071071626875,0.25955672252683604,0.241023879058581,0.9674709495966249
oulab,6,base_lr_profile,static_full,cutoff_valid,0.2,32593,27022,5403,27022,1981,3422,0.9011660188784009,0.2687395891171571,0.7329631499242807,0.6333518415694984,0.28294979079497906,0.12472083834392717,1.0
oulab,6,base_rf_gini,activity_conditioned,cutoff_valid,0.01,28214,27022,269,26143,112,157,0.9516728624535316,0.3680297397769517,0.8839285714285714,0.5836431226765799,0.019769866398949724,0.008503693523449578,0.9674709495966249
oulab,6,base_rf_gini,activity_to_cutoff_valid,cutoff_valid,0.01,27022,27022,269,27022,269,0,0.9479553903345725,0.9479553903345725,0.9479553903345725,0.0,0.021903453014945885,0.021903453014945885,1.0
oulab,6,base_rf_gini,cutoff_valid,cutoff_valid,0.01,27022,27022,269,27022,269,0,0.9553903345724907,0.9553903345724907,0.9553903345724907,0.0,0.0220752448032984,0.0220752448032984,1.0
oulab,6,base_rf_gini,cutoff_valid_to_activity,cutoff_valid,0.01,28214,27022,269,26143,133,136,0.9591078066914498,0.45353159851301117,0.9172932330827067,0.5055762081784386,0.019924318480191522,0.010479299089503522,0.9674709495966249
oulab,6,base_rf_gini,static_full,cutoff_valid,0.01,32593,27022,269,27022,32,237,0.9925650557620818,0.11152416356877323,0.9375,0.8810408921933085,0.015516039051603906,0.0025768768252877514,1.0
oulab,6,base_rf_gini,activity_conditioned,cutoff_valid,0.05,28214,27022,1352,26143,608,744,0.9430473372781065,0.3927514792899408,0.8733552631578947,0.5502958579881657,0.09846320179164414,0.045610719807593195,0.9674709495966249
oulab,6,base_rf_gini,activity_to_cutoff_valid,cutoff_valid,0.05,27022,27022,1352,27022,1352,0,0.9186390532544378,0.9186390532544378,0.9186390532544378,0.0,0.1066827005669129,0.1066827005669129,1.0
oulab,6,base_rf_gini,cutoff_valid,cutoff_valid,0.05,27022,27022,1352,27022,1352,0,0.9142011834319527,0.9142011834319527,0.9142011834319527,0.0,0.10616732520185534,0.10616732520185534,1.0
oulab,6,base_rf_gini,cutoff_valid_to_activity,cutoff_valid,0.05,28214,27022,1352,26143,678,674,0.9371301775147929,0.4386094674556213,0.8746312684365781,0.4985207100591716,0.09784539346667696,0.050936265246521215,0.9674709495966249
oulab,6,base_rf_gini,static_full,cutoff_valid,0.05,32593,27022,1352,27022,236,1116,0.9711538461538461,0.14571005917159763,0.8347457627118644,0.8254437869822485,0.07630172013017202,0.0169214911527229,1.0
oulab,6,base_rf_gini,activity_conditioned,cutoff_valid,0.1,28214,27022,2702,26143,1498,1204,0.9115470022205774,0.46595114729829756,0.8404539385847797,0.44559585492227977,0.19020773804927021,0.10814293076790929,0.9674709495966249
oulab,6,base_rf_gini,activity_to_cutoff_valid,cutoff_valid,0.1,27022,27022,2702,27022,2702,0,0.8800888230940045,0.8800888230940045,0.8800888230940045,0.0,0.2042604363511424,0.2042604363511424,1.0
oulab,6,base_rf_gini,cutoff_valid,cutoff_valid,0.1,27022,27022,2702,27022,2702,0,0.88119911176906,0.88119911176906,0.88119911176906,0.0,0.2045181240336712,0.2045181240336712,1.0
oulab,6,base_rf_gini,cutoff_valid_to_activity,cutoff_valid,0.1,28214,27022,2702,26143,1565,1137,0.9059955588452998,0.48519615099925983,0.8376996805111822,0.42079940784604,0.18904934743995674,0.11260951726507473,0.9674709495966249
oulab,6,base_rf_gini,static_full,cutoff_valid,0.1,32593,27022,2702,27022,520,2182,0.9678016284233901,0.16025166543301259,0.8326923076923077,0.8075499629903775,0.15196420269642028,0.037192922178319876,1.0
oulab,6,base_rf_gini,activity_conditioned,cutoff_valid,0.2,28214,27022,5403,26143,3797,1606,0.8487877105311864,0.5515454377197853,0.7848301290492494,0.2972422728114011,0.35415862228743533,0.25596976464524995,0.9674709495966249
oulab,6,base_rf_gini,activity_to_cutoff_valid,cutoff_valid,0.2,27022,27022,5403,27022,5403,0,0.8058486026281695,0.8058486026281695,0.8058486026281695,0.0,0.37399072324342897,0.37399072324342897,1.0
oulab,6,base_rf_gini,cutoff_valid,cutoff_valid,0.2,27022,27022,5403,27022,5403,0,0.8106607440310938,0.8106607440310938,0.8106607440310938,0.0,0.3762240164920117,0.3762240164920117,1.0
oulab,6,base_rf_gini,cutoff_valid_to_activity,cutoff_valid,0.2,28214,27022,5403,26143,3829,1574,0.8480473810845827,0.5567277438460114,0.785583703316793,0.2913196372385712,0.35384971812495175,0.2583748496821852,0.9674709495966249
oulab,6,base_rf_gini,static_full,cutoff_valid,0.2,32593,27022,5403,27022,1513,3890,0.9542846566722192,0.23431426985008327,0.836748182419035,0.7199703868221359,0.299628079962808,0.1087442020271431,1.0
oulab,6,stack_7_full,activity_conditioned,cutoff_valid,0.01,28214,27022,269,26143,111,158,0.9591078066914498,0.37174721189591076,0.9009009009009009,0.587360594795539,0.019924318480191522,0.008589589417625838,0.9674709495966249
oulab,6,stack_7_full,activity_to_cutoff_valid,cutoff_valid,0.01,27022,27022,269,27022,269,0,0.9479553903345725,0.9479553903345725,0.9479553903345725,0.0,0.021903453014945885,0.021903453014945885,1.0
oulab,6,stack_7_full,cutoff_valid,cutoff_valid,0.01,27022,27022,269,27022,269,0,0.9776951672862454,0.9776951672862454,0.9776951672862454,0.0,0.022590620168355953,0.022590620168355953,1.0
oulab,6,stack_7_full,cutoff_valid_to_activity,cutoff_valid,0.01,28214,27022,269,26143,127,142,0.9591078066914498,0.4312267657992565,0.9133858267716536,0.5278810408921933,0.019924318480191522,0.009963923724445971,0.9674709495966249
oulab,6,stack_7_full,static_full,cutoff_valid,0.01,32593,27022,269,27022,44,225,0.9888475836431226,0.1524163568773234,0.9318181818181818,0.8364312267657993,0.015457926545792654,0.003521731661226593,1.0
oulab,6,stack_7_full,activity_conditioned,cutoff_valid,0.05,28214,27022,1352,26143,661,691,0.9497041420118343,0.4386094674556213,0.897125567322239,0.511094674556213,0.09915823615723222,0.050936265246521215,0.9674709495966249
oulab,6,stack_7_full,activity_to_cutoff_valid,cutoff_valid,0.05,27022,27022,1352,27022,1352,0,0.9127218934911243,0.9127218934911243,0.9127218934911243,0.0,0.10599553341350283,0.10599553341350283,1.0
oulab,6,stack_7_full,cutoff_valid,cutoff_valid,0.05,27022,27022,1352,27022,1352,0,0.9393491124260355,0.9393491124260355,0.9393491124260355,0.0,0.10908778560384813,0.10908778560384813,1.0
oulab,6,stack_7_full,cutoff_valid_to_activity,cutoff_valid,0.05,28214,27022,1352,26143,694,658,0.9504437869822485,0.46375739644970415,0.9034582132564841,0.48668639053254437,0.09923546219785312,0.053856725648514,0.9674709495966249
oulab,6,stack_7_full,static_full,cutoff_valid,0.05,32593,27022,1352,27022,249,1103,0.9807692307692307,0.16494082840236687,0.8955823293172691,0.8158284023668639,0.07705718270571828,0.01915478440130562,1.0
oulab,6,stack_7_full,activity_conditioned,cutoff_valid,0.1,28214,27022,2702,26143,1485,1217,0.9263508512213176,0.4759437453737972,0.865993265993266,0.45040710584752036,0.1932967796741061,0.11046211991066827,0.9674709495966249
oulab,6,stack_7_full,activity_to_cutoff_valid,cutoff_valid,0.1,27022,27022,2702,27022,2702,0,0.8760177646188009,0.8760177646188009,0.8760177646188009,0.0,0.20331558151520357,0.20331558151520357,1.0
oulab,6,stack_7_full,cutoff_valid,cutoff_valid,0.1,27022,27022,2702,27022,2702,0,0.9034048852701703,0.9034048852701703,0.9034048852701703,0.0,0.2096718776842467,0.2096718776842467,1.0
oulab,6,stack_7_full,cutoff_valid_to_activity,cutoff_valid,0.1,28214,27022,2702,26143,1556,1146,0.921539600296077,0.49740932642487046,0.8637532133676092,0.4241302738712065,0.19229284114603445,0.11544408177289125,0.9674709495966249
oulab,6,stack_7_full,static_full,cutoff_valid,0.1,32593,27022,2702,27022,580,2122,0.9733530717986677,0.18800888230940044,0.8758620689655172,0.7853441894892672,0.15283589028358902,0.043635114241539256,1.0
oulab,6,stack_7_full,activity_conditioned,cutoff_valid,0.2,28214,27022,5403,26143,3750,1653,0.8615583934851009,0.5556172496761058,0.8005333333333333,0.305941143808995,0.35948721909027725,0.25785947431712763,0.9674709495966249
oulab,6,stack_7_full,activity_to_cutoff_valid,cutoff_valid,0.2,27022,27022,5403,27022,5403,0,0.8084397556912826,0.8084397556912826,0.8084397556912826,0.0,0.3751932657618966,0.3751932657618966,1.0
oulab,6,stack_7_full,cutoff_valid,cutoff_valid,0.2,27022,27022,5403,27022,5403,0,0.8232463446233574,0.8232463446233574,0.8232463446233574,0.0,0.3820649372959973,0.3820649372959973,1.0
oulab,6,stack_7_full,cutoff_valid_to_activity,cutoff_valid,0.2,28214,27022,5403,26143,3809,1594,0.8573014991671294,0.5622802146955395,0.7975846678918351,0.2950212844715899,0.3577110201559966,0.26095172650747295,0.9674709495966249
oulab,6,stack_7_full,static_full,cutoff_valid,0.2,32593,27022,5403,27022,1525,3878,0.9574310568202851,0.23986674069961134,0.8498360655737704,0.7177493984823247,0.30061599256159927,0.11132107885243085,1.0
oulab,6,temporal_hgb,activity_conditioned,cutoff_valid,0.01,28214,27022,269,26143,129,140,0.9405204460966543,0.4200743494423792,0.875968992248062,0.5204460966542751,0.019538188277087035,0.009706236041917197,0.9674709495966249
oulab,6,temporal_hgb,activity_to_cutoff_valid,cutoff_valid,0.01,27022,27022,269,27022,269,0,0.9107806691449815,0.9107806691449815,0.9107806691449815,0.0,0.021044494073183304,0.021044494073183304,1.0
oulab,6,temporal_hgb,cutoff_valid,cutoff_valid,0.01,27022,27022,269,27022,269,0,0.8884758364312267,0.8884758364312267,0.8884758364312267,0.0,0.02052911870812575,0.02052911870812575,1.0
oulab,6,temporal_hgb,cutoff_valid_to_activity,cutoff_valid,0.01,28214,27022,269,26143,214,55,0.8587360594795539,0.654275092936803,0.822429906542056,0.20446096654275092,0.017839215383427292,0.015117677375021473,0.9674709495966249
oulab,6,temporal_hgb,static_full,cutoff_valid,0.01,32593,27022,269,27022,59,210,0.9553903345724907,0.17843866171003717,0.8135593220338984,0.7806691449814126,0.0149349139934914,0.004123002920460402,1.0
oulab,6,temporal_hgb,activity_conditioned,cutoff_valid,0.05,28214,27022,1352,26143,765,587,0.9142011834319527,0.48002958579881655,0.8483660130718954,0.4341715976331361,0.09545138620742914,0.05574643532039168,0.9674709495966249
oulab,6,temporal_hgb,activity_to_cutoff_valid,cutoff_valid,0.05,27022,27022,1352,27022,1352,0,0.9016272189349113,0.9016272189349113,0.9016272189349113,0.0,0.10470709500085897,0.10470709500085897,1.0
oulab,6,temporal_hgb,cutoff_valid,cutoff_valid,0.05,27022,27022,1352,27022,1352,0,0.8905325443786982,0.8905325443786982,0.8905325443786982,0.0,0.10341865658821509,0.10341865658821509,1.0
oulab,6,temporal_hgb,cutoff_valid_to_activity,cutoff_valid,0.05,28214,27022,1352,26143,973,379,0.8838757396449705,0.6035502958579881,0.8386433710174718,0.28032544378698226,0.09228511854197236,0.07009104964782684,0.9674709495966249
oulab,6,temporal_hgb,static_full,cutoff_valid,0.05,32593,27022,1352,27022,281,1071,0.9644970414201184,0.17455621301775148,0.8398576512455516,0.7921597633136095,0.07577870757787075,0.020271431025596975,1.0
oulab,6,temporal_hgb,activity_conditioned,cutoff_valid,0.1,28214,27022,2702,26143,1710,992,0.8926720947446336,0.5255366395262768,0.8304093567251462,0.3671354552183568,0.18626920997760446,0.12197216973028689,0.9674709495966249
oulab,6,temporal_hgb,activity_to_cutoff_valid,cutoff_valid,0.1,27022,27022,2702,27022,2702,0,0.8682457438934122,0.8682457438934122,0.8682457438934122,0.0,0.20151176773750215,0.20151176773750215,1.0
oulab,6,temporal_hgb,cutoff_valid,cutoff_valid,0.1,27022,27022,2702,27022,2702,0,0.8638045891931903,0.8638045891931903,0.8638045891931903,0.0,0.20048101700738705,0.20048101700738705,1.0
oulab,6,temporal_hgb,cutoff_valid_to_activity,cutoff_valid,0.1,28214,27022,2702,26143,1941,761,0.8712065136935603,0.5895632864544782,0.8207109737248841,0.28164322723908214,0.1817900996215924,0.1368321594227796,0.9674709495966249
oulab,6,temporal_hgb,static_full,cutoff_valid,0.1,32593,27022,2702,27022,592,2110,0.962620281273131,0.1835677276091784,0.8378378378378378,0.7809030347890451,0.15115062761506276,0.04260436351142415,1.0
oulab,6,temporal_hgb,activity_conditioned,cutoff_valid,0.2,28214,27022,5403,26143,3918,1485,0.8378678511937813,0.5630205441421433,0.776416539050536,0.27484730705163796,0.3496022858908024,0.261295310084178,0.9674709495966249
oulab,6,temporal_hgb,activity_to_cutoff_valid,cutoff_valid,0.2,27022,27022,5403,27022,5403,0,0.8017767906718489,0.8017767906718489,0.8017767906718489,0.0,0.3721010135715513,0.3721010135715513,1.0
oulab,6,temporal_hgb,cutoff_valid,cutoff_valid,0.2,27022,27022,5403,27022,5403,0,0.7967795669072737,0.7967795669072737,0.7967795669072737,0.0,0.3697818244287923,0.3697818244287923,1.0
oulab,6,temporal_hgb,cutoff_valid_to_activity,cutoff_valid,0.2,28214,27022,5403,26143,4111,1292,0.8278734036646308,0.5887469924116232,0.7737776696667478,0.2391264112530076,0.3454320796972739,0.2732348393746779,0.9674709495966249
oulab,6,temporal_hgb,static_full,cutoff_valid,0.2,32593,27022,5403,27022,1641,3762,0.9496575976309458,0.2543031649083842,0.8372943327239488,0.6962798445308163,0.29817526731752675,0.118020958598179,1.0
oulab,8,base_lr_profile,activity_conditioned,cutoff_valid,0.01,28330,26523,267,25768,221,46,0.7602996254681648,0.5880149812734082,0.7104072398190046,0.17228464419475656,0.01559618930547019,0.014092092271788887,0.971534140180221
oulab,8,base_lr_profile,activity_to_cutoff_valid,cutoff_valid,0.01,26523,26523,267,26523,267,0,0.7191011235955056,0.7191011235955056,0.7191011235955056,0.0,0.01723364150435329,0.01723364150435329,1.0
oulab,8,base_lr_profile,cutoff_valid,cutoff_valid,0.01,26523,26523,267,26523,267,0,0.9213483146067416,0.9213483146067416,0.9213483146067416,0.0,0.022080603177452654,0.022080603177452654,1.0
oulab,8,base_lr_profile,cutoff_valid_to_activity,cutoff_valid,0.01,28330,26523,267,25768,235,32,0.7677902621722846,0.6479400749063671,0.7361702127659574,0.1198501872659176,0.015749846342962507,0.015528229063818328,0.971534140180221
oulab,8,base_lr_profile,static_full,cutoff_valid,0.01,32593,26523,267,26523,63,204,0.9850187265917603,0.22846441947565543,0.9682539682539683,0.7640449438202247,0.015283589028358902,0.005475271519612243,1.0
oulab,8,base_lr_profile,activity_conditioned,cutoff_valid,0.05,28330,26523,1327,25768,1114,213,0.6993217784476262,0.5388093443858327,0.6418312387791741,0.16051243406179352,0.07129686539643516,0.06417736289381563,0.971534140180221
oulab,8,base_lr_profile,activity_to_cutoff_valid,cutoff_valid,0.05,26523,26523,1327,26523,1327,0,0.6571213262999246,0.6571213262999246,0.6571213262999246,0.0,0.07826945516560452,0.07826945516560452,1.0
oulab,8,base_lr_profile,cutoff_valid,cutoff_valid,0.05,26523,26523,1327,26523,1327,0,0.8003014318010551,0.8003014318010551,0.8003014318010551,0.0,0.09532357957095414,0.09532357957095414,1.0
oulab,8,base_lr_profile,cutoff_valid_to_activity,cutoff_valid,0.05,28330,26523,1327,25768,1158,169,0.694800301431801,0.5674453654860587,0.6502590673575129,0.12735493594574226,0.0708358942839582,0.06758818777488555,0.971534140180221
oulab,8,base_lr_profile,static_full,cutoff_valid,0.05,32593,26523,1327,26523,305,1022,0.9721175584024114,0.20346646571213264,0.8852459016393442,0.7701582516955539,0.07496513249651325,0.024234808365496813,1.0
oulab,8,base_lr_profile,activity_conditioned,cutoff_valid,0.1,28330,26523,2652,25768,2260,392,0.6693061840120663,0.5214932126696833,0.6119469026548673,0.1478129713423831,0.13637062077443146,0.12413607396104478,0.971534140180221
oulab,8,base_lr_profile,activity_to_cutoff_valid,cutoff_valid,0.1,26523,26523,2652,26523,2652,0,0.6233031674208145,0.6233031674208145,0.6233031674208145,0.0,0.1483708823265416,0.1483708823265416,1.0
oulab,8,base_lr_profile,cutoff_valid,cutoff_valid,0.1,26523,26523,2652,26523,2652,0,0.7134238310708899,0.7134238310708899,0.7134238310708899,0.0,0.16982317565748137,0.16982317565748137,1.0
oulab,8,base_lr_profile,cutoff_valid_to_activity,cutoff_valid,0.1,28330,26523,2652,25768,2327,325,0.6606334841628959,0.5380844645550528,0.6132359260850881,0.12254901960784313,0.13460356484326982,0.12808545013912576,0.971534140180221
oulab,8,base_lr_profile,static_full,cutoff_valid,0.1,32593,26523,2652,26523,584,2068,0.9668174962292609,0.18815987933634992,0.8544520547945206,0.779788838612368,0.14900046490004648,0.04478951620141818,1.0
oulab,8,base_lr_profile,activity_conditioned,cutoff_valid,0.2,28330,26523,5303,25768,4581,722,0.6241749952856873,0.48802564586083347,0.5649421523684784,0.13614934942485385,0.25430239704978486,0.23229512611076206,0.971534140180221
oulab,8,base_lr_profile,activity_to_cutoff_valid,cutoff_valid,0.2,26523,26523,5303,26523,5303,0,0.5843861964925514,0.5843861964925514,0.5843861964925514,0.0,0.2781617449062023,0.2781617449062023,1.0
oulab,8,base_lr_profile,cutoff_valid,cutoff_valid,0.2,26523,26523,5303,26523,5303,0,0.6271921553837451,0.6271921553837451,0.6271921553837451,0.0,0.29853693564312,0.29853693564312,1.0
oulab,8,base_lr_profile,cutoff_valid_to_activity,cutoff_valid,0.2,28330,26523,5303,25768,4648,655,0.6237978502734302,0.5002828587591929,0.5707831325301205,0.12351499151423723,0.25414874001229254,0.23812943182838164,0.971534140180221
oulab,8,base_lr_profile,static_full,cutoff_valid,0.2,32593,26523,5303,26523,1863,3440,0.9040165943805393,0.25589289081651895,0.7283950617283951,0.6486894210824062,0.2785913528591353,0.12180235167399694,1.0
oulab,8,base_rf_gini,activity_conditioned,cutoff_valid,0.01,28330,26523,267,25768,109,158,0.9700374531835206,0.3782771535580524,0.926605504587156,0.5917602996254682,0.01989858635525507,0.009065613499685845,0.971534140180221
oulab,8,base_rf_gini,activity_to_cutoff_valid,cutoff_valid,0.01,26523,26523,267,26523,267,0,0.9625468164794008,0.9625468164794008,0.9625468164794008,0.0,0.023067947221972893,0.023067947221972893,1.0
oulab,8,base_rf_gini,cutoff_valid,cutoff_valid,0.01,26523,26523,267,26523,267,0,0.9700374531835206,0.9700374531835206,0.9700374531835206,0.0,0.023247464320976574,0.023247464320976574,1.0
oulab,8,base_rf_gini,cutoff_valid_to_activity,cutoff_valid,0.01,28330,26523,267,25768,141,126,0.9588014981273408,0.4868913857677903,0.9219858156028369,0.47191011235955055,0.019668100799016593,0.011668611435239206,0.971534140180221
oulab,8,base_rf_gini,static_full,cutoff_valid,0.01,32593,26523,267,26523,28,239,0.9962546816479401,0.10112359550561797,0.9642857142857143,0.8951310861423221,0.015457926545792654,0.0024234808365496815,1.0
oulab,8,base_rf_gini,activity_conditioned,cutoff_valid,0.05,28330,26523,1327,25768,557,770,0.9608138658628486,0.38055764883195176,0.9066427289048474,0.5802562170308968,0.09795636140135218,0.04532806749842923,0.971534140180221
oulab,8,base_rf_gini,activity_to_cutoff_valid,cutoff_valid,0.05,26523,26523,1327,26523,1327,0,0.9517709118311982,0.9517709118311982,0.9517709118311982,0.0,0.11336504802082398,0.11336504802082398,1.0
oulab,8,base_rf_gini,cutoff_valid,cutoff_valid,0.05,26523,26523,1327,26523,1327,0,0.9502637528259231,0.9502637528259231,0.9502637528259231,0.0,0.11318553092182031,0.11318553092182031,1.0
oulab,8,base_rf_gini,cutoff_valid_to_activity,cutoff_valid,0.05,28330,26523,1327,25768,611,716,0.9577995478522984,0.41823662396382816,0.9083469721767594,0.5395629238884703,0.09764904732636755,0.04981599497352123,0.971534140180221
oulab,8,base_rf_gini,static_full,cutoff_valid,0.05,32593,26523,1327,26523,216,1111,0.9743782969103241,0.13715146948003015,0.8425925925925926,0.8372268274302939,0.075139470013947,0.01633605600933489,1.0
oulab,8,base_rf_gini,activity_conditioned,cutoff_valid,0.1,28330,26523,2652,25768,1276,1376,0.9475867269984917,0.4287330316742081,0.8910658307210031,0.5188536953242836,0.1930700676090965,0.10205547078359213,0.971534140180221
oulab,8,base_rf_gini,activity_to_cutoff_valid,cutoff_valid,0.1,26523,26523,2652,26523,2652,0,0.9159125188536953,0.9159125188536953,0.9159125188536953,0.0,0.21802351673996948,0.21802351673996948,1.0
oulab,8,base_rf_gini,cutoff_valid,cutoff_valid,0.1,26523,26523,2652,26523,2652,0,0.9226998491704375,0.9226998491704375,0.9226998491704375,0.0,0.2196391706310026,0.2196391706310026,1.0
oulab,8,base_rf_gini,cutoff_valid_to_activity,cutoff_valid,0.1,28330,26523,2652,25768,1317,1335,0.9457013574660633,0.4423076923076923,0.8906605922551253,0.503393665158371,0.19268592501536572,0.10528677856565838,0.971534140180221
oulab,8,base_rf_gini,static_full,cutoff_valid,0.1,32593,26523,2652,26523,490,2162,0.97473604826546,0.1595022624434389,0.863265306122449,0.8152337858220211,0.15022082752208274,0.03796786643927834,1.0
oulab,8,base_rf_gini,activity_conditioned,cutoff_valid,0.2,28330,26523,5303,25768,3231,2072,0.9077880445031115,0.5170658118046388,0.8486536675951718,0.39072223269847256,0.3698524892440074,0.24611794273404541,0.971534140180221
oulab,8,base_rf_gini,activity_to_cutoff_valid,cutoff_valid,0.2,26523,26523,5303,26523,5303,0,0.8493305676032434,0.8493305676032434,0.8493305676032434,0.0,0.4042725069562876,0.4042725069562876,1.0
oulab,8,base_rf_gini,cutoff_valid,cutoff_valid,0.2,26523,26523,5303,26523,5303,0,0.8544220252687158,0.8544220252687158,0.8544220252687158,0.0,0.4066959877928373,0.4066959877928373,1.0
oulab,8,base_rf_gini,cutoff_valid_to_activity,cutoff_valid,0.2,28330,26523,5303,25768,3271,2032,0.9062794644540826,0.5231001320007543,0.8480586976459799,0.3831793324533283,0.3692378610940381,0.2489902163181043,0.971534140180221
oulab,8,base_rf_gini,static_full,cutoff_valid,0.2,32593,26523,5303,26523,1401,3902,0.9664340939091081,0.23062417499528567,0.8729478943611706,0.7358099189138224,0.29782659228265923,0.10977470604075037,1.0
oulab,8,stack_7_full,activity_conditioned,cutoff_valid,0.01,28330,26523,267,25768,113,154,0.9737827715355806,0.3970037453183521,0.9380530973451328,0.5767790262172284,0.01997541487400123,0.009514406247195045,0.971534140180221
oulab,8,stack_7_full,activity_to_cutoff_valid,cutoff_valid,0.01,26523,26523,267,26523,267,0,0.9625468164794008,0.9625468164794008,0.9625468164794008,0.0,0.023067947221972893,0.023067947221972893,1.0
oulab,8,stack_7_full,cutoff_valid,cutoff_valid,0.01,26523,26523,267,26523,267,0,0.9625468164794008,0.9625468164794008,0.9625468164794008,0.0,0.023067947221972893,0.023067947221972893,1.0
oulab,8,stack_7_full,cutoff_valid_to_activity,cutoff_valid,0.01,28330,26523,267,25768,119,148,0.9737827715355806,0.41947565543071164,0.9411764705882353,0.5543071161048689,0.01997541487400123,0.010052957544206086,0.971534140180221
oulab,8,stack_7_full,static_full,cutoff_valid,0.01,32593,26523,267,26523,36,231,0.9925093632958801,0.12734082397003746,0.9444444444444444,0.8651685393258427,0.015399814039981405,0.0030517906830625618,1.0
oulab,8,stack_7_full,activity_conditioned,cutoff_valid,0.05,28330,26523,1327,25768,561,766,0.9683496608892238,0.3911077618688772,0.9251336898395722,0.5772418990203466,0.09872464658881376,0.04658468719145498,0.971534140180221
oulab,8,stack_7_full,activity_to_cutoff_valid,cutoff_valid,0.05,26523,26523,1327,26523,1327,0,0.9480030143180106,0.9480030143180106,0.9480030143180106,0.0,0.11291625527331478,0.11291625527331478,1.0
oulab,8,stack_7_full,cutoff_valid,cutoff_valid,0.05,26523,26523,1327,26523,1327,0,0.9615674453654861,0.9615674453654861,0.9615674453654861,0.0,0.1145319091643479,0.1145319091643479,1.0
oulab,8,stack_7_full,cutoff_valid_to_activity,cutoff_valid,0.05,28330,26523,1327,25768,615,712,0.9608138658628486,0.4242652599849284,0.9154471544715447,0.5365486058779201,0.09795636140135218,0.05053406336953595,0.971534140180221
oulab,8,stack_7_full,static_full,cutoff_valid,0.05,32593,26523,1327,26523,222,1105,0.9864355689525245,0.15373021853805577,0.918918918918919,0.8327053504144687,0.07606927010692702,0.01831074409837537,1.0
oulab,8,stack_7_full,activity_conditioned,cutoff_valid,0.1,28330,26523,2652,25768,1266,1386,0.9547511312217195,0.4321266968325792,0.9052132701421801,0.5226244343891403,0.1945298094652735,0.1028632977291087,0.971534140180221
oulab,8,stack_7_full,activity_to_cutoff_valid,cutoff_valid,0.1,26523,26523,2652,26523,2652,0,0.9204374057315233,0.9204374057315233,0.9204374057315233,0.0,0.21910061933399155,0.21910061933399155,1.0
oulab,8,stack_7_full,cutoff_valid,cutoff_valid,0.1,26523,26523,2652,26523,2652,0,0.9377828054298643,0.9377828054298643,0.9377828054298643,0.0,0.2232295126110762,0.2232295126110762,1.0
oulab,8,stack_7_full,cutoff_valid_to_activity,cutoff_valid,0.1,28330,26523,2652,25768,1335,1317,0.951734539969834,0.4551282051282051,0.9041198501872659,0.49660633484162897,0.19391518131530425,0.10833856924872094,0.971534140180221
oulab,8,stack_7_full,static_full,cutoff_valid,0.1,32593,26523,2652,26523,527,2125,0.9803921568627451,0.17911010558069382,0.9013282732447818,0.8012820512820513,0.1510925151092515,0.042635311013374026,1.0
oulab,8,stack_7_full,activity_conditioned,cutoff_valid,0.2,28330,26523,5303,25768,3188,2115,0.9207995474259852,0.5219686969639826,0.8682559598494354,0.3988308504620026,0.3751536570374923,0.24845166502109325,0.971534140180221
oulab,8,stack_7_full,activity_to_cutoff_valid,cutoff_valid,0.2,26523,26523,5303,26523,5303,0,0.8585706204035451,0.8585706204035451,0.8585706204035451,0.0,0.4086706758818778,0.4086706758818778,1.0
oulab,8,stack_7_full,cutoff_valid,cutoff_valid,0.2,26523,26523,5303,26523,5303,0,0.8651706581180464,0.8651706581180464,0.8651706581180464,0.0,0.41181222511444215,0.41181222511444215,1.0
oulab,8,stack_7_full,cutoff_valid_to_activity,cutoff_valid,0.2,28330,26523,5303,25768,3263,2040,0.9179709598340562,0.5332830473316991,0.866687097762795,0.3846879125023572,0.3740012292562999,0.25383717799120364,0.971534140180221
oulab,8,stack_7_full,static_full,cutoff_valid,0.2,32593,26523,5303,26523,1420,3883,0.9690741089949085,0.2368470676975297,0.8845070422535212,0.7322270412973788,0.2986401673640167,0.1127367381743111,1.0
oulab,8,temporal_hgb,activity_conditioned,cutoff_valid,0.01,28330,26523,267,25768,119,148,0.9588014981273408,0.4044943820224719,0.907563025210084,0.5543071161048689,0.019668100799016593,0.009693923346198726,0.971534140180221
oulab,8,temporal_hgb,activity_to_cutoff_valid,cutoff_valid,0.01,26523,26523,267,26523,267,0,0.9213483146067416,0.9213483146067416,0.9213483146067416,0.0,0.022080603177452654,0.022080603177452654,1.0
oulab,8,temporal_hgb,cutoff_valid,cutoff_valid,0.01,26523,26523,267,26523,267,0,0.9250936329588015,0.9250936329588015,0.9250936329588015,0.0,0.022170361726954493,0.022170361726954493,1.0
oulab,8,temporal_hgb,cutoff_valid_to_activity,cutoff_valid,0.01,28330,26523,267,25768,146,121,0.9325842696629213,0.4794007490636704,0.8767123287671232,0.45318352059925093,0.019130301167793486,0.011489094336235526,0.971534140180221
oulab,8,temporal_hgb,static_full,cutoff_valid,0.01,32593,26523,267,26523,57,210,0.9775280898876404,0.1947565543071161,0.9122807017543859,0.7865168539325843,0.015167364016736401,0.004667444574095682,1.0
oulab,8,temporal_hgb,activity_conditioned,cutoff_valid,0.05,28330,26523,1327,25768,634,693,0.9540316503391107,0.43180105501130367,0.9037854889589906,0.5222305953278071,0.09726490473263676,0.05143164886455435,0.971534140180221
oulab,8,temporal_hgb,activity_to_cutoff_valid,cutoff_valid,0.05,26523,26523,1327,26523,1327,0,0.9299171062547099,0.9299171062547099,0.9299171062547099,0.0,0.11076205008527062,0.11076205008527062,1.0
oulab,8,temporal_hgb,cutoff_valid,cutoff_valid,0.05,26523,26523,1327,26523,1327,0,0.9382064807837227,0.9382064807837227,0.9382064807837227,0.0,0.11174939412979086,0.11174939412979086,1.0
oulab,8,temporal_hgb,cutoff_valid_to_activity,cutoff_valid,0.05,28330,26523,1327,25768,779,548,0.9366993217784476,0.5237377543330821,0.8921694480102695,0.4129615674453655,0.0954978488014751,0.06238219190377883,0.971534140180221
oulab,8,temporal_hgb,static_full,cutoff_valid,0.05,32593,26523,1327,26523,254,1073,0.975885455915599,0.16880180859080632,0.8818897637795275,0.8085908063300679,0.0752556950255695,0.020105915088412172,1.0
oulab,8,temporal_hgb,activity_conditioned,cutoff_valid,0.1,28330,26523,2652,25768,1368,1284,0.9453242835595776,0.4611613876319759,0.8940058479532164,0.4841628959276018,0.19260909649661956,0.10977470604075037,0.971534140180221
oulab,8,temporal_hgb,activity_to_cutoff_valid,cutoff_valid,0.1,26523,26523,2652,26523,2652,0,0.9125188536953243,0.9125188536953243,0.9125188536953243,0.0,0.2172156897944529,0.2172156897944529,1.0
oulab,8,temporal_hgb,cutoff_valid,cutoff_valid,0.1,26523,26523,2652,26523,2652,0,0.9125188536953243,0.9125188536953243,0.9125188536953243,0.0,0.2172156897944529,0.2172156897944529,1.0
oulab,8,temporal_hgb,cutoff_valid_to_activity,cutoff_valid,0.1,28330,26523,2652,25768,1538,1114,0.9400452488687783,0.5199849170437406,0.8966189856957087,0.4200603318250377,0.19153349723417332,0.12377703976303743,0.971534140180221
oulab,8,temporal_hgb,static_full,cutoff_valid,0.1,32593,26523,2652,26523,532,2120,0.9766214177978884,0.1779788838612368,0.8872180451127819,0.799396681749623,0.150511390051139,0.04236603536486851,1.0
oulab,8,temporal_hgb,activity_conditioned,cutoff_valid,0.2,28330,26523,5303,25768,3302,2001,0.9000565717518386,0.5227229869884971,0.8394912174439734,0.3773335847633415,0.36670251997541486,0.24881069921910062,0.971534140180221
oulab,8,temporal_hgb,activity_to_cutoff_valid,cutoff_valid,0.2,26523,26523,5303,26523,5303,0,0.847633415048086,0.847633415048086,0.847633415048086,0.0,0.403464680010771,0.403464680010771,1.0
oulab,8,temporal_hgb,cutoff_valid,cutoff_valid,0.2,26523,26523,5303,26523,5303,0,0.8493305676032434,0.8493305676032434,0.8493305676032434,0.0,0.4042725069562876,0.4042725069562876,1.0
oulab,8,temporal_hgb,cutoff_valid_to_activity,cutoff_valid,0.2,28330,26523,5303,25768,3449,1854,0.8977937016782953,0.548180275315859,0.8428530008698173,0.34961342636243636,0.36578057775046097,0.260928103401849,0.971534140180221
oulab,8,temporal_hgb,static_full,cutoff_valid,0.2,32593,26523,5303,26523,1461,3842,0.9656798038845936,0.24174995285687348,0.8774811772758385,0.724495568546106,0.2975941422594142,0.11507046046135895,1.0
oulab,10,base_lr_profile,activity_conditioned,cutoff_valid,0.01,28422,26075,260,25432,209,51,0.7538461538461538,0.5576923076923077,0.69377990430622,0.19615384615384615,0.01499846954392409,0.013561541339319118,0.9753403643336529
oulab,10,base_lr_profile,activity_to_cutoff_valid,cutoff_valid,0.01,26075,26075,260,26075,260,0,0.7076923076923077,0.7076923076923077,0.7076923076923077,0.0,0.017209128320239433,0.017209128320239433,1.0
oulab,10,base_lr_profile,cutoff_valid,cutoff_valid,0.01,26075,26075,260,26075,260,0,0.926923076923077,0.926923076923077,0.926923076923077,0.0,0.02254021698466143,0.02254021698466143,1.0
oulab,10,base_lr_profile,cutoff_valid_to_activity,cutoff_valid,0.01,28422,26075,260,25432,226,34,0.7692307692307693,0.6384615384615384,0.7345132743362832,0.13076923076923078,0.015304560759106214,0.015525626636737748,0.9753403643336529
oulab,10,base_lr_profile,static_full,cutoff_valid,0.01,32593,26075,260,26075,58,202,0.9884615384615385,0.2153846153846154,0.9655172413793104,0.7769230769230769,0.0149349139934914,0.005237560793116348,1.0
oulab,10,base_lr_profile,activity_conditioned,cutoff_valid,0.05,28422,26075,1302,25432,1054,248,0.7004608294930875,0.5099846390168971,0.6299810246679317,0.19047619047619047,0.06978879706152434,0.06210250654695099,0.9753403643336529
oulab,10,base_lr_profile,activity_to_cutoff_valid,cutoff_valid,0.05,26075,26075,1302,26075,1302,0,0.642089093701997,0.642089093701997,0.642089093701997,0.0,0.07818930041152264,0.07818930041152264,1.0
oulab,10,base_lr_profile,cutoff_valid,cutoff_valid,0.05,26075,26075,1302,26075,1302,0,0.8018433179723502,0.8018433179723502,0.8018433179723502,0.0,0.09764309764309764,0.09764309764309764,1.0
oulab,10,base_lr_profile,cutoff_valid_to_activity,cutoff_valid,0.05,28422,26075,1302,25432,1103,199,0.695852534562212,0.543010752688172,0.6409791477787852,0.15284178187403993,0.06932966023875115,0.0661242050130939,0.9753403643336529
oulab,10,base_lr_profile,static_full,cutoff_valid,0.05,32593,26075,1302,26075,279,1023,0.9800307219662059,0.19508448540706605,0.910394265232975,0.7857142857142857,0.07415155741515574,0.023756079311634867,1.0
oulab,10,base_lr_profile,activity_conditioned,cutoff_valid,0.1,28422,26075,2609,25432,2154,455,0.6699885013415101,0.4955921809122269,0.6002785515320335,0.17439632042928324,0.13376186103458831,0.12093153759820427,0.9753403643336529
oulab,10,base_lr_profile,activity_to_cutoff_valid,cutoff_valid,0.1,26075,26075,2609,26075,2609,0,0.6094288999616712,0.6094288999616712,0.6094288999616712,0.0,0.14870931537598203,0.14870931537598203,1.0
oulab,10,base_lr_profile,cutoff_valid,cutoff_valid,0.1,26075,26075,2609,26075,2609,0,0.7018014564967421,0.7018014564967421,0.7018014564967421,0.0,0.17124953236064347,0.17124953236064347,1.0
oulab,10,base_lr_profile,cutoff_valid_to_activity,cutoff_valid,0.1,28422,26075,2609,25432,2233,376,0.6604062859333077,0.5162897661939441,0.6032243618450515,0.14411651973936374,0.13184879093970003,0.12598204264870932,0.9753403643336529
oulab,10,base_lr_profile,static_full,cutoff_valid,0.1,32593,26075,2609,26075,530,2079,0.9727865082407052,0.1766960521272518,0.869811320754717,0.7968570333461096,0.14748953974895398,0.043116348671904225,1.0
oulab,10,base_lr_profile,activity_conditioned,cutoff_valid,0.2,28422,26075,5216,25432,4389,827,0.6257668711656442,0.46721625766871167,0.5552517657780816,0.1585506134969325,0.2497704315886134,0.2279274223718668,0.9753403643336529
oulab,10,base_lr_profile,activity_to_cutoff_valid,cutoff_valid,0.2,26075,26075,5216,26075,5216,0,0.5736196319018405,0.5736196319018405,0.5736196319018405,0.0,0.27983539094650206,0.27983539094650206,1.0
oulab,10,base_lr_profile,cutoff_valid,cutoff_valid,0.2,26075,26075,5216,26075,5216,0,0.6146472392638037,0.6146472392638037,0.6146472392638037,0.0,0.299850355405911,0.299850355405911,1.0
oulab,10,base_lr_profile,cutoff_valid_to_activity,cutoff_valid,0.2,28422,26075,5216,25432,4463,753,0.6253834355828221,0.48101993865030673,0.5621779072372843,0.14436349693251535,0.24961738598102234,0.23466142910587354,0.9753403643336529
oulab,10,base_lr_profile,static_full,cutoff_valid,0.2,32593,26075,5216,26075,1744,3472,0.906058282208589,0.24079754601226994,0.7201834862385321,0.6656441717791411,0.27463970246397024,0.11747100635989526,1.0
oulab,10,base_rf_gini,activity_conditioned,cutoff_valid,0.01,28422,26075,260,25432,99,161,0.9923076923076923,0.3730769230769231,0.9797979797979798,0.6192307692307693,0.019742883379247015,0.009072203516647961,0.9753403643336529
oulab,10,base_rf_gini,activity_to_cutoff_valid,cutoff_valid,0.01,26075,26075,260,26075,260,0,0.9884615384615385,0.9884615384615385,0.9884615384615385,0.0,0.024036662925551816,0.024036662925551816,1.0
oulab,10,base_rf_gini,cutoff_valid,cutoff_valid,0.01,26075,26075,260,26075,260,0,0.9884615384615385,0.9884615384615385,0.9884615384615385,0.0,0.024036662925551816,0.024036662925551816,1.0
oulab,10,base_rf_gini,cutoff_valid_to_activity,cutoff_valid,0.01,28422,26075,260,25432,109,151,0.9923076923076923,0.4115384615384615,0.981651376146789,0.5807692307692308,0.019742883379247015,0.010007482229704451,0.9753403643336529
oulab,10,base_rf_gini,static_full,cutoff_valid,0.01,32593,26075,260,26075,19,241,0.9961538461538462,0.06923076923076923,0.9473684210526315,0.926923076923077,0.0150511390051139,0.0016835016835016834,1.0
oulab,10,base_rf_gini,activity_conditioned,cutoff_valid,0.05,28422,26075,1302,25432,506,796,0.9907834101382489,0.3794162826420891,0.9762845849802372,0.6113671274961597,0.09871441689623507,0.046202768424990645,0.9753403643336529
oulab,10,base_rf_gini,activity_to_cutoff_valid,cutoff_valid,0.05,26075,26075,1302,26075,1302,0,0.9861751152073732,0.9861751152073732,0.9861751152073732,0.0,0.12008978675645342,0.12008978675645342,1.0
oulab,10,base_rf_gini,cutoff_valid,cutoff_valid,0.05,26075,26075,1302,26075,1302,0,0.9831029185867896,0.9831029185867896,0.9831029185867896,0.0,0.11971567527123082,0.11971567527123082,1.0
oulab,10,base_rf_gini,cutoff_valid_to_activity,cutoff_valid,0.05,28422,26075,1302,25432,551,751,0.9900153609831029,0.41321044546851,0.9764065335753176,0.5768049155145929,0.09863789409243955,0.05031799476243921,0.9753403643336529
oulab,10,base_rf_gini,static_full,cutoff_valid,0.05,32593,26075,1302,26075,208,1094,0.9930875576036866,0.15284178187403993,0.9567307692307693,0.8402457757296466,0.075139470013947,0.018612046389824166,1.0
oulab,10,base_rf_gini,activity_conditioned,cutoff_valid,0.1,28422,26075,2609,25432,1123,1486,0.983518589497892,0.41395170563434264,0.9617097061442564,0.5695668838635493,0.19635751453933273,0.10101010101010101,0.9753403643336529
oulab,10,base_rf_gini,activity_to_cutoff_valid,cutoff_valid,0.1,26075,26075,2609,26075,2609,0,0.9582215408202377,0.9582215408202377,0.9582215408202377,0.0,0.2338196782641227,0.2338196782641227,1.0
oulab,10,base_rf_gini,cutoff_valid,cutoff_valid,0.1,26075,26075,2609,26075,2609,0,0.9586048294365658,0.9586048294365658,0.9586048294365658,0.0,0.23391320613542835,0.23391320613542835,1.0
oulab,10,base_rf_gini,cutoff_valid_to_activity,cutoff_valid,0.1,28422,26075,2609,25432,1157,1452,0.9816021464162514,0.42506707550785744,0.958513396715644,0.556535070908394,0.19597490052035507,0.10372240927796483,0.9753403643336529
oulab,10,base_rf_gini,static_full,cutoff_valid,0.1,32593,26075,2609,26075,504,2105,0.9938673821387505,0.1870448447681104,0.9682539682539683,0.8068225373706401,0.15068572756857276,0.04564160119715675,1.0
oulab,10,base_rf_gini,activity_conditioned,cutoff_valid,0.2,28422,26075,5216,25432,2834,2382,0.9359662576687117,0.47929447852760737,0.8821453775582216,0.4566717791411043,0.37358432812978265,0.2338196782641227,0.9753403643336529
oulab,10,base_rf_gini,activity_to_cutoff_valid,cutoff_valid,0.2,26075,26075,5216,26075,5216,0,0.8799846625766872,0.8799846625766872,0.8799846625766872,0.0,0.4292929292929293,0.4292929292929293,1.0
oulab,10,base_rf_gini,cutoff_valid,cutoff_valid,0.2,26075,26075,5216,26075,5216,0,0.8788343558282209,0.8788343558282209,0.8788343558282209,0.0,0.4287317620650954,0.4287317620650954,1.0
oulab,10,base_rf_gini,cutoff_valid_to_activity,cutoff_valid,0.2,28422,26075,5216,25432,2846,2370,0.9371165644171779,0.48274539877300615,0.8847505270555165,0.4543711656441718,0.37404346495255586,0.2355031799476244,0.9753403643336529
oulab,10,base_rf_gini,static_full,cutoff_valid,0.2,32593,26075,5216,26075,1316,3900,0.9838957055214724,0.2361963190184049,0.9361702127659575,0.7476993865030674,0.298233379823338,0.11522633744855967,1.0
oulab,10,stack_7_full,activity_conditioned,cutoff_valid,0.01,28422,26075,260,25432,102,158,0.9923076923076923,0.38461538461538464,0.9803921568627451,0.6076923076923076,0.019742883379247015,0.00935278713056491,0.9753403643336529
oulab,10,stack_7_full,activity_to_cutoff_valid,cutoff_valid,0.01,26075,26075,260,26075,260,0,0.9923076923076923,0.9923076923076923,0.9923076923076923,0.0,0.024130190796857465,0.024130190796857465,1.0
oulab,10,stack_7_full,cutoff_valid,cutoff_valid,0.01,26075,26075,260,26075,260,0,0.9846153846153847,0.9846153846153847,0.9846153846153847,0.0,0.023943135054246164,0.023943135054246164,1.0
oulab,10,stack_7_full,cutoff_valid_to_activity,cutoff_valid,0.01,28422,26075,260,25432,114,146,0.9923076923076923,0.4307692307692308,0.9824561403508771,0.5615384615384615,0.019742883379247015,0.010475121586232696,0.9753403643336529
oulab,10,stack_7_full,static_full,cutoff_valid,0.01,32593,26075,260,26075,40,220,0.9923076923076923,0.14615384615384616,0.95,0.8461538461538461,0.01499302649930265,0.003554059109614665,1.0
oulab,10,stack_7_full,activity_conditioned,cutoff_valid,0.05,28422,26075,1302,25432,522,780,0.9915514592933948,0.3924731182795699,0.9789272030651341,0.5990783410138248,0.09879093970003061,0.04779274223718668,0.9753403643336529
oulab,10,stack_7_full,activity_to_cutoff_valid,cutoff_valid,0.05,26075,26075,1302,26075,1302,0,0.9831029185867896,0.9831029185867896,0.9831029185867896,0.0,0.11971567527123082,0.11971567527123082,1.0
oulab,10,stack_7_full,cutoff_valid,cutoff_valid,0.05,26075,26075,1302,26075,1302,0,0.9807987711213517,0.9807987711213517,0.9807987711213517,0.0,0.11943509165731388,0.11943509165731388,1.0
oulab,10,stack_7_full,cutoff_valid_to_activity,cutoff_valid,0.05,28422,26075,1302,25432,561,741,0.9907834101382489,0.4216589861751152,0.9786096256684492,0.5691244239631337,0.09871441689623507,0.05134680134680135,0.9753403643336529
oulab,10,stack_7_full,static_full,cutoff_valid,0.05,32593,26075,1302,26075,221,1081,0.9923195084485407,0.1620583717357911,0.9547511312217195,0.8302611367127496,0.07508135750813576,0.019734380845491957,1.0
oulab,10,stack_7_full,activity_conditioned,cutoff_valid,0.1,28422,26075,2609,25432,1135,1474,0.9846684553468762,0.4197010348792641,0.9647577092511013,0.5649674204676121,0.1965870829507193,0.10241301907968575,0.9753403643336529
oulab,10,stack_7_full,activity_to_cutoff_valid,cutoff_valid,0.1,26075,26075,2609,26075,2609,0,0.9609045611345343,0.9609045611345343,0.9609045611345343,0.0,0.23447437336326224,0.23447437336326224,1.0
oulab,10,stack_7_full,cutoff_valid,cutoff_valid,0.1,26075,26075,2609,26075,2609,0,0.9678037562284401,0.9678037562284401,0.9678037562284401,0.0,0.23615787504676394,0.23615787504676394,1.0
oulab,10,stack_7_full,cutoff_valid_to_activity,cutoff_valid,0.1,28422,26075,2609,25432,1192,1417,0.9831353008815639,0.4400153315446531,0.9630872483221476,0.5431199693369106,0.1962809917355372,0.10736999625888514,0.9753403643336529
oulab,10,stack_7_full,static_full,cutoff_valid,0.1,32593,26075,2609,26075,477,2132,0.9927175162897662,0.17554618627826754,0.960167714884696,0.8171713300114987,0.150511390051139,0.04283576505798728,1.0
oulab,10,stack_7_full,activity_conditioned,cutoff_valid,0.2,28422,26075,5216,25432,2819,2397,0.9484279141104295,0.4888803680981595,0.9045760908123448,0.45954754601226994,0.3785583103764922,0.23849607182940516,0.9753403643336529
oulab,10,stack_7_full,activity_to_cutoff_valid,cutoff_valid,0.2,26075,26075,5216,26075,5216,0,0.8932131901840491,0.8932131901840491,0.8932131901840491,0.0,0.43574635241301907,0.43574635241301907,1.0
oulab,10,stack_7_full,cutoff_valid,cutoff_valid,0.2,26075,26075,5216,26075,5216,0,0.8926380368098159,0.8926380368098159,0.8926380368098159,0.0,0.43546576879910215,0.43546576879910215,1.0
oulab,10,stack_7_full,cutoff_valid_to_activity,cutoff_valid,0.2,28422,26075,5216,25432,2857,2359,0.9476610429447853,0.495398773006135,0.904445222261113,0.4522622699386503,0.3782522191613101,0.24167601945379724,0.9753403643336529
oulab,10,stack_7_full,static_full,cutoff_valid,0.2,32593,26075,5216,26075,1313,3903,0.9856211656441718,0.23734662576687116,0.9428789032749428,0.7482745398773006,0.2987563923756392,0.11578750467639357,1.0
oulab,10,temporal_hgb,activity_conditioned,cutoff_valid,0.01,28422,26075,260,25432,102,158,0.9884615384615385,0.38076923076923075,0.9705882352941176,0.6076923076923076,0.019666360575451486,0.009259259259259259,0.9753403643336529
oulab,10,temporal_hgb,activity_to_cutoff_valid,cutoff_valid,0.01,26075,26075,260,26075,260,0,0.9807692307692307,0.9807692307692307,0.9807692307692307,0.0,0.023849607182940515,0.023849607182940515,1.0
oulab,10,temporal_hgb,cutoff_valid,cutoff_valid,0.01,26075,26075,260,26075,260,0,0.9576923076923077,0.9576923076923077,0.9576923076923077,0.0,0.023288439955106623,0.023288439955106623,1.0
oulab,10,temporal_hgb,cutoff_valid_to_activity,cutoff_valid,0.01,28422,26075,260,25432,113,147,0.9846153846153847,0.41923076923076924,0.9646017699115044,0.5653846153846154,0.019589837771655953,0.01019453797231575,0.9753403643336529
oulab,10,temporal_hgb,static_full,cutoff_valid,0.01,32593,26075,260,26075,51,209,0.9692307692307692,0.16538461538461538,0.8431372549019608,0.8038461538461539,0.014644351464435146,0.0040216984661429105,1.0
oulab,10,temporal_hgb,activity_conditioned,cutoff_valid,0.05,28422,26075,1302,25432,553,749,0.9854070660522274,0.41013824884792627,0.9656419529837251,0.5752688172043011,0.09817875726966636,0.04994388327721661,0.9753403643336529
oulab,10,temporal_hgb,activity_to_cutoff_valid,cutoff_valid,0.05,26075,26075,1302,26075,1302,0,0.9723502304147466,0.9723502304147466,0.9723502304147466,0.0,0.11840628507295174,0.11840628507295174,1.0
oulab,10,temporal_hgb,cutoff_valid,cutoff_valid,0.05,26075,26075,1302,26075,1302,0,0.9662058371735791,0.9662058371735791,0.9662058371735791,0.0,0.11765806210250655,0.11765806210250655,1.0
oulab,10,temporal_hgb,cutoff_valid_to_activity,cutoff_valid,0.05,28422,26075,1302,25432,589,713,0.9846390168970814,0.43701996927803377,0.966044142614601,0.5476190476190477,0.09810223446587082,0.05321735877291433,0.9753403643336529
oulab,10,temporal_hgb,static_full,cutoff_valid,0.05,32593,26075,1302,26075,231,1071,0.9846390168970814,0.16359447004608296,0.922077922077922,0.8225806451612904,0.07450023245002324,0.019921436588103254,1.0
oulab,10,temporal_hgb,activity_conditioned,cutoff_valid,0.1,28422,26075,2609,25432,1193,1416,0.9796857033346109,0.43694902261402835,0.9555741827326069,0.5427366807205826,0.19559228650137742,0.10662177328843996,0.9753403643336529
oulab,10,temporal_hgb,activity_to_cutoff_valid,cutoff_valid,0.1,26075,26075,2609,26075,2609,0,0.9528555001916443,0.9528555001916443,0.9528555001916443,0.0,0.23251028806584362,0.23251028806584362,1.0
oulab,10,temporal_hgb,cutoff_valid,cutoff_valid,0.1,26075,26075,2609,26075,2609,0,0.9494059026446915,0.9494059026446915,0.9494059026446915,0.0,0.23166853722409278,0.23166853722409278,1.0
oulab,10,temporal_hgb,cutoff_valid_to_activity,cutoff_valid,0.1,28422,26075,2609,25432,1239,1370,0.9785358374856267,0.45343043311613646,0.9548022598870056,0.5251054043694903,0.1953627180899908,0.11064347175458286,0.9753403643336529
oulab,10,temporal_hgb,static_full,cutoff_valid,0.1,32593,26075,2609,26075,477,2132,0.9873514756611729,0.1709467228823304,0.9350104821802935,0.8171713300114987,0.1496978149697815,0.04171343060231949,1.0
oulab,10,temporal_hgb,activity_conditioned,cutoff_valid,0.2,28422,26075,5216,25432,2864,2352,0.9386503067484663,0.48773006134969327,0.888268156424581,0.450920245398773,0.3746556473829201,0.23793490460157127,0.9753403643336529
oulab,10,temporal_hgb,activity_to_cutoff_valid,cutoff_valid,0.2,26075,26075,5216,26075,5216,0,0.8784509202453987,0.8784509202453987,0.8784509202453987,0.0,0.4285447063224841,0.4285447063224841,1.0
oulab,10,temporal_hgb,cutoff_valid,cutoff_valid,0.2,26075,26075,5216,26075,5216,0,0.8799846625766872,0.8799846625766872,0.8799846625766872,0.0,0.4292929292929293,0.4292929292929293,1.0
oulab,10,temporal_hgb,cutoff_valid_to_activity,cutoff_valid,0.2,28422,26075,5216,25432,2891,2325,0.9380751533742331,0.49233128834355827,0.8882739536492563,0.44574386503067487,0.3744260789715335,0.24017957351290684,0.9753403643336529
oulab,10,temporal_hgb,static_full,cutoff_valid,0.2,32593,26075,5216,26075,1302,3914,0.9800613496932515,0.23006134969325154,0.9216589861751152,0.7503834355828221,0.29707112970711297,0.1122334455667789,1.0
oulab,12,base_lr_profile,activity_conditioned,cutoff_valid,0.01,28431,25729,258,25102,200,58,0.7558139534883721,0.5310077519379846,0.685,0.2248062015503876,0.01491623957775568,0.013243112614789753,0.9756306113723814
oulab,12,base_lr_profile,activity_to_cutoff_valid,cutoff_valid,0.01,25729,25729,258,25729,258,0,0.6937984496124031,0.6937984496124031,0.6937984496124031,0.0,0.017303044949250845,0.017303044949250845,1.0
oulab,12,base_lr_profile,cutoff_valid,cutoff_valid,0.01,25729,25729,258,25729,258,0,0.9302325581395349,0.9302325581395349,0.9302325581395349,0.0,0.02319961333977767,0.02319961333977767,1.0
oulab,12,base_lr_profile,cutoff_valid_to_activity,cutoff_valid,0.01,28431,25729,258,25102,219,39,0.7674418604651163,0.6162790697674418,0.726027397260274,0.1511627906976744,0.01514572018664423,0.015369743837602706,0.9756306113723814
oulab,12,base_lr_profile,static_full,cutoff_valid,0.01,32593,25729,258,25729,54,204,0.9844961240310077,0.19767441860465115,0.9444444444444444,0.7906976744186046,0.014760576476057647,0.004929917834702755,1.0
oulab,12,base_lr_profile,activity_conditioned,cutoff_valid,0.05,28431,25729,1287,25102,1024,263,0.7024087024087025,0.49805749805749805,0.6259765625,0.20435120435120435,0.06915015681174941,0.061962300628322864,0.9756306113723814
oulab,12,base_lr_profile,activity_to_cutoff_valid,cutoff_valid,0.05,25729,25729,1287,25729,1287,0,0.6355866355866356,0.6355866355866356,0.6355866355866356,0.0,0.0790720154664089,0.0790720154664089,1.0
oulab,12,base_lr_profile,cutoff_valid,cutoff_valid,0.05,25729,25729,1287,25729,1287,0,0.7995337995337995,0.7995337995337995,0.7995337995337995,0.0,0.09946834219429676,0.09946834219429676,1.0
oulab,12,base_lr_profile,cutoff_valid_to_activity,cutoff_valid,0.05,28431,25729,1287,25102,1078,209,0.6977466977466977,0.5353535353535354,0.6391465677179963,0.1623931623931624,0.06869119559397231,0.06660222329627839,0.9756306113723814
oulab,12,base_lr_profile,static_full,cutoff_valid,0.05,32593,25729,1287,25729,267,1020,0.9813519813519813,0.1895881895881896,0.9138576779026217,0.7925407925407926,0.07339609483960949,0.0235862735621073,1.0
oulab,12,base_lr_profile,activity_conditioned,cutoff_valid,0.1,28431,25729,2572,25102,2093,479,0.6691290824261276,0.48289269051321926,0.5934065934065934,0.18623639191290825,0.1316453759657309,0.12005799903334945,0.9756306113723814
oulab,12,base_lr_profile,activity_to_cutoff_valid,cutoff_valid,0.1,25729,25729,2572,25729,2572,0,0.6034214618973561,0.6034214618973561,0.6034214618973561,0.0,0.15002416626389561,0.15002416626389561,1.0
oulab,12,base_lr_profile,cutoff_valid,cutoff_valid,0.1,25729,25729,2572,25729,2572,0,0.6971228615863142,0.6971228615863142,0.6971228615863142,0.0,0.17332044465925567,0.17332044465925567,1.0
oulab,12,base_lr_profile,cutoff_valid_to_activity,cutoff_valid,0.1,28431,25729,2572,25102,2182,390,0.6590202177293935,0.5073872472783826,0.5980751604032998,0.15163297045101087,0.12965654402203014,0.12614789753504108,0.9756306113723814
oulab,12,base_lr_profile,static_full,cutoff_valid,0.1,32593,25729,2572,25729,516,2056,0.973561430793157,0.17457231726283048,0.8701550387596899,0.7993779160186625,0.14551371455137146,0.04340260995650073,1.0
oulab,12,base_lr_profile,activity_conditioned,cutoff_valid,0.2,28431,25729,5147,25102,4265,882,0.6256071497959976,0.4542451913736157,0.5481828839390387,0.17136195842238197,0.24630918687370917,0.22600289995166747,0.9756306113723814
oulab,12,base_lr_profile,activity_to_cutoff_valid,cutoff_valid,0.2,25729,25729,5147,25729,5147,0,0.5663493297066252,0.5663493297066252,0.5663493297066252,0.0,0.28177863702271627,0.28177863702271627,1.0
oulab,12,base_lr_profile,cutoff_valid,cutoff_valid,0.2,25729,25729,5147,25729,5147,0,0.6088983874101418,0.6088983874101418,0.6088983874101418,0.0,0.30294828419526343,0.30294828419526343,1.0
oulab,12,base_lr_profile,cutoff_valid_to_activity,cutoff_valid,0.2,28431,25729,5147,25102,4356,791,0.6259957256654362,0.4723139693025063,0.5580808080808081,0.15368175636292986,0.24646217394630154,0.23499275012083132,0.9756306113723814
oulab,12,base_lr_profile,static_full,cutoff_valid,0.2,32593,25729,5147,25729,1668,3479,0.9084903827472314,0.2327569457936662,0.7182254196642686,0.6759277248882845,0.2717340771734077,0.11580473658772354,1.0
oulab,12,base_rf_gini,activity_conditioned,cutoff_valid,0.01,28431,25729,258,25102,86,172,0.9961240310077519,0.32945736434108525,0.9883720930232558,0.6666666666666666,0.019658838828119023,0.008216529724504592,0.9756306113723814
oulab,12,base_rf_gini,activity_to_cutoff_valid,cutoff_valid,0.01,25729,25729,258,25729,258,0,0.9806201550387597,0.9806201550387597,0.9806201550387597,0.0,0.02445625906234896,0.02445625906234896,1.0
oulab,12,base_rf_gini,cutoff_valid,cutoff_valid,0.01,25729,25729,258,25729,258,0,0.9883720930232558,0.9883720930232558,0.9883720930232558,0.0,0.024649589173513776,0.024649589173513776,1.0
oulab,12,base_rf_gini,cutoff_valid_to_activity,cutoff_valid,0.01,28431,25729,258,25102,102,156,0.9961240310077519,0.39147286821705424,0.9901960784313726,0.6046511627906976,0.019658838828119023,0.009763170613823103,0.9756306113723814
oulab,12,base_rf_gini,static_full,cutoff_valid,0.01,32593,25729,258,25729,25,233,0.9961240310077519,0.09302325581395349,0.96,0.9031007751937985,0.0149349139934914,0.002319961333977767,1.0
oulab,12,base_rf_gini,activity_conditioned,cutoff_valid,0.05,28431,25729,1287,25102,469,818,0.993006993006993,0.35742035742035744,0.9808102345415778,0.6355866355866356,0.09775873938652184,0.044465925567907204,0.9756306113723814
oulab,12,base_rf_gini,activity_to_cutoff_valid,cutoff_valid,0.05,25729,25729,1287,25729,1287,0,0.9906759906759907,0.9906759906759907,0.9906759906759907,0.0,0.12324794586756888,0.12324794586756888,1.0
oulab,12,base_rf_gini,cutoff_valid,cutoff_valid,0.05,25729,25729,1287,25729,1287,0,0.9844599844599845,0.9844599844599845,0.9844599844599845,0.0,0.12247462542290961,0.12247462542290961,1.0
oulab,12,base_rf_gini,cutoff_valid_to_activity,cutoff_valid,0.05,28431,25729,1287,25102,517,770,0.993006993006993,0.3947163947163947,0.9825918762088974,0.5982905982905983,0.09775873938652184,0.04910584823586273,0.9756306113723814
oulab,12,base_rf_gini,static_full,cutoff_valid,0.05,32593,25729,1287,25729,195,1092,0.9945609945609946,0.14607614607614608,0.9641025641025641,0.8484848484848485,0.07438400743840075,0.01817303044949251,1.0
oulab,12,base_rf_gini,activity_conditioned,cutoff_valid,0.1,28431,25729,2572,25102,1037,1535,0.9863919129082426,0.3895800933125972,0.9662487945998072,0.5968118195956454,0.1940641015834162,0.09685838569357177,0.9756306113723814
oulab,12,base_rf_gini,activity_to_cutoff_valid,cutoff_valid,0.1,25729,25729,2572,25729,2572,0,0.9622861586314152,0.9622861586314152,0.9622861586314152,0.0,0.23924601256645722,0.23924601256645722,1.0
oulab,12,base_rf_gini,cutoff_valid,cutoff_valid,0.1,25729,25729,2572,25729,2572,0,0.9626749611197511,0.9626749611197511,0.9626749611197511,0.0,0.23934267762203965,0.23934267762203965,1.0
oulab,12,base_rf_gini,cutoff_valid_to_activity,cutoff_valid,0.1,28431,25729,2572,25102,1077,1495,0.9844479004665629,0.4031881804043546,0.9628597957288765,0.5812597200622084,0.1936816339019353,0.10024166263895602,0.9756306113723814
oulab,12,base_rf_gini,static_full,cutoff_valid,0.1,32593,25729,2572,25729,488,2084,0.994556765163297,0.18429237947122862,0.9713114754098361,0.8102643856920684,0.148651789865179,0.0458192363460609,1.0
oulab,12,base_rf_gini,activity_conditioned,cutoff_valid,0.2,28431,25729,5147,25102,2634,2513,0.9490965611035554,0.4608509811540703,0.9005315110098709,0.48824557994948514,0.3736709248068538,0.2292895118414693,0.9756306113723814
oulab,12,base_rf_gini,activity_to_cutoff_valid,cutoff_valid,0.2,25729,25729,5147,25729,5147,0,0.8801243442782203,0.8801243442782203,0.8801243442782203,0.0,0.43789270178830353,0.43789270178830353,1.0
oulab,12,base_rf_gini,cutoff_valid,cutoff_valid,0.2,25729,25729,5147,25729,5147,0,0.8801243442782203,0.8801243442782203,0.8801243442782203,0.0,0.43789270178830353,0.43789270178830353,1.0
oulab,12,base_rf_gini,cutoff_valid_to_activity,cutoff_valid,0.2,28431,25729,5147,25102,2651,2496,0.9471536817563629,0.46221099669710514,0.8973972086005281,0.4849426850592578,0.37290598944389197,0.22996616723054616,0.9756306113723814
oulab,12,base_rf_gini,static_full,cutoff_valid,0.2,32593,25729,5147,25729,1257,3890,0.9858169807654945,0.23003691470759666,0.9419252187748608,0.7557800660578978,0.29486285448628546,0.11445142580956984,1.0
oulab,12,stack_7_full,activity_conditioned,cutoff_valid,0.01,28431,25729,258,25102,87,171,0.9922480620155039,0.32945736434108525,0.9770114942528736,0.6627906976744186,0.01958234529182284,0.008216529724504592,0.9756306113723814
oulab,12,stack_7_full,activity_to_cutoff_valid,cutoff_valid,0.01,25729,25729,258,25729,258,0,0.9883720930232558,0.9883720930232558,0.9883720930232558,0.0,0.024649589173513776,0.024649589173513776,1.0
oulab,12,stack_7_full,cutoff_valid,cutoff_valid,0.01,25729,25729,258,25729,258,0,0.9961240310077519,0.9961240310077519,0.9961240310077519,0.0,0.024842919284678588,0.024842919284678588,1.0
oulab,12,stack_7_full,cutoff_valid_to_activity,cutoff_valid,0.01,28431,25729,258,25102,111,147,1.0,0.43023255813953487,1.0,0.5697674418604651,0.019735332364415208,0.010729821169647172,0.9756306113723814
oulab,12,stack_7_full,static_full,cutoff_valid,0.01,32593,25729,258,25729,51,207,0.9961240310077519,0.1937984496124031,0.9803921568627451,0.8023255813953488,0.0149349139934914,0.004833252779120348,1.0
oulab,12,stack_7_full,activity_conditioned,cutoff_valid,0.05,28431,25729,1287,25102,464,823,0.9937839937839937,0.3543123543123543,0.9827586206896551,0.6394716394716394,0.09783523292281802,0.04407926534557757,0.9756306113723814
oulab,12,stack_7_full,activity_to_cutoff_valid,cutoff_valid,0.05,25729,25729,1287,25729,1287,0,0.9891219891219891,0.9891219891219891,0.9891219891219891,0.0,0.12305461575640406,0.12305461575640406,1.0
oulab,12,stack_7_full,cutoff_valid,cutoff_valid,0.05,25729,25729,1287,25729,1287,0,0.98989898989899,0.98989898989899,0.98989898989899,0.0,0.12315128081198647,0.12315128081198647,1.0
oulab,12,stack_7_full,cutoff_valid_to_activity,cutoff_valid,0.05,28431,25729,1287,25102,508,779,0.9937839937839937,0.3885003885003885,0.984251968503937,0.6052836052836053,0.09783523292281802,0.04833252779120348,0.9756306113723814
oulab,12,stack_7_full,static_full,cutoff_valid,0.05,32593,25729,1287,25729,228,1059,0.9945609945609946,0.1717171717171717,0.9692982456140351,0.8228438228438228,0.07438400743840075,0.021362977283711938,1.0
oulab,12,stack_7_full,activity_conditioned,cutoff_valid,0.1,28431,25729,2572,25102,1056,1516,0.9887247278382582,0.39930015552099535,0.9725378787878788,0.5894245723172629,0.1945230628011933,0.09927501208313194,0.9756306113723814
oulab,12,stack_7_full,activity_to_cutoff_valid,cutoff_valid,0.1,25729,25729,2572,25729,2572,0,0.9677293934681181,0.9677293934681181,0.9677293934681181,0.0,0.24059932334461093,0.24059932334461093,1.0
oulab,12,stack_7_full,cutoff_valid,cutoff_valid,0.1,25729,25729,2572,25729,2572,0,0.9727838258164853,0.9727838258164853,0.9727838258164853,0.0,0.2418559690671822,0.2418559690671822,1.0
oulab,12,stack_7_full,cutoff_valid_to_activity,cutoff_valid,0.1,28431,25729,2572,25102,1108,1464,0.98950233281493,0.4202954898911353,0.9756317689530686,0.5692068429237948,0.19467604987378567,0.10449492508458193,0.9756306113723814
oulab,12,stack_7_full,static_full,cutoff_valid,0.1,32593,25729,2572,25729,487,2085,0.994556765163297,0.1839035769828927,0.971252566735113,0.8106531881804043,0.148651789865179,0.04572257129047849,1.0
oulab,12,stack_7_full,activity_conditioned,cutoff_valid,0.2,28431,25729,5147,25102,2617,2530,0.9551194870798524,0.4635710122401399,0.9117309896828429,0.4915484748397125,0.3760422244320355,0.23064282261962302,0.9756306113723814
oulab,12,stack_7_full,activity_to_cutoff_valid,cutoff_valid,0.2,25729,25729,5147,25729,5147,0,0.893724499708568,0.893724499708568,0.893724499708568,0.0,0.444659255679072,0.444659255679072,1.0
oulab,12,stack_7_full,cutoff_valid,cutoff_valid,0.2,25729,25729,5147,25729,5147,0,0.8904216048183408,0.8904216048183408,0.8904216048183408,0.0,0.4430159497341711,0.4430159497341711,1.0
oulab,12,stack_7_full,cutoff_valid_to_activity,cutoff_valid,0.2,28431,25729,5147,25102,2653,2494,0.9547309112104139,0.47017680202059453,0.9121748963437618,0.48455410918981934,0.37588923735944313,0.23392943450942486,0.9756306113723814
oulab,12,stack_7_full,static_full,cutoff_valid,0.2,32593,25729,5147,25729,1259,3888,0.9865941325043714,0.23120264231591217,0.9451945988880064,0.7553914901884593,0.2950953045095305,0.11503141614306428,1.0
oulab,12,temporal_hgb,activity_conditioned,cutoff_valid,0.01,28431,25729,258,25102,95,163,0.9883720930232558,0.35658914728682173,0.968421052631579,0.6317829457364341,0.01950585175552666,0.00889318511358144,0.9756306113723814
oulab,12,temporal_hgb,activity_to_cutoff_valid,cutoff_valid,0.01,25729,25729,258,25729,258,0,0.9844961240310077,0.9844961240310077,0.9844961240310077,0.0,0.024552924117931366,0.024552924117931366,1.0
oulab,12,temporal_hgb,cutoff_valid,cutoff_valid,0.01,25729,25729,258,25729,258,0,0.9496124031007752,0.9496124031007752,0.9496124031007752,0.0,0.023682938617689706,0.023682938617689706,1.0
oulab,12,temporal_hgb,cutoff_valid_to_activity,cutoff_valid,0.01,28431,25729,258,25102,110,148,0.9844961240310077,0.4108527131782946,0.9636363636363636,0.5736434108527132,0.019429358219230475,0.010246495891735138,0.9756306113723814
oulab,12,temporal_hgb,static_full,cutoff_valid,0.01,32593,25729,258,25729,51,207,0.9651162790697675,0.16279069767441862,0.8235294117647058,0.8023255813953488,0.014470013947001394,0.004059932334461092,1.0
oulab,12,temporal_hgb,activity_conditioned,cutoff_valid,0.05,28431,25729,1287,25102,508,779,0.9914529914529915,0.3861693861693862,0.9783464566929134,0.6052836052836053,0.09760575231392947,0.048042532624456256,0.9756306113723814
oulab,12,temporal_hgb,activity_to_cutoff_valid,cutoff_valid,0.05,25729,25729,1287,25729,1287,0,0.9797979797979798,0.9797979797979798,0.9797979797979798,0.0,0.12189463508941517,0.12189463508941517,1.0
oulab,12,temporal_hgb,cutoff_valid,cutoff_valid,0.05,25729,25729,1287,25729,1287,0,0.9681429681429682,0.9681429681429682,0.9681429681429682,0.0,0.12044465925567907,0.12044465925567907,1.0
oulab,12,temporal_hgb,cutoff_valid_to_activity,cutoff_valid,0.05,28431,25729,1287,25102,545,742,0.9883449883449883,0.41181041181041184,0.9724770642201835,0.5765345765345765,0.09729977816874474,0.05123247945867569,0.9756306113723814
oulab,12,temporal_hgb,static_full,cutoff_valid,0.05,32593,25729,1287,25729,227,1060,0.9891219891219891,0.1655011655011655,0.9383259911894273,0.8236208236208237,0.07397721989772199,0.020589656839052683,1.0
oulab,12,temporal_hgb,activity_conditioned,cutoff_valid,0.1,28431,25729,2572,25102,1104,1468,0.9825038880248833,0.41174183514774493,0.9592391304347826,0.5707620528771384,0.19329916622045437,0.10236829386176897,0.9756306113723814
oulab,12,temporal_hgb,activity_to_cutoff_valid,cutoff_valid,0.1,25729,25729,2572,25729,2572,0,0.9587869362363919,0.9587869362363919,0.9587869362363919,0.0,0.23837602706621555,0.23837602706621555,1.0
oulab,12,temporal_hgb,cutoff_valid,cutoff_valid,0.1,25729,25729,2572,25729,2572,0,0.9552877138413686,0.9552877138413686,0.9552877138413686,0.0,0.2375060415659739,0.2375060415659739,1.0
oulab,12,temporal_hgb,cutoff_valid_to_activity,cutoff_valid,0.1,28431,25729,2572,25102,1152,1420,0.9832814930015552,0.4311819595645412,0.9626736111111112,0.552099533437014,0.19345215329304674,0.10720154664088932,0.9756306113723814
oulab,12,temporal_hgb,static_full,cutoff_valid,0.1,32593,25729,2572,25729,459,2113,0.9891135303265941,0.16796267496111975,0.9411764705882353,0.8215396578538102,0.14783821478382148,0.04175930401159981,1.0
oulab,12,temporal_hgb,activity_conditioned,cutoff_valid,0.2,28431,25729,5147,25102,2641,2506,0.9489022731688362,0.4620167087623859,0.9004165088981446,0.48688556440645037,0.37359443127055764,0.22986950217496374,0.9756306113723814
oulab,12,temporal_hgb,activity_to_cutoff_valid,cutoff_valid,0.2,25729,25729,5147,25729,5147,0,0.8801243442782203,0.8801243442782203,0.8801243442782203,0.0,0.43789270178830353,0.43789270178830353,1.0
oulab,12,temporal_hgb,cutoff_valid,cutoff_valid,0.2,25729,25729,5147,25729,5147,0,0.8816786477559744,0.8816786477559744,0.8816786477559744,0.0,0.4386660222329628,0.4386660222329628,1.0
oulab,12,temporal_hgb,cutoff_valid_to_activity,cutoff_valid,0.2,28431,25729,5147,25102,2688,2459,0.9489022731688362,0.4711482416941908,0.9021577380952381,0.4777540314746454,0.37359443127055764,0.2344127597873369,0.9756306113723814
oulab,12,temporal_hgb,static_full,cutoff_valid,0.2,32593,25729,5147,25729,1225,3922,0.9832912376141442,0.22148824557994948,0.9306122448979591,0.761997279968914,0.2941073919107392,0.11019816336394393,1.0
oulab,14,base_lr_profile,activity_conditioned,cutoff_valid,0.01,28454,25354,255,24755,194,61,0.7607843137254902,0.5215686274509804,0.6855670103092784,0.23921568627450981,0.014822738386308069,0.013340020060180542,0.9763745365622781
oulab,14,base_lr_profile,activity_to_cutoff_valid,cutoff_valid,0.01,25354,25354,255,25354,255,0,0.6901960784313725,0.6901960784313725,0.6901960784313725,0.0,0.01765295887662989,0.01765295887662989,1.0
oulab,14,base_lr_profile,cutoff_valid,cutoff_valid,0.01,25354,25354,255,25354,255,0,0.9411764705882353,0.9411764705882353,0.9411764705882353,0.0,0.024072216649949848,0.024072216649949848,1.0
oulab,14,base_lr_profile,cutoff_valid_to_activity,cutoff_valid,0.01,28454,25354,255,24755,216,39,0.7607843137254902,0.6078431372549019,0.7175925925925926,0.15294117647058825,0.014822738386308069,0.015546639919759278,0.9763745365622781
oulab,14,base_lr_profile,static_full,cutoff_valid,0.01,32593,25354,255,25354,51,204,0.9882352941176471,0.19215686274509805,0.9607843137254902,0.8,0.014644351464435146,0.004914744232698095,1.0
oulab,14,base_lr_profile,activity_conditioned,cutoff_valid,0.05,28454,25354,1269,24755,993,276,0.7021276595744681,0.4846335697399527,0.6193353474320241,0.21749408983451538,0.0680776283618582,0.06168505516549649,0.9763745365622781
oulab,14,base_lr_profile,activity_to_cutoff_valid,cutoff_valid,0.05,25354,25354,1269,25354,1269,0,0.6256895193065406,0.6256895193065406,0.6256895193065406,0.0,0.07963891675025075,0.07963891675025075,1.0
oulab,14,base_lr_profile,cutoff_valid,cutoff_valid,0.05,25354,25354,1269,25354,1269,0,0.7959022852639874,0.7959022852639874,0.7959022852639874,0.0,0.10130391173520562,0.10130391173520562,1.0
oulab,14,base_lr_profile,cutoff_valid_to_activity,cutoff_valid,0.05,28454,25354,1269,24755,1044,225,0.6926713947990544,0.5153664302600472,0.6264367816091954,0.1773049645390071,0.06716075794621026,0.06559679037111334,0.9763745365622781
oulab,14,base_lr_profile,static_full,cutoff_valid,0.05,32593,25354,1269,25354,254,1015,0.9850275807722616,0.18597320724980299,0.9291338582677166,0.7998423955870765,0.07264063226406323,0.023671013039117353,1.0
oulab,14,base_lr_profile,activity_conditioned,cutoff_valid,0.1,28454,25354,2536,24755,2019,517,0.669558359621451,0.46569400630914826,0.5849430411094602,0.20386435331230285,0.12973716381418093,0.11845536609829488,0.9763745365622781
oulab,14,base_lr_profile,activity_to_cutoff_valid,cutoff_valid,0.1,25354,25354,2536,25354,2536,0,0.5938485804416404,0.5938485804416404,0.5938485804416404,0.0,0.1510531594784353,0.1510531594784353,1.0
oulab,14,base_lr_profile,cutoff_valid,cutoff_valid,0.1,25354,25354,2536,25354,2536,0,0.6865141955835962,0.6865141955835962,0.6865141955835962,0.0,0.17462387161484452,0.17462387161484452,1.0
oulab,14,base_lr_profile,cutoff_valid_to_activity,cutoff_valid,0.1,28454,25354,2536,24755,2119,417,0.6561514195583596,0.4917192429022082,0.5884851344974045,0.16443217665615142,0.1271393643031785,0.12507522567703108,0.9763745365622781
oulab,14,base_lr_profile,static_full,cutoff_valid,0.1,32593,25354,2536,25354,494,2042,0.9747634069400631,0.16995268138801262,0.8724696356275303,0.805205047318612,0.14365411436541142,0.04322968906720161,1.0
oulab,14,base_lr_profile,activity_conditioned,cutoff_valid,0.2,28454,25354,5070,24755,4122,948,0.626232741617357,0.43925049309664693,0.5402717127607958,0.18698224852071005,0.24258863080684598,0.22337011033099297,0.9763745365622781
oulab,14,base_lr_profile,activity_to_cutoff_valid,cutoff_valid,0.2,25354,25354,5070,25354,5070,0,0.5571992110453649,0.5571992110453649,0.5571992110453649,0.0,0.28335005015045134,0.28335005015045134,1.0
oulab,14,base_lr_profile,cutoff_valid,cutoff_valid,0.2,25354,25354,5070,25354,5070,0,0.5990138067061144,0.5990138067061144,0.5990138067061144,0.0,0.3046138415245737,0.3046138415245737,1.0
oulab,14,base_lr_profile,cutoff_valid_to_activity,cutoff_valid,0.2,28454,25354,5070,24755,4234,836,0.6242603550295858,0.4593688362919132,0.5500708549834672,0.16489151873767258,0.24182457212713937,0.23360080240722167,0.9763745365622781
oulab,14,base_lr_profile,static_full,cutoff_valid,0.2,32593,25354,5070,25354,1590,3480,0.9104536489151874,0.2242603550295858,0.7150943396226415,0.6863905325443787,0.2682473268247327,0.11404212637913741,1.0
oulab,14,base_rf_gini,activity_conditioned,cutoff_valid,0.01,28454,25354,255,24755,84,171,1.0,0.32941176470588235,1.0,0.6705882352941176,0.01948349633251834,0.008425275827482447,0.9763745365622781
oulab,14,base_rf_gini,activity_to_cutoff_valid,cutoff_valid,0.01,25354,25354,255,25354,255,0,0.996078431372549,0.996078431372549,0.996078431372549,0.0,0.025476429287863592,0.025476429287863592,1.0
oulab,14,base_rf_gini,cutoff_valid,cutoff_valid,0.01,25354,25354,255,25354,255,0,0.9921568627450981,0.9921568627450981,0.9921568627450981,0.0,0.025376128385155468,0.025376128385155468,1.0
oulab,14,base_rf_gini,cutoff_valid_to_activity,cutoff_valid,0.01,28454,25354,255,24755,95,160,1.0,0.37254901960784315,1.0,0.6274509803921569,0.01948349633251834,0.009528585757271816,0.9763745365622781
oulab,14,base_rf_gini,static_full,cutoff_valid,0.01,32593,25354,255,25354,23,232,0.996078431372549,0.08627450980392157,0.9565217391304348,0.9098039215686274,0.014760576476057647,0.0022066198595787363,1.0
oulab,14,base_rf_gini,activity_conditioned,cutoff_valid,0.05,28454,25354,1269,24755,469,800,0.9968479117415288,0.3664302600472813,0.9914712153518124,0.6304176516942475,0.09665342298288508,0.04663991975927784,0.9763745365622781
oulab,14,base_rf_gini,activity_to_cutoff_valid,cutoff_valid,0.05,25354,25354,1269,25354,1269,0,0.9905437352245863,0.9905437352245863,0.9905437352245863,0.0,0.12607823470411234,0.12607823470411234,1.0
oulab,14,base_rf_gini,cutoff_valid,cutoff_valid,0.05,25354,25354,1269,25354,1269,0,0.9897557131599685,0.9897557131599685,0.9897557131599685,0.0,0.1259779338014042,0.1259779338014042,1.0
oulab,14,base_rf_gini,cutoff_valid_to_activity,cutoff_valid,0.05,28454,25354,1269,24755,520,749,0.9968479117415288,0.4066193853427896,0.9923076923076923,0.5902285263987391,0.09665342298288508,0.051755265797392175,0.9763745365622781
oulab,14,base_rf_gini,static_full,cutoff_valid,0.05,32593,25354,1269,25354,215,1054,0.9968479117415288,0.16627265563435775,0.9813953488372092,0.830575256107171,0.07351231985123198,0.02116349047141424,1.0
oulab,14,base_rf_gini,activity_conditioned,cutoff_valid,0.1,28454,25354,2536,24755,990,1546,0.9921135646687698,0.3824921135646688,0.9797979797979798,0.6096214511041009,0.19223716381418093,0.09729187562688064,0.9763745365622781
oulab,14,base_rf_gini,activity_to_cutoff_valid,cutoff_valid,0.1,25354,25354,2536,25354,2536,0,0.9712145110410094,0.9712145110410094,0.9712145110410094,0.0,0.24704112337011033,0.24704112337011033,1.0
oulab,14,base_rf_gini,cutoff_valid,cutoff_valid,0.1,25354,25354,2536,25354,2536,0,0.9712145110410094,0.9712145110410094,0.9712145110410094,0.0,0.24704112337011033,0.24704112337011033,1.0
oulab,14,base_rf_gini,cutoff_valid_to_activity,cutoff_valid,0.1,28454,25354,2536,24755,1035,1501,0.9909305993690851,0.3990536277602524,0.9777777777777777,0.5918769716088328,0.19200794621026895,0.10150451354062187,0.9763745365622781
oulab,14,base_rf_gini,static_full,cutoff_valid,0.1,32593,25354,2536,25354,520,2016,0.9972397476340694,0.20228706624605677,0.9865384615384616,0.7949526813880127,0.1469665271966527,0.051454363089267804,1.0
oulab,14,base_rf_gini,activity_conditioned,cutoff_valid,0.2,28454,25354,5070,24755,2396,2674,0.96232741617357,0.4349112426035503,0.9202838063439065,0.5274161735700197,0.37278422982885084,0.22116349047141423,0.9763745365622781
oulab,14,base_rf_gini,activity_to_cutoff_valid,cutoff_valid,0.2,25354,25354,5070,25354,5070,0,0.8976331360946745,0.8976331360946745,0.8976331360946745,0.0,0.456469408224674,0.456469408224674,1.0
oulab,14,base_rf_gini,cutoff_valid,cutoff_valid,0.2,25354,25354,5070,25354,5070,0,0.8966469428007889,0.8966469428007889,0.8966469428007889,0.0,0.4559679037111334,0.4559679037111334,1.0
oulab,14,base_rf_gini,cutoff_valid_to_activity,cutoff_valid,0.2,28454,25354,5070,24755,2432,2638,0.9611439842209073,0.4408284023668639,0.9189967105263158,0.5203155818540434,0.3723257946210269,0.22417251755265796,0.9763745365622781
oulab,14,base_rf_gini,static_full,cutoff_valid,0.2,32593,25354,5070,25354,1271,3799,0.9871794871794872,0.2378698224852071,0.9488591660110149,0.7493096646942801,0.29085309158530914,0.120962888665998,1.0
oulab,14,stack_7_full,activity_conditioned,cutoff_valid,0.01,28454,25354,255,24755,79,176,1.0,0.30980392156862746,1.0,0.6901960784313725,0.01948349633251834,0.007923771313941825,0.9763745365622781
oulab,14,stack_7_full,activity_to_cutoff_valid,cutoff_valid,0.01,25354,25354,255,25354,255,0,1.0,1.0,1.0,0.0,0.025576730190571714,0.025576730190571714,1.0
oulab,14,stack_7_full,cutoff_valid,cutoff_valid,0.01,25354,25354,255,25354,255,0,1.0,1.0,1.0,0.0,0.025576730190571714,0.025576730190571714,1.0
oulab,14,stack_7_full,cutoff_valid_to_activity,cutoff_valid,0.01,28454,25354,255,24755,102,153,1.0,0.4,1.0,0.6,0.01948349633251834,0.010230692076228686,0.9763745365622781
oulab,14,stack_7_full,static_full,cutoff_valid,0.01,32593,25354,255,25354,39,216,0.9921568627450981,0.1450980392156863,0.9487179487179487,0.8470588235294118,0.014702463970246398,0.003711133400200602,1.0
oulab,14,stack_7_full,activity_conditioned,cutoff_valid,0.05,28454,25354,1269,24755,464,805,0.9976359338061466,0.3632781717888101,0.9935344827586207,0.6343577620173365,0.09672982885085575,0.04623871614844534,0.9763745365622781
oulab,14,stack_7_full,activity_to_cutoff_valid,cutoff_valid,0.05,25354,25354,1269,25354,1269,0,0.9921197793538219,0.9921197793538219,0.9921197793538219,0.0,0.1262788365095286,0.1262788365095286,1.0
oulab,14,stack_7_full,cutoff_valid,cutoff_valid,0.05,25354,25354,1269,25354,1269,0,0.9952718676122931,0.9952718676122931,0.9952718676122931,0.0,0.12668004012036108,0.12668004012036108,1.0
oulab,14,stack_7_full,cutoff_valid_to_activity,cutoff_valid,0.05,28454,25354,1269,24755,518,751,0.9976359338061466,0.40583136327817176,0.9942084942084942,0.5918045705279747,0.09672982885085575,0.051654964894684054,0.9763745365622781
oulab,14,stack_7_full,static_full,cutoff_valid,0.05,32593,25354,1269,25354,219,1050,0.9968479117415288,0.169424743892829,0.9817351598173516,0.8274231678486997,0.07351231985123198,0.02156469408224674,1.0
oulab,14,stack_7_full,activity_conditioned,cutoff_valid,0.1,28454,25354,2536,24755,998,1538,0.9929022082018928,0.3864353312302839,0.9819639278557114,0.6064668769716088,0.19238997555012224,0.09829488465396188,0.9763745365622781
oulab,14,stack_7_full,activity_to_cutoff_valid,cutoff_valid,0.1,25354,25354,2536,25354,2536,0,0.9806782334384858,0.9806782334384858,0.9806782334384858,0.0,0.24944834503510532,0.24944834503510532,1.0
oulab,14,stack_7_full,cutoff_valid,cutoff_valid,0.1,25354,25354,2536,25354,2536,0,0.9791009463722398,0.9791009463722398,0.9791009463722398,0.0,0.2490471414242728,0.2490471414242728,1.0
oulab,14,stack_7_full,cutoff_valid_to_activity,cutoff_valid,0.1,28454,25354,2536,24755,1051,1485,0.9929022082018928,0.4073343848580442,0.9828734538534729,0.5855678233438486,0.19238997555012224,0.10361083249749248,0.9763745365622781
oulab,14,stack_7_full,static_full,cutoff_valid,0.1,32593,25354,2536,25354,467,2069,0.9972397476340694,0.18138801261829654,0.9850107066381156,0.8158517350157729,0.1469665271966527,0.04613841524573721,1.0
oulab,14,stack_7_full,activity_conditioned,cutoff_valid,0.2,28454,25354,5070,24755,2416,2654,0.9660749506903353,0.44260355029585796,0.9288079470198676,0.5234714003944774,0.3742359413202934,0.2250752256770311,0.9763745365622781
oulab,14,stack_7_full,activity_to_cutoff_valid,cutoff_valid,0.2,25354,25354,5070,25354,5070,0,0.9084812623274162,0.9084812623274162,0.9084812623274162,0.0,0.46198595787362084,0.46198595787362084,1.0
oulab,14,stack_7_full,cutoff_valid,cutoff_valid,0.2,25354,25354,5070,25354,5070,0,0.9100591715976332,0.9100591715976332,0.9100591715976332,0.0,0.46278836509528587,0.46278836509528587,1.0
oulab,14,stack_7_full,cutoff_valid_to_activity,cutoff_valid,0.2,28454,25354,5070,24755,2448,2622,0.9662721893491124,0.44911242603550294,0.9301470588235294,0.5171597633136095,0.37431234718826406,0.2283851554663992,0.9763745365622781
oulab,14,stack_7_full,static_full,cutoff_valid,0.2,32593,25354,5070,25354,1224,3846,0.9891518737672583,0.23057199211045365,0.9550653594771242,0.7585798816568048,0.2914342166434217,0.1172517552657974,1.0
oulab,14,temporal_hgb,activity_conditioned,cutoff_valid,0.01,28454,25354,255,24755,94,161,0.9921568627450981,0.3607843137254902,0.9787234042553191,0.6313725490196078,0.019330684596577018,0.009227683049147442,0.9763745365622781
oulab,14,temporal_hgb,activity_to_cutoff_valid,cutoff_valid,0.01,25354,25354,255,25354,255,0,0.984313725490196,0.984313725490196,0.984313725490196,0.0,0.02517552657973922,0.02517552657973922,1.0
oulab,14,temporal_hgb,cutoff_valid,cutoff_valid,0.01,25354,25354,255,25354,255,0,0.9725490196078431,0.9725490196078431,0.9725490196078431,0.0,0.024874623871614845,0.024874623871614845,1.0
oulab,14,temporal_hgb,cutoff_valid_to_activity,cutoff_valid,0.01,28454,25354,255,24755,93,162,0.9921568627450981,0.3568627450980392,0.978494623655914,0.6352941176470588,0.019330684596577018,0.009127382146439317,0.9763745365622781
oulab,14,temporal_hgb,static_full,cutoff_valid,0.01,32593,25354,255,25354,43,212,0.9686274509803922,0.13725490196078433,0.813953488372093,0.8313725490196079,0.014353788935378893,0.003510531594784353,1.0
oulab,14,temporal_hgb,activity_conditioned,cutoff_valid,0.05,28454,25354,1269,24755,501,768,0.9929078014184397,0.3877068557919622,0.9820359281437125,0.6052009456264775,0.09627139364303179,0.04934804413239719,0.9763745365622781
oulab,14,temporal_hgb,activity_to_cutoff_valid,cutoff_valid,0.05,25354,25354,1269,25354,1269,0,0.9866036249014972,0.9866036249014972,0.9866036249014972,0.0,0.12557673019057172,0.12557673019057172,1.0
oulab,14,temporal_hgb,cutoff_valid,cutoff_valid,0.05,25354,25354,1269,25354,1269,0,0.9795114263199369,0.9795114263199369,0.9795114263199369,0.0,0.1246740220661986,0.1246740220661986,1.0
oulab,14,temporal_hgb,cutoff_valid_to_activity,cutoff_valid,0.05,28454,25354,1269,24755,531,738,0.9905437352245863,0.408983451536643,0.9774011299435028,0.5815602836879432,0.0960421760391198,0.05205616850551655,0.9763745365622781
oulab,14,temporal_hgb,static_full,cutoff_valid,0.05,32593,25354,1269,25354,212,1057,0.9905437352245863,0.15760441292356187,0.9433962264150944,0.8329393223010244,0.07304741980474198,0.020060180541624874,1.0
oulab,14,temporal_hgb,activity_conditioned,cutoff_valid,0.1,28454,25354,2536,24755,1075,1461,0.9893533123028391,0.41324921135646686,0.9748837209302326,0.5761041009463722,0.1917023227383863,0.10511534603811434,0.9763745365622781
oulab,14,temporal_hgb,activity_to_cutoff_valid,cutoff_valid,0.1,25354,25354,2536,25354,2536,0,0.9720031545741324,0.9720031545741324,0.9720031545741324,0.0,0.2472417251755266,0.2472417251755266,1.0
oulab,14,temporal_hgb,cutoff_valid,cutoff_valid,0.1,25354,25354,2536,25354,2536,0,0.9692429022082019,0.9692429022082019,0.9692429022082019,0.0,0.24653961885656972,0.24653961885656972,1.0
oulab,14,temporal_hgb,cutoff_valid_to_activity,cutoff_valid,0.1,28454,25354,2536,24755,1106,1430,0.9889589905362776,0.4250788643533123,0.9746835443037974,0.5638801261829653,0.19162591687041564,0.10812437311935807,0.9763745365622781
oulab,14,temporal_hgb,static_full,cutoff_valid,0.1,32593,25354,2536,25354,450,2086,0.9925078864353313,0.17034700315457413,0.96,0.8225552050473186,0.14626917712691773,0.04332998996990973,1.0
oulab,14,temporal_hgb,activity_conditioned,cutoff_valid,0.2,28454,25354,5070,24755,2446,2624,0.960552268244576,0.4429980276134122,0.9182338511856092,0.5175542406311637,0.3720965770171149,0.22527582748244734,0.9763745365622781
oulab,14,temporal_hgb,activity_to_cutoff_valid,cutoff_valid,0.2,25354,25354,5070,25354,5070,0,0.8940828402366864,0.8940828402366864,0.8940828402366864,0.0,0.4546639919759278,0.4546639919759278,1.0
oulab,14,temporal_hgb,cutoff_valid,cutoff_valid,0.2,25354,25354,5070,25354,5070,0,0.8956607495069033,0.8956607495069033,0.8956607495069033,0.0,0.4554663991975928,0.4554663991975928,1.0
oulab,14,temporal_hgb,cutoff_valid_to_activity,cutoff_valid,0.2,28454,25354,5070,24755,2472,2598,0.9603550295857988,0.44792899408284026,0.9186893203883495,0.5124260355029586,0.37202017114914426,0.22778335005015046,0.9763745365622781
oulab,14,temporal_hgb,static_full,cutoff_valid,0.2,32593,25354,5070,25354,1194,3876,0.9850098619329388,0.22071005917159764,0.9371859296482412,0.7644970414201183,0.2902138540213854,0.11223671013039117,1.0
oulab,16,base_lr_profile,activity_conditioned,cutoff_valid,0.01,28477,24939,251,24367,185,66,0.7569721115537849,0.4940239043824701,0.6702702702702703,0.26294820717131473,0.014498283098054178,0.012978857023236342,0.9770640362484462
oulab,16,base_lr_profile,activity_to_cutoff_valid,cutoff_valid,0.01,24939,24939,251,24939,251,0,0.6812749003984063,0.6812749003984063,0.6812749003984063,0.0,0.017898262507850114,0.017898262507850114,1.0
oulab,16,base_lr_profile,cutoff_valid,cutoff_valid,0.01,24939,24939,251,24939,251,0,0.952191235059761,0.952191235059761,0.952191235059761,0.0,0.025015700230270044,0.025015700230270044,1.0
oulab,16,base_lr_profile,cutoff_valid_to_activity,cutoff_valid,0.01,28477,24939,251,24367,202,49,0.7729083665338645,0.5776892430278885,0.7178217821782178,0.1952191235059761,0.014803510110644793,0.015176889261042496,0.9770640362484462
oulab,16,base_lr_profile,static_full,cutoff_valid,0.01,32593,24939,251,24939,53,198,0.9960159362549801,0.20717131474103587,0.9811320754716981,0.7888446215139442,0.014528126452812646,0.00544274649361524,1.0
oulab,16,base_lr_profile,activity_conditioned,cutoff_valid,0.05,28477,24939,1249,24367,954,295,0.7029623698959168,0.466773418734988,0.6111111111111112,0.23618895116092875,0.06699732926363983,0.06102156164957086,0.9770640362484462
oulab,16,base_lr_profile,activity_to_cutoff_valid,cutoff_valid,0.05,24939,24939,1249,24939,1249,0,0.6204963971176941,0.6204963971176941,0.6204963971176941,0.0,0.08111785639522713,0.08111785639522713,1.0
oulab,16,base_lr_profile,cutoff_valid,cutoff_valid,0.05,24939,24939,1249,24939,1249,0,0.7886309047237791,0.7886309047237791,0.7886309047237791,0.0,0.10309817877328868,0.10309817877328868,1.0
oulab,16,base_lr_profile,cutoff_valid_to_activity,cutoff_valid,0.05,28477,24939,1249,24367,1013,236,0.6933546837469976,0.5044035228182546,0.6219151036525172,0.188951160928743,0.06608164822586798,0.06594096713418464,0.9770640362484462
oulab,16,base_lr_profile,static_full,cutoff_valid,0.05,32593,24939,1249,24939,243,1006,0.9863891112890312,0.18094475580464373,0.9300411522633745,0.8054443554843875,0.07159460715946071,0.023655013606866233,1.0
oulab,16,base_lr_profile,activity_conditioned,cutoff_valid,0.1,28477,24939,2493,24367,1950,543,0.668672282390694,0.4508624147613317,0.5764102564102564,0.21780986762936222,0.1272033574971385,0.11764705882352941,0.9770640362484462
oulab,16,base_lr_profile,activity_to_cutoff_valid,cutoff_valid,0.1,24939,24939,2493,24939,2493,0,0.5848375451263538,0.5848375451263538,0.5848375451263538,0.0,0.1526062382248273,0.1526062382248273,1.0
oulab,16,base_lr_profile,cutoff_valid,cutoff_valid,0.1,24939,24939,2493,24939,2493,0,0.6742880064179703,0.6742880064179703,0.6742880064179703,0.0,0.17594724722629265,0.17594724722629265,1.0
oulab,16,base_lr_profile,cutoff_valid_to_activity,cutoff_valid,0.1,28477,24939,2493,24367,2054,439,0.6562374649017249,0.48014440433212996,0.5827653359298929,0.17609306056959487,0.12483784814956124,0.1252878375549508,0.9770640362484462
oulab,16,base_lr_profile,static_full,cutoff_valid,0.1,32593,24939,2493,24939,474,2019,0.9763337344564781,0.16646610509426393,0.8755274261603375,0.8098676293622142,0.14144583914458392,0.043437303747121625,1.0
oulab,16,base_lr_profile,activity_conditioned,cutoff_valid,0.2,28477,24939,4987,24367,3991,996,0.6266292360136354,0.42690996591136954,0.5334502630919569,0.1997192701022659,0.2384586035864174,0.22283860163282396,0.9770640362484462
oulab,16,base_lr_profile,activity_to_cutoff_valid,cutoff_valid,0.2,24939,24939,4987,24939,4987,0,0.5484259073591338,0.5484259073591338,0.5484259073591338,0.0,0.28626753192380155,0.28626753192380155,1.0
oulab,16,base_lr_profile,cutoff_valid,cutoff_valid,0.2,24939,24939,4987,24939,4987,0,0.5897333065971526,0.5897333065971526,0.5897333065971526,0.0,0.30782918149466193,0.30782918149466193,1.0
oulab,16,base_lr_profile,cutoff_valid_to_activity,cutoff_valid,0.2,28477,24939,4987,24367,4108,879,0.6244235011028675,0.4481652295969521,0.5440603700097371,0.1762582715059154,0.23761922930179322,0.23393343102365502,0.9770640362484462
oulab,16,base_lr_profile,static_full,cutoff_valid,0.2,32593,24939,4987,24939,1517,3470,0.9121716462803289,0.21636254261078805,0.7112722478576137,0.6958091036695409,0.2643537889353789,0.11293698974251622,1.0
oulab,16,base_rf_gini,activity_conditioned,cutoff_valid,0.01,28477,24939,251,24367,97,154,1.0,0.38645418326693226,1.0,0.6135458167330677,0.019152995040061044,0.010152815574628427,0.9770640362484462
oulab,16,base_rf_gini,activity_to_cutoff_valid,cutoff_valid,0.01,24939,24939,251,24939,251,0,1.0,1.0,1.0,0.0,0.02627171865187356,0.02627171865187356,1.0
oulab,16,base_rf_gini,cutoff_valid,cutoff_valid,0.01,24939,24939,251,24939,251,0,0.9960159362549801,0.9960159362549801,0.9960159362549801,0.0,0.026167050450073268,0.026167050450073268,1.0
oulab,16,base_rf_gini,cutoff_valid_to_activity,cutoff_valid,0.01,28477,24939,251,24367,106,145,1.0,0.42231075697211157,1.0,0.5776892430278885,0.019152995040061044,0.011094829390831066,0.9770640362484462
oulab,16,base_rf_gini,static_full,cutoff_valid,0.01,32593,24939,251,24939,33,218,1.0,0.13147410358565736,1.0,0.8685258964143426,0.014586238958623895,0.003454050659409671,1.0
oulab,16,base_rf_gini,activity_conditioned,cutoff_valid,0.05,28477,24939,1249,24367,449,800,0.9983987189751802,0.3578863090472378,0.9955456570155902,0.6405124099279423,0.095154521175124,0.046786686204731004,0.9770640362484462
oulab,16,base_rf_gini,activity_to_cutoff_valid,cutoff_valid,0.05,24939,24939,1249,24939,1249,0,0.9935948759007206,0.9935948759007206,0.9935948759007206,0.0,0.1298932384341637,0.1298932384341637,1.0
oulab,16,base_rf_gini,cutoff_valid,cutoff_valid,0.05,24939,24939,1249,24939,1249,0,0.9935948759007206,0.9935948759007206,0.9935948759007206,0.0,0.1298932384341637,0.1298932384341637,1.0
oulab,16,base_rf_gini,cutoff_valid_to_activity,cutoff_valid,0.05,28477,24939,1249,24367,495,754,0.9983987189751802,0.3947157726180945,0.9959595959595959,0.6036829463570856,0.095154521175124,0.051601423487544484,0.9770640362484462
oulab,16,base_rf_gini,static_full,cutoff_valid,0.05,32593,24939,1249,24939,218,1031,0.9991993594875901,0.17373899119295436,0.9954128440366973,0.8254603682946358,0.07252440725244072,0.022712999790663595,1.0
oulab,16,base_rf_gini,activity_conditioned,cutoff_valid,0.1,28477,24939,2493,24367,936,1557,0.9943842759727236,0.36983553951062975,0.9850427350427351,0.6245487364620939,0.1891644410530332,0.09650408205987021,0.9770640362484462
oulab,16,base_rf_gini,activity_to_cutoff_valid,cutoff_valid,0.1,24939,24939,2493,24939,2493,0,0.9751303650220617,0.9751303650220617,0.9751303650220617,0.0,0.25444839857651247,0.25444839857651247,1.0
oulab,16,base_rf_gini,cutoff_valid,cutoff_valid,0.1,24939,24939,2493,24939,2493,0,0.9759326113116726,0.9759326113116726,0.9759326113116726,0.0,0.254657734980113,0.254657734980113,1.0
oulab,16,base_rf_gini,cutoff_valid_to_activity,cutoff_valid,0.1,28477,24939,2493,24367,996,1497,0.9939831528279182,0.3935018050541516,0.9849397590361446,0.6004813477737665,0.18908813429988555,0.1026795059660875,0.9770640362484462
oulab,16,base_rf_gini,static_full,cutoff_valid,0.1,32593,24939,2493,24939,497,1996,0.9983955074207782,0.19775371038908945,0.9919517102615694,0.8006417970316887,0.1446420269642027,0.051601423487544484,1.0
oulab,16,base_rf_gini,activity_conditioned,cutoff_valid,0.2,28477,24939,4987,24367,2215,2772,0.9679165831161018,0.4120713856025667,0.927765237020316,0.5558451975135352,0.36833269744372377,0.21509315469960227,0.9770640362484462
oulab,16,base_rf_gini,activity_to_cutoff_valid,cutoff_valid,0.2,24939,24939,4987,24939,4987,0,0.908361740525366,0.908361740525366,0.908361740525366,0.0,0.4741469541553276,0.4741469541553276,1.0
oulab,16,base_rf_gini,cutoff_valid,cutoff_valid,0.2,24939,24939,4987,24939,4987,0,0.9087627832364147,0.9087627832364147,0.9087627832364147,0.0,0.4743562905589282,0.4743562905589282,1.0
oulab,16,base_rf_gini,cutoff_valid_to_activity,cutoff_valid,0.2,28477,24939,4987,24367,2251,2736,0.9679165831161018,0.41929015440144374,0.9289204797867614,0.5486264287146582,0.36833269744372377,0.2188612099644128,0.9770640362484462
oulab,16,base_rf_gini,static_full,cutoff_valid,0.2,32593,24939,4987,24939,1237,3750,0.9889713254461601,0.23701624222979747,0.9555375909458367,0.7519550832163625,0.28661087866108786,0.1237178145279464,1.0
oulab,16,stack_7_full,activity_conditioned,cutoff_valid,0.01,28477,24939,251,24367,79,172,1.0,0.3147410358565737,1.0,0.6852589641434262,0.019152995040061044,0.008268787942223153,0.9770640362484462
oulab,16,stack_7_full,activity_to_cutoff_valid,cutoff_valid,0.01,24939,24939,251,24939,251,0,1.0,1.0,1.0,0.0,0.02627171865187356,0.02627171865187356,1.0
oulab,16,stack_7_full,cutoff_valid,cutoff_valid,0.01,24939,24939,251,24939,251,0,1.0,1.0,1.0,0.0,0.02627171865187356,0.02627171865187356,1.0
oulab,16,stack_7_full,cutoff_valid_to_activity,cutoff_valid,0.01,28477,24939,251,24367,98,153,1.0,0.3904382470119522,1.0,0.6095617529880478,0.019152995040061044,0.010257483776428721,0.9770640362484462
oulab,16,stack_7_full,static_full,cutoff_valid,0.01,32593,24939,251,24939,34,217,1.0,0.13545816733067728,1.0,0.8645418326693227,0.014586238958623895,0.0035587188612099642,1.0
oulab,16,stack_7_full,activity_conditioned,cutoff_valid,0.05,28477,24939,1249,24367,448,801,1.0,0.3586869495596477,1.0,0.6413130504403523,0.09530713468141931,0.0468913544065313,0.9770640362484462
oulab,16,stack_7_full,activity_to_cutoff_valid,cutoff_valid,0.05,24939,24939,1249,24939,1249,0,0.9935948759007206,0.9935948759007206,0.9935948759007206,0.0,0.1298932384341637,0.1298932384341637,1.0
oulab,16,stack_7_full,cutoff_valid,cutoff_valid,0.05,24939,24939,1249,24939,1249,0,0.9935948759007206,0.9935948759007206,0.9935948759007206,0.0,0.1298932384341637,0.1298932384341637,1.0
oulab,16,stack_7_full,cutoff_valid_to_activity,cutoff_valid,0.05,28477,24939,1249,24367,509,740,0.9991993594875901,0.4067253803042434,0.9980353634577603,0.5924739791833467,0.09523082792827166,0.05317144651454888,0.9770640362484462
oulab,16,stack_7_full,static_full,cutoff_valid,0.05,32593,24939,1249,24939,186,1063,0.9975980784627703,0.1465172137710168,0.9838709677419355,0.8510808646917534,0.07240818224081823,0.01915428092945363,1.0
oulab,16,stack_7_full,activity_conditioned,cutoff_valid,0.1,28477,24939,2493,24367,966,1527,0.99558764540714,0.3830726032892098,0.9886128364389234,0.6125150421179302,0.18939336131247617,0.09995813271927988,0.9770640362484462
oulab,16,stack_7_full,activity_to_cutoff_valid,cutoff_valid,0.1,24939,24939,2493,24939,2493,0,0.9807460890493381,0.9807460890493381,0.9807460890493381,0.0,0.25591375340171657,0.25591375340171657,1.0
oulab,16,stack_7_full,cutoff_valid,cutoff_valid,0.1,24939,24939,2493,24939,2493,0,0.9803449659045327,0.9803449659045327,0.9803449659045327,0.0,0.25580908519991624,0.25580908519991624,1.0
oulab,16,stack_7_full,cutoff_valid_to_activity,cutoff_valid,0.1,28477,24939,2493,24367,1023,1470,0.99558764540714,0.40593662254312074,0.989247311827957,0.5896510228640193,0.18939336131247617,0.10592422022189658,0.9770640362484462
oulab,16,stack_7_full,static_full,cutoff_valid,0.1,32593,24939,2493,24939,458,2035,0.9979943842759728,0.18170878459687123,0.9890829694323144,0.8162855996791015,0.14458391445839144,0.04741469541553276,1.0
oulab,16,stack_7_full,activity_conditioned,cutoff_valid,0.2,28477,24939,4987,24367,2218,2769,0.9727290956486866,0.4174854622017245,0.9386834986474302,0.5552436334469621,0.37016405951926745,0.21791919614821018,0.9770640362484462
oulab,16,stack_7_full,activity_to_cutoff_valid,cutoff_valid,0.2,24939,24939,4987,24939,4987,0,0.9223982354120713,0.9223982354120713,0.9223982354120713,0.0,0.4814737282813481,0.4814737282813481,1.0
oulab,16,stack_7_full,cutoff_valid,cutoff_valid,0.2,24939,24939,4987,24939,4987,0,0.9195909364347303,0.9195909364347303,0.9195909364347303,0.0,0.480008373456144,0.480008373456144,1.0
oulab,16,stack_7_full,cutoff_valid_to_activity,cutoff_valid,0.2,28477,24939,4987,24367,2284,2703,0.9709244034489674,0.4289151794666132,0.9365148861646234,0.5420092239823541,0.3694772987409386,0.22388528365082688,0.9770640362484462
oulab,16,stack_7_full,static_full,cutoff_valid,0.2,32593,24939,4987,24939,1136,3851,0.9907760176458793,0.21856827752155605,0.9595070422535211,0.7722077401243232,0.2871338912133891,0.11408833996231944,1.0
oulab,16,temporal_hgb,activity_conditioned,cutoff_valid,0.01,28477,24939,251,24367,85,166,0.9960159362549801,0.3346613545816733,0.9882352941176471,0.6613545816733067,0.01907668828691339,0.008792128951224618,0.9770640362484462
oulab,16,temporal_hgb,activity_to_cutoff_valid,cutoff_valid,0.01,24939,24939,251,24939,251,0,0.9960159362549801,0.9960159362549801,0.9960159362549801,0.0,0.026167050450073268,0.026167050450073268,1.0
oulab,16,temporal_hgb,cutoff_valid,cutoff_valid,0.01,24939,24939,251,24939,251,0,0.9800796812749004,0.9800796812749004,0.9800796812749004,0.0,0.025748377642872095,0.025748377642872095,1.0
oulab,16,temporal_hgb,cutoff_valid_to_activity,cutoff_valid,0.01,28477,24939,251,24367,83,168,0.9960159362549801,0.32669322709163345,0.9879518072289156,0.6693227091633466,0.01907668828691339,0.008582792547624032,0.9770640362484462
oulab,16,temporal_hgb,static_full,cutoff_valid,0.01,32593,24939,251,24939,41,210,0.9760956175298805,0.1394422310756972,0.8536585365853658,0.8366533864541833,0.014237563923756393,0.0036633870630102573,1.0
oulab,16,temporal_hgb,activity_conditioned,cutoff_valid,0.05,28477,24939,1249,24367,469,780,0.9967974379503602,0.37229783827061647,0.9914712153518124,0.6244995996797438,0.0950019076688287,0.04867071383713628,0.9770640362484462
oulab,16,temporal_hgb,activity_to_cutoff_valid,cutoff_valid,0.05,24939,24939,1249,24939,1249,0,0.988791032826261,0.988791032826261,0.988791032826261,0.0,0.12926522922336195,0.12926522922336195,1.0
oulab,16,temporal_hgb,cutoff_valid,cutoff_valid,0.05,24939,24939,1249,24939,1249,0,0.9831865492393915,0.9831865492393915,0.9831865492393915,0.0,0.1285325518107599,0.1285325518107599,1.0
oulab,16,temporal_hgb,cutoff_valid_to_activity,cutoff_valid,0.05,28477,24939,1249,24367,497,752,0.9967974379503602,0.3947157726180945,0.9919517102615694,0.6020816653322658,0.0950019076688287,0.051601423487544484,0.9770640362484462
oulab,16,temporal_hgb,static_full,cutoff_valid,0.05,32593,24939,1249,24939,199,1050,0.9919935948759008,0.1513210568454764,0.949748743718593,0.8406725380304243,0.07200139470013947,0.01978229014025539,1.0
oulab,16,temporal_hgb,activity_conditioned,cutoff_valid,0.1,28477,24939,2493,24367,1017,1476,0.9935820296831127,0.40152426795026075,0.984267453294002,0.592057761732852,0.1890118275467379,0.10477287000209336,0.9770640362484462
oulab,16,temporal_hgb,activity_to_cutoff_valid,cutoff_valid,0.1,24939,24939,2493,24939,2493,0,0.9751303650220617,0.9751303650220617,0.9751303650220617,0.0,0.25444839857651247,0.25444839857651247,1.0
oulab,16,temporal_hgb,cutoff_valid,cutoff_valid,0.1,24939,24939,2493,24939,2493,0,0.9759326113116726,0.9759326113116726,0.9759326113116726,0.0,0.254657734980113,0.254657734980113,1.0
oulab,16,temporal_hgb,cutoff_valid_to_activity,cutoff_valid,0.1,28477,24939,2493,24367,1062,1431,0.9939831528279182,0.41997593261131166,0.9858757062146892,0.5740072202166066,0.18908813429988555,0.10958760728490685,0.9770640362484462
oulab,16,temporal_hgb,static_full,cutoff_valid,0.1,32593,24939,2493,24939,404,2089,0.9947853991175291,0.156839149618933,0.9678217821782178,0.8379462494985961,0.14411901441190145,0.04092526690391459,1.0
oulab,16,temporal_hgb,activity_conditioned,cutoff_valid,0.2,28477,24939,4987,24367,2277,2710,0.9699217966713455,0.42650892320032086,0.9341238471673254,0.5434128734710246,0.3690957649752003,0.22262926522922336,0.9770640362484462
oulab,16,temporal_hgb,activity_to_cutoff_valid,cutoff_valid,0.2,24939,24939,4987,24939,4987,0,0.9079606978143172,0.9079606978143172,0.9079606978143172,0.0,0.47393761775172705,0.47393761775172705,1.0
oulab,16,temporal_hgb,cutoff_valid,cutoff_valid,0.2,24939,24939,4987,24939,4987,0,0.9089633045919391,0.9089633045919391,0.9089633045919391,0.0,0.47446095876072847,0.47446095876072847,1.0
oulab,16,temporal_hgb,cutoff_valid_to_activity,cutoff_valid,0.2,28477,24939,4987,24367,2323,2664,0.9687186685381993,0.4345297774212954,0.9328454584588893,0.5341888911169039,0.3686379244563144,0.22681599330123509,0.9770640362484462
oulab,16,temporal_hgb,static_full,cutoff_valid,0.2,32593,24939,4987,24939,1122,3865,0.9869661118909164,0.21195107278925204,0.9420677361853832,0.7750150391016644,0.28602975360297533,0.11063428930290978,1.0
