comparison_type,dataset,week_from,week_to,model,budget,protocol,reference_protocol,jaccard,intersection,union
protocol,oulab,2,2,base_lr_profile,0.01,activity_conditioned,cutoff_valid,0.0,0,562
protocol,oulab,2,2,base_lr_profile,0.01,activity_to_cutoff_valid,cutoff_valid,0.07869481765834933,41,521
protocol,oulab,2,2,base_lr_profile,0.01,cutoff_valid_to_activity,cutoff_valid,0.0,0,562
protocol,oulab,2,2,base_lr_profile,0.01,static_full,cutoff_valid,0.21120689655172414,98,464
evaluation_population,oulab,2,2,base_lr_profile,0.01,activity_conditioned,activity_to_cutoff_valid,0.7134146341463414,234,328
evaluation_population,oulab,2,2,base_lr_profile,0.01,cutoff_valid,cutoff_valid_to_activity,0.0,0,562
protocol,oulab,2,2,base_lr_profile,0.05,activity_conditioned,cutoff_valid,0.04658963846440552,125,2683
protocol,oulab,2,2,base_lr_profile,0.05,activity_to_cutoff_valid,cutoff_valid,0.12997987927565394,323,2485
protocol,oulab,2,2,base_lr_profile,0.05,cutoff_valid_to_activity,cutoff_valid,0.04658963846440552,125,2683
protocol,oulab,2,2,base_lr_profile,0.05,static_full,cutoff_valid,0.2546916890080429,570,2238
evaluation_population,oulab,2,2,base_lr_profile,0.05,activity_conditioned,activity_to_cutoff_valid,0.7132397803538744,1169,1639
evaluation_population,oulab,2,2,base_lr_profile,0.05,cutoff_valid,cutoff_valid_to_activity,0.04658963846440552,125,2683
protocol,oulab,2,2,base_lr_profile,0.1,activity_conditioned,cutoff_valid,0.17661847894406035,843,4773
protocol,oulab,2,2,base_lr_profile,0.1,activity_to_cutoff_valid,cutoff_valid,0.27665378495112525,1217,4399
protocol,oulab,2,2,base_lr_profile,0.1,cutoff_valid_to_activity,cutoff_valid,0.1768650461022632,844,4772
protocol,oulab,2,2,base_lr_profile,0.1,static_full,cutoff_valid,0.2575011195700851,1150,4466
evaluation_population,oulab,2,2,base_lr_profile,0.1,activity_conditioned,activity_to_cutoff_valid,0.7419354838709677,2392,3224
evaluation_population,oulab,2,2,base_lr_profile,0.1,cutoff_valid,cutoff_valid_to_activity,0.1768650461022632,844,4772
protocol,oulab,2,2,base_lr_profile,0.2,activity_conditioned,cutoff_valid,0.3814153846153846,3099,8125
protocol,oulab,2,2,base_lr_profile,0.2,activity_to_cutoff_valid,cutoff_valid,0.5147098515519568,3814,7410
protocol,oulab,2,2,base_lr_profile,0.2,cutoff_valid_to_activity,cutoff_valid,0.38448254594794623,3117,8107
protocol,oulab,2,2,base_lr_profile,0.2,static_full,cutoff_valid,0.3046611647099849,2621,8603
evaluation_population,oulab,2,2,base_lr_profile,0.2,activity_conditioned,activity_to_cutoff_valid,0.7609036711641042,4850,6374
evaluation_population,oulab,2,2,base_lr_profile,0.2,cutoff_valid,cutoff_valid_to_activity,0.38448254594794623,3117,8107
protocol,oulab,2,2,base_rf_gini,0.01,activity_conditioned,cutoff_valid,0.04460966542750929,24,538
protocol,oulab,2,2,base_rf_gini,0.01,activity_to_cutoff_valid,cutoff_valid,0.2086021505376344,97,465
protocol,oulab,2,2,base_rf_gini,0.01,cutoff_valid_to_activity,cutoff_valid,0.04460966542750929,24,538
protocol,oulab,2,2,base_rf_gini,0.01,static_full,cutoff_valid,0.07251908396946564,38,524
evaluation_population,oulab,2,2,base_rf_gini,0.01,activity_conditioned,activity_to_cutoff_valid,0.3910891089108911,158,404
evaluation_population,oulab,2,2,base_rf_gini,0.01,cutoff_valid,cutoff_valid_to_activity,0.04460966542750929,24,538
protocol,oulab,2,2,base_rf_gini,0.05,activity_conditioned,cutoff_valid,0.14099959366111336,347,2461
protocol,oulab,2,2,base_rf_gini,0.05,activity_to_cutoff_valid,cutoff_valid,0.45191313340227507,874,1934
protocol,oulab,2,2,base_rf_gini,0.05,cutoff_valid_to_activity,cutoff_valid,0.14099959366111336,347,2461
protocol,oulab,2,2,base_rf_gini,0.05,static_full,cutoff_valid,0.13043478260869565,324,2484
evaluation_population,oulab,2,2,base_rf_gini,0.05,activity_conditioned,activity_to_cutoff_valid,0.38666666666666666,783,2025
evaluation_population,oulab,2,2,base_rf_gini,0.05,cutoff_valid,cutoff_valid_to_activity,0.14099959366111336,347,2461
protocol,oulab,2,2,base_rf_gini,0.1,activity_conditioned,cutoff_valid,0.23809523809523808,1080,4536
protocol,oulab,2,2,base_rf_gini,0.1,activity_to_cutoff_valid,cutoff_valid,0.6018254420992584,2110,3506
protocol,oulab,2,2,base_rf_gini,0.1,cutoff_valid_to_activity,cutoff_valid,0.23973509933774834,1086,4530
protocol,oulab,2,2,base_rf_gini,0.1,static_full,cutoff_valid,0.18331226295828065,870,4746
evaluation_population,oulab,2,2,base_rf_gini,0.1,activity_conditioned,activity_to_cutoff_valid,0.4326530612244898,1696,3920
evaluation_population,oulab,2,2,base_rf_gini,0.1,cutoff_valid,cutoff_valid_to_activity,0.23973509933774834,1086,4530
protocol,oulab,2,2,base_rf_gini,0.2,activity_conditioned,cutoff_valid,0.4153846153846154,3294,7930
protocol,oulab,2,2,base_rf_gini,0.2,activity_to_cutoff_valid,cutoff_valid,0.7748260594560404,4900,6324
protocol,oulab,2,2,base_rf_gini,0.2,cutoff_valid_to_activity,cutoff_valid,0.42310130594649425,3337,7887
protocol,oulab,2,2,base_rf_gini,0.2,static_full,cutoff_valid,0.28142482018495263,2465,8759
evaluation_population,oulab,2,2,base_rf_gini,0.2,activity_conditioned,activity_to_cutoff_valid,0.5289470099441493,3883,7341
evaluation_population,oulab,2,2,base_rf_gini,0.2,cutoff_valid,cutoff_valid_to_activity,0.42310130594649425,3337,7887
protocol,oulab,2,2,stack_7_full,0.01,activity_conditioned,cutoff_valid,0.08494208494208494,44,518
protocol,oulab,2,2,stack_7_full,0.01,activity_to_cutoff_valid,cutoff_valid,0.1172962226640159,59,503
protocol,oulab,2,2,stack_7_full,0.01,cutoff_valid_to_activity,cutoff_valid,0.09980430528375733,51,511
protocol,oulab,2,2,stack_7_full,0.01,static_full,cutoff_valid,0.07662835249042145,40,522
evaluation_population,oulab,2,2,stack_7_full,0.01,activity_conditioned,activity_to_cutoff_valid,0.6057142857142858,212,350
evaluation_population,oulab,2,2,stack_7_full,0.01,cutoff_valid,cutoff_valid_to_activity,0.09980430528375733,51,511
protocol,oulab,2,2,stack_7_full,0.05,activity_conditioned,cutoff_valid,0.1858108108108108,440,2368
protocol,oulab,2,2,stack_7_full,0.05,activity_to_cutoff_valid,cutoff_valid,0.25525257040679483,571,2237
protocol,oulab,2,2,stack_7_full,0.05,cutoff_valid_to_activity,cutoff_valid,0.19540229885057472,459,2349
protocol,oulab,2,2,stack_7_full,0.05,static_full,cutoff_valid,0.13180169286577992,327,2481
evaluation_population,oulab,2,2,stack_7_full,0.05,activity_conditioned,activity_to_cutoff_valid,0.6527369040612124,1109,1699
evaluation_population,oulab,2,2,stack_7_full,0.05,cutoff_valid,cutoff_valid_to_activity,0.19540229885057472,459,2349
protocol,oulab,2,2,stack_7_full,0.1,activity_conditioned,cutoff_valid,0.26629086809470126,1181,4435
protocol,oulab,2,2,stack_7_full,0.1,activity_to_cutoff_valid,cutoff_valid,0.3724340175953079,1524,4092
protocol,oulab,2,2,stack_7_full,0.1,cutoff_valid_to_activity,cutoff_valid,0.2775250227479527,1220,4396
protocol,oulab,2,2,stack_7_full,0.1,static_full,cutoff_valid,0.18356164383561643,871,4745
evaluation_population,oulab,2,2,stack_7_full,0.1,activity_conditioned,activity_to_cutoff_valid,0.6749179838950193,2263,3353
evaluation_population,oulab,2,2,stack_7_full,0.1,cutoff_valid,cutoff_valid_to_activity,0.2775250227479527,1220,4396
protocol,oulab,2,2,stack_7_full,0.2,activity_conditioned,cutoff_valid,0.40229885057471265,3220,8004
protocol,oulab,2,2,stack_7_full,0.2,activity_to_cutoff_valid,cutoff_valid,0.5895765472312704,4163,7061
protocol,oulab,2,2,stack_7_full,0.2,cutoff_valid_to_activity,cutoff_valid,0.4162776025236593,3299,7925
protocol,oulab,2,2,stack_7_full,0.2,static_full,cutoff_valid,0.27661510464058237,2432,8792
evaluation_population,oulab,2,2,stack_7_full,0.2,activity_conditioned,activity_to_cutoff_valid,0.6792339916217833,4540,6684
evaluation_population,oulab,2,2,stack_7_full,0.2,cutoff_valid,cutoff_valid_to_activity,0.4162776025236593,3299,7925
protocol,oulab,2,2,temporal_hgb,0.01,activity_conditioned,cutoff_valid,0.0,0,562
protocol,oulab,2,2,temporal_hgb,0.01,activity_to_cutoff_valid,cutoff_valid,0.0035714285714285713,2,560
protocol,oulab,2,2,temporal_hgb,0.01,cutoff_valid_to_activity,cutoff_valid,0.0,0,562
protocol,oulab,2,2,temporal_hgb,0.01,static_full,cutoff_valid,0.09551656920077972,49,513
evaluation_population,oulab,2,2,temporal_hgb,0.01,activity_conditioned,activity_to_cutoff_valid,0.6384839650145773,219,343
evaluation_population,oulab,2,2,temporal_hgb,0.01,cutoff_valid,cutoff_valid_to_activity,0.0,0,562
protocol,oulab,2,2,temporal_hgb,0.05,activity_conditioned,cutoff_valid,0.0053705692803437165,15,2793
protocol,oulab,2,2,temporal_hgb,0.05,activity_to_cutoff_valid,cutoff_valid,0.20154043645699615,471,2337
protocol,oulab,2,2,temporal_hgb,0.05,cutoff_valid_to_activity,cutoff_valid,0.0053705692803437165,15,2793
protocol,oulab,2,2,temporal_hgb,0.05,static_full,cutoff_valid,0.20308483290488433,474,2334
evaluation_population,oulab,2,2,temporal_hgb,0.05,activity_conditioned,activity_to_cutoff_valid,0.26032315978456017,580,2228
evaluation_population,oulab,2,2,temporal_hgb,0.05,cutoff_valid,cutoff_valid_to_activity,0.0053705692803437165,15,2793
protocol,oulab,2,2,temporal_hgb,0.1,activity_conditioned,cutoff_valid,0.13845530103385364,683,4933
protocol,oulab,2,2,temporal_hgb,0.1,activity_to_cutoff_valid,cutoff_valid,0.5963615690733371,2098,3518
protocol,oulab,2,2,temporal_hgb,0.1,cutoff_valid_to_activity,cutoff_valid,0.13891705536402352,685,4931
protocol,oulab,2,2,temporal_hgb,0.1,static_full,cutoff_valid,0.2452328159645233,1106,4510
evaluation_population,oulab,2,2,temporal_hgb,0.1,activity_conditioned,activity_to_cutoff_valid,0.23564356435643563,1071,4545
evaluation_population,oulab,2,2,temporal_hgb,0.1,cutoff_valid,cutoff_valid_to_activity,0.13891705536402352,685,4931
protocol,oulab,2,2,temporal_hgb,0.2,activity_conditioned,cutoff_valid,0.36944851146900926,3028,8196
protocol,oulab,2,2,temporal_hgb,0.2,activity_to_cutoff_valid,cutoff_valid,0.8552066115702479,5174,6050
protocol,oulab,2,2,temporal_hgb,0.2,cutoff_valid_to_activity,cutoff_valid,0.373134328358209,3050,8174
protocol,oulab,2,2,temporal_hgb,0.2,static_full,cutoff_valid,0.30193713026331054,2603,8621
evaluation_population,oulab,2,2,temporal_hgb,0.2,activity_conditioned,activity_to_cutoff_valid,0.40229885057471265,3220,8004
evaluation_population,oulab,2,2,temporal_hgb,0.2,cutoff_valid,cutoff_valid_to_activity,0.373134328358209,3050,8174
protocol,oulab,4,4,base_lr_profile,0.01,activity_conditioned,cutoff_valid,0.007352941176470588,4,544
protocol,oulab,4,4,base_lr_profile,0.01,activity_to_cutoff_valid,cutoff_valid,0.05182341650671785,27,521
protocol,oulab,4,4,base_lr_profile,0.01,cutoff_valid_to_activity,cutoff_valid,0.007352941176470588,4,544
protocol,oulab,4,4,base_lr_profile,0.01,static_full,cutoff_valid,0.16101694915254236,76,472
evaluation_population,oulab,4,4,base_lr_profile,0.01,activity_conditioned,activity_to_cutoff_valid,0.7507987220447284,235,313
evaluation_population,oulab,4,4,base_lr_profile,0.01,cutoff_valid,cutoff_valid_to_activity,0.007352941176470588,4,544
protocol,oulab,4,4,base_lr_profile,0.05,activity_conditioned,cutoff_valid,0.21485411140583555,486,2262
protocol,oulab,4,4,base_lr_profile,0.05,activity_to_cutoff_valid,cutoff_valid,0.2763585694379935,595,2153
protocol,oulab,4,4,base_lr_profile,0.05,cutoff_valid_to_activity,cutoff_valid,0.22133333333333333,498,2250
protocol,oulab,4,4,base_lr_profile,0.05,static_full,cutoff_valid,0.15949367088607594,378,2370
evaluation_population,oulab,4,4,base_lr_profile,0.05,activity_conditioned,activity_to_cutoff_valid,0.7592829705505761,1186,1562
evaluation_population,oulab,4,4,base_lr_profile,0.05,cutoff_valid,cutoff_valid_to_activity,0.22133333333333333,498,2250
protocol,oulab,4,4,base_lr_profile,0.1,activity_conditioned,cutoff_valid,0.4209032258064516,1631,3875
protocol,oulab,4,4,base_lr_profile,0.1,activity_to_cutoff_valid,cutoff_valid,0.5105624142661179,1861,3645
protocol,oulab,4,4,base_lr_profile,0.1,cutoff_valid_to_activity,cutoff_valid,0.4539213097438606,1719,3787
protocol,oulab,4,4,base_lr_profile,0.1,static_full,cutoff_valid,0.1576955424726661,750,4756
evaluation_population,oulab,4,4,base_lr_profile,0.1,activity_conditioned,activity_to_cutoff_valid,0.7899869960988296,2430,3076
evaluation_population,oulab,4,4,base_lr_profile,0.1,cutoff_valid,cutoff_valid_to_activity,0.4539213097438606,1719,3787
protocol,oulab,4,4,base_lr_profile,0.2,activity_conditioned,cutoff_valid,0.5914475585091015,4094,6922
protocol,oulab,4,4,base_lr_profile,0.2,activity_to_cutoff_valid,cutoff_valid,0.7021013597033374,4544,6472
protocol,oulab,4,4,base_lr_profile,0.2,cutoff_valid_to_activity,cutoff_valid,0.6481149012567325,4332,6684
protocol,oulab,4,4,base_lr_profile,0.2,static_full,cutoff_valid,0.24012158054711247,2133,8883
evaluation_population,oulab,4,4,base_lr_profile,0.2,activity_conditioned,activity_to_cutoff_valid,0.8026509572901326,4905,6111
evaluation_population,oulab,4,4,base_lr_profile,0.2,cutoff_valid,cutoff_valid_to_activity,0.6481149012567325,4332,6684
protocol,oulab,4,4,base_rf_gini,0.01,activity_conditioned,cutoff_valid,0.0703125,36,512
protocol,oulab,4,4,base_rf_gini,0.01,activity_to_cutoff_valid,cutoff_valid,0.2773892773892774,119,429
protocol,oulab,4,4,base_rf_gini,0.01,cutoff_valid_to_activity,cutoff_valid,0.08086785009861933,41,507
protocol,oulab,4,4,base_rf_gini,0.01,static_full,cutoff_valid,0.07450980392156863,38,510
evaluation_population,oulab,4,4,base_rf_gini,0.01,activity_conditioned,activity_to_cutoff_valid,0.28941176470588237,123,425
evaluation_population,oulab,4,4,base_rf_gini,0.01,cutoff_valid,cutoff_valid_to_activity,0.08086785009861933,41,507
protocol,oulab,4,4,base_rf_gini,0.05,activity_conditioned,cutoff_valid,0.20367936925098554,465,2283
protocol,oulab,4,4,base_rf_gini,0.05,activity_to_cutoff_valid,cutoff_valid,0.6604229607250756,1093,1655
protocol,oulab,4,4,base_rf_gini,0.05,cutoff_valid_to_activity,cutoff_valid,0.2669432918395574,579,2169
protocol,oulab,4,4,base_rf_gini,0.05,static_full,cutoff_valid,0.0965682362330407,242,2506
evaluation_population,oulab,4,4,base_rf_gini,0.05,activity_conditioned,activity_to_cutoff_valid,0.3256150506512301,675,2073
evaluation_population,oulab,4,4,base_rf_gini,0.05,cutoff_valid,cutoff_valid_to_activity,0.2669432918395574,579,2169
protocol,oulab,4,4,base_rf_gini,0.1,activity_conditioned,cutoff_valid,0.35315802408454167,1437,4069
protocol,oulab,4,4,base_rf_gini,0.1,activity_to_cutoff_valid,cutoff_valid,0.7917344614383339,2433,3073
protocol,oulab,4,4,base_rf_gini,0.1,cutoff_valid_to_activity,cutoff_valid,0.417610710607621,1622,3884
protocol,oulab,4,4,base_rf_gini,0.1,static_full,cutoff_valid,0.1112008072653885,551,4955
evaluation_population,oulab,4,4,base_rf_gini,0.1,activity_conditioned,activity_to_cutoff_valid,0.4231067459291807,1637,3869
evaluation_population,oulab,4,4,base_rf_gini,0.1,cutoff_valid,cutoff_valid_to_activity,0.417610710607621,1622,3884
protocol,oulab,4,4,base_rf_gini,0.2,activity_conditioned,cutoff_valid,0.5274542429284526,3804,7212
protocol,oulab,4,4,base_rf_gini,0.2,activity_to_cutoff_valid,cutoff_valid,0.8668022369089985,5115,5901
protocol,oulab,4,4,base_rf_gini,0.2,cutoff_valid_to_activity,cutoff_valid,0.5641062047422973,3973,7043
protocol,oulab,4,4,base_rf_gini,0.2,static_full,cutoff_valid,0.1909189189189189,1766,9250
evaluation_population,oulab,4,4,base_rf_gini,0.2,activity_conditioned,activity_to_cutoff_valid,0.5791284403669725,4040,6976
evaluation_population,oulab,4,4,base_rf_gini,0.2,cutoff_valid,cutoff_valid_to_activity,0.5641062047422973,3973,7043
protocol,oulab,4,4,stack_7_full,0.01,activity_conditioned,cutoff_valid,0.12757201646090535,62,486
protocol,oulab,4,4,stack_7_full,0.01,activity_to_cutoff_valid,cutoff_valid,0.19130434782608696,88,460
protocol,oulab,4,4,stack_7_full,0.01,cutoff_valid_to_activity,cutoff_valid,0.19130434782608696,88,460
protocol,oulab,4,4,stack_7_full,0.01,static_full,cutoff_valid,0.05384615384615385,28,520
evaluation_population,oulab,4,4,stack_7_full,0.01,activity_conditioned,activity_to_cutoff_valid,0.3047619047619048,128,420
evaluation_population,oulab,4,4,stack_7_full,0.01,cutoff_valid,cutoff_valid_to_activity,0.19130434782608696,88,460
protocol,oulab,4,4,stack_7_full,0.05,activity_conditioned,cutoff_valid,0.2395128552097429,531,2217
protocol,oulab,4,4,stack_7_full,0.05,activity_to_cutoff_valid,cutoff_valid,0.36377171215880894,733,2015
protocol,oulab,4,4,stack_7_full,0.05,cutoff_valid_to_activity,cutoff_valid,0.29745042492917845,630,2118
protocol,oulab,4,4,stack_7_full,0.05,static_full,cutoff_valid,0.09351372861122165,235,2513
evaluation_population,oulab,4,4,stack_7_full,0.05,activity_conditioned,activity_to_cutoff_valid,0.3928028383172833,775,1973
evaluation_population,oulab,4,4,stack_7_full,0.05,cutoff_valid,cutoff_valid_to_activity,0.29745042492917845,630,2118
protocol,oulab,4,4,stack_7_full,0.1,activity_conditioned,cutoff_valid,0.3370568237008256,1388,4118
protocol,oulab,4,4,stack_7_full,0.1,activity_to_cutoff_valid,cutoff_valid,0.5830937320299022,2028,3478
protocol,oulab,4,4,stack_7_full,0.1,cutoff_valid_to_activity,cutoff_valid,0.38064192577733197,1518,3988
protocol,oulab,4,4,stack_7_full,0.1,static_full,cutoff_valid,0.11660920705739201,575,4931
evaluation_population,oulab,4,4,stack_7_full,0.1,activity_conditioned,activity_to_cutoff_valid,0.46748400852878463,1754,3752
evaluation_population,oulab,4,4,stack_7_full,0.1,cutoff_valid,cutoff_valid_to_activity,0.38064192577733197,1518,3988
protocol,oulab,4,4,stack_7_full,0.2,activity_conditioned,cutoff_valid,0.5109038540666575,3725,7291
protocol,oulab,4,4,stack_7_full,0.2,activity_to_cutoff_valid,cutoff_valid,0.7953063885267275,4880,6136
protocol,oulab,4,4,stack_7_full,0.2,cutoff_valid_to_activity,cutoff_valid,0.537044788614483,3849,7167
protocol,oulab,4,4,stack_7_full,0.2,static_full,cutoff_valid,0.1898898250162022,1758,9258
evaluation_population,oulab,4,4,stack_7_full,0.2,activity_conditioned,activity_to_cutoff_valid,0.5914475585091015,4094,6922
evaluation_population,oulab,4,4,stack_7_full,0.2,cutoff_valid,cutoff_valid_to_activity,0.537044788614483,3849,7167
protocol,oulab,4,4,temporal_hgb,0.01,activity_conditioned,cutoff_valid,0.16101694915254236,76,472
protocol,oulab,4,4,temporal_hgb,0.01,activity_to_cutoff_valid,cutoff_valid,0.1810344827586207,84,464
protocol,oulab,4,4,temporal_hgb,0.01,cutoff_valid_to_activity,cutoff_valid,0.23146067415730337,103,445
protocol,oulab,4,4,temporal_hgb,0.01,static_full,cutoff_valid,0.04182509505703422,22,526
evaluation_population,oulab,4,4,temporal_hgb,0.01,activity_conditioned,activity_to_cutoff_valid,0.5350140056022409,191,357
evaluation_population,oulab,4,4,temporal_hgb,0.01,cutoff_valid,cutoff_valid_to_activity,0.23146067415730337,103,445
protocol,oulab,4,4,temporal_hgb,0.05,activity_conditioned,cutoff_valid,0.20685111989459815,471,2277
protocol,oulab,4,4,temporal_hgb,0.05,activity_to_cutoff_valid,cutoff_valid,0.513215859030837,932,1816
protocol,oulab,4,4,temporal_hgb,0.05,cutoff_valid_to_activity,cutoff_valid,0.27281148679944417,589,2159
protocol,oulab,4,4,temporal_hgb,0.05,static_full,cutoff_valid,0.10628019323671498,264,2484
evaluation_population,oulab,4,4,temporal_hgb,0.05,activity_conditioned,activity_to_cutoff_valid,0.3928028383172833,775,1973
evaluation_population,oulab,4,4,temporal_hgb,0.05,cutoff_valid,cutoff_valid_to_activity,0.27281148679944417,589,2159
protocol,oulab,4,4,temporal_hgb,0.1,activity_conditioned,cutoff_valid,0.3412911084043849,1401,4105
protocol,oulab,4,4,temporal_hgb,0.1,activity_to_cutoff_valid,cutoff_valid,0.6853382307927762,2239,3267
protocol,oulab,4,4,temporal_hgb,0.1,cutoff_valid_to_activity,cutoff_valid,0.42457956015523934,1641,3865
protocol,oulab,4,4,temporal_hgb,0.1,static_full,cutoff_valid,0.13948675496688742,674,4832
evaluation_population,oulab,4,4,temporal_hgb,0.1,activity_conditioned,activity_to_cutoff_valid,0.4558434690639873,1724,3782
evaluation_population,oulab,4,4,temporal_hgb,0.1,cutoff_valid,cutoff_valid_to_activity,0.42457956015523934,1641,3865
protocol,oulab,4,4,temporal_hgb,0.2,activity_conditioned,cutoff_valid,0.5200772733544915,3769,7247
protocol,oulab,4,4,temporal_hgb,0.2,activity_to_cutoff_valid,cutoff_valid,0.848012078510317,5055,5961
protocol,oulab,4,4,temporal_hgb,0.2,cutoff_valid_to_activity,cutoff_valid,0.5909878682842288,4092,6924
protocol,oulab,4,4,temporal_hgb,0.2,static_full,cutoff_valid,0.21241470394012768,1930,9086
evaluation_population,oulab,4,4,temporal_hgb,0.2,activity_conditioned,activity_to_cutoff_valid,0.5777714122028073,4034,6982
evaluation_population,oulab,4,4,temporal_hgb,0.2,cutoff_valid,cutoff_valid_to_activity,0.5909878682842288,4092,6924
protocol,oulab,6,6,base_lr_profile,0.01,activity_conditioned,cutoff_valid,0.011278195488721804,6,532
protocol,oulab,6,6,base_lr_profile,0.01,activity_to_cutoff_valid,cutoff_valid,0.04263565891472868,22,516
protocol,oulab,6,6,base_lr_profile,0.01,cutoff_valid_to_activity,cutoff_valid,0.013182674199623353,7,531
protocol,oulab,6,6,base_lr_profile,0.01,static_full,cutoff_valid,0.14712153518123666,69,469
evaluation_population,oulab,6,6,base_lr_profile,0.01,activity_conditioned,activity_to_cutoff_valid,0.729903536977492,227,311
evaluation_population,oulab,6,6,base_lr_profile,0.01,cutoff_valid,cutoff_valid_to_activity,0.013182674199623353,7,531
protocol,oulab,6,6,base_lr_profile,0.05,activity_conditioned,cutoff_valid,0.27547169811320754,584,2120
protocol,oulab,6,6,base_lr_profile,0.05,activity_to_cutoff_valid,cutoff_valid,0.3392768697374938,685,2019
protocol,oulab,6,6,base_lr_profile,0.05,cutoff_valid_to_activity,cutoff_valid,0.29688249400479616,619,2085
protocol,oulab,6,6,base_lr_profile,0.05,static_full,cutoff_valid,0.1366120218579235,325,2379
evaluation_population,oulab,6,6,base_lr_profile,0.05,activity_conditioned,activity_to_cutoff_valid,0.743391360412637,1153,1551
evaluation_population,oulab,6,6,base_lr_profile,0.05,cutoff_valid,cutoff_valid_to_activity,0.29688249400479616,619,2085
protocol,oulab,6,6,base_lr_profile,0.1,activity_conditioned,cutoff_valid,0.44918208635022794,1675,3729
protocol,oulab,6,6,base_lr_profile,0.1,activity_to_cutoff_valid,cutoff_valid,0.5426777048244362,1901,3503
protocol,oulab,6,6,base_lr_profile,0.1,cutoff_valid_to_activity,cutoff_valid,0.5179775280898876,1844,3560
protocol,oulab,6,6,base_lr_profile,0.1,static_full,cutoff_valid,0.13386487620646245,638,4766
evaluation_population,oulab,6,6,base_lr_profile,0.1,activity_conditioned,activity_to_cutoff_valid,0.7677461563624468,2347,3057
evaluation_population,oulab,6,6,base_lr_profile,0.1,cutoff_valid,cutoff_valid_to_activity,0.5179775280898876,1844,3560
protocol,oulab,6,6,base_lr_profile,0.2,activity_conditioned,cutoff_valid,0.6068401486988848,4081,6725
protocol,oulab,6,6,base_lr_profile,0.2,activity_to_cutoff_valid,cutoff_valid,0.7237198915297496,4537,6269
protocol,oulab,6,6,base_lr_profile,0.2,cutoff_valid_to_activity,cutoff_valid,0.6865927891368815,4399,6407
protocol,oulab,6,6,base_lr_profile,0.2,static_full,cutoff_valid,0.22295156179266637,1970,8836
evaluation_population,oulab,6,6,base_lr_profile,0.2,activity_conditioned,activity_to_cutoff_valid,0.7784726793943384,4730,6076
evaluation_population,oulab,6,6,base_lr_profile,0.2,cutoff_valid,cutoff_valid_to_activity,0.6865927891368815,4399,6407
protocol,oulab,6,6,base_rf_gini,0.01,activity_conditioned,cutoff_valid,0.07171314741035857,36,502
protocol,oulab,6,6,base_rf_gini,0.01,activity_to_cutoff_valid,cutoff_valid,0.2995169082125604,124,414
protocol,oulab,6,6,base_rf_gini,0.01,cutoff_valid_to_activity,cutoff_valid,0.11618257261410789,56,482
protocol,oulab,6,6,base_rf_gini,0.01,static_full,cutoff_valid,0.05905511811023622,30,508
evaluation_population,oulab,6,6,base_rf_gini,0.01,activity_conditioned,activity_to_cutoff_valid,0.24537037037037038,106,432
evaluation_population,oulab,6,6,base_rf_gini,0.01,cutoff_valid,cutoff_valid_to_activity,0.11618257261410789,56,482
protocol,oulab,6,6,base_rf_gini,0.05,activity_conditioned,cutoff_valid,0.2087617344658024,467,2237
protocol,oulab,6,6,base_rf_gini,0.05,activity_to_cutoff_valid,cutoff_valid,0.7300063979526551,1141,1563
protocol,oulab,6,6,base_rf_gini,0.05,cutoff_valid_to_activity,cutoff_valid,0.25127255900046275,543,2161
protocol,oulab,6,6,base_rf_gini,0.05,static_full,cutoff_valid,0.0894439967767929,222,2482
evaluation_population,oulab,6,6,base_rf_gini,0.05,activity_conditioned,activity_to_cutoff_valid,0.2635514018691589,564,2140
evaluation_population,oulab,6,6,base_rf_gini,0.05,cutoff_valid,cutoff_valid_to_activity,0.25127255900046275,543,2161
protocol,oulab,6,6,base_rf_gini,0.1,activity_conditioned,cutoff_valid,0.30910852713178294,1276,4128
protocol,oulab,6,6,base_rf_gini,0.1,activity_to_cutoff_valid,cutoff_valid,0.8349745331069609,2459,2945
protocol,oulab,6,6,base_rf_gini,0.1,cutoff_valid_to_activity,cutoff_valid,0.3349802371541502,1356,4048
protocol,oulab,6,6,base_rf_gini,0.1,static_full,cutoff_valid,0.10375816993464053,508,4896
evaluation_population,oulab,6,6,base_rf_gini,0.1,activity_conditioned,activity_to_cutoff_valid,0.3429423459244533,1380,4024
evaluation_population,oulab,6,6,base_rf_gini,0.1,cutoff_valid,cutoff_valid_to_activity,0.3349802371541502,1356,4048
protocol,oulab,6,6,base_rf_gini,0.2,activity_conditioned,cutoff_valid,0.4764312064489684,3487,7319
protocol,oulab,6,6,base_rf_gini,0.2,activity_to_cutoff_valid,cutoff_valid,0.8921379793381194,5095,5711
protocol,oulab,6,6,base_rf_gini,0.2,cutoff_valid_to_activity,cutoff_valid,0.49171728326891223,3562,7244
protocol,oulab,6,6,base_rf_gini,0.2,static_full,cutoff_valid,0.16156078684295389,1503,9303
evaluation_population,oulab,6,6,base_rf_gini,0.2,activity_conditioned,activity_to_cutoff_valid,0.507954228300307,3640,7166
evaluation_population,oulab,6,6,base_rf_gini,0.2,cutoff_valid,cutoff_valid_to_activity,0.49171728326891223,3562,7244
protocol,oulab,6,6,stack_7_full,0.01,activity_conditioned,cutoff_valid,0.11850311850311851,57,481
protocol,oulab,6,6,stack_7_full,0.01,activity_to_cutoff_valid,cutoff_valid,0.2840095465393795,119,419
protocol,oulab,6,6,stack_7_full,0.01,cutoff_valid_to_activity,cutoff_valid,0.1902654867256637,86,452
protocol,oulab,6,6,stack_7_full,0.01,static_full,cutoff_valid,0.06534653465346535,33,505
evaluation_population,oulab,6,6,stack_7_full,0.01,activity_conditioned,activity_to_cutoff_valid,0.25995316159250587,111,427
evaluation_population,oulab,6,6,stack_7_full,0.01,cutoff_valid,cutoff_valid_to_activity,0.1902654867256637,86,452
protocol,oulab,6,6,stack_7_full,0.05,activity_conditioned,cutoff_valid,0.2240832956088728,495,2209
protocol,oulab,6,6,stack_7_full,0.05,activity_to_cutoff_valid,cutoff_valid,0.41793392763502885,797,1907
protocol,oulab,6,6,stack_7_full,0.05,cutoff_valid_to_activity,cutoff_valid,0.24896073903002308,539,2165
protocol,oulab,6,6,stack_7_full,0.05,static_full,cutoff_valid,0.0982940698619009,242,2462
evaluation_population,oulab,6,6,stack_7_full,0.05,activity_conditioned,activity_to_cutoff_valid,0.3235438081253059,661,2043
evaluation_population,oulab,6,6,stack_7_full,0.05,cutoff_valid,cutoff_valid_to_activity,0.24896073903002308,539,2165
protocol,oulab,6,6,stack_7_full,0.1,activity_conditioned,cutoff_valid,0.2956125629345481,1233,4171
protocol,oulab,6,6,stack_7_full,0.1,activity_to_cutoff_valid,cutoff_valid,0.5755102040816327,1974,3430
protocol,oulab,6,6,stack_7_full,0.1,cutoff_valid_to_activity,cutoff_valid,0.3209484233683696,1313,4091
protocol,oulab,6,6,stack_7_full,0.1,static_full,cutoff_valid,0.11930405965202982,576,4828
evaluation_population,oulab,6,6,stack_7_full,0.1,activity_conditioned,activity_to_cutoff_valid,0.3789231946925236,1485,3919
evaluation_population,oulab,6,6,stack_7_full,0.1,cutoff_valid,cutoff_valid_to_activity,0.3209484233683696,1313,4091
protocol,oulab,6,6,stack_7_full,0.2,activity_conditioned,cutoff_valid,0.46145523397349203,3412,7394
protocol,oulab,6,6,stack_7_full,0.2,activity_to_cutoff_valid,cutoff_valid,0.7870018190838433,4759,6047
protocol,oulab,6,6,stack_7_full,0.2,cutoff_valid_to_activity,cutoff_valid,0.48720066061106526,3540,7266
protocol,oulab,6,6,stack_7_full,0.2,static_full,cutoff_valid,0.16206043660608668,1507,9299
evaluation_population,oulab,6,6,stack_7_full,0.2,activity_conditioned,activity_to_cutoff_valid,0.5305949008498584,3746,7060
evaluation_population,oulab,6,6,stack_7_full,0.2,cutoff_valid,cutoff_valid_to_activity,0.48720066061106526,3540,7266
protocol,oulab,6,6,temporal_hgb,0.01,activity_conditioned,cutoff_valid,0.06324110671936758,32,506
protocol,oulab,6,6,temporal_hgb,0.01,activity_to_cutoff_valid,cutoff_valid,0.12552301255230125,60,478
protocol,oulab,6,6,temporal_hgb,0.01,cutoff_valid_to_activity,cutoff_valid,0.1902654867256637,86,452
protocol,oulab,6,6,temporal_hgb,0.01,static_full,cutoff_valid,0.04873294346978557,25,513
evaluation_population,oulab,6,6,temporal_hgb,0.01,activity_conditioned,activity_to_cutoff_valid,0.3154034229828851,129,409
evaluation_population,oulab,6,6,temporal_hgb,0.01,cutoff_valid,cutoff_valid_to_activity,0.1902654867256637,86,452
protocol,oulab,6,6,temporal_hgb,0.05,activity_conditioned,cutoff_valid,0.16601983613626564,385,2319
protocol,oulab,6,6,temporal_hgb,0.05,activity_to_cutoff_valid,cutoff_valid,0.49806094182825483,899,1805
protocol,oulab,6,6,temporal_hgb,0.05,cutoff_valid_to_activity,cutoff_valid,0.2900763358778626,608,2096
protocol,oulab,6,6,temporal_hgb,0.05,static_full,cutoff_valid,0.10142566191446029,249,2455
evaluation_population,oulab,6,6,temporal_hgb,0.05,activity_conditioned,activity_to_cutoff_valid,0.3486284289276808,699,2005
evaluation_population,oulab,6,6,temporal_hgb,0.05,cutoff_valid,cutoff_valid_to_activity,0.2900763358778626,608,2096
protocol,oulab,6,6,temporal_hgb,0.1,activity_conditioned,cutoff_valid,0.3024825259098578,1255,4149
protocol,oulab,6,6,temporal_hgb,0.1,activity_to_cutoff_valid,cutoff_valid,0.6988368437598239,2223,3181
protocol,oulab,6,6,temporal_hgb,0.1,cutoff_valid_to_activity,cutoff_valid,0.4150301125949201,1585,3819
protocol,oulab,6,6,temporal_hgb,0.1,static_full,cutoff_valid,0.1204644412191582,581,4823
evaluation_population,oulab,6,6,temporal_hgb,0.1,activity_conditioned,activity_to_cutoff_valid,0.3974657357124386,1537,3867
evaluation_population,oulab,6,6,temporal_hgb,0.1,cutoff_valid,cutoff_valid_to_activity,0.4150301125949201,1585,3819
protocol,oulab,6,6,temporal_hgb,0.2,activity_conditioned,cutoff_valid,0.4886347981815677,3547,7259
protocol,oulab,6,6,temporal_hgb,0.2,activity_to_cutoff_valid,cutoff_valid,0.8734396671289875,5038,5768
protocol,oulab,6,6,temporal_hgb,0.2,cutoff_valid_to_activity,cutoff_valid,0.5476940704669149,3824,6982
protocol,oulab,6,6,temporal_hgb,0.2,static_full,cutoff_valid,0.17712418300653596,1626,9180
evaluation_population,oulab,6,6,temporal_hgb,0.2,activity_conditioned,activity_to_cutoff_valid,0.5077438258685643,3639,7167
evaluation_population,oulab,6,6,temporal_hgb,0.2,cutoff_valid,cutoff_valid_to_activity,0.5476940704669149,3824,6982
protocol,oulab,8,8,base_lr_profile,0.01,activity_conditioned,cutoff_valid,0.011363636363636364,6,528
protocol,oulab,8,8,base_lr_profile,0.01,activity_to_cutoff_valid,cutoff_valid,0.038910505836575876,20,514
protocol,oulab,8,8,base_lr_profile,0.01,cutoff_valid_to_activity,cutoff_valid,0.013282732447817837,7,527
protocol,oulab,8,8,base_lr_profile,0.01,static_full,cutoff_valid,0.13135593220338984,62,472
evaluation_population,oulab,8,8,base_lr_profile,0.01,activity_conditioned,activity_to_cutoff_valid,0.6739811912225705,215,319
evaluation_population,oulab,8,8,base_lr_profile,0.01,cutoff_valid,cutoff_valid_to_activity,0.013282732447817837,7,527
protocol,oulab,8,8,base_lr_profile,0.05,activity_conditioned,cutoff_valid,0.2870999030067895,592,2062
protocol,oulab,8,8,base_lr_profile,0.05,activity_to_cutoff_valid,cutoff_valid,0.35823950870010235,700,1954
protocol,oulab,8,8,base_lr_profile,0.05,cutoff_valid_to_activity,cutoff_valid,0.32435129740518964,650,2004
protocol,oulab,8,8,base_lr_profile,0.05,static_full,cutoff_valid,0.12888132709485325,303,2351
evaluation_population,oulab,8,8,base_lr_profile,0.05,activity_conditioned,activity_to_cutoff_valid,0.7045600513808606,1097,1557
evaluation_population,oulab,8,8,base_lr_profile,0.05,cutoff_valid,cutoff_valid_to_activity,0.32435129740518964,650,2004
protocol,oulab,8,8,base_lr_profile,0.1,activity_conditioned,cutoff_valid,0.45315068493150684,1654,3650
protocol,oulab,8,8,base_lr_profile,0.1,activity_to_cutoff_valid,cutoff_valid,0.5522388059701493,1887,3417
protocol,oulab,8,8,base_lr_profile,0.1,cutoff_valid_to_activity,cutoff_valid,0.5441048034934498,1869,3435
protocol,oulab,8,8,base_lr_profile,0.1,static_full,cutoff_valid,0.12301503281812408,581,4723
evaluation_population,oulab,8,8,base_lr_profile,0.1,activity_conditioned,activity_to_cutoff_valid,0.7316356513222331,2241,3063
evaluation_population,oulab,8,8,base_lr_profile,0.1,cutoff_valid,cutoff_valid_to_activity,0.5441048034934498,1869,3435
protocol,oulab,8,8,base_lr_profile,0.2,activity_conditioned,cutoff_valid,0.5987337955984323,3972,6634
protocol,oulab,8,8,base_lr_profile,0.2,activity_to_cutoff_valid,cutoff_valid,0.7259560618388934,4461,6145
protocol,oulab,8,8,base_lr_profile,0.2,cutoff_valid_to_activity,cutoff_valid,0.6893915259636827,4328,6278
protocol,oulab,8,8,base_lr_profile,0.2,static_full,cutoff_valid,0.21073059360730595,1846,8760
evaluation_population,oulab,8,8,base_lr_profile,0.2,activity_conditioned,activity_to_cutoff_valid,0.7481457062798748,4539,6067
evaluation_population,oulab,8,8,base_lr_profile,0.2,cutoff_valid,cutoff_valid_to_activity,0.6893915259636827,4328,6278
protocol,oulab,8,8,base_rf_gini,0.01,activity_conditioned,cutoff_valid,0.14838709677419354,69,465
protocol,oulab,8,8,base_rf_gini,0.01,activity_to_cutoff_valid,cutoff_valid,0.3798449612403101,147,387
protocol,oulab,8,8,base_rf_gini,0.01,cutoff_valid_to_activity,cutoff_valid,0.22758620689655173,99,435
protocol,oulab,8,8,base_rf_gini,0.01,static_full,cutoff_valid,0.036893203883495145,19,515
evaluation_population,oulab,8,8,base_rf_gini,0.01,activity_conditioned,activity_to_cutoff_valid,0.24186046511627907,104,430
evaluation_population,oulab,8,8,base_rf_gini,0.01,cutoff_valid,cutoff_valid_to_activity,0.22758620689655173,99,435
protocol,oulab,8,8,base_rf_gini,0.05,activity_conditioned,cutoff_valid,0.2129798903107861,466,2188
protocol,oulab,8,8,base_rf_gini,0.05,activity_to_cutoff_valid,cutoff_valid,0.7391874180865007,1128,1526
protocol,oulab,8,8,base_rf_gini,0.05,cutoff_valid_to_activity,cutoff_valid,0.24425691514299108,521,2133
protocol,oulab,8,8,base_rf_gini,0.05,static_full,cutoff_valid,0.08370763576970192,205,2449
evaluation_population,oulab,8,8,base_rf_gini,0.05,activity_conditioned,activity_to_cutoff_valid,0.2572240644244434,543,2111
evaluation_population,oulab,8,8,base_rf_gini,0.05,cutoff_valid,cutoff_valid_to_activity,0.24425691514299108,521,2133
protocol,oulab,8,8,base_rf_gini,0.1,activity_conditioned,cutoff_valid,0.26587112171837707,1114,4190
protocol,oulab,8,8,base_rf_gini,0.1,activity_to_cutoff_valid,cutoff_valid,0.8327574291637871,2410,2894
protocol,oulab,8,8,base_rf_gini,0.1,cutoff_valid_to_activity,cutoff_valid,0.2811594202898551,1164,4140
protocol,oulab,8,8,base_rf_gini,0.1,static_full,cutoff_valid,0.09995852343425965,482,4822
evaluation_population,oulab,8,8,base_rf_gini,0.1,activity_conditioned,activity_to_cutoff_valid,0.30672579453067256,1245,4059
evaluation_population,oulab,8,8,base_rf_gini,0.1,cutoff_valid,cutoff_valid_to_activity,0.2811594202898551,1164,4140
protocol,oulab,8,8,base_rf_gini,0.2,activity_conditioned,cutoff_valid,0.404396186440678,3054,7552
protocol,oulab,8,8,base_rf_gini,0.2,activity_to_cutoff_valid,cutoff_valid,0.918249231325737,5077,5529
protocol,oulab,8,8,base_rf_gini,0.2,cutoff_valid_to_activity,cutoff_valid,0.4126265316995205,3098,7508
protocol,oulab,8,8,base_rf_gini,0.2,static_full,cutoff_valid,0.1510744519209898,1392,9214
evaluation_population,oulab,8,8,base_rf_gini,0.2,activity_conditioned,activity_to_cutoff_valid,0.4188628762541806,3131,7475
evaluation_population,oulab,8,8,base_rf_gini,0.2,cutoff_valid,cutoff_valid_to_activity,0.4126265316995205,3098,7508
protocol,oulab,8,8,stack_7_full,0.01,activity_conditioned,cutoff_valid,0.15086206896551724,70,464
protocol,oulab,8,8,stack_7_full,0.01,activity_to_cutoff_valid,cutoff_valid,0.3417085427135678,136,398
protocol,oulab,8,8,stack_7_full,0.01,cutoff_valid_to_activity,cutoff_valid,0.2054176072234763,91,443
protocol,oulab,8,8,stack_7_full,0.01,static_full,cutoff_valid,0.051181102362204724,26,508
evaluation_population,oulab,8,8,stack_7_full,0.01,activity_conditioned,activity_to_cutoff_valid,0.26540284360189575,112,422
evaluation_population,oulab,8,8,stack_7_full,0.01,cutoff_valid,cutoff_valid_to_activity,0.2054176072234763,91,443
protocol,oulab,8,8,stack_7_full,0.05,activity_conditioned,cutoff_valid,0.18906810035842295,422,2232
protocol,oulab,8,8,stack_7_full,0.05,activity_to_cutoff_valid,cutoff_valid,0.4447468698965705,817,1837
protocol,oulab,8,8,stack_7_full,0.05,cutoff_valid_to_activity,cutoff_valid,0.22813512262841276,493,2161
protocol,oulab,8,8,stack_7_full,0.05,static_full,cutoff_valid,0.08993839835728953,219,2435
evaluation_population,oulab,8,8,stack_7_full,0.05,activity_conditioned,activity_to_cutoff_valid,0.2680363115145724,561,2093
evaluation_population,oulab,8,8,stack_7_full,0.05,cutoff_valid,cutoff_valid_to_activity,0.22813512262841276,493,2161
protocol,oulab,8,8,stack_7_full,0.1,activity_conditioned,cutoff_valid,0.25360434885369887,1073,4231
protocol,oulab,8,8,stack_7_full,0.1,activity_to_cutoff_valid,cutoff_valid,0.6477166821994408,2085,3219
protocol,oulab,8,8,stack_7_full,0.1,cutoff_valid_to_activity,cutoff_valid,0.2799227799227799,1160,4144
protocol,oulab,8,8,stack_7_full,0.1,static_full,cutoff_valid,0.10939134072369797,523,4781
evaluation_population,oulab,8,8,stack_7_full,0.1,activity_conditioned,activity_to_cutoff_valid,0.3135215453194651,1266,4038
evaluation_population,oulab,8,8,stack_7_full,0.1,cutoff_valid,cutoff_valid_to_activity,0.2799227799227799,1160,4144
protocol,oulab,8,8,stack_7_full,0.2,activity_conditioned,cutoff_valid,0.3960773989732789,3009,7597
protocol,oulab,8,8,stack_7_full,0.2,activity_to_cutoff_valid,cutoff_valid,0.8814972503104488,4969,5637
protocol,oulab,8,8,stack_7_full,0.2,cutoff_valid_to_activity,cutoff_valid,0.41168641022228136,3093,7513
protocol,oulab,8,8,stack_7_full,0.2,static_full,cutoff_valid,0.15357842070915814,1412,9194
evaluation_population,oulab,8,8,stack_7_full,0.2,activity_conditioned,activity_to_cutoff_valid,0.42496305253258093,3163,7443
evaluation_population,oulab,8,8,stack_7_full,0.2,cutoff_valid,cutoff_valid_to_activity,0.41168641022228136,3093,7513
protocol,oulab,8,8,temporal_hgb,0.01,activity_conditioned,cutoff_valid,0.12421052631578948,59,475
protocol,oulab,8,8,temporal_hgb,0.01,activity_to_cutoff_valid,cutoff_valid,0.25943396226415094,110,424
protocol,oulab,8,8,temporal_hgb,0.01,cutoff_valid_to_activity,cutoff_valid,0.19730941704035873,88,446
protocol,oulab,8,8,temporal_hgb,0.01,static_full,cutoff_valid,0.061630218687872766,31,503
evaluation_population,oulab,8,8,temporal_hgb,0.01,activity_conditioned,activity_to_cutoff_valid,0.28674698795180725,119,415
evaluation_population,oulab,8,8,temporal_hgb,0.01,cutoff_valid,cutoff_valid_to_activity,0.19730941704035873,88,446
protocol,oulab,8,8,temporal_hgb,0.05,activity_conditioned,cutoff_valid,0.1681338028169014,382,2272
protocol,oulab,8,8,temporal_hgb,0.05,activity_to_cutoff_valid,cutoff_valid,0.36102564102564105,704,1950
protocol,oulab,8,8,temporal_hgb,0.05,cutoff_valid_to_activity,cutoff_valid,0.2495291902071563,530,2124
protocol,oulab,8,8,temporal_hgb,0.05,static_full,cutoff_valid,0.09669421487603305,234,2420
evaluation_population,oulab,8,8,temporal_hgb,0.05,activity_conditioned,activity_to_cutoff_valid,0.31386138613861386,634,2020
evaluation_population,oulab,8,8,temporal_hgb,0.05,cutoff_valid,cutoff_valid_to_activity,0.2495291902071563,530,2124
protocol,oulab,8,8,temporal_hgb,0.1,activity_conditioned,cutoff_valid,0.26375982844889206,1107,4197
protocol,oulab,8,8,temporal_hgb,0.1,activity_to_cutoff_valid,cutoff_valid,0.7159495308961501,2213,3091
protocol,oulab,8,8,temporal_hgb,0.1,cutoff_valid_to_activity,cutoff_valid,0.3303235515425132,1317,3987
protocol,oulab,8,8,temporal_hgb,0.1,static_full,cutoff_valid,0.11148365465213747,532,4772
evaluation_population,oulab,8,8,temporal_hgb,0.1,activity_conditioned,activity_to_cutoff_valid,0.3326633165829146,1324,3980
evaluation_population,oulab,8,8,temporal_hgb,0.1,cutoff_valid,cutoff_valid_to_activity,0.3303235515425132,1317,3987
protocol,oulab,8,8,temporal_hgb,0.2,activity_conditioned,cutoff_valid,0.41602136181575433,3116,7490
protocol,oulab,8,8,temporal_hgb,0.2,activity_to_cutoff_valid,cutoff_valid,0.9041292639138241,5036,5570
protocol,oulab,8,8,temporal_hgb,0.2,cutoff_valid_to_activity,cutoff_valid,0.4475228606523816,3279,7327
protocol,oulab,8,8,temporal_hgb,0.2,static_full,cutoff_valid,0.15874576641538293,1453,9153
evaluation_population,oulab,8,8,temporal_hgb,0.2,activity_conditioned,activity_to_cutoff_valid,0.4200026777346365,3137,7469
evaluation_population,oulab,8,8,temporal_hgb,0.2,cutoff_valid,cutoff_valid_to_activity,0.4475228606523816,3279,7327
protocol,oulab,10,10,base_lr_profile,0.01,activity_conditioned,cutoff_valid,0.011673151750972763,6,514
protocol,oulab,10,10,base_lr_profile,0.01,activity_to_cutoff_valid,cutoff_valid,0.035856573705179286,18,502
protocol,oulab,10,10,base_lr_profile,0.01,cutoff_valid_to_activity,cutoff_valid,0.01364522417153996,7,513
protocol,oulab,10,10,base_lr_profile,0.01,static_full,cutoff_valid,0.12311015118790497,57,463
evaluation_population,oulab,10,10,base_lr_profile,0.01,activity_conditioned,activity_to_cutoff_valid,0.6455696202531646,204,316
evaluation_population,oulab,10,10,base_lr_profile,0.01,cutoff_valid,cutoff_valid_to_activity,0.01364522417153996,7,513
protocol,oulab,10,10,base_lr_profile,0.05,activity_conditioned,cutoff_valid,0.29102627664848785,587,2017
protocol,oulab,10,10,base_lr_profile,0.05,activity_to_cutoff_valid,cutoff_valid,0.36908517350157727,702,1902
protocol,oulab,10,10,base_lr_profile,0.05,cutoff_valid_to_activity,cutoff_valid,0.3457364341085271,669,1935
protocol,oulab,10,10,base_lr_profile,0.05,static_full,cutoff_valid,0.11903738719381178,277,2327
evaluation_population,oulab,10,10,base_lr_profile,0.05,activity_conditioned,activity_to_cutoff_valid,0.6670934699103713,1042,1562
evaluation_population,oulab,10,10,base_lr_profile,0.05,cutoff_valid,cutoff_valid_to_activity,0.3457364341085271,669,1935
protocol,oulab,10,10,base_lr_profile,0.1,activity_conditioned,cutoff_valid,0.4603974251329415,1645,3573
protocol,oulab,10,10,base_lr_profile,0.1,activity_to_cutoff_valid,cutoff_valid,0.576911453611363,1909,3309
protocol,oulab,10,10,base_lr_profile,0.1,cutoff_valid_to_activity,cutoff_valid,0.5783424077434967,1912,3306
protocol,oulab,10,10,base_lr_profile,0.1,static_full,cutoff_valid,0.11186874067760494,525,4693
evaluation_population,oulab,10,10,base_lr_profile,0.1,activity_conditioned,activity_to_cutoff_valid,0.6963589076723017,2142,3076
evaluation_population,oulab,10,10,base_lr_profile,0.1,cutoff_valid,cutoff_valid_to_activity,0.5783424077434967,1912,3306
protocol,oulab,10,10,base_lr_profile,0.2,activity_conditioned,cutoff_valid,0.5912141549725443,3876,6556
protocol,oulab,10,10,base_lr_profile,0.2,activity_to_cutoff_valid,cutoff_valid,0.7360625728074555,4423,6009
protocol,oulab,10,10,base_lr_profile,0.2,cutoff_valid_to_activity,cutoff_valid,0.6882990775206345,4253,6179
protocol,oulab,10,10,base_lr_profile,0.2,static_full,cutoff_valid,0.19797887000459347,1724,8708
evaluation_population,oulab,10,10,base_lr_profile,0.2,activity_conditioned,activity_to_cutoff_valid,0.7211681240719353,4371,6061
evaluation_population,oulab,10,10,base_lr_profile,0.2,cutoff_valid,cutoff_valid_to_activity,0.6882990775206345,4253,6179
protocol,oulab,10,10,base_rf_gini,0.01,activity_conditioned,cutoff_valid,0.14285714285714285,65,455
protocol,oulab,10,10,base_rf_gini,0.01,activity_to_cutoff_valid,cutoff_valid,0.41689373297002724,153,367
protocol,oulab,10,10,base_rf_gini,0.01,cutoff_valid_to_activity,cutoff_valid,0.21212121212121213,91,429
protocol,oulab,10,10,base_rf_gini,0.01,static_full,cutoff_valid,0.02564102564102564,13,507
evaluation_population,oulab,10,10,base_rf_gini,0.01,activity_conditioned,activity_to_cutoff_valid,0.2235294117647059,95,425
evaluation_population,oulab,10,10,base_rf_gini,0.01,cutoff_valid,cutoff_valid_to_activity,0.21212121212121213,91,429
protocol,oulab,10,10,base_rf_gini,0.05,activity_conditioned,cutoff_valid,0.20555555555555555,444,2160
protocol,oulab,10,10,base_rf_gini,0.05,activity_to_cutoff_valid,cutoff_valid,0.7860082304526749,1146,1458
protocol,oulab,10,10,base_rf_gini,0.05,cutoff_valid_to_activity,cutoff_valid,0.23646723646723647,498,2106
protocol,oulab,10,10,base_rf_gini,0.05,static_full,cutoff_valid,0.08409658617818484,202,2402
evaluation_population,oulab,10,10,base_rf_gini,0.05,activity_conditioned,activity_to_cutoff_valid,0.23470839260312945,495,2109
evaluation_population,oulab,10,10,base_rf_gini,0.05,cutoff_valid,cutoff_valid_to_activity,0.23646723646723647,498,2106
protocol,oulab,10,10,base_rf_gini,0.1,activity_conditioned,cutoff_valid,0.2504193625688953,1045,4173
protocol,oulab,10,10,base_rf_gini,0.1,activity_to_cutoff_valid,cutoff_valid,0.9002184996358339,2472,2746
protocol,oulab,10,10,base_rf_gini,0.1,cutoff_valid_to_activity,cutoff_valid,0.261605415860735,1082,4136
protocol,oulab,10,10,base_rf_gini,0.1,static_full,cutoff_valid,0.10644614079728583,502,4716
evaluation_population,oulab,10,10,base_rf_gini,0.1,activity_conditioned,activity_to_cutoff_valid,0.25553416746871993,1062,4156
evaluation_population,oulab,10,10,base_rf_gini,0.1,cutoff_valid,cutoff_valid_to_activity,0.261605415860735,1082,4136
protocol,oulab,10,10,base_rf_gini,0.2,activity_conditioned,cutoff_valid,0.3581564900403593,2751,7681
protocol,oulab,10,10,base_rf_gini,0.2,activity_to_cutoff_valid,cutoff_valid,0.9506357516828721,5084,5348
protocol,oulab,10,10,base_rf_gini,0.2,cutoff_valid_to_activity,cutoff_valid,0.3609915198956295,2767,7665
protocol,oulab,10,10,base_rf_gini,0.2,static_full,cutoff_valid,0.14436156208863538,1316,9116
evaluation_population,oulab,10,10,base_rf_gini,0.2,activity_conditioned,activity_to_cutoff_valid,0.3588641396378794,2755,7677
evaluation_population,oulab,10,10,base_rf_gini,0.2,cutoff_valid,cutoff_valid_to_activity,0.3609915198956295,2767,7665
protocol,oulab,10,10,stack_7_full,0.01,activity_conditioned,cutoff_valid,0.1926605504587156,84,436
protocol,oulab,10,10,stack_7_full,0.01,activity_to_cutoff_valid,cutoff_valid,0.5116279069767442,176,344
protocol,oulab,10,10,stack_7_full,0.01,cutoff_valid_to_activity,cutoff_valid,0.2682926829268293,110,410
protocol,oulab,10,10,stack_7_full,0.01,static_full,cutoff_valid,0.050505050505050504,25,495
evaluation_population,oulab,10,10,stack_7_full,0.01,activity_conditioned,activity_to_cutoff_valid,0.24401913875598086,102,418
evaluation_population,oulab,10,10,stack_7_full,0.01,cutoff_valid,cutoff_valid_to_activity,0.2682926829268293,110,410
protocol,oulab,10,10,stack_7_full,0.05,activity_conditioned,cutoff_valid,0.2162540868752919,463,2141
protocol,oulab,10,10,stack_7_full,0.05,activity_to_cutoff_valid,cutoff_valid,0.5753176043557169,951,1653
protocol,oulab,10,10,stack_7_full,0.05,cutoff_valid_to_activity,cutoff_valid,0.24593301435406698,514,2090
protocol,oulab,10,10,stack_7_full,0.05,static_full,cutoff_valid,0.085,204,2400
evaluation_population,oulab,10,10,stack_7_full,0.05,activity_conditioned,activity_to_cutoff_valid,0.2507204610951009,522,2082
evaluation_population,oulab,10,10,stack_7_full,0.05,cutoff_valid,cutoff_valid_to_activity,0.24593301435406698,514,2090
protocol,oulab,10,10,stack_7_full,0.1,activity_conditioned,cutoff_valid,0.25372417107160017,1056,4162
protocol,oulab,10,10,stack_7_full,0.1,activity_to_cutoff_valid,cutoff_valid,0.7445670344366433,2227,2991
protocol,oulab,10,10,stack_7_full,0.1,cutoff_valid_to_activity,cutoff_valid,0.2720624085811799,1116,4102
protocol,oulab,10,10,stack_7_full,0.1,static_full,cutoff_valid,0.09945217024863043,472,4746
evaluation_population,oulab,10,10,stack_7_full,0.1,activity_conditioned,activity_to_cutoff_valid,0.27361484012692217,1121,4097
evaluation_population,oulab,10,10,stack_7_full,0.1,cutoff_valid,cutoff_valid_to_activity,0.2720624085811799,1116,4102
protocol,oulab,10,10,stack_7_full,0.2,activity_conditioned,cutoff_valid,0.3558617104237068,2738,7694
protocol,oulab,10,10,stack_7_full,0.2,activity_to_cutoff_valid,cutoff_valid,0.9451799366026478,5069,5363
protocol,oulab,10,10,stack_7_full,0.2,cutoff_valid_to_activity,cutoff_valid,0.36330371144798745,2780,7652
protocol,oulab,10,10,stack_7_full,0.2,static_full,cutoff_valid,0.14398508608400043,1313,9119
evaluation_population,oulab,10,10,stack_7_full,0.2,activity_conditioned,activity_to_cutoff_valid,0.35656697009102734,2742,7690
evaluation_population,oulab,10,10,stack_7_full,0.2,cutoff_valid,cutoff_valid_to_activity,0.36330371144798745,2780,7652
protocol,oulab,10,10,temporal_hgb,0.01,activity_conditioned,cutoff_valid,0.18181818181818182,80,440
protocol,oulab,10,10,temporal_hgb,0.01,activity_to_cutoff_valid,cutoff_valid,0.4772727272727273,168,352
protocol,oulab,10,10,temporal_hgb,0.01,cutoff_valid_to_activity,cutoff_valid,0.21212121212121213,91,429
protocol,oulab,10,10,temporal_hgb,0.01,static_full,cutoff_valid,0.05263157894736842,26,494
evaluation_population,oulab,10,10,temporal_hgb,0.01,activity_conditioned,activity_to_cutoff_valid,0.24401913875598086,102,418
evaluation_population,oulab,10,10,temporal_hgb,0.01,cutoff_valid,cutoff_valid_to_activity,0.21212121212121213,91,429
protocol,oulab,10,10,temporal_hgb,0.05,activity_conditioned,cutoff_valid,0.19121683440073192,418,2186
protocol,oulab,10,10,temporal_hgb,0.05,activity_to_cutoff_valid,cutoff_valid,0.47619047619047616,840,1764
protocol,oulab,10,10,temporal_hgb,0.05,cutoff_valid_to_activity,cutoff_valid,0.2151189920671955,461,2143
protocol,oulab,10,10,temporal_hgb,0.05,static_full,cutoff_valid,0.09319899244332494,222,2382
evaluation_population,oulab,10,10,temporal_hgb,0.05,activity_conditioned,activity_to_cutoff_valid,0.2659212445308702,547,2057
evaluation_population,oulab,10,10,temporal_hgb,0.05,cutoff_valid,cutoff_valid_to_activity,0.2151189920671955,461,2143
protocol,oulab,10,10,temporal_hgb,0.1,activity_conditioned,cutoff_valid,0.2603864734299517,1078,4140
protocol,oulab,10,10,temporal_hgb,0.1,activity_to_cutoff_valid,cutoff_valid,0.8510109968073785,2399,2819
protocol,oulab,10,10,temporal_hgb,0.1,cutoff_valid_to_activity,cutoff_valid,0.28111956788607906,1145,4073
protocol,oulab,10,10,temporal_hgb,0.1,static_full,cutoff_valid,0.10061168529846024,477,4741
evaluation_population,oulab,10,10,temporal_hgb,0.1,activity_conditioned,activity_to_cutoff_valid,0.27829495345418914,1136,4082
evaluation_population,oulab,10,10,temporal_hgb,0.1,cutoff_valid,cutoff_valid_to_activity,0.28111956788607906,1145,4073
protocol,oulab,10,10,temporal_hgb,0.2,activity_conditioned,cutoff_valid,0.36366013071895426,2782,7650
protocol,oulab,10,10,temporal_hgb,0.2,activity_to_cutoff_valid,cutoff_valid,0.9437302030929756,5065,5367
protocol,oulab,10,10,temporal_hgb,0.2,cutoff_valid_to_activity,cutoff_valid,0.3692085575534847,2813,7619
protocol,oulab,10,10,temporal_hgb,0.2,static_full,cutoff_valid,0.14260679079956187,1302,9130
evaluation_population,oulab,10,10,temporal_hgb,0.2,activity_conditioned,activity_to_cutoff_valid,0.3643735286424274,2786,7646
evaluation_population,oulab,10,10,temporal_hgb,0.2,cutoff_valid,cutoff_valid_to_activity,0.3692085575534847,2813,7619
protocol,oulab,12,12,base_lr_profile,0.01,activity_conditioned,cutoff_valid,0.011764705882352941,6,510
protocol,oulab,12,12,base_lr_profile,0.01,activity_to_cutoff_valid,cutoff_valid,0.03614457831325301,18,498
protocol,oulab,12,12,base_lr_profile,0.01,cutoff_valid_to_activity,cutoff_valid,0.0137524557956778,7,509
protocol,oulab,12,12,base_lr_profile,0.01,static_full,cutoff_valid,0.11447084233261338,53,463
evaluation_population,oulab,12,12,base_lr_profile,0.01,activity_conditioned,activity_to_cutoff_valid,0.6074766355140186,195,321
evaluation_population,oulab,12,12,base_lr_profile,0.01,cutoff_valid,cutoff_valid_to_activity,0.0137524557956778,7,509
protocol,oulab,12,12,base_lr_profile,0.05,activity_conditioned,cutoff_valid,0.28379052369077307,569,2005
protocol,oulab,12,12,base_lr_profile,0.05,activity_to_cutoff_valid,cutoff_valid,0.3633474576271186,686,1888
protocol,oulab,12,12,base_lr_profile,0.05,cutoff_valid_to_activity,cutoff_valid,0.34553058024046,661,1913
protocol,oulab,12,12,base_lr_profile,0.05,static_full,cutoff_valid,0.11476829796448679,265,2309
evaluation_population,oulab,12,12,base_lr_profile,0.05,activity_conditioned,activity_to_cutoff_valid,0.6489429852658553,1013,1561
evaluation_population,oulab,12,12,base_lr_profile,0.05,cutoff_valid,cutoff_valid_to_activity,0.34553058024046,661,1913
protocol,oulab,12,12,base_lr_profile,0.1,activity_conditioned,cutoff_valid,0.4518769404459498,1601,3543
protocol,oulab,12,12,base_lr_profile,0.1,activity_to_cutoff_valid,cutoff_valid,0.5745332108968473,1877,3267
protocol,oulab,12,12,base_lr_profile,0.1,cutoff_valid_to_activity,cutoff_valid,0.5735698990516978,1875,3269
protocol,oulab,12,12,base_lr_profile,0.1,static_full,cutoff_valid,0.11029570472695878,511,4633
evaluation_population,oulab,12,12,base_lr_profile,0.1,activity_conditioned,activity_to_cutoff_valid,0.6788511749347258,2080,3064
evaluation_population,oulab,12,12,base_lr_profile,0.1,cutoff_valid,cutoff_valid_to_activity,0.5735698990516978,1875,3269
protocol,oulab,12,12,base_lr_profile,0.2,activity_conditioned,cutoff_valid,0.573765479284513,3753,6541
protocol,oulab,12,12,base_lr_profile,0.2,activity_to_cutoff_valid,cutoff_valid,0.7248659517426274,4326,5968
protocol,oulab,12,12,base_lr_profile,0.2,cutoff_valid_to_activity,cutoff_valid,0.6809274983670803,4170,6124
protocol,oulab,12,12,base_lr_profile,0.2,static_full,cutoff_valid,0.19019539831194357,1645,8649
evaluation_population,oulab,12,12,base_lr_profile,0.2,activity_conditioned,activity_to_cutoff_valid,0.7026132980482964,4248,6046
evaluation_population,oulab,12,12,base_lr_profile,0.2,cutoff_valid,cutoff_valid_to_activity,0.6809274983670803,4170,6124
protocol,oulab,12,12,base_rf_gini,0.01,activity_conditioned,cutoff_valid,0.12910284463894967,59,457
protocol,oulab,12,12,base_rf_gini,0.01,activity_to_cutoff_valid,cutoff_valid,0.3870967741935484,144,372
protocol,oulab,12,12,base_rf_gini,0.01,cutoff_valid_to_activity,cutoff_valid,0.19721577726218098,85,431
protocol,oulab,12,12,base_rf_gini,0.01,static_full,cutoff_valid,0.03822937625754527,19,497
evaluation_population,oulab,12,12,base_rf_gini,0.01,activity_conditioned,activity_to_cutoff_valid,0.19168591224018475,83,433
evaluation_population,oulab,12,12,base_rf_gini,0.01,cutoff_valid,cutoff_valid_to_activity,0.19721577726218098,85,431
protocol,oulab,12,12,base_rf_gini,0.05,activity_conditioned,cutoff_valid,0.19221861973135712,415,2159
protocol,oulab,12,12,base_rf_gini,0.05,activity_to_cutoff_valid,cutoff_valid,0.7678571428571429,1118,1456
protocol,oulab,12,12,base_rf_gini,0.05,cutoff_valid_to_activity,cutoff_valid,0.22688274547187798,476,2098
protocol,oulab,12,12,base_rf_gini,0.05,static_full,cutoff_valid,0.07698744769874477,184,2390
evaluation_population,oulab,12,12,base_rf_gini,0.05,activity_conditioned,activity_to_cutoff_valid,0.21875,462,2112
evaluation_population,oulab,12,12,base_rf_gini,0.05,cutoff_valid,cutoff_valid_to_activity,0.22688274547187798,476,2098
protocol,oulab,12,12,base_rf_gini,0.1,activity_conditioned,cutoff_valid,0.23268631679846632,971,4173
protocol,oulab,12,12,base_rf_gini,0.1,activity_to_cutoff_valid,cutoff_valid,0.9237097980553478,2470,2674
protocol,oulab,12,12,base_rf_gini,0.1,cutoff_valid_to_activity,cutoff_valid,0.24521907528443476,1013,4131
protocol,oulab,12,12,base_rf_gini,0.1,static_full,cutoff_valid,0.10481099656357389,488,4656
evaluation_population,oulab,12,12,base_rf_gini,0.1,activity_conditioned,activity_to_cutoff_valid,0.23535062439961577,980,4164
evaluation_population,oulab,12,12,base_rf_gini,0.1,cutoff_valid,cutoff_valid_to_activity,0.24521907528443476,1013,4131
protocol,oulab,12,12,base_rf_gini,0.2,activity_conditioned,cutoff_valid,0.33203933747412007,2566,7728
protocol,oulab,12,12,base_rf_gini,0.2,activity_to_cutoff_valid,cutoff_valid,0.9440982058545798,4999,5295
protocol,oulab,12,12,base_rf_gini,0.2,cutoff_valid_to_activity,cutoff_valid,0.3354955889984432,2586,7708
protocol,oulab,12,12,base_rf_gini,0.2,static_full,cutoff_valid,0.1390948323558703,1257,9037
evaluation_population,oulab,12,12,base_rf_gini,0.2,activity_conditioned,activity_to_cutoff_valid,0.3325566343042071,2569,7725
evaluation_population,oulab,12,12,base_rf_gini,0.2,cutoff_valid,cutoff_valid_to_activity,0.3354955889984432,2586,7708
protocol,oulab,12,12,stack_7_full,0.01,activity_conditioned,cutoff_valid,0.15695067264573992,70,446
protocol,oulab,12,12,stack_7_full,0.01,activity_to_cutoff_valid,cutoff_valid,0.4827586206896552,168,348
protocol,oulab,12,12,stack_7_full,0.01,cutoff_valid_to_activity,cutoff_valid,0.25547445255474455,105,411
protocol,oulab,12,12,stack_7_full,0.01,static_full,cutoff_valid,0.05737704918032787,28,488
evaluation_population,oulab,12,12,stack_7_full,0.01,activity_conditioned,activity_to_cutoff_valid,0.20279720279720279,87,429
evaluation_population,oulab,12,12,stack_7_full,0.01,cutoff_valid,cutoff_valid_to_activity,0.25547445255474455,105,411
protocol,oulab,12,12,stack_7_full,0.05,activity_conditioned,cutoff_valid,0.19609665427509293,422,2152
protocol,oulab,12,12,stack_7_full,0.05,activity_to_cutoff_valid,cutoff_valid,0.6415816326530612,1006,1568
protocol,oulab,12,12,stack_7_full,0.05,cutoff_valid_to_activity,cutoff_valid,0.2222222222222222,468,2106
protocol,oulab,12,12,stack_7_full,0.05,static_full,cutoff_valid,0.07834101382488479,187,2387
evaluation_population,oulab,12,12,stack_7_full,0.05,activity_conditioned,activity_to_cutoff_valid,0.21990521327014217,464,2110
evaluation_population,oulab,12,12,stack_7_full,0.05,cutoff_valid,cutoff_valid_to_activity,0.2222222222222222,468,2106
protocol,oulab,12,12,stack_7_full,0.1,activity_conditioned,cutoff_valid,0.23892100192678228,992,4152
protocol,oulab,12,12,stack_7_full,0.1,activity_to_cutoff_valid,cutoff_valid,0.7508509189925119,2206,2938
protocol,oulab,12,12,stack_7_full,0.1,cutoff_valid_to_activity,cutoff_valid,0.255859375,1048,4096
protocol,oulab,12,12,stack_7_full,0.1,static_full,cutoff_valid,0.10197086546700942,476,4668
evaluation_population,oulab,12,12,stack_7_full,0.1,activity_conditioned,activity_to_cutoff_valid,0.25219084712755596,1036,4108
evaluation_population,oulab,12,12,stack_7_full,0.1,cutoff_valid,cutoff_valid_to_activity,0.255859375,1048,4096
protocol,oulab,12,12,stack_7_full,0.2,activity_conditioned,cutoff_valid,0.3289439710818487,2548,7746
protocol,oulab,12,12,stack_7_full,0.2,activity_to_cutoff_valid,cutoff_valid,0.9404335532516493,4989,5305
protocol,oulab,12,12,stack_7_full,0.2,cutoff_valid_to_activity,cutoff_valid,0.3358422008824293,2588,7706
protocol,oulab,12,12,stack_7_full,0.2,static_full,cutoff_valid,0.1393469839513005,1259,9035
evaluation_population,oulab,12,12,stack_7_full,0.2,activity_conditioned,activity_to_cutoff_valid,0.3296305864117799,2552,7742
evaluation_population,oulab,12,12,stack_7_full,0.2,cutoff_valid,cutoff_valid_to_activity,0.3358422008824293,2588,7706
protocol,oulab,12,12,temporal_hgb,0.01,activity_conditioned,cutoff_valid,0.14666666666666667,66,450
protocol,oulab,12,12,temporal_hgb,0.01,activity_to_cutoff_valid,cutoff_valid,0.4576271186440678,162,354
protocol,oulab,12,12,temporal_hgb,0.01,cutoff_valid_to_activity,cutoff_valid,0.20279720279720279,87,429
protocol,oulab,12,12,temporal_hgb,0.01,static_full,cutoff_valid,0.053061224489795916,26,490
evaluation_population,oulab,12,12,temporal_hgb,0.01,activity_conditioned,activity_to_cutoff_valid,0.22565320665083136,95,421
evaluation_population,oulab,12,12,temporal_hgb,0.01,cutoff_valid,cutoff_valid_to_activity,0.20279720279720279,87,429
protocol,oulab,12,12,temporal_hgb,0.05,activity_conditioned,cutoff_valid,0.17695473251028807,387,2187
protocol,oulab,12,12,temporal_hgb,0.05,activity_to_cutoff_valid,cutoff_valid,0.4501408450704225,799,1775
protocol,oulab,12,12,temporal_hgb,0.05,cutoff_valid_to_activity,cutoff_valid,0.19944082013047532,428,2146
protocol,oulab,12,12,temporal_hgb,0.05,static_full,cutoff_valid,0.09438775510204081,222,2352
evaluation_population,oulab,12,12,temporal_hgb,0.05,activity_conditioned,activity_to_cutoff_valid,0.24347826086956523,504,2070
evaluation_population,oulab,12,12,temporal_hgb,0.05,cutoff_valid,cutoff_valid_to_activity,0.19944082013047532,428,2146
protocol,oulab,12,12,temporal_hgb,0.1,activity_conditioned,cutoff_valid,0.24461650133075247,1011,4133
protocol,oulab,12,12,temporal_hgb,0.1,activity_to_cutoff_valid,cutoff_valid,0.8516918646508279,2366,2778
protocol,oulab,12,12,temporal_hgb,0.1,cutoff_valid_to_activity,cutoff_valid,0.2654366543665437,1079,4065
protocol,oulab,12,12,temporal_hgb,0.1,static_full,cutoff_valid,0.09797225186766276,459,4685
evaluation_population,oulab,12,12,temporal_hgb,0.1,activity_conditioned,activity_to_cutoff_valid,0.2592411260709914,1059,4085
evaluation_population,oulab,12,12,temporal_hgb,0.1,cutoff_valid,cutoff_valid_to_activity,0.2654366543665437,1079,4065
protocol,oulab,12,12,temporal_hgb,0.2,activity_conditioned,cutoff_valid,0.3335924342531416,2575,7719
protocol,oulab,12,12,temporal_hgb,0.2,activity_to_cutoff_valid,cutoff_valid,0.9360541658830167,4977,5317
protocol,oulab,12,12,temporal_hgb,0.2,cutoff_valid_to_activity,cutoff_valid,0.3419371659496806,2623,7671
protocol,oulab,12,12,temporal_hgb,0.2,static_full,cutoff_valid,0.1350755320321976,1225,9069
evaluation_population,oulab,12,12,temporal_hgb,0.2,activity_conditioned,activity_to_cutoff_valid,0.3337652241513345,2576,7718
evaluation_population,oulab,12,12,temporal_hgb,0.2,cutoff_valid,cutoff_valid_to_activity,0.3419371659496806,2623,7671
protocol,oulab,14,14,base_lr_profile,0.01,activity_conditioned,cutoff_valid,0.005917159763313609,3,507
protocol,oulab,14,14,base_lr_profile,0.01,activity_to_cutoff_valid,cutoff_valid,0.028225806451612902,14,496
protocol,oulab,14,14,base_lr_profile,0.01,cutoff_valid_to_activity,cutoff_valid,0.013916500994035786,7,503
protocol,oulab,14,14,base_lr_profile,0.01,static_full,cutoff_valid,0.10629067245119306,49,461
evaluation_population,oulab,14,14,base_lr_profile,0.01,activity_conditioned,activity_to_cutoff_valid,0.5887850467289719,189,321
evaluation_population,oulab,14,14,base_lr_profile,0.01,cutoff_valid,cutoff_valid_to_activity,0.013916500994035786,7,503
protocol,oulab,14,14,base_lr_profile,0.05,activity_conditioned,cutoff_valid,0.27601809954751133,549,1989
protocol,oulab,14,14,base_lr_profile,0.05,activity_to_cutoff_valid,cutoff_valid,0.36378291241268135,677,1861
protocol,oulab,14,14,base_lr_profile,0.05,cutoff_valid_to_activity,cutoff_valid,0.35287846481876334,662,1876
protocol,oulab,14,14,base_lr_profile,0.05,static_full,cutoff_valid,0.11023622047244094,252,2286
evaluation_population,oulab,14,14,base_lr_profile,0.05,activity_conditioned,activity_to_cutoff_valid,0.6311053984575835,982,1556
evaluation_population,oulab,14,14,base_lr_profile,0.05,cutoff_valid,cutoff_valid_to_activity,0.35287846481876334,662,1876
protocol,oulab,14,14,base_lr_profile,0.1,activity_conditioned,cutoff_valid,0.4376417233560091,1544,3528
protocol,oulab,14,14,base_lr_profile,0.1,activity_to_cutoff_valid,cutoff_valid,0.5644663787785318,1830,3242
protocol,oulab,14,14,base_lr_profile,0.1,cutoff_valid_to_activity,cutoff_valid,0.5751552795031056,1852,3220
protocol,oulab,14,14,base_lr_profile,0.1,static_full,cutoff_valid,0.10573359494222803,485,4587
evaluation_population,oulab,14,14,base_lr_profile,0.1,activity_conditioned,activity_to_cutoff_valid,0.6548123980424143,2007,3065
evaluation_population,oulab,14,14,base_lr_profile,0.1,cutoff_valid,cutoff_valid_to_activity,0.5751552795031056,1852,3220
protocol,oulab,14,14,base_lr_profile,0.2,activity_conditioned,cutoff_valid,0.552357624004899,3608,6532
protocol,oulab,14,14,base_lr_profile,0.2,activity_to_cutoff_valid,cutoff_valid,0.714575583361515,4226,5914
protocol,oulab,14,14,base_lr_profile,0.2,cutoff_valid_to_activity,cutoff_valid,0.6702355460385439,4069,6071
protocol,oulab,14,14,base_lr_profile,0.2,static_full,cutoff_valid,0.18168045682321407,1559,8581
evaluation_population,oulab,14,14,base_lr_profile,0.2,activity_conditioned,activity_to_cutoff_valid,0.6804772953264833,4106,6034
evaluation_population,oulab,14,14,base_lr_profile,0.2,cutoff_valid,cutoff_valid_to_activity,0.6702355460385439,4069,6071
protocol,oulab,14,14,base_rf_gini,0.01,activity_conditioned,cutoff_valid,0.13839285714285715,62,448
protocol,oulab,14,14,base_rf_gini,0.01,activity_to_cutoff_valid,cutoff_valid,0.4245810055865922,152,358
protocol,oulab,14,14,base_rf_gini,0.01,cutoff_valid_to_activity,cutoff_valid,0.20567375886524822,87,423
protocol,oulab,14,14,base_rf_gini,0.01,static_full,cutoff_valid,0.030303030303030304,15,495
evaluation_population,oulab,14,14,base_rf_gini,0.01,activity_conditioned,activity_to_cutoff_valid,0.19437939110070257,83,427
evaluation_population,oulab,14,14,base_rf_gini,0.01,cutoff_valid,cutoff_valid_to_activity,0.20567375886524822,87,423
protocol,oulab,14,14,base_rf_gini,0.05,activity_conditioned,cutoff_valid,0.2034139402560455,429,2109
protocol,oulab,14,14,base_rf_gini,0.05,activity_to_cutoff_valid,cutoff_valid,0.763724808895066,1099,1439
protocol,oulab,14,14,base_rf_gini,0.05,cutoff_valid_to_activity,cutoff_valid,0.2410757946210269,493,2045
protocol,oulab,14,14,base_rf_gini,0.05,static_full,cutoff_valid,0.09020618556701031,210,2328
evaluation_population,oulab,14,14,base_rf_gini,0.05,activity_conditioned,activity_to_cutoff_valid,0.22195474241694751,461,2077
evaluation_population,oulab,14,14,base_rf_gini,0.05,cutoff_valid,cutoff_valid_to_activity,0.2410757946210269,493,2045
protocol,oulab,14,14,base_rf_gini,0.1,activity_conditioned,cutoff_valid,0.22660217654171705,937,4135
protocol,oulab,14,14,base_rf_gini,0.1,activity_to_cutoff_valid,cutoff_valid,0.9248576850094876,2437,2635
protocol,oulab,14,14,base_rf_gini,0.1,cutoff_valid_to_activity,cutoff_valid,0.24009779951100244,982,4090
protocol,oulab,14,14,base_rf_gini,0.1,static_full,cutoff_valid,0.1137461572244181,518,4554
evaluation_population,oulab,14,14,base_rf_gini,0.1,activity_conditioned,activity_to_cutoff_valid,0.22719574159206388,939,4133
evaluation_population,oulab,14,14,base_rf_gini,0.1,cutoff_valid,cutoff_valid_to_activity,0.24009779951100244,982,4090
protocol,oulab,14,14,base_rf_gini,0.2,activity_conditioned,cutoff_valid,0.29966675211484234,2338,7802
protocol,oulab,14,14,base_rf_gini,0.2,activity_to_cutoff_valid,cutoff_valid,0.9377030384100898,4907,5233
protocol,oulab,14,14,base_rf_gini,0.2,cutoff_valid_to_activity,cutoff_valid,0.30602782071097373,2376,7764
protocol,oulab,14,14,base_rf_gini,0.2,static_full,cutoff_valid,0.14317925591882752,1270,8870
evaluation_population,oulab,14,14,base_rf_gini,0.2,activity_conditioned,activity_to_cutoff_valid,0.3,2340,7800
evaluation_population,oulab,14,14,base_rf_gini,0.2,cutoff_valid,cutoff_valid_to_activity,0.30602782071097373,2376,7764
protocol,oulab,14,14,stack_7_full,0.01,activity_conditioned,cutoff_valid,0.1358574610244989,61,449
protocol,oulab,14,14,stack_7_full,0.01,activity_to_cutoff_valid,cutoff_valid,0.5,170,340
protocol,oulab,14,14,stack_7_full,0.01,cutoff_valid_to_activity,cutoff_valid,0.25,102,408
protocol,oulab,14,14,stack_7_full,0.01,static_full,cutoff_valid,0.036585365853658534,18,492
evaluation_population,oulab,14,14,stack_7_full,0.01,activity_conditioned,activity_to_cutoff_valid,0.18329466357308585,79,431
evaluation_population,oulab,14,14,stack_7_full,0.01,cutoff_valid,cutoff_valid_to_activity,0.25,102,408
protocol,oulab,14,14,stack_7_full,0.05,activity_conditioned,cutoff_valid,0.2028436018957346,428,2110
protocol,oulab,14,14,stack_7_full,0.05,activity_to_cutoff_valid,cutoff_valid,0.7253569000679809,1067,1471
protocol,oulab,14,14,stack_7_full,0.05,cutoff_valid_to_activity,cutoff_valid,0.23804878048780487,488,2050
protocol,oulab,14,14,stack_7_full,0.05,static_full,cutoff_valid,0.06683480453972257,159,2379
evaluation_population,oulab,14,14,stack_7_full,0.05,activity_conditioned,activity_to_cutoff_valid,0.22313253012048193,463,2075
evaluation_population,oulab,14,14,stack_7_full,0.05,cutoff_valid,cutoff_valid_to_activity,0.23804878048780487,488,2050
protocol,oulab,14,14,stack_7_full,0.1,activity_conditioned,cutoff_valid,0.22689888727624577,938,4134
protocol,oulab,14,14,stack_7_full,0.1,activity_to_cutoff_valid,cutoff_valid,0.8736608792020687,2365,2707
protocol,oulab,14,14,stack_7_full,0.1,cutoff_valid_to_activity,cutoff_valid,0.24405199901888644,995,4077
protocol,oulab,14,14,stack_7_full,0.1,static_full,cutoff_valid,0.10045563028856586,463,4609
evaluation_population,oulab,14,14,stack_7_full,0.1,activity_conditioned,activity_to_cutoff_valid,0.23166585721223895,954,4118
evaluation_population,oulab,14,14,stack_7_full,0.1,cutoff_valid,cutoff_valid_to_activity,0.24405199901888644,995,4077
protocol,oulab,14,14,stack_7_full,0.2,activity_conditioned,cutoff_valid,0.302672147995889,2356,7784
protocol,oulab,14,14,stack_7_full,0.2,activity_to_cutoff_valid,cutoff_valid,0.946257197696737,4930,5210
protocol,oulab,14,14,stack_7_full,0.2,cutoff_valid_to_activity,cutoff_valid,0.3087248322147651,2392,7748
protocol,oulab,14,14,stack_7_full,0.2,static_full,cutoff_valid,0.13728129205921938,1224,8916
evaluation_population,oulab,14,14,stack_7_full,0.2,activity_conditioned,activity_to_cutoff_valid,0.3033419023136247,2360,7780
evaluation_population,oulab,14,14,stack_7_full,0.2,cutoff_valid,cutoff_valid_to_activity,0.3087248322147651,2392,7748
protocol,oulab,14,14,temporal_hgb,0.01,activity_conditioned,cutoff_valid,0.20567375886524822,87,423
protocol,oulab,14,14,temporal_hgb,0.01,activity_to_cutoff_valid,cutoff_valid,0.5692307692307692,185,325
protocol,oulab,14,14,temporal_hgb,0.01,cutoff_valid_to_activity,cutoff_valid,0.19718309859154928,84,426
protocol,oulab,14,14,temporal_hgb,0.01,static_full,cutoff_valid,0.02,10,500
evaluation_population,oulab,14,14,temporal_hgb,0.01,activity_conditioned,activity_to_cutoff_valid,0.22596153846153846,94,416
evaluation_population,oulab,14,14,temporal_hgb,0.01,cutoff_valid,cutoff_valid_to_activity,0.19718309859154928,84,426
protocol,oulab,14,14,temporal_hgb,0.05,activity_conditioned,cutoff_valid,0.19491525423728814,414,2124
protocol,oulab,14,14,temporal_hgb,0.05,activity_to_cutoff_valid,cutoff_valid,0.5307599517490953,880,1658
protocol,oulab,14,14,temporal_hgb,0.05,cutoff_valid_to_activity,cutoff_valid,0.21609966459032104,451,2087
protocol,oulab,14,14,temporal_hgb,0.05,static_full,cutoff_valid,0.07542372881355933,178,2360
evaluation_population,oulab,14,14,temporal_hgb,0.05,activity_conditioned,activity_to_cutoff_valid,0.24594992636229748,501,2037
evaluation_population,oulab,14,14,temporal_hgb,0.05,cutoff_valid,cutoff_valid_to_activity,0.21609966459032104,451,2087
protocol,oulab,14,14,temporal_hgb,0.1,activity_conditioned,cutoff_valid,0.24680432645034414,1004,4068
protocol,oulab,14,14,temporal_hgb,0.1,activity_to_cutoff_valid,cutoff_valid,0.8396808124773304,2315,2757
protocol,oulab,14,14,temporal_hgb,0.1,cutoff_valid_to_activity,cutoff_valid,0.25949838589520735,1045,4027
protocol,oulab,14,14,temporal_hgb,0.1,static_full,cutoff_valid,0.09736045002163565,450,4622
evaluation_population,oulab,14,14,temporal_hgb,0.1,activity_conditioned,activity_to_cutoff_valid,0.2542037586547972,1028,4044
evaluation_population,oulab,14,14,temporal_hgb,0.1,cutoff_valid,cutoff_valid_to_activity,0.25949838589520735,1045,4027
protocol,oulab,14,14,temporal_hgb,0.2,activity_conditioned,cutoff_valid,0.3080495356037152,2388,7752
protocol,oulab,14,14,temporal_hgb,0.2,activity_to_cutoff_valid,cutoff_valid,0.9303255282695603,4887,5253
protocol,oulab,14,14,temporal_hgb,0.2,cutoff_valid_to_activity,cutoff_valid,0.3127912998446401,2416,7724
protocol,oulab,14,14,temporal_hgb,0.2,static_full,cutoff_valid,0.1334674714956405,1194,8946
evaluation_population,oulab,14,14,temporal_hgb,0.2,activity_conditioned,activity_to_cutoff_valid,0.30838709677419357,2390,7750
evaluation_population,oulab,14,14,temporal_hgb,0.2,cutoff_valid,cutoff_valid_to_activity,0.3127912998446401,2416,7724
protocol,oulab,16,16,base_lr_profile,0.01,activity_conditioned,cutoff_valid,0.006012024048096192,3,499
protocol,oulab,16,16,base_lr_profile,0.01,activity_to_cutoff_valid,cutoff_valid,0.026584867075664622,13,489
protocol,oulab,16,16,base_lr_profile,0.01,cutoff_valid_to_activity,cutoff_valid,0.014141414141414142,7,495
protocol,oulab,16,16,base_lr_profile,0.01,static_full,cutoff_valid,0.11061946902654868,50,452
evaluation_population,oulab,16,16,base_lr_profile,0.01,activity_conditioned,activity_to_cutoff_valid,0.56875,182,320
evaluation_population,oulab,16,16,base_lr_profile,0.01,cutoff_valid,cutoff_valid_to_activity,0.014141414141414142,7,495
protocol,oulab,16,16,base_lr_profile,0.05,activity_conditioned,cutoff_valid,0.2738398776134625,537,1961
protocol,oulab,16,16,base_lr_profile,0.05,activity_to_cutoff_valid,cutoff_valid,0.3650273224043716,668,1830
protocol,oulab,16,16,base_lr_profile,0.05,cutoff_valid_to_activity,cutoff_valid,0.3650273224043716,668,1830
protocol,oulab,16,16,base_lr_profile,0.05,static_full,cutoff_valid,0.10677891005759858,241,2257
evaluation_population,oulab,16,16,base_lr_profile,0.05,activity_conditioned,activity_to_cutoff_valid,0.6136950904392765,950,1548
evaluation_population,oulab,16,16,base_lr_profile,0.05,cutoff_valid,cutoff_valid_to_activity,0.3650273224043716,668,1830
protocol,oulab,16,16,base_lr_profile,0.1,activity_conditioned,cutoff_valid,0.4241645244215938,1485,3501
protocol,oulab,16,16,base_lr_profile,0.1,activity_to_cutoff_valid,cutoff_valid,0.5566656259756478,1783,3203
protocol,oulab,16,16,base_lr_profile,0.1,cutoff_valid_to_activity,cutoff_valid,0.5738636363636364,1818,3168
protocol,oulab,16,16,base_lr_profile,0.1,static_full,cutoff_valid,0.10236568649126686,463,4523
evaluation_population,oulab,16,16,base_lr_profile,0.1,activity_conditioned,activity_to_cutoff_valid,0.6390532544378699,1944,3042
evaluation_population,oulab,16,16,base_lr_profile,0.1,cutoff_valid,cutoff_valid_to_activity,0.5738636363636364,1818,3168
protocol,oulab,16,16,base_lr_profile,0.2,activity_conditioned,cutoff_valid,0.5354064039408867,3478,6496
protocol,oulab,16,16,base_lr_profile,0.2,activity_to_cutoff_valid,cutoff_valid,0.704957264957265,4124,5850
protocol,oulab,16,16,base_lr_profile,0.2,cutoff_valid_to_activity,cutoff_valid,0.659567387687188,3964,6010
protocol,oulab,16,16,base_lr_profile,0.2,static_full,cutoff_valid,0.17424064045208382,1480,8494
evaluation_population,oulab,16,16,base_lr_profile,0.2,activity_conditioned,activity_to_cutoff_valid,0.6634422948632421,3978,5996
evaluation_population,oulab,16,16,base_lr_profile,0.2,cutoff_valid,cutoff_valid_to_activity,0.659567387687188,3964,6010
protocol,oulab,16,16,base_rf_gini,0.01,activity_conditioned,cutoff_valid,0.14874141876430205,65,437
protocol,oulab,16,16,base_rf_gini,0.01,activity_to_cutoff_valid,cutoff_valid,0.4678362573099415,160,342
protocol,oulab,16,16,base_rf_gini,0.01,cutoff_valid_to_activity,cutoff_valid,0.2456575682382134,99,403
protocol,oulab,16,16,base_rf_gini,0.01,static_full,cutoff_valid,0.04149377593360996,20,482
evaluation_population,oulab,16,16,base_rf_gini,0.01,activity_conditioned,activity_to_cutoff_valid,0.23645320197044334,96,406
evaluation_population,oulab,16,16,base_rf_gini,0.01,cutoff_valid,cutoff_valid_to_activity,0.2456575682382134,99,403
protocol,oulab,16,16,base_rf_gini,0.05,activity_conditioned,cutoff_valid,0.20096153846153847,418,2080
protocol,oulab,16,16,base_rf_gini,0.05,activity_to_cutoff_valid,cutoff_valid,0.7906810035842294,1103,1395
protocol,oulab,16,16,base_rf_gini,0.05,cutoff_valid_to_activity,cutoff_valid,0.2372461614660723,479,2019
protocol,oulab,16,16,base_rf_gini,0.05,static_full,cutoff_valid,0.09130624726955003,209,2289
evaluation_population,oulab,16,16,base_rf_gini,0.05,activity_conditioned,activity_to_cutoff_valid,0.21321029626032054,439,2059
evaluation_population,oulab,16,16,base_rf_gini,0.05,cutoff_valid,cutoff_valid_to_activity,0.2372461614660723,479,2019
protocol,oulab,16,16,base_rf_gini,0.1,activity_conditioned,cutoff_valid,0.2163942424981703,887,4099
protocol,oulab,16,16,base_rf_gini,0.1,activity_to_cutoff_valid,cutoff_valid,0.9265842349304482,2398,2588
protocol,oulab,16,16,base_rf_gini,0.1,cutoff_valid_to_activity,cutoff_valid,0.23415841584158417,946,4040
protocol,oulab,16,16,base_rf_gini,0.1,static_full,cutoff_valid,0.11071508130986857,497,4489
evaluation_population,oulab,16,16,base_rf_gini,0.1,activity_conditioned,activity_to_cutoff_valid,0.21669106881405564,888,4098
evaluation_population,oulab,16,16,base_rf_gini,0.1,cutoff_valid,cutoff_valid_to_activity,0.23415841584158417,946,4040
protocol,oulab,16,16,base_rf_gini,0.2,activity_conditioned,cutoff_valid,0.27659029822091385,2161,7813
protocol,oulab,16,16,base_rf_gini,0.2,activity_to_cutoff_valid,cutoff_valid,0.9465261514441843,4850,5124
protocol,oulab,16,16,base_rf_gini,0.2,cutoff_valid_to_activity,cutoff_valid,0.283159655216776,2201,7773
protocol,oulab,16,16,base_rf_gini,0.2,static_full,cutoff_valid,0.14158177864255464,1237,8737
evaluation_population,oulab,16,16,base_rf_gini,0.2,activity_conditioned,activity_to_cutoff_valid,0.277244205404021,2165,7809
evaluation_population,oulab,16,16,base_rf_gini,0.2,cutoff_valid,cutoff_valid_to_activity,0.283159655216776,2201,7773
protocol,oulab,16,16,stack_7_full,0.01,activity_conditioned,cutoff_valid,0.13063063063063063,58,444
protocol,oulab,16,16,stack_7_full,0.01,activity_to_cutoff_valid,cutoff_valid,0.39444444444444443,142,360
protocol,oulab,16,16,stack_7_full,0.01,cutoff_valid_to_activity,cutoff_valid,0.2273838630806846,93,409
protocol,oulab,16,16,stack_7_full,0.01,static_full,cutoff_valid,0.016194331983805668,8,494
evaluation_population,oulab,16,16,stack_7_full,0.01,activity_conditioned,activity_to_cutoff_valid,0.1867612293144208,79,423
evaluation_population,oulab,16,16,stack_7_full,0.01,cutoff_valid,cutoff_valid_to_activity,0.2273838630806846,93,409
protocol,oulab,16,16,stack_7_full,0.05,activity_conditioned,cutoff_valid,0.19350215002388915,405,2093
protocol,oulab,16,16,stack_7_full,0.05,activity_to_cutoff_valid,cutoff_valid,0.6168284789644013,953,1545
protocol,oulab,16,16,stack_7_full,0.05,cutoff_valid_to_activity,cutoff_valid,0.23602177140029687,477,2021
protocol,oulab,16,16,stack_7_full,0.05,static_full,cutoff_valid,0.06252658443215653,147,2351
evaluation_population,oulab,16,16,stack_7_full,0.05,activity_conditioned,activity_to_cutoff_valid,0.21853658536585366,448,2050
evaluation_population,oulab,16,16,stack_7_full,0.05,cutoff_valid,cutoff_valid_to_activity,0.23602177140029687,477,2021
protocol,oulab,16,16,stack_7_full,0.1,activity_conditioned,cutoff_valid,0.22385861561119294,912,4074
protocol,oulab,16,16,stack_7_full,0.1,activity_to_cutoff_valid,cutoff_valid,0.7858166189111748,2194,2792
protocol,oulab,16,16,stack_7_full,0.1,cutoff_valid_to_activity,cutoff_valid,0.242152466367713,972,4014
protocol,oulab,16,16,stack_7_full,0.1,static_full,cutoff_valid,0.09944873208379272,451,4535
evaluation_population,oulab,16,16,stack_7_full,0.1,activity_conditioned,activity_to_cutoff_valid,0.2317193675889328,938,4048
evaluation_population,oulab,16,16,stack_7_full,0.1,cutoff_valid,cutoff_valid_to_activity,0.242152466367713,972,4014
protocol,oulab,16,16,stack_7_full,0.2,activity_conditioned,cutoff_valid,0.277244205404021,2165,7809
protocol,oulab,16,16,stack_7_full,0.2,activity_to_cutoff_valid,cutoff_valid,0.9404669260700389,4834,5140
protocol,oulab,16,16,stack_7_full,0.2,cutoff_valid_to_activity,cutoff_valid,0.28863049095607235,2234,7740
protocol,oulab,16,16,stack_7_full,0.2,static_full,cutoff_valid,0.12853586784340348,1136,8838
evaluation_population,oulab,16,16,stack_7_full,0.2,activity_conditioned,activity_to_cutoff_valid,0.27773507558288496,2168,7806
evaluation_population,oulab,16,16,stack_7_full,0.2,cutoff_valid,cutoff_valid_to_activity,0.28863049095607235,2234,7740
protocol,oulab,16,16,temporal_hgb,0.01,activity_conditioned,cutoff_valid,0.14874141876430205,65,437
protocol,oulab,16,16,temporal_hgb,0.01,activity_to_cutoff_valid,cutoff_valid,0.5258358662613982,173,329
protocol,oulab,16,16,temporal_hgb,0.01,cutoff_valid_to_activity,cutoff_valid,0.15137614678899083,66,436
protocol,oulab,16,16,temporal_hgb,0.01,static_full,cutoff_valid,0.028688524590163935,14,488
evaluation_population,oulab,16,16,temporal_hgb,0.01,activity_conditioned,activity_to_cutoff_valid,0.2038369304556355,85,417
evaluation_population,oulab,16,16,temporal_hgb,0.01,cutoff_valid,cutoff_valid_to_activity,0.15137614678899083,66,436
protocol,oulab,16,16,temporal_hgb,0.05,activity_conditioned,cutoff_valid,0.17442407146215327,371,2127
protocol,oulab,16,16,temporal_hgb,0.05,activity_to_cutoff_valid,cutoff_valid,0.46768507638072854,796,1702
protocol,oulab,16,16,temporal_hgb,0.05,cutoff_valid_to_activity,cutoff_valid,0.1975071907957814,412,2086
protocol,oulab,16,16,temporal_hgb,0.05,static_full,cutoff_valid,0.07533362031855359,175,2323
evaluation_population,oulab,16,16,temporal_hgb,0.05,activity_conditioned,activity_to_cutoff_valid,0.2311483489403647,469,2029
evaluation_population,oulab,16,16,temporal_hgb,0.05,cutoff_valid,cutoff_valid_to_activity,0.1975071907957814,412,2086
protocol,oulab,16,16,temporal_hgb,0.1,activity_conditioned,cutoff_valid,0.23385300668151449,945,4041
protocol,oulab,16,16,temporal_hgb,0.1,activity_to_cutoff_valid,cutoff_valid,0.8111151471122412,2233,2753
protocol,oulab,16,16,temporal_hgb,0.1,cutoff_valid_to_activity,cutoff_valid,0.2530786629806484,1007,3979
protocol,oulab,16,16,temporal_hgb,0.1,static_full,cutoff_valid,0.08793366790312022,403,4583
evaluation_population,oulab,16,16,temporal_hgb,0.1,activity_conditioned,activity_to_cutoff_valid,0.24463305042436345,980,4006
evaluation_population,oulab,16,16,temporal_hgb,0.1,cutoff_valid,cutoff_valid_to_activity,0.2530786629806484,1007,3979
protocol,oulab,16,16,temporal_hgb,0.2,activity_conditioned,cutoff_valid,0.28746611591583837,2227,7747
protocol,oulab,16,16,temporal_hgb,0.2,activity_to_cutoff_valid,cutoff_valid,0.9461463414634146,4849,5125
protocol,oulab,16,16,temporal_hgb,0.2,cutoff_valid_to_activity,cutoff_valid,0.29549292115859205,2275,7699
protocol,oulab,16,16,temporal_hgb,0.2,static_full,cutoff_valid,0.12675101671938546,1122,8852
evaluation_population,oulab,16,16,temporal_hgb,0.2,activity_conditioned,activity_to_cutoff_valid,0.28763232636199326,2228,7746
evaluation_population,oulab,16,16,temporal_hgb,0.2,cutoff_valid,cutoff_valid_to_activity,0.29549292115859205,2275,7699
time,oulab,2,4,base_lr_profile,0.01,activity_conditioned,activity_conditioned,0.8256578947368421,251,304
time,oulab,4,6,base_lr_profile,0.01,activity_conditioned,activity_conditioned,0.8986013986013986,257,286
time,oulab,6,8,base_lr_profile,0.01,activity_conditioned,activity_conditioned,0.9705882352941176,264,272
time,oulab,8,10,base_lr_profile,0.01,activity_conditioned,activity_conditioned,0.9518518518518518,257,270
time,oulab,10,12,base_lr_profile,0.01,activity_conditioned,activity_conditioned,0.9923076923076923,258,260
time,oulab,12,14,base_lr_profile,0.01,activity_conditioned,activity_conditioned,0.9730769230769231,253,260
time,oulab,14,16,base_lr_profile,0.01,activity_conditioned,activity_conditioned,0.9536679536679536,247,259
time,oulab,2,4,base_lr_profile,0.05,activity_conditioned,activity_conditioned,0.8458471760797343,1273,1505
time,oulab,4,6,base_lr_profile,0.05,activity_conditioned,activity_conditioned,0.9513242662848962,1329,1397
time,oulab,6,8,base_lr_profile,0.05,activity_conditioned,activity_conditioned,0.9640762463343109,1315,1364
time,oulab,8,10,base_lr_profile,0.05,activity_conditioned,activity_conditioned,0.967814371257485,1293,1336
time,oulab,10,12,base_lr_profile,0.05,activity_conditioned,activity_conditioned,0.9854294478527608,1285,1304
time,oulab,12,14,base_lr_profile,0.05,activity_conditioned,activity_conditioned,0.9737451737451738,1261,1295
time,oulab,14,16,base_lr_profile,0.05,activity_conditioned,activity_conditioned,0.9687255668491008,1239,1279
time,oulab,2,4,base_lr_profile,0.1,activity_conditioned,activity_conditioned,0.8524317121918721,2559,3002
time,oulab,4,6,base_lr_profile,0.1,activity_conditioned,activity_conditioned,0.9530970282849982,2662,2793
time,oulab,6,8,base_lr_profile,0.1,activity_conditioned,activity_conditioned,0.9669360764144012,2632,2722
time,oulab,8,10,base_lr_profile,0.1,activity_conditioned,activity_conditioned,0.9748498498498499,2597,2664
time,oulab,10,12,base_lr_profile,0.1,activity_conditioned,activity_conditioned,0.9850574712643678,2571,2610
time,oulab,12,14,base_lr_profile,0.1,activity_conditioned,activity_conditioned,0.9767801857585139,2524,2584
time,oulab,14,16,base_lr_profile,0.1,activity_conditioned,activity_conditioned,0.9760314341846759,2484,2545
time,oulab,2,4,base_lr_profile,0.2,activity_conditioned,activity_conditioned,0.8582887700534759,5136,5984
time,oulab,4,6,base_lr_profile,0.2,activity_conditioned,activity_conditioned,0.9511802575107297,5319,5592
time,oulab,6,8,base_lr_profile,0.2,activity_conditioned,activity_conditioned,0.9680147058823529,5266,5440
time,oulab,8,10,base_lr_profile,0.2,activity_conditioned,activity_conditioned,0.9724357772360772,5186,5333
time,oulab,10,12,base_lr_profile,0.2,activity_conditioned,activity_conditioned,0.9852490421455938,5143,5220
time,oulab,12,14,base_lr_profile,0.2,activity_conditioned,activity_conditioned,0.9808065141527724,5059,5158
time,oulab,14,16,base_lr_profile,0.2,activity_conditioned,activity_conditioned,0.9793347766187759,4976,5081
time,oulab,2,4,base_rf_gini,0.01,activity_conditioned,activity_conditioned,0.10119047619047619,51,504
time,oulab,4,6,base_rf_gini,0.01,activity_conditioned,activity_conditioned,0.3609022556390977,144,399
time,oulab,6,8,base_rf_gini,0.01,activity_conditioned,activity_conditioned,0.3638676844783715,143,393
time,oulab,8,10,base_rf_gini,0.01,activity_conditioned,activity_conditioned,0.38320209973753283,146,381
time,oulab,10,12,base_rf_gini,0.01,activity_conditioned,activity_conditioned,0.5370919881305638,181,337
time,oulab,12,14,base_rf_gini,0.01,activity_conditioned,activity_conditioned,0.368,138,375
time,oulab,14,16,base_rf_gini,0.01,activity_conditioned,activity_conditioned,0.2681704260651629,107,399
time,oulab,2,4,base_rf_gini,0.05,activity_conditioned,activity_conditioned,0.22594880847308033,512,2266
time,oulab,4,6,base_rf_gini,0.05,activity_conditioned,activity_conditioned,0.5550484883057616,973,1753
time,oulab,6,8,base_rf_gini,0.05,activity_conditioned,activity_conditioned,0.5814639905548996,985,1694
time,oulab,8,10,base_rf_gini,0.05,activity_conditioned,activity_conditioned,0.6168511685116851,1003,1626
time,oulab,10,12,base_rf_gini,0.05,activity_conditioned,activity_conditioned,0.7684426229508197,1125,1464
time,oulab,12,14,base_rf_gini,0.05,activity_conditioned,activity_conditioned,0.632183908045977,990,1566
time,oulab,14,16,base_rf_gini,0.05,activity_conditioned,activity_conditioned,0.6161745827984596,960,1558
time,oulab,2,4,base_rf_gini,0.1,activity_conditioned,activity_conditioned,0.2866728366496992,1239,4322
time,oulab,4,6,base_rf_gini,0.1,activity_conditioned,activity_conditioned,0.5514789533560864,1939,3516
time,oulab,6,8,base_rf_gini,0.1,activity_conditioned,activity_conditioned,0.592978280273728,1993,3361
time,oulab,8,10,base_rf_gini,0.1,activity_conditioned,activity_conditioned,0.6889245585874799,2146,3115
time,oulab,10,12,base_rf_gini,0.1,activity_conditioned,activity_conditioned,0.8569892473118279,2391,2790
time,oulab,12,14,base_rf_gini,0.1,activity_conditioned,activity_conditioned,0.7717655220256677,2225,2883
time,oulab,14,16,base_rf_gini,0.1,activity_conditioned,activity_conditioned,0.7820694542877392,2207,2822
time,oulab,2,4,base_rf_gini,0.2,activity_conditioned,activity_conditioned,0.37862633275477314,3054,8066
time,oulab,4,6,base_rf_gini,0.2,activity_conditioned,activity_conditioned,0.576050845009389,3988,6923
time,oulab,6,8,base_rf_gini,0.2,activity_conditioned,activity_conditioned,0.5896065330363771,3971,6735
time,oulab,8,10,base_rf_gini,0.2,activity_conditioned,activity_conditioned,0.7193527296502125,4401,6118
time,oulab,10,12,base_rf_gini,0.2,activity_conditioned,activity_conditioned,0.8780355201159841,4845,5518
time,oulab,12,14,base_rf_gini,0.2,activity_conditioned,activity_conditioned,0.8186187255250978,4599,5618
time,oulab,14,16,base_rf_gini,0.2,activity_conditioned,activity_conditioned,0.8395829522590086,4590,5467
time,oulab,2,4,stack_7_full,0.01,activity_conditioned,activity_conditioned,0.15625,75,480
time,oulab,4,6,stack_7_full,0.01,activity_conditioned,activity_conditioned,0.37817258883248733,149,394
time,oulab,6,8,stack_7_full,0.01,activity_conditioned,activity_conditioned,0.37084398976982097,145,391
time,oulab,8,10,stack_7_full,0.01,activity_conditioned,activity_conditioned,0.35475578406169667,138,389
time,oulab,10,12,stack_7_full,0.01,activity_conditioned,activity_conditioned,0.3924731182795699,146,372
time,oulab,12,14,stack_7_full,0.01,activity_conditioned,activity_conditioned,0.25735294117647056,105,408
time,oulab,14,16,stack_7_full,0.01,activity_conditioned,activity_conditioned,0.2810126582278481,111,395
time,oulab,2,4,stack_7_full,0.05,activity_conditioned,activity_conditioned,0.21469173589855706,491,2287
time,oulab,4,6,stack_7_full,0.05,activity_conditioned,activity_conditioned,0.5186629526462395,931,1795
time,oulab,6,8,stack_7_full,0.05,activity_conditioned,activity_conditioned,0.5657510227936879,968,1711
time,oulab,8,10,stack_7_full,0.05,activity_conditioned,activity_conditioned,0.5770845830833833,962,1667
time,oulab,10,12,stack_7_full,0.05,activity_conditioned,activity_conditioned,0.6511479591836735,1021,1568
time,oulab,12,14,stack_7_full,0.05,activity_conditioned,activity_conditioned,0.5369813589897775,893,1663
time,oulab,14,16,stack_7_full,0.05,activity_conditioned,activity_conditioned,0.5159542444310656,857,1661
time,oulab,2,4,stack_7_full,0.1,activity_conditioned,activity_conditioned,0.2592844202898551,1145,4416
time,oulab,4,6,stack_7_full,0.1,activity_conditioned,activity_conditioned,0.5788712011577424,2000,3455
time,oulab,6,8,stack_7_full,0.1,activity_conditioned,activity_conditioned,0.6224242424242424,2054,3300
time,oulab,8,10,stack_7_full,0.1,activity_conditioned,activity_conditioned,0.6492163009404389,2071,3190
time,oulab,10,12,stack_7_full,0.1,activity_conditioned,activity_conditioned,0.782863041982106,2275,2906
time,oulab,12,14,stack_7_full,0.1,activity_conditioned,activity_conditioned,0.7421555252387448,2176,2932
time,oulab,14,16,stack_7_full,0.1,activity_conditioned,activity_conditioned,0.6989864864864865,2069,2960
time,oulab,2,4,stack_7_full,0.2,activity_conditioned,activity_conditioned,0.37351778656126483,3024,8096
time,oulab,4,6,stack_7_full,0.2,activity_conditioned,activity_conditioned,0.6128603104212861,4146,6765
time,oulab,6,8,stack_7_full,0.2,activity_conditioned,activity_conditioned,0.5919702602230483,3981,6725
time,oulab,8,10,stack_7_full,0.2,activity_conditioned,activity_conditioned,0.7218857423473564,4410,6109
time,oulab,10,12,stack_7_full,0.2,activity_conditioned,activity_conditioned,0.871929190751445,4827,5536
time,oulab,12,14,stack_7_full,0.2,activity_conditioned,activity_conditioned,0.831331779888869,4638,5579
time,oulab,14,16,stack_7_full,0.2,activity_conditioned,activity_conditioned,0.8219202898550725,4537,5520
time,oulab,2,4,temporal_hgb,0.01,activity_conditioned,activity_conditioned,0.012773722627737226,7,548
time,oulab,4,6,temporal_hgb,0.01,activity_conditioned,activity_conditioned,0.1960352422907489,89,454
time,oulab,6,8,temporal_hgb,0.01,activity_conditioned,activity_conditioned,0.22935779816513763,100,436
time,oulab,8,10,temporal_hgb,0.01,activity_conditioned,activity_conditioned,0.33080808080808083,131,396
time,oulab,10,12,temporal_hgb,0.01,activity_conditioned,activity_conditioned,0.6037151702786377,195,323
time,oulab,12,14,temporal_hgb,0.01,activity_conditioned,activity_conditioned,0.5222551928783383,176,337
time,oulab,14,16,temporal_hgb,0.01,activity_conditioned,activity_conditioned,0.49262536873156343,167,339
time,oulab,2,4,temporal_hgb,0.05,activity_conditioned,activity_conditioned,0.14840843323687475,359,2419
time,oulab,4,6,temporal_hgb,0.05,activity_conditioned,activity_conditioned,0.37676767676767675,746,1980
time,oulab,6,8,temporal_hgb,0.05,activity_conditioned,activity_conditioned,0.3578307146477446,706,1973
time,oulab,8,10,temporal_hgb,0.05,activity_conditioned,activity_conditioned,0.5401288810779145,922,1707
time,oulab,10,12,temporal_hgb,0.05,activity_conditioned,activity_conditioned,0.7248500999333778,1088,1501
time,oulab,12,14,temporal_hgb,0.05,activity_conditioned,activity_conditioned,0.6458467482292337,1003,1553
time,oulab,14,16,temporal_hgb,0.05,activity_conditioned,activity_conditioned,0.6382563435263501,981,1537
time,oulab,2,4,temporal_hgb,0.1,activity_conditioned,activity_conditioned,0.2240810037420207,1018,4543
time,oulab,4,6,temporal_hgb,0.1,activity_conditioned,activity_conditioned,0.46482277121374865,1731,3724
time,oulab,6,8,temporal_hgb,0.1,activity_conditioned,activity_conditioned,0.4757442116868798,1726,3628
time,oulab,8,10,temporal_hgb,0.1,activity_conditioned,activity_conditioned,0.5956930542917804,1964,3297
time,oulab,10,12,temporal_hgb,0.1,activity_conditioned,activity_conditioned,0.7810244070127191,2272,2909
time,oulab,12,14,temporal_hgb,0.1,activity_conditioned,activity_conditioned,0.6953202787919017,2095,3013
time,oulab,14,16,temporal_hgb,0.1,activity_conditioned,activity_conditioned,0.7216706607326259,2108,2921
time,oulab,2,4,temporal_hgb,0.2,activity_conditioned,activity_conditioned,0.3093135523372189,2627,8493
time,oulab,4,6,temporal_hgb,0.2,activity_conditioned,activity_conditioned,0.5152062213581448,3710,7201
time,oulab,6,8,temporal_hgb,0.2,activity_conditioned,activity_conditioned,0.5393242271746944,3751,6955
time,oulab,8,10,temporal_hgb,0.2,activity_conditioned,activity_conditioned,0.6760675589547482,4243,6276
time,oulab,10,12,temporal_hgb,0.2,activity_conditioned,activity_conditioned,0.872605710155403,4829,5534
time,oulab,12,14,temporal_hgb,0.2,activity_conditioned,activity_conditioned,0.7930852930852931,4519,5698
time,oulab,14,16,temporal_hgb,0.2,activity_conditioned,activity_conditioned,0.7917334758596116,4444,5613
time,oulab,2,4,base_lr_profile,0.01,activity_to_cutoff_valid,activity_to_cutoff_valid,0.9137931034482759,265,290
time,oulab,4,6,base_lr_profile,0.01,activity_to_cutoff_valid,activity_to_cutoff_valid,0.9052631578947369,258,285
time,oulab,6,8,base_lr_profile,0.01,activity_to_cutoff_valid,activity_to_cutoff_valid,0.9074733096085409,255,281
time,oulab,8,10,base_lr_profile,0.01,activity_to_cutoff_valid,activity_to_cutoff_valid,0.89568345323741,249,278
time,oulab,10,12,base_lr_profile,0.01,activity_to_cutoff_valid,activity_to_cutoff_valid,0.9400749063670412,251,267
time,oulab,12,14,base_lr_profile,0.01,activity_to_cutoff_valid,activity_to_cutoff_valid,0.9505703422053232,250,263
time,oulab,14,16,base_lr_profile,0.01,activity_to_cutoff_valid,activity_to_cutoff_valid,0.9022556390977443,240,266
time,oulab,2,4,base_lr_profile,0.05,activity_to_cutoff_valid,activity_to_cutoff_valid,0.9132231404958677,1326,1452
time,oulab,4,6,base_lr_profile,0.05,activity_to_cutoff_valid,activity_to_cutoff_valid,0.9415954415954416,1322,1404
time,oulab,6,8,base_lr_profile,0.05,activity_to_cutoff_valid,activity_to_cutoff_valid,0.9356936416184971,1295,1384
time,oulab,8,10,base_lr_profile,0.05,activity_to_cutoff_valid,activity_to_cutoff_valid,0.9359351988217968,1271,1358
time,oulab,10,12,base_lr_profile,0.05,activity_to_cutoff_valid,activity_to_cutoff_valid,0.9718202589489718,1276,1313
time,oulab,12,14,base_lr_profile,0.05,activity_to_cutoff_valid,activity_to_cutoff_valid,0.9601226993865031,1252,1304
time,oulab,14,16,base_lr_profile,0.05,activity_to_cutoff_valid,activity_to_cutoff_valid,0.9595330739299611,1233,1285
time,oulab,2,4,base_lr_profile,0.1,activity_to_cutoff_valid,activity_to_cutoff_valid,0.9222260629104736,2668,2893
time,oulab,4,6,base_lr_profile,0.1,activity_to_cutoff_valid,activity_to_cutoff_valid,0.9412811387900356,2645,2810
time,oulab,6,8,base_lr_profile,0.1,activity_to_cutoff_valid,activity_to_cutoff_valid,0.9483260553129549,2606,2748
time,oulab,8,10,base_lr_profile,0.1,activity_to_cutoff_valid,activity_to_cutoff_valid,0.9470762398223538,2559,2702
time,oulab,10,12,base_lr_profile,0.1,activity_to_cutoff_valid,activity_to_cutoff_valid,0.9707112970711297,2552,2629
time,oulab,12,14,base_lr_profile,0.1,activity_to_cutoff_valid,activity_to_cutoff_valid,0.9668848671544089,2511,2597
time,oulab,14,16,base_lr_profile,0.1,activity_to_cutoff_valid,activity_to_cutoff_valid,0.9659890539483972,2471,2558
time,oulab,2,4,base_lr_profile,0.2,activity_to_cutoff_valid,activity_to_cutoff_valid,0.9308907796492447,5361,5759
time,oulab,4,6,base_lr_profile,0.2,activity_to_cutoff_valid,activity_to_cutoff_valid,0.9490889603429796,5313,5598
time,oulab,6,8,base_lr_profile,0.2,activity_to_cutoff_valid,activity_to_cutoff_valid,0.9604468046145395,5245,5461
time,oulab,8,10,base_lr_profile,0.2,activity_to_cutoff_valid,activity_to_cutoff_valid,0.9599403763741382,5152,5367
time,oulab,10,12,base_lr_profile,0.2,activity_to_cutoff_valid,activity_to_cutoff_valid,0.9757864632983794,5118,5245
time,oulab,12,14,base_lr_profile,0.2,activity_to_cutoff_valid,activity_to_cutoff_valid,0.9697320223636013,5030,5187
time,oulab,14,16,base_lr_profile,0.2,activity_to_cutoff_valid,activity_to_cutoff_valid,0.971574201137032,4956,5101
time,oulab,2,4,base_rf_gini,0.01,activity_to_cutoff_valid,activity_to_cutoff_valid,0.10557768924302789,53,502
time,oulab,4,6,base_rf_gini,0.01,activity_to_cutoff_valid,activity_to_cutoff_valid,0.3923076923076923,153,390
time,oulab,6,8,base_rf_gini,0.01,activity_to_cutoff_valid,activity_to_cutoff_valid,0.444743935309973,165,371
time,oulab,8,10,base_rf_gini,0.01,activity_to_cutoff_valid,activity_to_cutoff_valid,0.4720670391061452,169,358
time,oulab,10,12,base_rf_gini,0.01,activity_to_cutoff_valid,activity_to_cutoff_valid,0.5840978593272171,191,327
time,oulab,12,14,base_rf_gini,0.01,activity_to_cutoff_valid,activity_to_cutoff_valid,0.47413793103448276,165,348
time,oulab,14,16,base_rf_gini,0.01,activity_to_cutoff_valid,activity_to_cutoff_valid,0.4293785310734463,152,354
time,oulab,2,4,base_rf_gini,0.05,activity_to_cutoff_valid,activity_to_cutoff_valid,0.2363150867823765,531,2247
time,oulab,4,6,base_rf_gini,0.05,activity_to_cutoff_valid,activity_to_cutoff_valid,0.5027563395810364,912,1814
time,oulab,6,8,base_rf_gini,0.05,activity_to_cutoff_valid,activity_to_cutoff_valid,0.5212947189097104,918,1761
time,oulab,8,10,base_rf_gini,0.05,activity_to_cutoff_valid,activity_to_cutoff_valid,0.6001217285453438,986,1643
time,oulab,10,12,base_rf_gini,0.05,activity_to_cutoff_valid,activity_to_cutoff_valid,0.7781593406593407,1133,1456
time,oulab,12,14,base_rf_gini,0.05,activity_to_cutoff_valid,activity_to_cutoff_valid,0.747095010252905,1093,1463
time,oulab,14,16,base_rf_gini,0.05,activity_to_cutoff_valid,activity_to_cutoff_valid,0.7559274755927475,1084,1434
time,oulab,2,4,base_rf_gini,0.1,activity_to_cutoff_valid,activity_to_cutoff_valid,0.32879330943847074,1376,4185
time,oulab,4,6,base_rf_gini,0.1,activity_to_cutoff_valid,activity_to_cutoff_valid,0.537919368480406,1908,3547
time,oulab,6,8,base_rf_gini,0.1,activity_to_cutoff_valid,activity_to_cutoff_valid,0.5275320970042796,1849,3505
time,oulab,8,10,base_rf_gini,0.1,activity_to_cutoff_valid,activity_to_cutoff_valid,0.5956930542917804,1964,3297
time,oulab,10,12,base_rf_gini,0.1,activity_to_cutoff_valid,activity_to_cutoff_valid,0.8052264808362369,2311,2870
time,oulab,12,14,base_rf_gini,0.1,activity_to_cutoff_valid,activity_to_cutoff_valid,0.7736111111111111,2228,2880
time,oulab,14,16,base_rf_gini,0.1,activity_to_cutoff_valid,activity_to_cutoff_valid,0.7820694542877392,2207,2822
time,oulab,2,4,base_rf_gini,0.2,activity_to_cutoff_valid,activity_to_cutoff_valid,0.43280505089550314,3359,7761
time,oulab,4,6,base_rf_gini,0.2,activity_to_cutoff_valid,activity_to_cutoff_valid,0.5717372515125324,3969,6942
time,oulab,6,8,base_rf_gini,0.2,activity_to_cutoff_valid,activity_to_cutoff_valid,0.5581429195168098,3835,6871
time,oulab,8,10,base_rf_gini,0.2,activity_to_cutoff_valid,activity_to_cutoff_valid,0.6477130325814536,4135,6384
time,oulab,10,12,base_rf_gini,0.2,activity_to_cutoff_valid,activity_to_cutoff_valid,0.8000694806322738,4606,5757
time,oulab,12,14,base_rf_gini,0.2,activity_to_cutoff_valid,activity_to_cutoff_valid,0.7093859795884223,4240,5977
time,oulab,14,16,base_rf_gini,0.2,activity_to_cutoff_valid,activity_to_cutoff_valid,0.7250428816466552,4227,5830
time,oulab,2,4,stack_7_full,0.01,activity_to_cutoff_valid,activity_to_cutoff_valid,0.10778443113772455,54,501
time,oulab,4,6,stack_7_full,0.01,activity_to_cutoff_valid,activity_to_cutoff_valid,0.35074626865671643,141,402
time,oulab,6,8,stack_7_full,0.01,activity_to_cutoff_valid,activity_to_cutoff_valid,0.4604904632152589,169,367
time,oulab,8,10,stack_7_full,0.01,activity_to_cutoff_valid,activity_to_cutoff_valid,0.4720670391061452,169,358
time,oulab,10,12,stack_7_full,0.01,activity_to_cutoff_valid,activity_to_cutoff_valid,0.5696969696969697,188,330
time,oulab,12,14,stack_7_full,0.01,activity_to_cutoff_valid,activity_to_cutoff_valid,0.4329608938547486,155,358
time,oulab,14,16,stack_7_full,0.01,activity_to_cutoff_valid,activity_to_cutoff_valid,0.43342776203966005,153,353
time,oulab,2,4,stack_7_full,0.05,activity_to_cutoff_valid,activity_to_cutoff_valid,0.18464818763326227,433,2345
time,oulab,4,6,stack_7_full,0.05,activity_to_cutoff_valid,activity_to_cutoff_valid,0.4438559322033898,838,1888
time,oulab,6,8,stack_7_full,0.05,activity_to_cutoff_valid,activity_to_cutoff_valid,0.48011049723756904,869,1810
time,oulab,8,10,stack_7_full,0.05,activity_to_cutoff_valid,activity_to_cutoff_valid,0.5528647371529829,936,1693
time,oulab,10,12,stack_7_full,0.05,activity_to_cutoff_valid,activity_to_cutoff_valid,0.7457855697909642,1106,1483
time,oulab,12,14,stack_7_full,0.05,activity_to_cutoff_valid,activity_to_cutoff_valid,0.7340569877883311,1082,1474
time,oulab,14,16,stack_7_full,0.05,activity_to_cutoff_valid,activity_to_cutoff_valid,0.7140912185159973,1049,1469
time,oulab,2,4,stack_7_full,0.1,activity_to_cutoff_valid,activity_to_cutoff_valid,0.2502248201438849,1113,4448
time,oulab,4,6,stack_7_full,0.1,activity_to_cutoff_valid,activity_to_cutoff_valid,0.4791214750542299,1767,3688
time,oulab,6,8,stack_7_full,0.1,activity_to_cutoff_valid,activity_to_cutoff_valid,0.4541010320478001,1672,3682
time,oulab,8,10,stack_7_full,0.1,activity_to_cutoff_valid,activity_to_cutoff_valid,0.5723251643753736,1915,3346
time,oulab,10,12,stack_7_full,0.1,activity_to_cutoff_valid,activity_to_cutoff_valid,0.7432705248990579,2209,2972
time,oulab,12,14,stack_7_full,0.1,activity_to_cutoff_valid,activity_to_cutoff_valid,0.7204445941394408,2139,2969
time,oulab,14,16,stack_7_full,0.1,activity_to_cutoff_valid,activity_to_cutoff_valid,0.7070604209097081,2083,2946
time,oulab,2,4,stack_7_full,0.2,activity_to_cutoff_valid,activity_to_cutoff_valid,0.38636080289240743,3099,8021
time,oulab,4,6,stack_7_full,0.2,activity_to_cutoff_valid,activity_to_cutoff_valid,0.5491977850347863,3868,7043
time,oulab,6,8,stack_7_full,0.2,activity_to_cutoff_valid,activity_to_cutoff_valid,0.5322742235580363,3719,6987
time,oulab,8,10,stack_7_full,0.2,activity_to_cutoff_valid,activity_to_cutoff_valid,0.6397505845674201,4104,6415
time,oulab,10,12,stack_7_full,0.2,activity_to_cutoff_valid,activity_to_cutoff_valid,0.8038294168842471,4618,5745
time,oulab,12,14,stack_7_full,0.2,activity_to_cutoff_valid,activity_to_cutoff_valid,0.7162775071392575,4264,5953
time,oulab,14,16,stack_7_full,0.2,activity_to_cutoff_valid,activity_to_cutoff_valid,0.7262272571232407,4231,5826
time,oulab,2,4,temporal_hgb,0.01,activity_to_cutoff_valid,activity_to_cutoff_valid,0.023985239852398525,13,542
time,oulab,4,6,temporal_hgb,0.01,activity_to_cutoff_valid,activity_to_cutoff_valid,0.17532467532467533,81,462
time,oulab,6,8,temporal_hgb,0.01,activity_to_cutoff_valid,activity_to_cutoff_valid,0.2237442922374429,98,438
time,oulab,8,10,temporal_hgb,0.01,activity_to_cutoff_valid,activity_to_cutoff_valid,0.3723958333333333,143,384
time,oulab,10,12,temporal_hgb,0.01,activity_to_cutoff_valid,activity_to_cutoff_valid,0.6037151702786377,195,323
time,oulab,12,14,temporal_hgb,0.01,activity_to_cutoff_valid,activity_to_cutoff_valid,0.5405405405405406,180,333
time,oulab,14,16,temporal_hgb,0.01,activity_to_cutoff_valid,activity_to_cutoff_valid,0.5333333333333333,176,330
time,oulab,2,4,temporal_hgb,0.05,activity_to_cutoff_valid,activity_to_cutoff_valid,0.14698596201486375,356,2422
time,oulab,4,6,temporal_hgb,0.05,activity_to_cutoff_valid,activity_to_cutoff_valid,0.40370751802265703,784,1942
time,oulab,6,8,temporal_hgb,0.05,activity_to_cutoff_valid,activity_to_cutoff_valid,0.2873618452666987,598,2081
time,oulab,8,10,temporal_hgb,0.05,activity_to_cutoff_valid,activity_to_cutoff_valid,0.4654403567447046,835,1794
time,oulab,10,12,temporal_hgb,0.05,activity_to_cutoff_valid,activity_to_cutoff_valid,0.7111698612029081,1076,1513
time,oulab,12,14,temporal_hgb,0.05,activity_to_cutoff_valid,activity_to_cutoff_valid,0.6311423101467772,989,1567
time,oulab,14,16,temporal_hgb,0.05,activity_to_cutoff_valid,activity_to_cutoff_valid,0.6234687298517085,967,1551
time,oulab,2,4,temporal_hgb,0.1,activity_to_cutoff_valid,activity_to_cutoff_valid,0.25247747747747745,1121,4440
time,oulab,4,6,temporal_hgb,0.1,activity_to_cutoff_valid,activity_to_cutoff_valid,0.4573871226289073,1712,3743
time,oulab,6,8,temporal_hgb,0.1,activity_to_cutoff_valid,activity_to_cutoff_valid,0.4323167469234885,1616,3738
time,oulab,8,10,temporal_hgb,0.1,activity_to_cutoff_valid,activity_to_cutoff_valid,0.5602016607354685,1889,3372
time,oulab,10,12,temporal_hgb,0.1,activity_to_cutoff_valid,activity_to_cutoff_valid,0.7834767641996557,2276,2905
time,oulab,12,14,temporal_hgb,0.1,activity_to_cutoff_valid,activity_to_cutoff_valid,0.7060788243152972,2114,2994
time,oulab,14,16,temporal_hgb,0.1,activity_to_cutoff_valid,activity_to_cutoff_valid,0.7222602739726027,2109,2920
time,oulab,2,4,temporal_hgb,0.2,activity_to_cutoff_valid,activity_to_cutoff_valid,0.3757268340962514,3037,8083
time,oulab,4,6,temporal_hgb,0.2,activity_to_cutoff_valid,activity_to_cutoff_valid,0.5294365012615644,3777,7134
time,oulab,6,8,temporal_hgb,0.2,activity_to_cutoff_valid,activity_to_cutoff_valid,0.5457695639618828,3780,6926
time,oulab,8,10,temporal_hgb,0.2,activity_to_cutoff_valid,activity_to_cutoff_valid,0.6218008017267962,4033,6486
time,oulab,10,12,temporal_hgb,0.2,activity_to_cutoff_valid,activity_to_cutoff_valid,0.803515489035851,4617,5746
time,oulab,12,14,temporal_hgb,0.2,activity_to_cutoff_valid,activity_to_cutoff_valid,0.703685175921294,4220,5997
time,oulab,14,16,temporal_hgb,0.2,activity_to_cutoff_valid,activity_to_cutoff_valid,0.7291953232462174,4241,5816
time,oulab,2,4,base_lr_profile,0.01,cutoff_valid,cutoff_valid,0.3669950738916256,149,406
time,oulab,4,6,base_lr_profile,0.01,cutoff_valid,cutoff_valid,0.6605504587155964,216,327
time,oulab,6,8,base_lr_profile,0.01,cutoff_valid,cutoff_valid,0.7986577181208053,238,298
time,oulab,8,10,base_lr_profile,0.01,cutoff_valid,cutoff_valid,0.8172413793103448,237,290
time,oulab,10,12,base_lr_profile,0.01,cutoff_valid,cutoff_valid,0.9328358208955224,250,268
time,oulab,12,14,base_lr_profile,0.01,cutoff_valid,cutoff_valid,0.8654545454545455,238,275
time,oulab,14,16,base_lr_profile,0.01,cutoff_valid,cutoff_valid,0.8740740740740741,236,270
time,oulab,2,4,base_lr_profile,0.05,cutoff_valid,cutoff_valid,0.3452784503631961,713,2065
time,oulab,4,6,base_lr_profile,0.05,cutoff_valid,cutoff_valid,0.7385204081632653,1158,1568
time,oulab,6,8,base_lr_profile,0.05,cutoff_valid,cutoff_valid,0.8617095205003474,1240,1439
time,oulab,8,10,base_lr_profile,0.05,cutoff_valid,cutoff_valid,0.856638418079096,1213,1416
time,oulab,10,12,base_lr_profile,0.05,cutoff_valid,cutoff_valid,0.9422355588897224,1256,1333
time,oulab,12,14,base_lr_profile,0.05,cutoff_valid,cutoff_valid,0.9160419790104948,1222,1334
time,oulab,14,16,base_lr_profile,0.05,cutoff_valid,cutoff_valid,0.9280245022970903,1212,1306
time,oulab,2,4,base_lr_profile,0.1,cutoff_valid,cutoff_valid,0.4657353716394307,1767,3794
time,oulab,4,6,base_lr_profile,0.1,cutoff_valid,cutoff_valid,0.8238047475760615,2464,2991
time,oulab,6,8,base_lr_profile,0.1,cutoff_valid,cutoff_valid,0.8838845883180858,2512,2842
time,oulab,8,10,base_lr_profile,0.1,cutoff_valid,cutoff_valid,0.8649415101028004,2440,2821
time,oulab,10,12,base_lr_profile,0.1,cutoff_valid,cutoff_valid,0.9543568464730291,2530,2651
time,oulab,12,14,base_lr_profile,0.1,cutoff_valid,cutoff_valid,0.9253675084809649,2455,2653
time,oulab,14,16,base_lr_profile,0.1,cutoff_valid,cutoff_valid,0.9320015366884364,2426,2603
time,oulab,2,4,base_lr_profile,0.2,cutoff_valid,cutoff_valid,0.6481399140358678,4373,6747
time,oulab,4,6,base_lr_profile,0.2,cutoff_valid,cutoff_valid,0.8753867308353386,5093,5818
time,oulab,6,8,base_lr_profile,0.2,cutoff_valid,cutoff_valid,0.9162341149096116,5119,5587
time,oulab,8,10,base_lr_profile,0.2,cutoff_valid,cutoff_valid,0.9174261757200146,5033,5486
time,oulab,10,12,base_lr_profile,0.2,cutoff_valid,cutoff_valid,0.9597201210287444,5075,5288
time,oulab,12,14,base_lr_profile,0.2,cutoff_valid,cutoff_valid,0.9328414680287552,4931,5286
time,oulab,14,16,base_lr_profile,0.2,cutoff_valid,cutoff_valid,0.9494088001550688,4898,5159
time,oulab,2,4,base_rf_gini,0.01,cutoff_valid,cutoff_valid,0.22787610619469026,103,452
time,oulab,4,6,base_rf_gini,0.01,cutoff_valid,cutoff_valid,0.5083333333333333,183,360
time,oulab,6,8,base_rf_gini,0.01,cutoff_valid,cutoff_valid,0.4684931506849315,171,365
time,oulab,8,10,base_rf_gini,0.01,cutoff_valid,cutoff_valid,0.42048517520215634,156,371
time,oulab,10,12,base_rf_gini,0.01,cutoff_valid,cutoff_valid,0.6137071651090342,197,321
time,oulab,12,14,base_rf_gini,0.01,cutoff_valid,cutoff_valid,0.4450704225352113,158,355
time,oulab,14,16,base_rf_gini,0.01,cutoff_valid,cutoff_valid,0.4375,154,352
time,oulab,2,4,base_rf_gini,0.05,cutoff_valid,cutoff_valid,0.2914923291492329,627,2151
time,oulab,4,6,base_rf_gini,0.05,cutoff_valid,cutoff_valid,0.5323215289488477,947,1779
time,oulab,6,8,base_rf_gini,0.05,cutoff_valid,cutoff_valid,0.5458742065781881,946,1733
time,oulab,8,10,base_rf_gini,0.05,cutoff_valid,cutoff_valid,0.5923682616596002,978,1651
time,oulab,10,12,base_rf_gini,0.05,cutoff_valid,cutoff_valid,0.8258110014104373,1171,1418
time,oulab,12,14,base_rf_gini,0.05,cutoff_valid,cutoff_valid,0.7518848526387937,1097,1459
time,oulab,14,16,base_rf_gini,0.05,cutoff_valid,cutoff_valid,0.7534818941504178,1082,1436
time,oulab,2,4,base_rf_gini,0.1,cutoff_valid,cutoff_valid,0.37274746976055295,1510,4051
time,oulab,4,6,base_rf_gini,0.1,cutoff_valid,cutoff_valid,0.5431400282885431,1920,3535
time,oulab,6,8,base_rf_gini,0.1,cutoff_valid,cutoff_valid,0.552784222737819,1906,3448
time,oulab,8,10,base_rf_gini,0.1,cutoff_valid,cutoff_valid,0.6292969959739858,2032,3229
time,oulab,10,12,base_rf_gini,0.1,cutoff_valid,cutoff_valid,0.8134406720336017,2324,2857
time,oulab,12,14,base_rf_gini,0.1,cutoff_valid,cutoff_valid,0.7841425078588893,2245,2863
time,oulab,14,16,base_rf_gini,0.1,cutoff_valid,cutoff_valid,0.8076923076923077,2247,2782
time,oulab,2,4,base_rf_gini,0.2,cutoff_valid,cutoff_valid,0.4570230607966457,3488,7632
time,oulab,4,6,base_rf_gini,0.2,cutoff_valid,cutoff_valid,0.5921494236100978,4058,6853
time,oulab,6,8,base_rf_gini,0.2,cutoff_valid,cutoff_valid,0.5758021783926994,3912,6794
time,oulab,8,10,base_rf_gini,0.2,cutoff_valid,cutoff_valid,0.6659803611023123,4205,6314
time,oulab,10,12,base_rf_gini,0.2,cutoff_valid,cutoff_valid,0.817432479831638,4661,5702
time,oulab,12,14,base_rf_gini,0.2,cutoff_valid,cutoff_valid,0.7284723397056335,4306,5911
time,oulab,14,16,base_rf_gini,0.2,cutoff_valid,cutoff_valid,0.745400902464422,4295,5762
time,oulab,2,4,stack_7_full,0.01,cutoff_valid,cutoff_valid,0.22246696035242292,101,454
time,oulab,4,6,stack_7_full,0.01,cutoff_valid,cutoff_valid,0.37817258883248733,149,394
time,oulab,6,8,stack_7_full,0.01,cutoff_valid,cutoff_valid,0.4486486486486487,166,370
time,oulab,8,10,stack_7_full,0.01,cutoff_valid,cutoff_valid,0.3978779840848806,150,377
time,oulab,10,12,stack_7_full,0.01,cutoff_valid,cutoff_valid,0.42699724517906334,155,363
time,oulab,12,14,stack_7_full,0.01,cutoff_valid,cutoff_valid,0.3790322580645161,141,372
time,oulab,14,16,stack_7_full,0.01,cutoff_valid,cutoff_valid,0.34574468085106386,130,376
time,oulab,2,4,stack_7_full,0.05,cutoff_valid,cutoff_valid,0.26733576642335766,586,2192
time,oulab,4,6,stack_7_full,0.05,cutoff_valid,cutoff_valid,0.5263157894736842,940,1786
time,oulab,6,8,stack_7_full,0.05,cutoff_valid,cutoff_valid,0.5675833820947923,970,1709
time,oulab,8,10,stack_7_full,0.05,cutoff_valid,cutoff_valid,0.5365283459964932,918,1711
time,oulab,10,12,stack_7_full,0.05,cutoff_valid,cutoff_valid,0.6768134715025906,1045,1544
time,oulab,12,14,stack_7_full,0.05,cutoff_valid,cutoff_valid,0.6815789473684211,1036,1520
time,oulab,14,16,stack_7_full,0.05,cutoff_valid,cutoff_valid,0.6414602346805737,984,1534
time,oulab,2,4,stack_7_full,0.1,cutoff_valid,cutoff_valid,0.33357314148681055,1391,4170
time,oulab,4,6,stack_7_full,0.1,cutoff_valid,cutoff_valid,0.58207656612529,2007,3448
time,oulab,6,8,stack_7_full,0.1,cutoff_valid,cutoff_valid,0.5700879765395894,1944,3410
time,oulab,8,10,stack_7_full,0.1,cutoff_valid,cutoff_valid,0.6078850855745721,1989,3272
time,oulab,10,12,stack_7_full,0.1,cutoff_valid,cutoff_valid,0.7712820512820513,2256,2925
time,oulab,12,14,stack_7_full,0.1,cutoff_valid,cutoff_valid,0.788515406162465,2252,2856
time,oulab,14,16,stack_7_full,0.1,cutoff_valid,cutoff_valid,0.7664207938180541,2182,2847
time,oulab,2,4,stack_7_full,0.2,cutoff_valid,cutoff_valid,0.4479166666666667,3440,7680
time,oulab,4,6,stack_7_full,0.2,cutoff_valid,cutoff_valid,0.6138145244786274,4150,6761
time,oulab,6,8,stack_7_full,0.2,cutoff_valid,cutoff_valid,0.5702552068055148,3888,6818
time,oulab,8,10,stack_7_full,0.2,cutoff_valid,cutoff_valid,0.6591482649842272,4179,6340
time,oulab,10,12,stack_7_full,0.2,cutoff_valid,cutoff_valid,0.8171137997545151,4660,5703
time,oulab,12,14,stack_7_full,0.2,cutoff_valid,cutoff_valid,0.7270114942528736,4301,5916
time,oulab,14,16,stack_7_full,0.2,cutoff_valid,cutoff_valid,0.7420751775506669,4284,5773
time,oulab,2,4,temporal_hgb,0.01,cutoff_valid,cutoff_valid,0.06525911708253358,34,521
time,oulab,4,6,temporal_hgb,0.01,cutoff_valid,cutoff_valid,0.1986754966887417,90,453
time,oulab,6,8,temporal_hgb,0.01,cutoff_valid,cutoff_valid,0.20993227990970656,93,443
time,oulab,8,10,temporal_hgb,0.01,cutoff_valid,cutoff_valid,0.27294685990338163,113,414
time,oulab,10,12,temporal_hgb,0.01,cutoff_valid,cutoff_valid,0.5146198830409356,176,342
time,oulab,12,14,temporal_hgb,0.01,cutoff_valid,cutoff_valid,0.3902439024390244,144,369
time,oulab,14,16,temporal_hgb,0.01,cutoff_valid,cutoff_valid,0.47953216374269003,164,342
time,oulab,2,4,temporal_hgb,0.05,cutoff_valid,cutoff_valid,0.21949078138718173,500,2278
time,oulab,4,6,temporal_hgb,0.05,cutoff_valid,cutoff_valid,0.45154419595314166,848,1878
time,oulab,6,8,temporal_hgb,0.05,cutoff_valid,cutoff_valid,0.48092868988391374,870,1809
time,oulab,8,10,temporal_hgb,0.05,cutoff_valid,cutoff_valid,0.5117883841288097,890,1739
time,oulab,10,12,temporal_hgb,0.05,cutoff_valid,cutoff_valid,0.7340924313462827,1096,1493
time,oulab,12,14,temporal_hgb,0.05,cutoff_valid,cutoff_valid,0.6290630975143403,987,1569
time,oulab,14,16,temporal_hgb,0.05,cutoff_valid,cutoff_valid,0.6675496688741722,1008,1510
time,oulab,2,4,temporal_hgb,0.1,cutoff_valid,cutoff_valid,0.29899556178462977,1280,4281
time,oulab,4,6,temporal_hgb,0.1,cutoff_valid,cutoff_valid,0.49084449303088273,1796,3659
time,oulab,6,8,temporal_hgb,0.1,cutoff_valid,cutoff_valid,0.498041410184667,1780,3574
time,oulab,8,10,temporal_hgb,0.1,cutoff_valid,cutoff_valid,0.5611275964391691,1891,3370
time,oulab,10,12,temporal_hgb,0.1,cutoff_valid,cutoff_valid,0.8002084781097984,2303,2878
time,oulab,12,14,temporal_hgb,0.1,cutoff_valid,cutoff_valid,0.7163978494623656,2132,2976
time,oulab,14,16,temporal_hgb,0.1,cutoff_valid,cutoff_valid,0.7504350852767142,2156,2873
time,oulab,2,4,temporal_hgb,0.2,cutoff_valid,cutoff_valid,0.39348370927318294,3140,7980
time,oulab,4,6,temporal_hgb,0.2,cutoff_valid,cutoff_valid,0.546343537414966,3855,7056
time,oulab,6,8,temporal_hgb,0.2,cutoff_valid,cutoff_valid,0.5464394048822765,3783,6923
time,oulab,8,10,temporal_hgb,0.2,cutoff_valid,cutoff_valid,0.6311055977670956,4070,6449
time,oulab,10,12,temporal_hgb,0.2,cutoff_valid,cutoff_valid,0.8219057665260197,4675,5688
time,oulab,12,14,temporal_hgb,0.2,cutoff_valid,cutoff_valid,0.725553116027698,4296,5921
time,oulab,14,16,temporal_hgb,0.2,cutoff_valid,cutoff_valid,0.7429809358752166,4287,5770
time,oulab,2,4,base_lr_profile,0.01,cutoff_valid_to_activity,cutoff_valid_to_activity,0.7563291139240507,239,316
time,oulab,4,6,base_lr_profile,0.01,cutoff_valid_to_activity,cutoff_valid_to_activity,0.8282828282828283,246,297
time,oulab,6,8,base_lr_profile,0.01,cutoff_valid_to_activity,cutoff_valid_to_activity,0.8939929328621908,253,283
time,oulab,8,10,base_lr_profile,0.01,cutoff_valid_to_activity,cutoff_valid_to_activity,0.8556338028169014,243,284
time,oulab,10,12,base_lr_profile,0.01,cutoff_valid_to_activity,cutoff_valid_to_activity,0.9185185185185185,248,270
time,oulab,12,14,base_lr_profile,0.01,cutoff_valid_to_activity,cutoff_valid_to_activity,0.8722627737226277,239,274
time,oulab,14,16,base_lr_profile,0.01,cutoff_valid_to_activity,cutoff_valid_to_activity,0.9022556390977443,240,266
time,oulab,2,4,base_lr_profile,0.05,cutoff_valid_to_activity,cutoff_valid_to_activity,0.8109517601043025,1244,1534
time,oulab,4,6,base_lr_profile,0.05,cutoff_valid_to_activity,cutoff_valid_to_activity,0.8983286908077994,1290,1436
time,oulab,6,8,base_lr_profile,0.05,cutoff_valid_to_activity,cutoff_valid_to_activity,0.9245689655172413,1287,1392
time,oulab,8,10,base_lr_profile,0.05,cutoff_valid_to_activity,cutoff_valid_to_activity,0.9330882352941177,1269,1360
time,oulab,10,12,base_lr_profile,0.05,cutoff_valid_to_activity,cutoff_valid_to_activity,0.9583963691376702,1267,1322
time,oulab,12,14,base_lr_profile,0.05,cutoff_valid_to_activity,cutoff_valid_to_activity,0.9290566037735849,1231,1325
time,oulab,14,16,base_lr_profile,0.05,cutoff_valid_to_activity,cutoff_valid_to_activity,0.9384141647421094,1219,1299
time,oulab,2,4,base_lr_profile,0.1,cutoff_valid_to_activity,cutoff_valid_to_activity,0.8274728885967795,2518,3043
time,oulab,4,6,base_lr_profile,0.1,cutoff_valid_to_activity,cutoff_valid_to_activity,0.9133637320238512,2604,2851
time,oulab,6,8,base_lr_profile,0.1,cutoff_valid_to_activity,cutoff_valid_to_activity,0.9224416517055656,2569,2785
time,oulab,8,10,base_lr_profile,0.1,cutoff_valid_to_activity,cutoff_valid_to_activity,0.9306422018348623,2536,2725
time,oulab,10,12,base_lr_profile,0.1,cutoff_valid_to_activity,cutoff_valid_to_activity,0.966223908918406,2546,2635
time,oulab,12,14,base_lr_profile,0.1,cutoff_valid_to_activity,cutoff_valid_to_activity,0.9311909262759924,2463,2645
time,oulab,14,16,base_lr_profile,0.1,cutoff_valid_to_activity,cutoff_valid_to_activity,0.9447022428460944,2443,2586
time,oulab,2,4,base_lr_profile,0.2,cutoff_valid_to_activity,cutoff_valid_to_activity,0.8438069971812303,5089,6031
time,oulab,4,6,base_lr_profile,0.2,cutoff_valid_to_activity,cutoff_valid_to_activity,0.9328609388839681,5266,5645
time,oulab,6,8,base_lr_profile,0.2,cutoff_valid_to_activity,cutoff_valid_to_activity,0.9483166515013649,5211,5495
time,oulab,8,10,base_lr_profile,0.2,cutoff_valid_to_activity,cutoff_valid_to_activity,0.9454410948770113,5112,5407
time,oulab,10,12,base_lr_profile,0.2,cutoff_valid_to_activity,cutoff_valid_to_activity,0.9690290708721262,5100,5263
time,oulab,12,14,base_lr_profile,0.2,cutoff_valid_to_activity,cutoff_valid_to_activity,0.9446136277122192,4963,5254
time,oulab,14,16,base_lr_profile,0.2,cutoff_valid_to_activity,cutoff_valid_to_activity,0.9589014413712504,4923,5134
time,oulab,2,4,base_rf_gini,0.01,cutoff_valid_to_activity,cutoff_valid_to_activity,0.11222444889779559,56,499
time,oulab,4,6,base_rf_gini,0.01,cutoff_valid_to_activity,cutoff_valid_to_activity,0.42894736842105263,163,380
time,oulab,6,8,base_rf_gini,0.01,cutoff_valid_to_activity,cutoff_valid_to_activity,0.4031413612565445,154,382
time,oulab,8,10,base_rf_gini,0.01,cutoff_valid_to_activity,cutoff_valid_to_activity,0.36528497409326427,141,386
time,oulab,10,12,base_rf_gini,0.01,cutoff_valid_to_activity,cutoff_valid_to_activity,0.5190615835777126,177,341
time,oulab,12,14,base_rf_gini,0.01,cutoff_valid_to_activity,cutoff_valid_to_activity,0.3753351206434316,140,373
time,oulab,14,16,base_rf_gini,0.01,cutoff_valid_to_activity,cutoff_valid_to_activity,0.29411764705882354,115,391
time,oulab,2,4,base_rf_gini,0.05,cutoff_valid_to_activity,cutoff_valid_to_activity,0.24518153294486777,547,2231
time,oulab,4,6,base_rf_gini,0.05,cutoff_valid_to_activity,cutoff_valid_to_activity,0.4953373560065826,903,1823
time,oulab,6,8,base_rf_gini,0.05,cutoff_valid_to_activity,cutoff_valid_to_activity,0.5370051635111877,936,1743
time,oulab,8,10,base_rf_gini,0.05,cutoff_valid_to_activity,cutoff_valid_to_activity,0.6109068627450981,997,1632
time,oulab,10,12,base_rf_gini,0.05,cutoff_valid_to_activity,cutoff_valid_to_activity,0.7696514012303486,1126,1463
time,oulab,12,14,base_rf_gini,0.05,cutoff_valid_to_activity,cutoff_valid_to_activity,0.6311423101467772,989,1567
time,oulab,14,16,base_rf_gini,0.05,cutoff_valid_to_activity,cutoff_valid_to_activity,0.6382563435263501,981,1537
time,oulab,2,4,base_rf_gini,0.1,cutoff_valid_to_activity,cutoff_valid_to_activity,0.30570556468654614,1302,4259
time,oulab,4,6,base_rf_gini,0.1,cutoff_valid_to_activity,cutoff_valid_to_activity,0.5310131911310694,1892,3563
time,oulab,6,8,base_rf_gini,0.1,cutoff_valid_to_activity,cutoff_valid_to_activity,0.5765606595995288,1958,3396
time,oulab,8,10,base_rf_gini,0.1,cutoff_valid_to_activity,cutoff_valid_to_activity,0.6819053708439897,2133,3128
time,oulab,10,12,base_rf_gini,0.1,cutoff_valid_to_activity,cutoff_valid_to_activity,0.8697221219776254,2410,2771
time,oulab,12,14,base_rf_gini,0.1,cutoff_valid_to_activity,cutoff_valid_to_activity,0.7841425078588893,2245,2863
time,oulab,14,16,base_rf_gini,0.1,cutoff_valid_to_activity,cutoff_valid_to_activity,0.7808073654390935,2205,2824
time,oulab,2,4,base_rf_gini,0.2,cutoff_valid_to_activity,cutoff_valid_to_activity,0.3912173151507569,3127,7993
time,oulab,4,6,base_rf_gini,0.2,cutoff_valid_to_activity,cutoff_valid_to_activity,0.5845193145512634,4025,6886
time,oulab,6,8,base_rf_gini,0.2,cutoff_valid_to_activity,cutoff_valid_to_activity,0.600059781796443,4015,6691
time,oulab,8,10,base_rf_gini,0.2,cutoff_valid_to_activity,cutoff_valid_to_activity,0.7143089960886571,4383,6136
time,oulab,10,12,base_rf_gini,0.2,cutoff_valid_to_activity,cutoff_valid_to_activity,0.8920942121599416,4886,5477
time,oulab,12,14,base_rf_gini,0.2,cutoff_valid_to_activity,cutoff_valid_to_activity,0.8274011804686102,4626,5591
time,oulab,14,16,base_rf_gini,0.2,cutoff_valid_to_activity,cutoff_valid_to_activity,0.8443058866678892,4604,5453
time,oulab,2,4,stack_7_full,0.01,cutoff_valid_to_activity,cutoff_valid_to_activity,0.14906832298136646,72,483
time,oulab,4,6,stack_7_full,0.01,cutoff_valid_to_activity,cutoff_valid_to_activity,0.3712121212121212,147,396
time,oulab,6,8,stack_7_full,0.01,cutoff_valid_to_activity,cutoff_valid_to_activity,0.38860103626943004,150,386
time,oulab,8,10,stack_7_full,0.01,cutoff_valid_to_activity,cutoff_valid_to_activity,0.35475578406169667,138,389
time,oulab,10,12,stack_7_full,0.01,cutoff_valid_to_activity,cutoff_valid_to_activity,0.3147208121827411,124,394
time,oulab,12,14,stack_7_full,0.01,cutoff_valid_to_activity,cutoff_valid_to_activity,0.2793017456359102,112,401
time,oulab,14,16,stack_7_full,0.01,cutoff_valid_to_activity,cutoff_valid_to_activity,0.30412371134020616,118,388
time,oulab,2,4,stack_7_full,0.05,cutoff_valid_to_activity,cutoff_valid_to_activity,0.21949078138718173,500,2278
time,oulab,4,6,stack_7_full,0.05,cutoff_valid_to_activity,cutoff_valid_to_activity,0.5085777531820698,919,1807
time,oulab,6,8,stack_7_full,0.05,cutoff_valid_to_activity,cutoff_valid_to_activity,0.559371362048894,961,1718
time,oulab,8,10,stack_7_full,0.05,cutoff_valid_to_activity,cutoff_valid_to_activity,0.5648809523809524,949,1680
time,oulab,10,12,stack_7_full,0.05,cutoff_valid_to_activity,cutoff_valid_to_activity,0.6130841121495327,984,1605
time,oulab,12,14,stack_7_full,0.05,cutoff_valid_to_activity,cutoff_valid_to_activity,0.5187165775401069,873,1683
time,oulab,14,16,stack_7_full,0.05,cutoff_valid_to_activity,cutoff_valid_to_activity,0.48817966903073284,826,1692
time,oulab,2,4,stack_7_full,0.1,cutoff_valid_to_activity,cutoff_valid_to_activity,0.27370590929912963,1195,4366
time,oulab,4,6,stack_7_full,0.1,cutoff_valid_to_activity,cutoff_valid_to_activity,0.5788712011577424,2000,3455
time,oulab,6,8,stack_7_full,0.1,cutoff_valid_to_activity,cutoff_valid_to_activity,0.597255369928401,2002,3352
time,oulab,8,10,stack_7_full,0.1,cutoff_valid_to_activity,cutoff_valid_to_activity,0.6142988646824179,2002,3259
time,oulab,10,12,stack_7_full,0.1,cutoff_valid_to_activity,cutoff_valid_to_activity,0.7610469068660775,2239,2942
time,oulab,12,14,stack_7_full,0.1,cutoff_valid_to_activity,cutoff_valid_to_activity,0.7227655986509275,2143,2965
time,oulab,14,16,stack_7_full,0.1,cutoff_valid_to_activity,cutoff_valid_to_activity,0.6624793388429752,2004,3025
time,oulab,2,4,stack_7_full,0.2,cutoff_valid_to_activity,cutoff_valid_to_activity,0.37453646477132263,3030,8090
time,oulab,4,6,stack_7_full,0.2,cutoff_valid_to_activity,cutoff_valid_to_activity,0.620525768602406,4178,6733
time,oulab,6,8,stack_7_full,0.2,cutoff_valid_to_activity,cutoff_valid_to_activity,0.601016898459698,4019,6687
time,oulab,8,10,stack_7_full,0.2,cutoff_valid_to_activity,cutoff_valid_to_activity,0.7023790257323191,4340,6179
time,oulab,10,12,stack_7_full,0.2,cutoff_valid_to_activity,cutoff_valid_to_activity,0.8641842057924087,4804,5559
time,oulab,12,14,stack_7_full,0.2,cutoff_valid_to_activity,cutoff_valid_to_activity,0.8244642857142858,4617,5600
time,oulab,14,16,stack_7_full,0.2,cutoff_valid_to_activity,cutoff_valid_to_activity,0.8062140804597702,4489,5568
time,oulab,2,4,temporal_hgb,0.01,cutoff_valid_to_activity,cutoff_valid_to_activity,0.05714285714285714,30,525
time,oulab,4,6,temporal_hgb,0.01,cutoff_valid_to_activity,cutoff_valid_to_activity,0.21476510067114093,96,447
time,oulab,6,8,temporal_hgb,0.01,cutoff_valid_to_activity,cutoff_valid_to_activity,0.18061674008810572,82,454
time,oulab,8,10,temporal_hgb,0.01,cutoff_valid_to_activity,cutoff_valid_to_activity,0.34096692111959287,134,393
time,oulab,10,12,temporal_hgb,0.01,cutoff_valid_to_activity,cutoff_valid_to_activity,0.5792682926829268,190,328
time,oulab,12,14,temporal_hgb,0.01,cutoff_valid_to_activity,cutoff_valid_to_activity,0.4783861671469741,166,347
time,oulab,14,16,temporal_hgb,0.01,cutoff_valid_to_activity,cutoff_valid_to_activity,0.5195195195195195,173,333
time,oulab,2,4,temporal_hgb,0.05,cutoff_valid_to_activity,cutoff_valid_to_activity,0.15317559153175592,369,2409
time,oulab,4,6,temporal_hgb,0.05,cutoff_valid_to_activity,cutoff_valid_to_activity,0.3650475713570355,729,1997
time,oulab,6,8,temporal_hgb,0.05,cutoff_valid_to_activity,cutoff_valid_to_activity,0.3093841642228739,633,2046
time,oulab,8,10,temporal_hgb,0.05,cutoff_valid_to_activity,cutoff_valid_to_activity,0.5040045766590389,881,1748
time,oulab,10,12,temporal_hgb,0.05,cutoff_valid_to_activity,cutoff_valid_to_activity,0.7010512483574245,1067,1522
time,oulab,12,14,temporal_hgb,0.05,cutoff_valid_to_activity,cutoff_valid_to_activity,0.6166982922201139,975,1581
time,oulab,14,16,temporal_hgb,0.05,cutoff_valid_to_activity,cutoff_valid_to_activity,0.6489849377865095,991,1527
time,oulab,2,4,temporal_hgb,0.1,cutoff_valid_to_activity,cutoff_valid_to_activity,0.2243505063848525,1019,4542
time,oulab,4,6,temporal_hgb,0.1,cutoff_valid_to_activity,cutoff_valid_to_activity,0.46442953020134226,1730,3725
time,oulab,6,8,temporal_hgb,0.1,cutoff_valid_to_activity,cutoff_valid_to_activity,0.4423491379310345,1642,3712
time,oulab,8,10,temporal_hgb,0.1,cutoff_valid_to_activity,cutoff_valid_to_activity,0.5671730711945189,1904,3357
time,oulab,10,12,temporal_hgb,0.1,cutoff_valid_to_activity,cutoff_valid_to_activity,0.7652470187393526,2246,2935
time,oulab,12,14,temporal_hgb,0.1,cutoff_valid_to_activity,cutoff_valid_to_activity,0.6874793524942187,2081,3027
time,oulab,14,16,temporal_hgb,0.1,cutoff_valid_to_activity,cutoff_valid_to_activity,0.7275850223290965,2118,2911
time,oulab,2,4,temporal_hgb,0.2,cutoff_valid_to_activity,cutoff_valid_to_activity,0.32286462050916015,2714,8406
time,oulab,4,6,temporal_hgb,0.2,cutoff_valid_to_activity,cutoff_valid_to_activity,0.518580375782881,3726,7185
time,oulab,6,8,temporal_hgb,0.2,cutoff_valid_to_activity,cutoff_valid_to_activity,0.5410968763495034,3759,6947
time,oulab,8,10,temporal_hgb,0.2,cutoff_valid_to_activity,cutoff_valid_to_activity,0.6407736702542505,4108,6411
time,oulab,10,12,temporal_hgb,0.2,cutoff_valid_to_activity,cutoff_valid_to_activity,0.8807622504537205,4853,5510
time,oulab,12,14,temporal_hgb,0.2,cutoff_valid_to_activity,cutoff_valid_to_activity,0.7915132386463265,4514,5703
time,oulab,14,16,temporal_hgb,0.2,cutoff_valid_to_activity,cutoff_valid_to_activity,0.7910952804986643,4442,5615
time,oulab,2,4,base_lr_profile,0.01,static_full,static_full,0.718266253869969,232,323
time,oulab,4,6,base_lr_profile,0.01,static_full,static_full,0.8595890410958904,251,292
time,oulab,6,8,base_lr_profile,0.01,static_full,static_full,0.867595818815331,249,287
time,oulab,8,10,base_lr_profile,0.01,static_full,static_full,0.8556338028169014,243,284
time,oulab,10,12,base_lr_profile,0.01,static_full,static_full,0.9473684210526315,252,266
time,oulab,12,14,base_lr_profile,0.01,static_full,static_full,0.8722627737226277,239,274
time,oulab,14,16,base_lr_profile,0.01,static_full,static_full,0.84,231,275
time,oulab,2,4,base_lr_profile,0.05,static_full,static_full,0.6724864539434076,1117,1661
time,oulab,4,6,base_lr_profile,0.05,static_full,static_full,0.8996515679442508,1291,1435
time,oulab,6,8,base_lr_profile,0.05,static_full,static_full,0.919054441260745,1283,1396
time,oulab,8,10,base_lr_profile,0.05,static_full,static_full,0.8872936109117013,1236,1393
time,oulab,10,12,base_lr_profile,0.05,static_full,static_full,0.9510173323285607,1262,1327
time,oulab,12,14,base_lr_profile,0.05,static_full,static_full,0.9334341906202723,1234,1322
time,oulab,14,16,base_lr_profile,0.05,static_full,static_full,0.9324635456638527,1215,1303
time,oulab,2,4,base_lr_profile,0.1,static_full,static_full,0.6699699699699699,2231,3330
time,oulab,4,6,base_lr_profile,0.1,static_full,static_full,0.9187478016180092,2612,2843
time,oulab,6,8,base_lr_profile,0.1,static_full,static_full,0.9398550724637681,2594,2760
time,oulab,8,10,base_lr_profile,0.1,static_full,static_full,0.9264005858659832,2530,2731
time,oulab,10,12,base_lr_profile,0.1,static_full,static_full,0.9759725400457666,2559,2622
time,oulab,12,14,base_lr_profile,0.1,static_full,static_full,0.9600920951650038,2502,2606
time,oulab,14,16,base_lr_profile,0.1,static_full,static_full,0.9568093385214008,2459,2570
time,oulab,2,4,base_lr_profile,0.2,static_full,static_full,0.6795046065549011,4499,6621
time,oulab,4,6,base_lr_profile,0.2,static_full,static_full,0.9297842235585426,5257,5654
time,oulab,6,8,base_lr_profile,0.2,static_full,static_full,0.9593704245973645,5242,5464
time,oulab,8,10,base_lr_profile,0.2,static_full,static_full,0.9573874209155192,5145,5374
time,oulab,10,12,base_lr_profile,0.2,static_full,static_full,0.9844887016468786,5141,5222
time,oulab,12,14,base_lr_profile,0.2,static_full,static_full,0.9800387596899225,5057,5160
time,oulab,14,16,base_lr_profile,0.2,static_full,static_full,0.9820654316121403,4983,5074
time,oulab,2,4,base_rf_gini,0.01,static_full,static_full,0.2585034013605442,114,441
time,oulab,4,6,base_rf_gini,0.01,static_full,static_full,0.4251968503937008,162,381
time,oulab,6,8,base_rf_gini,0.01,static_full,static_full,0.41798941798941797,158,378
time,oulab,8,10,base_rf_gini,0.01,static_full,static_full,0.327455919395466,130,397
time,oulab,10,12,base_rf_gini,0.01,static_full,static_full,0.4076086956521739,150,368
time,oulab,12,14,base_rf_gini,0.01,static_full,static_full,0.31202046035805625,122,391
time,oulab,14,16,base_rf_gini,0.01,static_full,static_full,0.21927710843373494,91,415
time,oulab,2,4,base_rf_gini,0.05,static_full,static_full,0.44461778471138846,855,1923
time,oulab,4,6,base_rf_gini,0.05,static_full,static_full,0.6642246642246642,1088,1638
time,oulab,6,8,base_rf_gini,0.05,static_full,static_full,0.6197097944377267,1025,1654
time,oulab,8,10,base_rf_gini,0.05,static_full,static_full,0.49630051223676724,872,1757
time,oulab,10,12,base_rf_gini,0.05,static_full,static_full,0.634469696969697,1005,1584
time,oulab,12,14,base_rf_gini,0.05,static_full,static_full,0.5196195005945303,874,1682
time,oulab,14,16,base_rf_gini,0.05,static_full,static_full,0.46736596736596736,802,1716
time,oulab,2,4,base_rf_gini,0.1,static_full,static_full,0.5559597090095132,1987,3574
time,oulab,4,6,base_rf_gini,0.1,static_full,static_full,0.784429178933595,2398,3057
time,oulab,6,8,base_rf_gini,0.1,static_full,static_full,0.7388762585254953,2275,3079
time,oulab,8,10,base_rf_gini,0.1,static_full,static_full,0.6172763602828159,2008,3253
time,oulab,10,12,base_rf_gini,0.1,static_full,static_full,0.7737076343717905,2260,2921
time,oulab,12,14,base_rf_gini,0.1,static_full,static_full,0.6493380690991282,2011,3097
time,oulab,14,16,base_rf_gini,0.1,static_full,static_full,0.6170418006430868,1919,3110
time,oulab,2,4,base_rf_gini,0.2,static_full,static_full,0.6144018583042973,4232,6888
time,oulab,4,6,base_rf_gini,0.2,static_full,static_full,0.8082532316871064,4877,6034
time,oulab,6,8,base_rf_gini,0.2,static_full,static_full,0.7987231182795699,4754,5952
time,oulab,8,10,base_rf_gini,0.2,static_full,static_full,0.7729647733018709,4586,5933
time,oulab,10,12,base_rf_gini,0.2,static_full,static_full,0.8990287703866593,4906,5457
time,oulab,12,14,base_rf_gini,0.2,static_full,static_full,0.821536815831699,4608,5609
time,oulab,14,16,base_rf_gini,0.2,static_full,static_full,0.8091383342327757,4498,5559
time,oulab,2,4,stack_7_full,0.01,static_full,static_full,0.324582338902148,136,419
time,oulab,4,6,stack_7_full,0.01,static_full,static_full,0.45576407506702415,170,373
time,oulab,6,8,stack_7_full,0.01,static_full,static_full,0.38860103626943004,150,386
time,oulab,8,10,stack_7_full,0.01,static_full,static_full,0.3076923076923077,124,403
time,oulab,10,12,stack_7_full,0.01,static_full,static_full,0.26034063260340634,107,411
time,oulab,12,14,stack_7_full,0.01,static_full,static_full,0.24514563106796117,101,412
time,oulab,14,16,stack_7_full,0.01,static_full,static_full,0.1712962962962963,74,432
time,oulab,2,4,stack_7_full,0.05,static_full,static_full,0.48081023454157784,902,1876
time,oulab,4,6,stack_7_full,0.05,static_full,static_full,0.6092089728453365,1032,1694
time,oulab,6,8,stack_7_full,0.05,static_full,static_full,0.6567717996289425,1062,1617
time,oulab,8,10,stack_7_full,0.05,static_full,static_full,0.5583876704208655,942,1687
time,oulab,10,12,stack_7_full,0.05,static_full,static_full,0.5043579314352121,868,1721
time,oulab,12,14,stack_7_full,0.05,static_full,static_full,0.4605714285714286,806,1750
time,oulab,14,16,stack_7_full,0.05,static_full,static_full,0.5005959475566151,840,1678
time,oulab,2,4,stack_7_full,0.1,static_full,static_full,0.5239791723759935,1912,3649
time,oulab,4,6,stack_7_full,0.1,static_full,static_full,0.6962064676616916,2239,3216
time,oulab,6,8,stack_7_full,0.1,static_full,static_full,0.7354943273905997,2269,3085
time,oulab,8,10,stack_7_full,0.1,static_full,static_full,0.6965495001612383,2160,3101
time,oulab,10,12,stack_7_full,0.1,static_full,static_full,0.6876221498371335,2111,3070
time,oulab,12,14,stack_7_full,0.1,static_full,static_full,0.6293460925039872,1973,3135
time,oulab,14,16,stack_7_full,0.1,static_full,static_full,0.6542763157894737,1989,3040
time,oulab,2,4,stack_7_full,0.2,static_full,static_full,0.6101940341731827,4214,6906
time,oulab,4,6,stack_7_full,0.2,static_full,static_full,0.7834259561948349,4793,6118
time,oulab,6,8,stack_7_full,0.2,static_full,static_full,0.8111994586364405,4795,5911
time,oulab,8,10,stack_7_full,0.2,static_full,static_full,0.8073883161512028,4699,5820
time,oulab,10,12,stack_7_full,0.2,static_full,static_full,0.8635137565186117,4802,5561
time,oulab,12,14,stack_7_full,0.2,static_full,static_full,0.8287095042061929,4630,5587
time,oulab,14,16,stack_7_full,0.2,static_full,static_full,0.807837497753011,4494,5563
time,oulab,2,4,temporal_hgb,0.01,static_full,static_full,0.016483516483516484,9,546
time,oulab,4,6,temporal_hgb,0.01,static_full,static_full,0.4103896103896104,158,385
time,oulab,6,8,temporal_hgb,0.01,static_full,static_full,0.2822966507177033,118,418
time,oulab,8,10,temporal_hgb,0.01,static_full,static_full,0.3175,127,400
time,oulab,10,12,temporal_hgb,0.01,static_full,static_full,0.45098039215686275,161,357
time,oulab,12,14,temporal_hgb,0.01,static_full,static_full,0.3086734693877551,121,392
time,oulab,14,16,temporal_hgb,0.01,static_full,static_full,0.3863013698630137,141,365
time,oulab,2,4,temporal_hgb,0.05,static_full,static_full,0.2025974025974026,468,2310
time,oulab,4,6,temporal_hgb,0.05,static_full,static_full,0.608259587020649,1031,1695
time,oulab,6,8,temporal_hgb,0.05,static_full,static_full,0.49331103678929766,885,1794
time,oulab,8,10,temporal_hgb,0.05,static_full,static_full,0.5611638954869359,945,1684
time,oulab,10,12,temporal_hgb,0.05,static_full,static_full,0.6888454011741683,1056,1533
time,oulab,12,14,temporal_hgb,0.05,static_full,static_full,0.569060773480663,927,1629
time,oulab,14,16,temporal_hgb,0.05,static_full,static_full,0.6017811704834606,946,1572
time,oulab,2,4,temporal_hgb,0.1,static_full,static_full,0.40784810126582277,1611,3950
time,oulab,4,6,temporal_hgb,0.1,static_full,static_full,0.7235387045813586,2290,3165
time,oulab,6,8,temporal_hgb,0.1,static_full,static_full,0.6617008069522036,2132,3222
time,oulab,8,10,temporal_hgb,0.1,static_full,static_full,0.7020381753477839,2170,3091
time,oulab,10,12,temporal_hgb,0.1,static_full,static_full,0.8071154516916638,2314,2867
time,oulab,12,14,temporal_hgb,0.1,static_full,static_full,0.7169747899159664,2133,2975
time,oulab,14,16,temporal_hgb,0.1,static_full,static_full,0.7682841068917018,2185,2844
time,oulab,2,4,temporal_hgb,0.2,static_full,static_full,0.578872639500213,4077,7043
time,oulab,4,6,temporal_hgb,0.2,static_full,static_full,0.7683954619124798,4741,6170
time,oulab,6,8,temporal_hgb,0.2,static_full,static_full,0.7646283171254327,4639,6067
time,oulab,8,10,temporal_hgb,0.2,static_full,static_full,0.8111225895316805,4711,5808
time,oulab,10,12,temporal_hgb,0.2,static_full,static_full,0.9067157313707451,4928,5435
time,oulab,12,14,temporal_hgb,0.2,static_full,static_full,0.8519122711618633,4700,5517
time,oulab,14,16,temporal_hgb,0.2,static_full,static_full,0.8686361947231512,4675,5382
